2026-04-29 00:01:46.894 | INFO     | CronScheduler | CronScheduler ========= [全自动日线/面料收取管道] 起步 =========
2026-04-29 00:01:46.955 | INFO     | QMT-StockSync | QMT 返回 5202 只股票代码
2026-04-29 00:01:46.961 | WARNING  | QMT-StockSync | 检测到 310 只退市/摘牌股票，正在标记...
2026-04-29 00:01:46.965 | INFO     | DuckDB     | 标记退市: ['920020', '920015', '920566', '920455', '920275', '920160', '920580', '920010', '920806', '920180', '920429', '920001', '920068', '920725', '920158', '920050', '920665', '920925', '920693', '920425', '920092', '920110', '920896', '920748', '920575', '920221', '920953', '920174', '920553', '920496', '920821', '920108', '920188', '920156', '920183', '920418', '920128', '920985', '920523', '920819', '920422', '920008', '920371', '920685', '920006', '920026', '920970', '920055', '920809', '920957', '920119', '920976', '920199', '920152', '920471', '920964', '920191', '920837', '920808', '920009', '920454', '920662', '920169', '920405', '920184', '920839', '920069', '920926', '920181', '920974', '920028', '920089', '920950', '920375', '920223', '920656', '920505', '920374', '920407', '920005', '920799', '920037', '920017', '920086', '920252', '920056', '920099', '920270', '920022', '920914', '920198', '920833', '920091', '920014', '920266', '920699', '920810', '920080', '920978', '920367', '920088', '920116', '920394', '920476', '920273', '920522', '920895', '920018', '920344', '920670', '920641', '920718', '920002', '920212', '920541', '920527', '920171', '920932', '920396', '920242', '920011', '920892', '920100', '920395', '920000', '920475', '920992', '920177', '920961', '920368', '920077', '920185', '920274', '920046', '920870', '920023', '920445', '920167', '920076', '920351', '920168', '920130', '920510', '920491', '920039', '920790', '920493', '920012', '920768', '920230', '920179', '920857', '920735', '920509', '920225', '920267', '920339', '920121', '920118', '920570', '920593', '920640', '920832', '920057', '920579', '920045', '920098', '920378', '920123', '920392', '920751', '920078', '920639', '920304', '920101', '920239', '920163', '920802', '920159', '920627', '920682', '920058', '920060', '920427', '920608', '920779', '920679', '920195', '920419', '920175', '920016', '920663', '920027', '920124', '920146', '920599', '920021', '920033', '920478', '920263', '920305', '920075', '920436', '920125', '920855', '920066', '920262', '920719', '920007', '920706', '920873', '920111', '920300', '920876', '920299', '920694', '920578', '920717', '920433', '920753', '920726', '920781', '920227', '920866', '920634', '920036', '920943', '920166', '920571', '920061', '920856', '920982', '920284', '920082', '920924', '920526', '920770', '920271', '920690', '920556', '920035', '920090', '920132', '920062', '920469', '920278', '920204', '920187', '920363', '920689', '920786', '920504', '920508', '920139', '920261', '920249', '920260', '920019', '920592', '920237', '920208', '920576', '920245', '920931', '920547', '920403', '920981', '920346', '920826', '920370', '920402', '920414', '920871', '920792', '920675', '920906', '920701', '920030', '920879', '920438', '920003', '920357', '920651', '920029', '920122', '920112', '920489', '920834', '920642', '920247', '920729', '920190', '920533', '920106', '920807', '920720', '920942', '920519', '920047', '920149', '920207', '920885', '920946', '920765', '920145', '920703', '920564', '920971', '920087', '920415']
2026-04-29 00:01:46.965 | INFO     | QMT-StockSync | 股票同步完成: QMT 5202 只, DB活跃 5512 只, 新增 0, 退市 310
2026-04-29 00:01:46.967 | INFO     | CronScheduler | 股票列表同步: 新增 0, 退市 310
2026-04-29 00:01:46.967 | INFO     | TushareSync | Fetching stock basics from Tushare...
2026-04-29 00:01:47.742 | INFO     | DuckDB     | 更新股票元数据: 5510 条
2026-04-29 00:01:47.742 | INFO     | TushareSync | Successfully synced 5510 stock basics.
2026-04-29 00:01:47.743 | INFO     | TushareSync | Fetching daily basics snapshot from Tushare (Date: Latest)...
2026-04-29 00:01:48.038 | WARNING  | TushareSync | No daily basic data found.
2026-04-29 00:01:48.039 | INFO     | ParquetPipeline | ParquetPipeline | Fetching daily k-lines from 20260422 to 20260429...
2026-04-29 00:01:48.213 | INFO     | ParquetPipeline | ParquetPipeline | Pulling market for 20260429...
2026-04-29 00:01:48.505 | ERROR    | ParquetPipeline | ParquetPipeline | Sync failed: cannot import name 'sync_broadcast' from 'server' (E:\1target\p9_project\quant-platform\server\__init__.py)
2026-04-29 00:01:48.506 | INFO     | CronScheduler | CronScheduler ========= [收取管道] 完美结束 =========
2026-04-29 00:02:55.571 | INFO     | DuckDB     | DuckDB | 所有核心表结构初始化完成 (含热点板块)
2026-04-29 00:02:55.571 | INFO     | DuckDB     | DuckDB 核心就绪: E:\1target\p9_project\quant-platform\data\meta\meta.db
2026-04-29 00:02:56.147 | INFO     | API-Server | P9 Quant Platform Background Tasks Startup...
2026-04-29 00:02:56.150 | INFO     | CronScheduler | CronScheduler | 每日数据收割机被安排在每个工作日的 08:30 执行。
2026-04-29 00:02:56.150 | INFO     | CronScheduler | CronScheduler | 每日数据收割机被安排在每个工作日的 17:30 执行。
2026-04-29 00:02:56.151 | INFO     | CronScheduler | CronScheduler | Redis→DuckDB 收割机已安排在每个工作日 15:30 执行。
2026-04-29 00:02:56.151 | INFO     | CronScheduler | CronScheduler | 概念数据同步已安排在每日 09:00 执行。
2026-04-29 00:02:56.151 | INFO     | CronScheduler | CronScheduler | 板块热度重算已安排在每个交易日 5 分钟/次。
2026-04-29 00:02:56.151 | INFO     | CronScheduler | CronScheduler | 收盘热度终版快照已安排在 15:30 执行。
2026-04-29 00:02:56.151 | INFO     | CronScheduler | CronScheduler | 自动调度服务(APScheduler) 已启动。
2026-04-29 00:03:01.158 | INFO     | ParquetPipeline | ParquetPipeline | Fetching daily k-lines from 20260419 to 20260429...
2026-04-29 00:03:01.495 | INFO     | ParquetPipeline | ParquetPipeline | Pulling market for 20260429...
2026-04-29 00:03:01.595 | ERROR    | ParquetPipeline | ParquetPipeline | Sync failed: cannot import name 'sync_broadcast' from 'server' (E:\1target\p9_project\quant-platform\server\__init__.py)
2026-04-29 00:03:47.067 | INFO     | CronScheduler | CronScheduler ========= [全自动日线/面料收取管道] 起步 =========
2026-04-29 00:03:47.122 | INFO     | QMT-StockSync | QMT 返回 5202 只股票代码
2026-04-29 00:03:47.127 | WARNING  | QMT-StockSync | 检测到 310 只退市/摘牌股票，正在标记...
2026-04-29 00:03:47.139 | INFO     | DuckDB     | 标记退市: ['920204', '920367', '920839', '920821', '920405', '920392', '920273', '920896', '920519', '920873', '920101', '920508', '920694', '920069', '920271', '920436', '920663', '920208', '920639', '920075', '920974', '920892', '920885', '920080', '920895', '920807', '920077', '920001', '920187', '920429', '920099', '920735', '920152', '920106', '920247', '920593', '920802', '920149', '920237', '920191', '920819', '920146', '920570', '920786', '920396', '920249', '920970', '920703', '920339', '920009', '920978', '920223', '920076', '920057', '920527', '920579', '920496', '920491', '920640', '920701', '920112', '920642', '920906', '920942', '920751', '920046', '920175', '920156', '920679', '920199', '920363', '920225', '920263', '920015', '920118', '920008', '920056', '920725', '920670', '920110', '920946', '920368', '920575', '920580', '920779', '920509', '920837', '920505', '920185', '920693', '920808', '920166', '920932', '920957', '920125', '920427', '920809', '920262', '920344', '920010', '920122', '920806', '920856', '920016', '920662', '920088', '920212', '920926', '920576', '920768', '920180', '920160', '920168', '920950', '920753', '920866', '920675', '920242', '920090', '920119', '920275', '920284', '920260', '920003', '920171', '920130', '920876', '920030', '920425', '920177', '920870', '920438', '920471', '920357', '920608', '920475', '920267', '920002', '920121', '920230', '920454', '920641', '920351', '920402', '920656', '920174', '920770', '920000', '920592', '920374', '920719', '920690', '920489', '920931', '920111', '920139', '920378', '920017', '920145', '920971', '920167', '920036', '920068', '920717', '920689', '920476', '920522', '920020', '920045', '920651', '920188', '920504', '920019', '920089', '920855', '920252', '920403', '920599', '920469', '920261', '920455', '920414', '920419', '920006', '920086', '920571', '920833', '920394', '920245', '920370', '920050', '920239', '920299', '920158', '920021', '920060', '920198', '920221', '920578', '920195', '920181', '920953', '920055', '920207', '920871', '920082', '920012', '920062', '920556', '920346', '920992', '920092', '920433', '920037', '920526', '920553', '920183', '920418', '920792', '920022', '920266', '920834', '920023', '920924', '920066', '920300', '920510', '920039', '920190', '920985', '920445', '920179', '920305', '920982', '920407', '920028', '920781', '920547', '920415', '920027', '920304', '920163', '920132', '920799', '920375', '920184', '920007', '920227', '920832', '920478', '920726', '920826', '920087', '920541', '920058', '920078', '920720', '920685', '920108', '920810', '920523', '920943', '920005', '920925', '920169', '920857', '920033', '920682', '920159', '920729', '920914', '920961', '920964', '920014', '920981', '920026', '920533', '920274', '920699', '920718', '920091', '920665', '920035', '920564', '920634', '920493', '920047', '920627', '920748', '920029', '920116', '920566', '920100', '920278', '920018', '920395', '920422', '920011', '920123', '920976', '920270', '920098', '920124', '920371', '920706', '920879', '920765', '920061', '920128', '920790']
2026-04-29 00:03:47.140 | INFO     | QMT-StockSync | 股票同步完成: QMT 5202 只, DB活跃 5512 只, 新增 0, 退市 310
2026-04-29 00:03:47.141 | INFO     | CronScheduler | 股票列表同步: 新增 0, 退市 310
2026-04-29 00:03:47.141 | INFO     | TushareSync | Fetching stock basics from Tushare...
2026-04-29 00:03:47.493 | INFO     | DuckDB     | 更新股票元数据: 5510 条
2026-04-29 00:03:47.493 | INFO     | TushareSync | Successfully synced 5510 stock basics.
2026-04-29 00:03:47.494 | INFO     | TushareSync | Fetching daily basics snapshot from Tushare (Date: Latest)...
2026-04-29 00:03:47.786 | WARNING  | TushareSync | No daily basic data found.
2026-04-29 00:03:47.786 | INFO     | ParquetPipeline | ParquetPipeline | Fetching daily k-lines from 20260422 to 20260429...
2026-04-29 00:03:47.930 | INFO     | ParquetPipeline | ParquetPipeline | Pulling market for 20260429...
2026-04-29 00:03:48.093 | ERROR    | ParquetPipeline | ParquetPipeline | Sync failed: cannot import name 'sync_broadcast' from 'server' (E:\1target\p9_project\quant-platform\server\__init__.py)
2026-04-29 00:03:48.093 | INFO     | CronScheduler | CronScheduler ========= [收取管道] 完美结束 =========
2026-04-29 00:04:03.984 | INFO     | CronScheduler | CronScheduler ========= [全自动日线/面料收取管道] 起步 =========
2026-04-29 00:04:04.029 | INFO     | QMT-StockSync | QMT 返回 5202 只股票代码
2026-04-29 00:04:04.034 | WARNING  | QMT-StockSync | 检测到 310 只退市/摘牌股票，正在标记...
2026-04-29 00:04:04.045 | INFO     | DuckDB     | 标记退市: ['920204', '920367', '920839', '920821', '920405', '920392', '920273', '920896', '920519', '920873', '920101', '920508', '920694', '920069', '920271', '920436', '920663', '920208', '920639', '920075', '920974', '920892', '920885', '920080', '920895', '920807', '920077', '920001', '920187', '920429', '920099', '920735', '920152', '920106', '920247', '920593', '920802', '920149', '920237', '920191', '920819', '920146', '920570', '920786', '920396', '920249', '920970', '920703', '920339', '920009', '920978', '920223', '920076', '920057', '920527', '920579', '920496', '920491', '920640', '920701', '920112', '920642', '920906', '920942', '920751', '920046', '920175', '920156', '920679', '920199', '920363', '920225', '920263', '920015', '920118', '920008', '920056', '920725', '920670', '920110', '920946', '920368', '920575', '920580', '920779', '920509', '920837', '920505', '920185', '920693', '920808', '920166', '920932', '920957', '920125', '920427', '920809', '920262', '920344', '920010', '920122', '920806', '920856', '920016', '920662', '920088', '920212', '920926', '920576', '920768', '920180', '920160', '920168', '920950', '920753', '920866', '920675', '920242', '920090', '920119', '920275', '920284', '920260', '920003', '920171', '920130', '920876', '920030', '920425', '920177', '920870', '920438', '920471', '920357', '920608', '920475', '920267', '920002', '920121', '920230', '920454', '920641', '920351', '920402', '920656', '920174', '920770', '920000', '920592', '920374', '920719', '920690', '920489', '920931', '920111', '920139', '920378', '920017', '920145', '920971', '920167', '920036', '920068', '920717', '920689', '920476', '920522', '920020', '920045', '920651', '920188', '920504', '920019', '920089', '920855', '920252', '920403', '920599', '920469', '920261', '920455', '920414', '920419', '920006', '920086', '920571', '920833', '920394', '920245', '920370', '920050', '920239', '920299', '920158', '920021', '920060', '920198', '920221', '920578', '920195', '920181', '920953', '920055', '920207', '920871', '920082', '920012', '920062', '920556', '920346', '920992', '920092', '920433', '920037', '920526', '920553', '920183', '920418', '920792', '920022', '920266', '920834', '920023', '920924', '920066', '920300', '920510', '920039', '920190', '920985', '920445', '920179', '920305', '920982', '920407', '920028', '920781', '920547', '920415', '920027', '920304', '920163', '920132', '920799', '920375', '920184', '920007', '920227', '920832', '920478', '920726', '920826', '920087', '920541', '920058', '920078', '920720', '920685', '920108', '920810', '920523', '920943', '920005', '920925', '920169', '920857', '920033', '920682', '920159', '920729', '920914', '920961', '920964', '920014', '920981', '920026', '920533', '920274', '920699', '920718', '920091', '920665', '920035', '920564', '920634', '920493', '920047', '920627', '920748', '920029', '920116', '920566', '920100', '920278', '920018', '920395', '920422', '920011', '920123', '920976', '920270', '920098', '920124', '920371', '920706', '920879', '920765', '920061', '920128', '920790']
2026-04-29 00:04:04.045 | INFO     | QMT-StockSync | 股票同步完成: QMT 5202 只, DB活跃 5512 只, 新增 0, 退市 310
2026-04-29 00:04:04.046 | INFO     | CronScheduler | 股票列表同步: 新增 0, 退市 310
2026-04-29 00:04:04.046 | INFO     | TushareSync | Fetching stock basics from Tushare...
2026-04-29 00:04:04.653 | INFO     | DuckDB     | 更新股票元数据: 5510 条
2026-04-29 00:04:04.653 | INFO     | TushareSync | Successfully synced 5510 stock basics.
2026-04-29 00:04:04.654 | INFO     | TushareSync | Fetching daily basics snapshot from Tushare (Date: Latest)...
2026-04-29 00:04:04.986 | WARNING  | TushareSync | No daily basic data found.
2026-04-29 00:04:04.987 | INFO     | ParquetPipeline | ParquetPipeline | Fetching daily k-lines from 20260422 to 20260429...
2026-04-29 00:04:05.119 | INFO     | ParquetPipeline | ParquetPipeline | Pulling market for 20260429...
2026-04-29 00:04:05.227 | ERROR    | ParquetPipeline | ParquetPipeline | Sync failed: cannot import name 'sync_broadcast' from 'server' (E:\1target\p9_project\quant-platform\server\__init__.py)
2026-04-29 00:04:05.276 | INFO     | CronScheduler | CronScheduler ========= [收取管道] 完美结束 =========
2026-04-29 00:04:12.028 | INFO     | CronScheduler | CronScheduler ========= [全自动日线/面料收取管道] 起步 =========
2026-04-29 00:04:12.105 | INFO     | QMT-StockSync | QMT 返回 5202 只股票代码
2026-04-29 00:04:12.110 | WARNING  | QMT-StockSync | 检测到 310 只退市/摘牌股票，正在标记...
2026-04-29 00:04:12.123 | INFO     | DuckDB     | 标记退市: ['920204', '920367', '920839', '920821', '920405', '920392', '920273', '920896', '920519', '920873', '920101', '920508', '920694', '920069', '920271', '920436', '920663', '920208', '920639', '920075', '920974', '920892', '920885', '920080', '920895', '920807', '920077', '920001', '920187', '920429', '920099', '920735', '920152', '920106', '920247', '920593', '920802', '920149', '920237', '920191', '920819', '920146', '920570', '920786', '920396', '920249', '920970', '920703', '920339', '920009', '920978', '920223', '920076', '920057', '920527', '920579', '920496', '920491', '920640', '920701', '920112', '920642', '920906', '920942', '920751', '920046', '920175', '920156', '920679', '920199', '920363', '920225', '920263', '920015', '920118', '920008', '920056', '920725', '920670', '920110', '920946', '920368', '920575', '920580', '920779', '920509', '920837', '920505', '920185', '920693', '920808', '920166', '920932', '920957', '920125', '920427', '920809', '920262', '920344', '920010', '920122', '920806', '920856', '920016', '920662', '920088', '920212', '920926', '920576', '920768', '920180', '920160', '920168', '920950', '920753', '920866', '920675', '920242', '920090', '920119', '920275', '920284', '920260', '920003', '920171', '920130', '920876', '920030', '920425', '920177', '920870', '920438', '920471', '920357', '920608', '920475', '920267', '920002', '920121', '920230', '920454', '920641', '920351', '920402', '920656', '920174', '920770', '920000', '920592', '920374', '920719', '920690', '920489', '920931', '920111', '920139', '920378', '920017', '920145', '920971', '920167', '920036', '920068', '920717', '920689', '920476', '920522', '920020', '920045', '920651', '920188', '920504', '920019', '920089', '920855', '920252', '920403', '920599', '920469', '920261', '920455', '920414', '920419', '920006', '920086', '920571', '920833', '920394', '920245', '920370', '920050', '920239', '920299', '920158', '920021', '920060', '920198', '920221', '920578', '920195', '920181', '920953', '920055', '920207', '920871', '920082', '920012', '920062', '920556', '920346', '920992', '920092', '920433', '920037', '920526', '920553', '920183', '920418', '920792', '920022', '920266', '920834', '920023', '920924', '920066', '920300', '920510', '920039', '920190', '920985', '920445', '920179', '920305', '920982', '920407', '920028', '920781', '920547', '920415', '920027', '920304', '920163', '920132', '920799', '920375', '920184', '920007', '920227', '920832', '920478', '920726', '920826', '920087', '920541', '920058', '920078', '920720', '920685', '920108', '920810', '920523', '920943', '920005', '920925', '920169', '920857', '920033', '920682', '920159', '920729', '920914', '920961', '920964', '920014', '920981', '920026', '920533', '920274', '920699', '920718', '920091', '920665', '920035', '920564', '920634', '920493', '920047', '920627', '920748', '920029', '920116', '920566', '920100', '920278', '920018', '920395', '920422', '920011', '920123', '920976', '920270', '920098', '920124', '920371', '920706', '920879', '920765', '920061', '920128', '920790']
2026-04-29 00:04:12.124 | INFO     | QMT-StockSync | 股票同步完成: QMT 5202 只, DB活跃 5512 只, 新增 0, 退市 310
2026-04-29 00:04:12.125 | INFO     | CronScheduler | 股票列表同步: 新增 0, 退市 310
2026-04-29 00:04:12.125 | INFO     | TushareSync | Fetching stock basics from Tushare...
2026-04-29 00:04:12.495 | INFO     | DuckDB     | 更新股票元数据: 5510 条
2026-04-29 00:04:12.495 | INFO     | TushareSync | Successfully synced 5510 stock basics.
2026-04-29 00:04:12.496 | INFO     | TushareSync | Fetching daily basics snapshot from Tushare (Date: Latest)...
2026-04-29 00:04:12.779 | WARNING  | TushareSync | No daily basic data found.
2026-04-29 00:04:12.780 | INFO     | ParquetPipeline | ParquetPipeline | Fetching daily k-lines from 20260422 to 20260429...
2026-04-29 00:04:12.933 | INFO     | ParquetPipeline | ParquetPipeline | Pulling market for 20260429...
2026-04-29 00:04:13.060 | ERROR    | ParquetPipeline | ParquetPipeline | Sync failed: cannot import name 'sync_broadcast' from 'server' (E:\1target\p9_project\quant-platform\server\__init__.py)
2026-04-29 00:04:13.061 | INFO     | CronScheduler | CronScheduler ========= [收取管道] 完美结束 =========
2026-04-29 00:05:18.967 | INFO     | DuckDB     | DuckDB | 所有核心表结构初始化完成 (含热点板块)
2026-04-29 00:05:18.967 | INFO     | DuckDB     | DuckDB 核心就绪: E:\1target\p9_project\quant-platform\data\meta\meta.db
2026-04-29 00:05:19.486 | INFO     | API-Server | P9 Quant Platform Background Tasks Startup...
2026-04-29 00:05:19.489 | INFO     | CronScheduler | CronScheduler | 每日数据收割机被安排在每个工作日的 08:30 执行。
2026-04-29 00:05:19.489 | INFO     | CronScheduler | CronScheduler | 每日数据收割机被安排在每个工作日的 17:30 执行。
2026-04-29 00:05:19.489 | INFO     | CronScheduler | CronScheduler | Redis→DuckDB 收割机已安排在每个工作日 15:30 执行。
2026-04-29 00:05:19.490 | INFO     | CronScheduler | CronScheduler | 概念数据同步已安排在每日 09:00 执行。
2026-04-29 00:05:19.490 | INFO     | CronScheduler | CronScheduler | 板块热度重算已安排在每个交易日 5 分钟/次。
2026-04-29 00:05:19.490 | INFO     | CronScheduler | CronScheduler | 收盘热度终版快照已安排在 15:30 执行。
2026-04-29 00:05:19.490 | INFO     | CronScheduler | CronScheduler | 自动调度服务(APScheduler) 已启动。
2026-04-29 00:05:24.511 | INFO     | ParquetPipeline | ParquetPipeline | Fetching daily k-lines from 20260419 to 20260429...
2026-04-29 00:05:24.773 | INFO     | ParquetPipeline | ParquetPipeline | Pulling market for 20260429...
2026-04-29 00:05:25.193 | INFO     | ParquetPipeline | ParquetPipeline | Pulling market for 20260428...
2026-04-29 00:05:26.288 | INFO     | ParquetPipeline | ParquetPipeline | Pulling market for 20260427...
2026-04-29 00:05:27.103 | INFO     | ParquetPipeline | ParquetPipeline | Pulling market for 20260424...
2026-04-29 00:05:28.202 | INFO     | ParquetPipeline | ParquetPipeline | Pulling market for 20260423...
2026-04-29 00:05:29.037 | INFO     | ParquetPipeline | ParquetPipeline | Pulling market for 20260422...
2026-04-29 00:05:29.873 | INFO     | ParquetPipeline | ParquetPipeline | Pulling market for 20260421...
2026-04-29 00:05:30.726 | INFO     | ParquetPipeline | ParquetPipeline | Pulling market for 20260420...
2026-04-29 00:05:31.561 | INFO     | ParquetPipeline | ParquetPipeline | Writing 5507 stocks to Parquet...
2026-04-29 00:05:32.662 | ERROR    | ParquetPipeline | ParquetPipeline | Sync failed: Cannot compare Timestamp with datetime.date. Use ts == pd.Timestamp(date) or ts.date() == date instead.
2026-04-29 00:06:00.126 | INFO     | CronScheduler | CronScheduler ========= [全自动日线/面料收取管道] 起步 =========
2026-04-29 00:06:00.170 | INFO     | QMT-StockSync | QMT 返回 5202 只股票代码
2026-04-29 00:06:00.178 | WARNING  | QMT-StockSync | 检测到 310 只退市/摘牌股票，正在标记...
2026-04-29 00:06:00.191 | INFO     | DuckDB     | 标记退市: ['920765', '920006', '920445', '920690', '920239', '920187', '920183', '920599', '920078', '920476', '920753', '920005', '920204', '920547', '920564', '920790', '920634', '920981', '920942', '920974', '920837', '920394', '920267', '920879', '920156', '920068', '920808', '920108', '920368', '920675', '920266', '920167', '920185', '920029', '920693', '920023', '920885', '920856', '920010', '920062', '920190', '920056', '920169', '920260', '920080', '920000', '920726', '920682', '920475', '920519', '920012', '920149', '920007', '920592', '920639', '920834', '920021', '920781', '920075', '920896', '920060', '920030', '920174', '920179', '920768', '920706', '920570', '920957', '920212', '920455', '920717', '920158', '920527', '920036', '920689', '920679', '920116', '920670', '920033', '920914', '920943', '920806', '920433', '920402', '920035', '920039', '920526', '920091', '920405', '920418', '920493', '920580', '920407', '920833', '920207', '920045', '920152', '920195', '920925', '920523', '920533', '920685', '920971', '920271', '920098', '920478', '920166', '920351', '920578', '920225', '920163', '920906', '920357', '920106', '920181', '920003', '920946', '920694', '920275', '920262', '920027', '920086', '920199', '920419', '920123', '920188', '920505', '920924', '920077', '920436', '920146', '920270', '920699', '920802', '920932', '920128', '920132', '920992', '920237', '920092', '920375', '920118', '920230', '920125', '920522', '920748', '920395', '920099', '920931', '920571', '920367', '920026', '920627', '920247', '920100', '920541', '920122', '920227', '920017', '920370', '920263', '920471', '920876', '920088', '920061', '920725', '920087', '920191', '920593', '920807', '920509', '920662', '920392', '920892', '920438', '920371', '920871', '920339', '920363', '920014', '920016', '920221', '920575', '920729', '920870', '920821', '920111', '920346', '920978', '920566', '920656', '920799', '920300', '920159', '920873', '920249', '920751', '920703', '920422', '920866', '920009', '920556', '920809', '920792', '920374', '920640', '920429', '920718', '920926', '920489', '920046', '920223', '920278', '920950', '920020', '920396', '920273', '920055', '920121', '920047', '920425', '920139', '920018', '920985', '920019', '920184', '920261', '920008', '920641', '920208', '920344', '920642', '920274', '920305', '920504', '920177', '920069', '920284', '920469', '920857', '920576', '920810', '920403', '920701', '920058', '920508', '920953', '920168', '920779', '920826', '920496', '920112', '920964', '920001', '920651', '920050', '920454', '920304', '920427', '920119', '920002', '920735', '920665', '920961', '920895', '920101', '920786', '920242', '920553', '920299', '920819', '920124', '920608', '920145', '920171', '920491', '920160', '920066', '920832', '920180', '920252', '920057', '920415', '920720', '920076', '920090', '920976', '920130', '920110', '920198', '920022', '920378', '920175', '920970', '920082', '920770', '920414', '920245', '920015', '920011', '920663', '920028', '920839', '920579', '920719', '920089', '920510', '920855', '920982', '920037']
2026-04-29 00:06:00.192 | INFO     | QMT-StockSync | 股票同步完成: QMT 5202 只, DB活跃 5512 只, 新增 0, 退市 310
2026-04-29 00:06:00.193 | INFO     | CronScheduler | 股票列表同步: 新增 0, 退市 310
2026-04-29 00:06:00.194 | INFO     | TushareSync | Fetching stock basics from Tushare...
2026-04-29 00:06:01.072 | INFO     | DuckDB     | 更新股票元数据: 5510 条
2026-04-29 00:06:01.072 | INFO     | TushareSync | Successfully synced 5510 stock basics.
2026-04-29 00:06:01.073 | INFO     | TushareSync | Fetching daily basics snapshot from Tushare (Date: Latest)...
2026-04-29 00:06:01.535 | WARNING  | TushareSync | No daily basic data found.
2026-04-29 00:06:01.535 | INFO     | ParquetPipeline | ParquetPipeline | Fetching daily k-lines from 20260422 to 20260429...
2026-04-29 00:06:02.167 | INFO     | ParquetPipeline | ParquetPipeline | Pulling market for 20260429...
2026-04-29 00:06:02.380 | INFO     | ParquetPipeline | ParquetPipeline | Pulling market for 20260428...
2026-04-29 00:06:03.421 | INFO     | ParquetPipeline | ParquetPipeline | Pulling market for 20260427...
2026-04-29 00:06:04.470 | INFO     | ParquetPipeline | ParquetPipeline | Pulling market for 20260424...
2026-04-29 00:06:05.462 | INFO     | ParquetPipeline | ParquetPipeline | Pulling market for 20260423...
2026-04-29 00:06:06.332 | INFO     | ParquetPipeline | ParquetPipeline | Pulling market for 20260422...
2026-04-29 00:06:07.095 | INFO     | ParquetPipeline | ParquetPipeline | Writing 5506 stocks to Parquet...
2026-04-29 00:06:07.996 | ERROR    | ParquetPipeline | ParquetPipeline | Sync failed: Cannot compare Timestamp with datetime.date. Use ts == pd.Timestamp(date) or ts.date() == date instead.
2026-04-29 00:06:08.037 | INFO     | CronScheduler | CronScheduler ========= [收取管道] 完美结束 =========
2026-04-29 00:06:35.499 | INFO     | DuckDB     | DuckDB | 所有核心表结构初始化完成 (含热点板块)
2026-04-29 00:06:35.499 | INFO     | DuckDB     | DuckDB 核心就绪: E:\1target\p9_project\quant-platform\data\meta\meta.db
2026-04-29 00:06:36.054 | INFO     | API-Server | P9 Quant Platform Background Tasks Startup...
2026-04-29 00:06:36.058 | INFO     | CronScheduler | CronScheduler | 每日数据收割机被安排在每个工作日的 08:30 执行。
2026-04-29 00:06:36.058 | INFO     | CronScheduler | CronScheduler | 每日数据收割机被安排在每个工作日的 17:30 执行。
2026-04-29 00:06:36.058 | INFO     | CronScheduler | CronScheduler | Redis→DuckDB 收割机已安排在每个工作日 15:30 执行。
2026-04-29 00:06:36.059 | INFO     | CronScheduler | CronScheduler | 概念数据同步已安排在每日 09:00 执行。
2026-04-29 00:06:36.059 | INFO     | CronScheduler | CronScheduler | 板块热度重算已安排在每个交易日 5 分钟/次。
2026-04-29 00:06:36.059 | INFO     | CronScheduler | CronScheduler | 收盘热度终版快照已安排在 15:30 执行。
2026-04-29 00:06:36.059 | INFO     | CronScheduler | CronScheduler | 自动调度服务(APScheduler) 已启动。
2026-04-29 00:06:41.065 | INFO     | ParquetPipeline | ParquetPipeline | Fetching daily k-lines from 20260419 to 20260429...
2026-04-29 00:06:42.335 | INFO     | ParquetPipeline | ParquetPipeline | Pulling market for 20260429...
2026-04-29 00:06:42.725 | INFO     | ParquetPipeline | ParquetPipeline | Pulling market for 20260428...
2026-04-29 00:06:44.591 | INFO     | ParquetPipeline | ParquetPipeline | Pulling market for 20260427...
2026-04-29 00:06:45.826 | INFO     | ParquetPipeline | ParquetPipeline | Pulling market for 20260424...
2026-04-29 00:06:47.411 | INFO     | ParquetPipeline | ParquetPipeline | Pulling market for 20260423...
2026-04-29 00:06:48.874 | INFO     | ParquetPipeline | ParquetPipeline | Pulling market for 20260422...
2026-04-29 00:06:49.947 | INFO     | ParquetPipeline | ParquetPipeline | Pulling market for 20260421...
2026-04-29 00:06:50.905 | INFO     | ParquetPipeline | ParquetPipeline | Pulling market for 20260420...
2026-04-29 00:06:51.866 | INFO     | ParquetPipeline | ParquetPipeline | Writing 5507 stocks to Parquet...
2026-04-29 00:06:52.948 | INFO     | CronScheduler | CronScheduler ========= [全自动日线/面料收取管道] 起步 =========
2026-04-29 00:06:53.000 | INFO     | QMT-StockSync | QMT 返回 5202 只股票代码
2026-04-29 00:06:53.006 | WARNING  | QMT-StockSync | 检测到 310 只退市/摘牌股票，正在标记...
2026-04-29 00:06:53.011 | INFO     | DuckDB     | 标记退市: ['920088', '920675', '920566', '920576', '920475', '920237', '920527', '920834', '920003', '920245', '920553', '920177', '920826', '920055', '920429', '920651', '920037', '920433', '920510', '920976', '920023', '920121', '920478', '920000', '920970', '920717', '920175', '920247', '920981', '920407', '920639', '920504', '920809', '920180', '920489', '920985', '920978', '920792', '920047', '920125', '920856', '920304', '920642', '920260', '920725', '920033', '920179', '920438', '920509', '920099', '920130', '920832', '920522', '920080', '920124', '920445', '920016', '920523', '920339', '920045', '920374', '920262', '920670', '920002', '920075', '920427', '920367', '920168', '920519', '920870', '920526', '920656', '920982', '920057', '920505', '920181', '920896', '920879', '920593', '920015', '920014', '920091', '920455', '920086', '920992', '920012', '920174', '920871', '920019', '920957', '920394', '920925', '920159', '920149', '920146', '920932', '920273', '920188', '920261', '920729', '920964', '920682', '920926', '920892', '920056', '920570', '920564', '920855', '920190', '920139', '920227', '920808', '920007', '920496', '920346', '920634', '920837', '920208', '920068', '920679', '920204', '920249', '920508', '920077', '920436', '920895', '920001', '920799', '920101', '920171', '920089', '920786', '920471', '920046', '920271', '920158', '920050', '920405', '920396', '920392', '920027', '920810', '920006', '920924', '920701', '920414', '920802', '920030', '920779', '920082', '920578', '920806', '920187', '920039', '920556', '920028', '920706', '920592', '920078', '920300', '920169', '920152', '920207', '920541', '920021', '920092', '920931', '920378', '920469', '920198', '920533', '920418', '920866', '920807', '920547', '920061', '920199', '920035', '920689', '920454', '920768', '920010', '920195', '920943', '920425', '920020', '920873', '920270', '920575', '920116', '920221', '920275', '920299', '920375', '920770', '920223', '920284', '920971', '920106', '920018', '920066', '920419', '920098', '920230', '920422', '920402', '920914', '920184', '920167', '920720', '920821', '920009', '920252', '920961', '920274', '920163', '920641', '920942', '920368', '920118', '920036', '920751', '920726', '920242', '920748', '920781', '920685', '920950', '920185', '920212', '920351', '920974', '920266', '920703', '920026', '920225', '920058', '920819', '920371', '920062', '920011', '920690', '920087', '920640', '920122', '920191', '920395', '920663', '920491', '920476', '920008', '920693', '920132', '920953', '920370', '920344', '920765', '920100', '920156', '920493', '920946', '920128', '920579', '920790', '920363', '920263', '920022', '920278', '920735', '920662', '920305', '920119', '920145', '920699', '920110', '920885', '920076', '920906', '920627', '920029', '920718', '920694', '920267', '920017', '920183', '920839', '920719', '920599', '920857', '920415', '920005', '920571', '920608', '920108', '920239', '920111', '920753', '920166', '920060', '920833', '920580', '920069', '920090', '920112', '920665', '920876', '920403', '920123', '920160', '920357']
2026-04-29 00:06:53.014 | INFO     | QMT-StockSync | 股票同步完成: QMT 5202 只, DB活跃 5512 只, 新增 0, 退市 310
2026-04-29 00:06:53.015 | INFO     | CronScheduler | 股票列表同步: 新增 0, 退市 310
2026-04-29 00:06:53.015 | INFO     | TushareSync | Fetching stock basics from Tushare...
2026-04-29 00:06:53.760 | INFO     | DuckDB     | 更新股票元数据: 5510 条
2026-04-29 00:06:53.761 | INFO     | TushareSync | Successfully synced 5510 stock basics.
2026-04-29 00:06:53.764 | INFO     | TushareSync | Fetching daily basics snapshot from Tushare (Date: Latest)...
2026-04-29 00:06:54.169 | WARNING  | TushareSync | No daily basic data found.
2026-04-29 00:06:54.169 | INFO     | ParquetPipeline | ParquetPipeline | Fetching daily k-lines from 20260422 to 20260429...
2026-04-29 00:06:54.330 | INFO     | ParquetPipeline | ParquetPipeline | Pulling market for 20260429...
2026-04-29 00:06:54.501 | INFO     | ParquetPipeline | ParquetPipeline | Pulling market for 20260428...
2026-04-29 00:06:55.412 | INFO     | ParquetPipeline | ParquetPipeline | Pulling market for 20260427...
2026-04-29 00:06:56.305 | INFO     | ParquetPipeline | ParquetPipeline | Pulling market for 20260424...
2026-04-29 00:06:57.057 | INFO     | ParquetPipeline | ParquetPipeline | Pulling market for 20260423...
2026-04-29 00:06:57.855 | INFO     | ParquetPipeline | ParquetPipeline | Pulling market for 20260422...
2026-04-29 00:06:58.645 | INFO     | ParquetPipeline | ParquetPipeline | Writing 5506 stocks to Parquet...
2026-04-29 00:07:48.853 | INFO     | DuckDB     | DuckDB | 创建虚拟视图成功: kline_daily_view -> E:/1target/p9_project/quant-platform/data/parquet/daily/*.parquet
2026-04-29 00:07:48.853 | INFO     | ParquetPipeline | ParquetPipeline | Daily K-lines fully synced.
2026-04-29 00:08:18.836 | INFO     | DuckDB     | DuckDB | 创建虚拟视图成功: kline_daily_view -> E:/1target/p9_project/quant-platform/data/parquet/daily/*.parquet
2026-04-29 00:08:18.836 | INFO     | ParquetPipeline | ParquetPipeline | Daily K-lines fully synced.
2026-04-29 00:08:18.937 | INFO     | CronScheduler | CronScheduler ========= [收取管道] 完美结束 =========
2026-04-29 00:08:34.708 | INFO     | DuckDB     | DuckDB | 所有核心表结构初始化完成 (含热点板块)
2026-04-29 00:08:34.708 | INFO     | DuckDB     | DuckDB 核心就绪: E:\1target\p9_project\quant-platform\data\meta\meta.db
2026-04-29 00:08:35.256 | INFO     | API-Server | P9 Quant Platform Background Tasks Startup...
2026-04-29 00:08:35.258 | INFO     | CronScheduler | CronScheduler | 每日数据收割机被安排在每个工作日的 08:30 执行。
2026-04-29 00:08:35.258 | INFO     | CronScheduler | CronScheduler | 每日数据收割机被安排在每个工作日的 17:30 执行。
2026-04-29 00:08:35.259 | INFO     | CronScheduler | CronScheduler | Redis→DuckDB 收割机已安排在每个工作日 15:30 执行。
2026-04-29 00:08:35.259 | INFO     | CronScheduler | CronScheduler | 概念数据同步已安排在每日 09:00 执行。
2026-04-29 00:08:35.259 | INFO     | CronScheduler | CronScheduler | 板块热度重算已安排在每个交易日 5 分钟/次。
2026-04-29 00:08:35.260 | INFO     | CronScheduler | CronScheduler | 收盘热度终版快照已安排在 15:30 执行。
2026-04-29 00:08:35.260 | INFO     | CronScheduler | CronScheduler | 自动调度服务(APScheduler) 已启动。
2026-04-29 00:08:40.266 | INFO     | ParquetPipeline | ParquetPipeline | Fetching daily k-lines from 20260419 to 20260429...
2026-04-29 00:08:40.586 | INFO     | ParquetPipeline | ParquetPipeline | Pulling market for 20260429...
2026-04-29 00:08:40.697 | INFO     | ParquetPipeline | ParquetPipeline | Pulling market for 20260428...
2026-04-29 00:08:41.448 | INFO     | ParquetPipeline | ParquetPipeline | Pulling market for 20260427...
2026-04-29 00:08:42.226 | INFO     | ParquetPipeline | ParquetPipeline | Pulling market for 20260424...
2026-04-29 00:08:43.069 | INFO     | ParquetPipeline | ParquetPipeline | Pulling market for 20260423...
2026-04-29 00:08:43.928 | INFO     | ParquetPipeline | ParquetPipeline | Pulling market for 20260422...
2026-04-29 00:08:44.688 | INFO     | ParquetPipeline | ParquetPipeline | Pulling market for 20260421...
2026-04-29 00:08:45.456 | INFO     | ParquetPipeline | ParquetPipeline | Pulling market for 20260420...
2026-04-29 00:08:45.910 | INFO     | CronScheduler | CronScheduler ========= [全自动日线/面料收取管道] 起步 =========
2026-04-29 00:08:45.968 | INFO     | QMT-StockSync | QMT 返回 5202 只股票代码
2026-04-29 00:08:45.974 | WARNING  | QMT-StockSync | 检测到 310 只退市/摘牌股票，正在标记...
2026-04-29 00:08:45.979 | INFO     | DuckDB     | 标记退市: ['920436', '920837', '920641', '920227', '920112', '920221', '920394', '920964', '920690', '920091', '920047', '920593', '920505', '920149', '920119', '920665', '920571', '920726', '920179', '920768', '920725', '920156', '920076', '920160', '920662', '920007', '920374', '920553', '920974', '920682', '920002', '920190', '920699', '920108', '920634', '920346', '920057', '920896', '920415', '920790', '920504', '920663', '920476', '920011', '920110', '920834', '920019', '920351', '920976', '920177', '920187', '920080', '920278', '920339', '920720', '920779', '920030', '920792', '920212', '920273', '920579', '920541', '920106', '920454', '920642', '920207', '920145', '920027', '920570', '920087', '920392', '920422', '920833', '920429', '920100', '920012', '920931', '920719', '920121', '920245', '920015', '920225', '920547', '920640', '920185', '920237', '920163', '920261', '920675', '920806', '920425', '920735', '920932', '920802', '920873', '920839', '920252', '920729', '920402', '920870', '920694', '920368', '920058', '920184', '920821', '920010', '920363', '920271', '920035', '920455', '920124', '920523', '920985', '920879', '920171', '920008', '920305', '920819', '920992', '920152', '920174', '920809', '920006', '920082', '920914', '920493', '920195', '920101', '920066', '920230', '920892', '920471', '920751', '920689', '920061', '920166', '920491', '920181', '920169', '920208', '920826', '920489', '920242', '920188', '920123', '920036', '920765', '920510', '920088', '920943', '920478', '920419', '920284', '920020', '920924', '920249', '920029', '920116', '920056', '920509', '920693', '920023', '920078', '920001', '920753', '920978', '920132', '920608', '920275', '920433', '920003', '920592', '920564', '920092', '920395', '920017', '920039', '920270', '920748', '920950', '920508', '920906', '920970', '920576', '920807', '920832', '920957', '920522', '920198', '920575', '920971', '920405', '920469', '920118', '920403', '920885', '920685', '920656', '920260', '920786', '920599', '920125', '920146', '920274', '920191', '920961', '920378', '920718', '920077', '920856', '920098', '920876', '920639', '920475', '920427', '920808', '920262', '920871', '920263', '920026', '920396', '920223', '920357', '920046', '920090', '920075', '920703', '920496', '920770', '920267', '920580', '920180', '920014', '920266', '920009', '920022', '920130', '920300', '920037', '920122', '920855', '920407', '920045', '920578', '920810', '920701', '920299', '920717', '920866', '920706', '920679', '920060', '920533', '920344', '920946', '920168', '920519', '920033', '920370', '920895', '920781', '920526', '920239', '920925', '920099', '920953', '920139', '920068', '920556', '920000', '920158', '920799', '920527', '920204', '920175', '920062', '920183', '920055', '920021', '920367', '920089', '920028', '920857', '920304', '920375', '920111', '920371', '920942', '920247', '920627', '920016', '920018', '920159', '920005', '920050', '920445', '920651', '920086', '920167', '920128', '920926', '920418', '920981', '920438', '920982', '920069', '920670', '920566', '920414', '920199']
2026-04-29 00:08:45.979 | INFO     | QMT-StockSync | 股票同步完成: QMT 5202 只, DB活跃 5512 只, 新增 0, 退市 310
2026-04-29 00:08:45.980 | INFO     | CronScheduler | 股票列表同步: 新增 0, 退市 310
2026-04-29 00:08:45.981 | INFO     | TushareSync | Fetching stock basics from Tushare...
2026-04-29 00:08:46.178 | INFO     | ParquetPipeline | ParquetPipeline | Writing 5507 stocks to Parquet...
2026-04-29 00:08:47.340 | INFO     | DuckDB     | 更新股票元数据: 5510 条
2026-04-29 00:08:47.341 | INFO     | TushareSync | Successfully synced 5510 stock basics.
2026-04-29 00:08:47.342 | INFO     | TushareSync | Fetching daily basics snapshot from Tushare (Date: Latest)...
2026-04-29 00:08:47.746 | WARNING  | TushareSync | No daily basic data found.
2026-04-29 00:08:47.747 | INFO     | ParquetPipeline | ParquetPipeline | Fetching daily k-lines from 20260422 to 20260429...
2026-04-29 00:08:47.868 | INFO     | ParquetPipeline | ParquetPipeline | Pulling market for 20260429...
2026-04-29 00:08:48.048 | INFO     | ParquetPipeline | ParquetPipeline | Pulling market for 20260428...
2026-04-29 00:08:48.981 | INFO     | ParquetPipeline | ParquetPipeline | Pulling market for 20260427...
2026-04-29 00:08:49.796 | INFO     | ParquetPipeline | ParquetPipeline | Pulling market for 20260424...
2026-04-29 00:08:50.564 | INFO     | ParquetPipeline | ParquetPipeline | Pulling market for 20260423...
2026-04-29 00:08:51.402 | INFO     | ParquetPipeline | ParquetPipeline | Pulling market for 20260422...
2026-04-29 00:08:52.203 | INFO     | ParquetPipeline | ParquetPipeline | Writing 5506 stocks to Parquet...
2026-04-29 00:10:06.145 | INFO     | DuckDB     | DuckDB | 创建虚拟视图成功: kline_daily_view -> E:/1target/p9_project/quant-platform/data/parquet/daily/*.parquet
2026-04-29 00:10:06.148 | INFO     | ParquetPipeline | ParquetPipeline | Daily K-lines fully synced.
2026-04-29 00:10:30.687 | INFO     | DuckDB     | DuckDB | 创建虚拟视图成功: kline_daily_view -> E:/1target/p9_project/quant-platform/data/parquet/daily/*.parquet
2026-04-29 00:10:30.688 | INFO     | ParquetPipeline | ParquetPipeline | Daily K-lines fully synced.
2026-04-29 00:10:30.789 | INFO     | CronScheduler | CronScheduler ========= [收取管道] 完美结束 =========
2026-04-29 00:11:43.971 | INFO     | CronScheduler | CronScheduler ========= [全自动日线/面料收取管道] 起步 =========
2026-04-29 00:11:44.047 | INFO     | QMT-StockSync | QMT 返回 5202 只股票代码
2026-04-29 00:11:44.057 | WARNING  | QMT-StockSync | 检测到 310 只退市/摘牌股票，正在标记...
2026-04-29 00:11:44.065 | INFO     | DuckDB     | 标记退市: ['920436', '920837', '920641', '920227', '920112', '920221', '920394', '920964', '920690', '920091', '920047', '920593', '920505', '920149', '920119', '920665', '920571', '920726', '920179', '920768', '920725', '920156', '920076', '920160', '920662', '920007', '920374', '920553', '920974', '920682', '920002', '920190', '920699', '920108', '920634', '920346', '920057', '920896', '920415', '920790', '920504', '920663', '920476', '920011', '920110', '920834', '920019', '920351', '920976', '920177', '920187', '920080', '920278', '920339', '920720', '920779', '920030', '920792', '920212', '920273', '920579', '920541', '920106', '920454', '920642', '920207', '920145', '920027', '920570', '920087', '920392', '920422', '920833', '920429', '920100', '920012', '920931', '920719', '920121', '920245', '920015', '920225', '920547', '920640', '920185', '920237', '920163', '920261', '920675', '920806', '920425', '920735', '920932', '920802', '920873', '920839', '920252', '920729', '920402', '920870', '920694', '920368', '920058', '920184', '920821', '920010', '920363', '920271', '920035', '920455', '920124', '920523', '920985', '920879', '920171', '920008', '920305', '920819', '920992', '920152', '920174', '920809', '920006', '920082', '920914', '920493', '920195', '920101', '920066', '920230', '920892', '920471', '920751', '920689', '920061', '920166', '920491', '920181', '920169', '920208', '920826', '920489', '920242', '920188', '920123', '920036', '920765', '920510', '920088', '920943', '920478', '920419', '920284', '920020', '920924', '920249', '920029', '920116', '920056', '920509', '920693', '920023', '920078', '920001', '920753', '920978', '920132', '920608', '920275', '920433', '920003', '920592', '920564', '920092', '920395', '920017', '920039', '920270', '920748', '920950', '920508', '920906', '920970', '920576', '920807', '920832', '920957', '920522', '920198', '920575', '920971', '920405', '920469', '920118', '920403', '920885', '920685', '920656', '920260', '920786', '920599', '920125', '920146', '920274', '920191', '920961', '920378', '920718', '920077', '920856', '920098', '920876', '920639', '920475', '920427', '920808', '920262', '920871', '920263', '920026', '920396', '920223', '920357', '920046', '920090', '920075', '920703', '920496', '920770', '920267', '920580', '920180', '920014', '920266', '920009', '920022', '920130', '920300', '920037', '920122', '920855', '920407', '920045', '920578', '920810', '920701', '920299', '920717', '920866', '920706', '920679', '920060', '920533', '920344', '920946', '920168', '920519', '920033', '920370', '920895', '920781', '920526', '920239', '920925', '920099', '920953', '920139', '920068', '920556', '920000', '920158', '920799', '920527', '920204', '920175', '920062', '920183', '920055', '920021', '920367', '920089', '920028', '920857', '920304', '920375', '920111', '920371', '920942', '920247', '920627', '920016', '920018', '920159', '920005', '920050', '920445', '920651', '920086', '920167', '920128', '920926', '920418', '920981', '920438', '920982', '920069', '920670', '920566', '920414', '920199']
2026-04-29 00:11:44.065 | INFO     | QMT-StockSync | 股票同步完成: QMT 5202 只, DB活跃 5512 只, 新增 0, 退市 310
2026-04-29 00:11:44.067 | INFO     | CronScheduler | 股票列表同步: 新增 0, 退市 310
2026-04-29 00:11:44.068 | INFO     | TushareSync | Fetching stock basics from Tushare...
2026-04-29 00:11:44.700 | INFO     | DuckDB     | 更新股票元数据: 5510 条
2026-04-29 00:11:44.700 | INFO     | TushareSync | Successfully synced 5510 stock basics.
2026-04-29 00:11:44.703 | INFO     | TushareSync | Fetching daily basics snapshot from Tushare (Date: Latest)...
2026-04-29 00:11:44.972 | WARNING  | TushareSync | No daily basic data found.
2026-04-29 00:11:44.973 | INFO     | ParquetPipeline | ParquetPipeline | Fetching daily k-lines from 20260422 to 20260429...
2026-04-29 00:11:45.116 | INFO     | ParquetPipeline | ParquetPipeline | Pulling market for 20260429...
2026-04-29 00:11:45.246 | INFO     | ParquetPipeline | ParquetPipeline | Pulling market for 20260428...
2026-04-29 00:11:46.132 | INFO     | ParquetPipeline | ParquetPipeline | Pulling market for 20260427...
2026-04-29 00:11:47.196 | INFO     | ParquetPipeline | ParquetPipeline | Pulling market for 20260424...
2026-04-29 00:11:47.966 | INFO     | ParquetPipeline | ParquetPipeline | Pulling market for 20260423...
2026-04-29 00:11:48.687 | INFO     | ParquetPipeline | ParquetPipeline | Pulling market for 20260422...
2026-04-29 00:11:49.405 | INFO     | ParquetPipeline | ParquetPipeline | Writing 5506 stocks to Parquet...
2026-04-29 00:12:29.573 | INFO     | API-Screener | 📡 [API] 收到选股请求: 均线唯美平滑发散策略
2026-04-29 00:12:29.574 | INFO     | API-Screener | 🚀 [Thread] 选股任务线程已启动: 均线唯美平滑发散策略
2026-04-29 00:12:29.574 | INFO     | Screener   | 🔍 [Engine] run_scan 开始执行: 均线唯美平滑发散策略, 频率: daily
2026-04-29 00:12:29.575 | INFO     | Screener   | [1/10] 加载股票元数据...
2026-04-29 00:12:29.596 | INFO     | DuckDB     | get_stocks_filtered | 过滤结果: 1499 只 (index=['ZZ500', 'ZZ1000'], mv=[None,None]亿)
2026-04-29 00:12:29.600 | INFO     | Screener   | [3/10] 启动并行引擎 (32 核心) 加载并扫描 1499 只股票...
2026-04-29 00:12:29.608 | INFO     | Screener   | 🧬 [Loader] 识别到类继承策略: SmoothFlowStrategy
2026-04-29 00:12:29.627 | INFO     | Screener   | 成功预加载大盘基准数据: 000905.SH (262 行)
2026-04-29 00:12:29.627 | INFO     | Screener   | [4/10] 正在进行全市场 RPS 动量预预算...
2026-04-29 00:12:37.840 | INFO     | DuckDB     | DuckDB | 创建虚拟视图成功: kline_daily_view -> E:/1target/p9_project/quant-platform/data/parquet/daily/*.parquet
2026-04-29 00:12:37.841 | INFO     | ParquetPipeline | ParquetPipeline | Daily K-lines fully synced.
2026-04-29 00:12:37.889 | INFO     | CronScheduler | CronScheduler ========= [收取管道] 完美结束 =========
2026-04-29 00:12:46.706 | INFO     | Screener   | 成功构建全市场对比池 (用于 RPS): 1367421 条记录
2026-04-29 00:12:46.707 | INFO     | Screener   | [4.5/10] ⚡ QMT 极速行情引擎激活中：拉取当日最新真实验证切片(含夜盘离线快照)...
2026-04-29 00:12:47.016 | INFO     | Screener   | 成功获取 1499 只股票实时快照进行策略缝合
2026-04-29 00:12:47.017 | INFO     | Screener   | [5/35] 串行任务区块 1/30 计算中...
2026-04-29 00:12:47.338 | INFO     | Screener   | [6/35] 串行任务区块 2/30 计算中...
2026-04-29 00:12:47.621 | INFO     | Screener   | [7/35] 串行任务区块 3/30 计算中...
2026-04-29 00:12:47.902 | INFO     | Screener   | [8/35] 串行任务区块 4/30 计算中...
2026-04-29 00:12:48.177 | INFO     | Screener   | [9/35] 串行任务区块 5/30 计算中...
2026-04-29 00:12:48.462 | INFO     | Screener   | [10/35] 串行任务区块 6/30 计算中...
2026-04-29 00:12:48.720 | INFO     | Screener   | [11/35] 串行任务区块 7/30 计算中...
2026-04-29 00:12:48.961 | INFO     | Screener   | [12/35] 串行任务区块 8/30 计算中...
2026-04-29 00:12:49.201 | INFO     | Screener   | [13/35] 串行任务区块 9/30 计算中...
2026-04-29 00:12:49.438 | INFO     | Screener   | [14/35] 串行任务区块 10/30 计算中...
2026-04-29 00:12:49.675 | INFO     | Screener   | [15/35] 串行任务区块 11/30 计算中...
2026-04-29 00:12:49.907 | INFO     | Screener   | [16/35] 串行任务区块 12/30 计算中...
2026-04-29 00:12:50.146 | INFO     | Screener   | [17/35] 串行任务区块 13/30 计算中...
2026-04-29 00:12:50.388 | INFO     | Screener   | [18/35] 串行任务区块 14/30 计算中...
2026-04-29 00:12:50.621 | INFO     | Screener   | [19/35] 串行任务区块 15/30 计算中...
2026-04-29 00:12:50.849 | INFO     | Screener   | [20/35] 串行任务区块 16/30 计算中...
2026-04-29 00:12:51.091 | INFO     | Screener   | [21/35] 串行任务区块 17/30 计算中...
2026-04-29 00:12:51.323 | INFO     | Screener   | [22/35] 串行任务区块 18/30 计算中...
2026-04-29 00:12:51.556 | INFO     | Screener   | [23/35] 串行任务区块 19/30 计算中...
2026-04-29 00:12:51.784 | INFO     | Screener   | [24/35] 串行任务区块 20/30 计算中...
2026-04-29 00:12:52.018 | INFO     | Screener   | [25/35] 串行任务区块 21/30 计算中...
2026-04-29 00:12:52.258 | INFO     | Screener   | [26/35] 串行任务区块 22/30 计算中...
2026-04-29 00:12:52.493 | INFO     | Screener   | [27/35] 串行任务区块 23/30 计算中...
2026-04-29 00:12:52.726 | INFO     | Screener   | [28/35] 串行任务区块 24/30 计算中...
2026-04-29 00:12:52.957 | INFO     | Screener   | [29/35] 串行任务区块 25/30 计算中...
2026-04-29 00:12:53.215 | INFO     | Screener   | [30/35] 串行任务区块 26/30 计算中...
2026-04-29 00:12:53.471 | INFO     | Screener   | [31/35] 串行任务区块 27/30 计算中...
2026-04-29 00:12:53.707 | INFO     | Screener   | [32/35] 串行任务区块 28/30 计算中...
2026-04-29 00:12:53.945 | INFO     | Screener   | [33/35] 串行任务区块 29/30 计算中...
2026-04-29 00:12:54.182 | INFO     | Screener   | [34/35] 串行任务区块 30/30 计算中...
2026-04-29 00:12:54.416 | INFO     | Screener   | [9/10] 关联元数据并排序...
2026-04-29 00:12:54.437 | INFO     | Screener   | 选股原始结果字段: ['code', 'date', 'close', 'name', 'sector', 'sector_score', 'concept_score', 'total_score']
2026-04-29 00:12:54.438 | INFO     | Screener   | [10/10] ✅ 扫描完成: 锁定 9 条信号
2026-04-29 00:12:54.447 | INFO     | AutoBuyer  | AutoBuyerDaemon | 收到 9 个信号, 但自动交易未开启, 已丢弃。
2026-04-29 00:35:55.613 | WARNING  | DuckDB     | DuckDB | 数据库占用中，准备重试... (1/5)
2026-04-29 00:35:56.207 | WARNING  | DuckDB     | DuckDB | 数据库占用中，准备重试... (2/5)
2026-04-29 00:35:56.794 | WARNING  | DuckDB     | DuckDB | 数据库占用中，准备重试... (3/5)
2026-04-29 00:35:57.401 | WARNING  | DuckDB     | DuckDB | 数据库占用中，准备重试... (4/5)
2026-04-29 00:35:57.996 | ERROR    | DuckDB     | DuckDB | 无法连接到数据库: IO Error: Cannot open file "E:\1target\p9_project\quant-platform\data\meta\meta.db": 另一个程序正在使用此文件，进程无法访问。

File is already open in 
C:\Python314\python.exe (PID 59828)
2026-04-29 00:35:57.997 | ERROR    | DuckDB     | DuckDB | 初始化表结构失败: IO Error: Cannot open file "E:\1target\p9_project\quant-platform\data\meta\meta.db": 另一个程序正在使用此文件，进程无法访问。

File is already open in 
C:\Python314\python.exe (PID 59828)
2026-04-29 01:42:27.968 | INFO     | StrategyFactory | 同步本地策略目录...
2026-04-29 01:42:32.942 | INFO     | StrategyFactory | 🧬 [探测器] 识别到类继承策略: ConsecutiveUpMacdUnderwaterStrategy
2026-04-29 01:42:33.020 | ERROR    | StrategyFactory | 测算引擎内源性崩溃: 'Column not found: diff'
Traceback (most recent call last):
  File "E:\1target\p9_project\quant-platform\app\strategy_factory\engine.py", line 127, in test_run
    result_df = inst.generate_signals(test_df)
  File "<string>", line 52, in generate_signals
  File "C:\Users\liuziheng\AppData\Roaming\Python\Python314\site-packages\pandas\core\groupby\generic.py", line 1951, in __getitem__
    return super().__getitem__(key)
           ~~~~~~~~~~~~~~~~~~~^^^^^
  File "C:\Users\liuziheng\AppData\Roaming\Python\Python314\site-packages\pandas\core\base.py", line 245, in __getitem__
    raise KeyError(f"Column not found: {key}")
KeyError: 'Column not found: diff'

2026-04-29 01:42:40.857 | INFO     | StrategyFactory | 🧬 [探测器] 识别到类继承策略: ConsecutiveUpMacdUnderwaterStrategy
2026-04-29 01:42:40.867 | ERROR    | StrategyFactory | 测算引擎内源性崩溃: 'Column not found: diff'
Traceback (most recent call last):
  File "E:\1target\p9_project\quant-platform\app\strategy_factory\engine.py", line 127, in test_run
    result_df = inst.generate_signals(test_df)
  File "<string>", line 52, in generate_signals
  File "C:\Users\liuziheng\AppData\Roaming\Python\Python314\site-packages\pandas\core\groupby\generic.py", line 1951, in __getitem__
    return super().__getitem__(key)
           ~~~~~~~~~~~~~~~~~~~^^^^^
  File "C:\Users\liuziheng\AppData\Roaming\Python\Python314\site-packages\pandas\core\base.py", line 245, in __getitem__
    raise KeyError(f"Column not found: {key}")
KeyError: 'Column not found: diff'

2026-04-29 01:43:16.691 | INFO     | DuckDB     | DuckDB | 所有核心表结构初始化完成 (含热点板块)
2026-04-29 01:43:16.691 | INFO     | DuckDB     | DuckDB 核心就绪: E:\1target\p9_project\quant-platform\data\meta\meta.db
2026-04-29 01:43:17.255 | INFO     | API-Server | P9 Quant Platform Background Tasks Startup...
2026-04-29 01:43:17.258 | INFO     | CronScheduler | CronScheduler | 每日数据收割机被安排在每个工作日的 08:30 执行。
2026-04-29 01:43:17.259 | INFO     | CronScheduler | CronScheduler | 每日数据收割机被安排在每个工作日的 17:30 执行。
2026-04-29 01:43:17.259 | INFO     | CronScheduler | CronScheduler | Redis→DuckDB 收割机已安排在每个工作日 15:30 执行。
2026-04-29 01:43:17.259 | INFO     | CronScheduler | CronScheduler | 概念数据同步已安排在每日 09:00 执行。
2026-04-29 01:43:17.260 | INFO     | CronScheduler | CronScheduler | 板块热度重算已安排在每个交易日 5 分钟/次。
2026-04-29 01:43:17.260 | INFO     | CronScheduler | CronScheduler | 收盘热度终版快照已安排在 15:30 执行。
2026-04-29 01:43:17.260 | INFO     | CronScheduler | CronScheduler | 自动调度服务(APScheduler) 已启动。
2026-04-29 01:43:22.276 | INFO     | ParquetPipeline | ParquetPipeline | Fetching daily k-lines from 20260419 to 20260429...
2026-04-29 01:43:22.659 | INFO     | ParquetPipeline | ParquetPipeline | Pulling market for 20260429...
2026-04-29 01:43:22.808 | INFO     | ParquetPipeline | ParquetPipeline | Pulling market for 20260428...
2026-04-29 01:43:23.600 | INFO     | ParquetPipeline | ParquetPipeline | Pulling market for 20260427...
2026-04-29 01:43:24.438 | INFO     | ParquetPipeline | ParquetPipeline | Pulling market for 20260424...
2026-04-29 01:43:25.214 | INFO     | ParquetPipeline | ParquetPipeline | Pulling market for 20260423...
2026-04-29 01:43:26.002 | INFO     | ParquetPipeline | ParquetPipeline | Pulling market for 20260422...
2026-04-29 01:43:26.778 | INFO     | ParquetPipeline | ParquetPipeline | Pulling market for 20260421...
2026-04-29 01:43:27.842 | INFO     | ParquetPipeline | ParquetPipeline | Pulling market for 20260420...
2026-04-29 01:43:29.087 | INFO     | ParquetPipeline | ParquetPipeline | Writing 5507 stocks to Parquet...
2026-04-29 01:43:48.574 | INFO     | API-Screener | 📡 [API] 收到选股请求: unknown
2026-04-29 01:43:48.575 | INFO     | API-Screener | 🚀 [Thread] 选股任务线程已启动: None
2026-04-29 01:43:48.576 | ERROR    | API-Screener | 扫描任务执行崩溃: 'strategy_name'
Traceback (most recent call last):
  File "E:\1target\p9_project\quant-platform\app\api\screener.py", line 48, in _do_scan
    strategy_name=req['strategy_name'],
                  ~~~^^^^^^^^^^^^^^^^^
KeyError: 'strategy_name'

2026-04-29 01:43:54.180 | INFO     | API-Screener | 📡 [API] 收到选股请求: 连涨四天+水下MACD金叉
2026-04-29 01:43:54.181 | INFO     | API-Screener | 🚀 [Thread] 选股任务线程已启动: 连涨四天+水下MACD金叉
2026-04-29 01:43:54.181 | INFO     | Screener   | 🔍 [Engine] run_scan 开始执行: 连涨四天+水下MACD金叉, 频率: daily
2026-04-29 01:43:54.183 | INFO     | Screener   | [1/10] 加载股票元数据...
2026-04-29 01:43:54.190 | INFO     | Screener   | [3/10] 启动并行引擎 (32 核心) 加载并扫描 5512 只股票...
2026-04-29 01:43:54.193 | WARNING  | Screener   | 策略签名嗅探异常 (降级为默认加载): 未找到策略配置: 连涨四天+水下MACD金叉 (请确认已在工厂中保存并处于有效状态)
2026-04-29 01:43:54.194 | INFO     | Screener   | ⏩ 当前策略 [连涨四天+水下MACD金叉] 无需全市场数据，启用极速扫描流...
2026-04-29 01:43:54.194 | INFO     | Screener   | [4.5/10] ⚡ QMT 极速行情引擎激活中：拉取当日最新真实验证切片(含夜盘离线快照)...
2026-04-29 01:43:55.435 | INFO     | Screener   | 成功获取 5202 只股票实时快照进行策略缝合
2026-04-29 01:43:55.436 | INFO     | Screener   | [5/37] 串行任务区块 1/32 计算中...
2026-04-29 01:43:56.075 | INFO     | Screener   | [6/37] 串行任务区块 2/32 计算中...
2026-04-29 01:43:56.704 | INFO     | Screener   | [7/37] 串行任务区块 3/32 计算中...
2026-04-29 01:43:57.310 | INFO     | Screener   | [8/37] 串行任务区块 4/32 计算中...
2026-04-29 01:43:57.963 | INFO     | Screener   | [9/37] 串行任务区块 5/32 计算中...
2026-04-29 01:43:58.604 | INFO     | Screener   | [10/37] 串行任务区块 6/32 计算中...
2026-04-29 01:43:59.245 | INFO     | Screener   | [11/37] 串行任务区块 7/32 计算中...
2026-04-29 01:43:59.914 | INFO     | Screener   | [12/37] 串行任务区块 8/32 计算中...
2026-04-29 01:44:00.633 | INFO     | Screener   | [13/37] 串行任务区块 9/32 计算中...
2026-04-29 01:44:01.236 | INFO     | Screener   | [14/37] 串行任务区块 10/32 计算中...
2026-04-29 01:44:01.871 | INFO     | Screener   | [15/37] 串行任务区块 11/32 计算中...
2026-04-29 01:44:02.579 | INFO     | Screener   | [16/37] 串行任务区块 12/32 计算中...
2026-04-29 01:44:03.176 | INFO     | Screener   | [17/37] 串行任务区块 13/32 计算中...
2026-04-29 01:44:03.816 | INFO     | Screener   | [18/37] 串行任务区块 14/32 计算中...
2026-04-29 01:44:04.365 | INFO     | Screener   | [19/37] 串行任务区块 15/32 计算中...
2026-04-29 01:44:05.033 | INFO     | Screener   | [20/37] 串行任务区块 16/32 计算中...
2026-04-29 01:44:05.650 | INFO     | Screener   | [21/37] 串行任务区块 17/32 计算中...
2026-04-29 01:44:06.305 | INFO     | Screener   | [22/37] 串行任务区块 18/32 计算中...
2026-04-29 01:44:06.846 | INFO     | Screener   | [23/37] 串行任务区块 19/32 计算中...
2026-04-29 01:44:07.394 | INFO     | Screener   | [24/37] 串行任务区块 20/32 计算中...
2026-04-29 01:44:07.938 | INFO     | Screener   | [25/37] 串行任务区块 21/32 计算中...
2026-04-29 01:44:08.591 | INFO     | Screener   | [26/37] 串行任务区块 22/32 计算中...
2026-04-29 01:44:09.188 | INFO     | Screener   | [27/37] 串行任务区块 23/32 计算中...
2026-04-29 01:44:09.835 | INFO     | Screener   | [28/37] 串行任务区块 24/32 计算中...
2026-04-29 01:44:10.468 | INFO     | Screener   | [29/37] 串行任务区块 25/32 计算中...
2026-04-29 01:44:11.136 | INFO     | Screener   | [30/37] 串行任务区块 26/32 计算中...
2026-04-29 01:44:11.773 | INFO     | Screener   | [31/37] 串行任务区块 27/32 计算中...
2026-04-29 01:44:12.433 | INFO     | Screener   | [32/37] 串行任务区块 28/32 计算中...
2026-04-29 01:44:12.955 | INFO     | Screener   | [33/37] 串行任务区块 29/32 计算中...
2026-04-29 01:44:13.621 | INFO     | Screener   | [34/37] 串行任务区块 30/32 计算中...
2026-04-29 01:44:14.242 | INFO     | Screener   | [35/37] 串行任务区块 31/32 计算中...
2026-04-29 01:44:14.893 | INFO     | Screener   | [36/37] 串行任务区块 32/32 计算中...
2026-04-29 01:44:15.529 | INFO     | Screener   | [9/10] 关联元数据并排序...
2026-04-29 01:44:15.581 | INFO     | Screener   | 选股原始结果字段: ['code', 'date', 'close', 'name', 'sector', 'sector_score', 'concept_score', 'total_score']
2026-04-29 01:44:15.581 | INFO     | Screener   | [10/10] ✅ 扫描完成: 锁定 36 条信号
2026-04-29 01:44:15.595 | INFO     | AutoBuyer  | AutoBuyerDaemon | 收到 36 个信号, 但自动交易未开启, 已丢弃。
2026-04-29 01:44:22.230 | INFO     | DuckDB     | DuckDB | 创建虚拟视图成功: kline_daily_view -> E:/1target/p9_project/quant-platform/data/parquet/daily/*.parquet
2026-04-29 01:44:22.230 | INFO     | ParquetPipeline | ParquetPipeline | Daily K-lines fully synced.
2026-04-29 01:44:29.810 | INFO     | StrategyFactory | 🧬 [探测器] 识别到类继承策略: ConsecutiveUpMacdUnderwaterStrategy
2026-04-29 01:44:29.815 | ERROR    | StrategyFactory | 测算引擎内源性崩溃: 'Column not found: diff'
Traceback (most recent call last):
  File "E:\1target\p9_project\quant-platform\app\strategy_factory\engine.py", line 127, in test_run
    result_df = inst.generate_signals(test_df)
  File "<string>", line 52, in generate_signals
  File "C:\Users\liuziheng\AppData\Roaming\Python\Python314\site-packages\pandas\core\groupby\generic.py", line 1951, in __getitem__
    return super().__getitem__(key)
           ~~~~~~~~~~~~~~~~~~~^^^^^
  File "C:\Users\liuziheng\AppData\Roaming\Python\Python314\site-packages\pandas\core\base.py", line 245, in __getitem__
    raise KeyError(f"Column not found: {key}")
KeyError: 'Column not found: diff'

2026-04-29 01:44:34.887 | INFO     | StrategyFactory | 🧬 [探测器] 识别到类继承策略: ConsecutiveUpMacdUnderwaterStrategy
2026-04-29 01:44:34.894 | ERROR    | StrategyFactory | 测算引擎内源性崩溃: 'Column not found: diff'
Traceback (most recent call last):
  File "E:\1target\p9_project\quant-platform\app\strategy_factory\engine.py", line 127, in test_run
    result_df = inst.generate_signals(test_df)
  File "<string>", line 52, in generate_signals
  File "C:\Users\liuziheng\AppData\Roaming\Python\Python314\site-packages\pandas\core\groupby\generic.py", line 1951, in __getitem__
    return super().__getitem__(key)
           ~~~~~~~~~~~~~~~~~~~^^^^^
  File "C:\Users\liuziheng\AppData\Roaming\Python\Python314\site-packages\pandas\core\base.py", line 245, in __getitem__
    raise KeyError(f"Column not found: {key}")
KeyError: 'Column not found: diff'

2026-04-29 01:44:42.542 | INFO     | StrategyFactory | 🧬 [探测器] 识别到类继承策略: ConsecutiveUpMacdUnderwaterStrategy
2026-04-29 01:44:47.840 | INFO     | API-Screener | 📡 [API] 收到选股请求: 连续上涨_macd水下金叉
2026-04-29 01:44:47.841 | INFO     | API-Screener | 🚀 [Thread] 选股任务线程已启动: 连续上涨_macd水下金叉
2026-04-29 01:44:47.841 | INFO     | Screener   | 🔍 [Engine] run_scan 开始执行: 连续上涨_macd水下金叉, 频率: daily
2026-04-29 01:44:47.842 | INFO     | Screener   | [1/10] 加载股票元数据...
2026-04-29 01:44:47.856 | INFO     | Screener   | [3/10] 启动并行引擎 (32 核心) 加载并扫描 5202 只股票...
2026-04-29 01:44:47.866 | INFO     | Screener   | 🧬 [Loader] 识别到类继承策略: ConsecutiveUpMacdUnderwaterStrategy
2026-04-29 01:44:47.866 | INFO     | Screener   | ⏩ 当前策略 [连续上涨_macd水下金叉] 无需全市场数据，启用极速扫描流...
2026-04-29 01:44:47.867 | INFO     | Screener   | [4.5/10] ⚡ QMT 极速行情引擎激活中：拉取当日最新真实验证切片(含夜盘离线快照)...
2026-04-29 01:44:49.232 | INFO     | Screener   | 成功获取 5202 只股票实时快照进行策略缝合
2026-04-29 01:44:49.232 | INFO     | Screener   | [5/37] 串行任务区块 1/32 计算中...
2026-04-29 01:44:50.018 | INFO     | Screener   | [6/37] 串行任务区块 2/32 计算中...
2026-04-29 01:44:50.817 | INFO     | Screener   | [7/37] 串行任务区块 3/32 计算中...
2026-04-29 01:44:51.652 | INFO     | Screener   | [8/37] 串行任务区块 4/32 计算中...
2026-04-29 01:44:52.440 | INFO     | Screener   | [9/37] 串行任务区块 5/32 计算中...
2026-04-29 01:44:53.286 | INFO     | Screener   | [10/37] 串行任务区块 6/32 计算中...
2026-04-29 01:44:54.064 | INFO     | Screener   | [11/37] 串行任务区块 7/32 计算中...
2026-04-29 01:44:54.857 | INFO     | Screener   | [12/37] 串行任务区块 8/32 计算中...
2026-04-29 01:44:55.672 | INFO     | Screener   | [13/37] 串行任务区块 9/32 计算中...
2026-04-29 01:44:56.431 | INFO     | Screener   | [14/37] 串行任务区块 10/32 计算中...
2026-04-29 01:44:57.239 | INFO     | Screener   | [15/37] 串行任务区块 11/32 计算中...
2026-04-29 01:44:57.994 | INFO     | Screener   | [16/37] 串行任务区块 12/32 计算中...
2026-04-29 01:44:58.703 | INFO     | Screener   | [17/37] 串行任务区块 13/32 计算中...
2026-04-29 01:44:59.461 | INFO     | Screener   | [18/37] 串行任务区块 14/32 计算中...
2026-04-29 01:45:00.229 | INFO     | Screener   | [19/37] 串行任务区块 15/32 计算中...
2026-04-29 01:45:00.922 | INFO     | Screener   | [20/37] 串行任务区块 16/32 计算中...
2026-04-29 01:45:01.668 | INFO     | Screener   | [21/37] 串行任务区块 17/32 计算中...
2026-04-29 01:45:02.408 | INFO     | Screener   | [22/37] 串行任务区块 18/32 计算中...
2026-04-29 01:45:03.170 | INFO     | Screener   | [23/37] 串行任务区块 19/32 计算中...
2026-04-29 01:45:03.952 | INFO     | Screener   | [24/37] 串行任务区块 20/32 计算中...
2026-04-29 01:45:04.674 | INFO     | Screener   | [25/37] 串行任务区块 21/32 计算中...
2026-04-29 01:45:05.552 | INFO     | Screener   | [26/37] 串行任务区块 22/32 计算中...
2026-04-29 01:45:06.321 | INFO     | Screener   | [27/37] 串行任务区块 23/32 计算中...
2026-04-29 01:45:07.068 | INFO     | Screener   | [28/37] 串行任务区块 24/32 计算中...
2026-04-29 01:45:07.843 | INFO     | Screener   | [29/37] 串行任务区块 25/32 计算中...
2026-04-29 01:45:08.628 | INFO     | Screener   | [30/37] 串行任务区块 26/32 计算中...
2026-04-29 01:45:09.368 | INFO     | Screener   | [31/37] 串行任务区块 27/32 计算中...
2026-04-29 01:45:10.245 | INFO     | Screener   | [32/37] 串行任务区块 28/32 计算中...
2026-04-29 01:45:10.968 | INFO     | Screener   | [33/37] 串行任务区块 29/32 计算中...
2026-04-29 01:45:11.690 | INFO     | Screener   | [34/37] 串行任务区块 30/32 计算中...
2026-04-29 01:45:12.426 | INFO     | Screener   | [35/37] 串行任务区块 31/32 计算中...
2026-04-29 01:45:13.139 | INFO     | Screener   | [36/37] 串行任务区块 32/32 计算中...
2026-04-29 01:45:13.815 | INFO     | Screener   | [9/10] 关联元数据并排序...
2026-04-29 01:45:14.087 | INFO     | Screener   | 选股原始结果字段: ['code', 'date', 'close', 'name', 'sector', 'sector_score', 'concept_score', 'total_score']
2026-04-29 01:45:14.088 | INFO     | Screener   | [10/10] ✅ 扫描完成: 锁定 228 条信号
2026-04-29 01:45:14.093 | INFO     | AutoBuyer  | AutoBuyerDaemon | 收到 228 个信号, 但自动交易未开启, 已丢弃。
2026-04-29 01:54:57.512 | INFO     | DuckDB     | DuckDB | 所有核心表结构初始化完成 (含热点板块)
2026-04-29 01:54:57.512 | INFO     | DuckDB     | DuckDB 核心就绪: E:\1target\p9_project\quant-platform\data\meta\meta.db
2026-04-29 01:54:58.049 | INFO     | API-Server | P9 Quant Platform Background Tasks Startup...
2026-04-29 01:54:58.052 | INFO     | CronScheduler | CronScheduler | 每日数据收割机被安排在每个工作日的 08:30 执行。
2026-04-29 01:54:58.052 | INFO     | CronScheduler | CronScheduler | 每日数据收割机被安排在每个工作日的 17:30 执行。
2026-04-29 01:54:58.053 | INFO     | CronScheduler | CronScheduler | Redis→DuckDB 收割机已安排在每个工作日 15:30 执行。
2026-04-29 01:54:58.053 | INFO     | CronScheduler | CronScheduler | 概念数据同步已安排在每日 09:00 执行。
2026-04-29 01:54:58.053 | INFO     | CronScheduler | CronScheduler | 板块热度重算已安排在每个交易日 5 分钟/次。
2026-04-29 01:54:58.053 | INFO     | CronScheduler | CronScheduler | 收盘热度终版快照已安排在 15:30 执行。
2026-04-29 01:54:58.053 | INFO     | CronScheduler | CronScheduler | 自动调度服务(APScheduler) 已启动。
2026-04-29 01:55:03.058 | INFO     | ParquetPipeline | ParquetPipeline | Fetching daily k-lines from 20260419 to 20260429...
2026-04-29 01:55:03.397 | INFO     | ParquetPipeline | ParquetPipeline | Pulling market for 20260429...
2026-04-29 01:55:03.549 | INFO     | ParquetPipeline | ParquetPipeline | Pulling market for 20260428...
2026-04-29 01:55:04.348 | INFO     | ParquetPipeline | ParquetPipeline | Pulling market for 20260427...
2026-04-29 01:55:05.221 | INFO     | ParquetPipeline | ParquetPipeline | Pulling market for 20260424...
2026-04-29 01:55:05.996 | INFO     | ParquetPipeline | ParquetPipeline | Pulling market for 20260423...
2026-04-29 01:55:06.727 | INFO     | ParquetPipeline | ParquetPipeline | Pulling market for 20260422...
2026-04-29 01:55:07.371 | INFO     | API-Screener | 📡 [API] 收到选股请求: 快MACD+KDJ双金叉
2026-04-29 01:55:07.372 | INFO     | API-Screener | 🚀 [Thread] 选股任务线程已启动: 快MACD+KDJ双金叉
2026-04-29 01:55:07.372 | INFO     | Screener   | 🔍 [Engine] run_scan 开始执行: 快MACD+KDJ双金叉, 频率: daily
2026-04-29 01:55:07.372 | INFO     | Screener   | [1/10] 加载股票元数据...
2026-04-29 01:55:07.377 | INFO     | Screener   | [3/10] 启动并行引擎 (32 核心) 加载并扫描 5512 只股票...
2026-04-29 01:55:07.380 | WARNING  | Screener   | 策略签名嗅探异常 (降级为默认加载): 未找到策略配置: 快MACD+KDJ双金叉 (请确认已在工厂中保存并处于有效状态)
2026-04-29 01:55:07.380 | INFO     | Screener   | ⏩ 当前策略 [快MACD+KDJ双金叉] 无需全市场数据，启用极速扫描流...
2026-04-29 01:55:07.381 | INFO     | Screener   | [4.5/10] ⚡ QMT 极速行情引擎激活中：拉取当日最新真实验证切片(含夜盘离线快照)...
2026-04-29 01:55:07.444 | INFO     | ParquetPipeline | ParquetPipeline | Pulling market for 20260421...
2026-04-29 01:55:08.737 | INFO     | ParquetPipeline | ParquetPipeline | Pulling market for 20260420...
2026-04-29 01:55:08.898 | INFO     | Screener   | 成功获取 5202 只股票实时快照进行策略缝合
2026-04-29 01:55:08.899 | INFO     | Screener   | [5/37] 串行任务区块 1/32 计算中...
2026-04-29 01:55:09.599 | INFO     | Screener   | [6/37] 串行任务区块 2/32 计算中...
2026-04-29 01:55:09.679 | INFO     | ParquetPipeline | ParquetPipeline | Writing 5507 stocks to Parquet...
2026-04-29 01:55:11.299 | INFO     | Screener   | [7/37] 串行任务区块 3/32 计算中...
2026-04-29 01:55:11.996 | INFO     | Screener   | [8/37] 串行任务区块 4/32 计算中...
2026-04-29 01:55:12.723 | INFO     | Screener   | [9/37] 串行任务区块 5/32 计算中...
2026-04-29 01:55:13.411 | INFO     | Screener   | [10/37] 串行任务区块 6/32 计算中...
2026-04-29 01:55:14.146 | INFO     | Screener   | [11/37] 串行任务区块 7/32 计算中...
2026-04-29 01:55:14.850 | INFO     | Screener   | [12/37] 串行任务区块 8/32 计算中...
2026-04-29 01:55:15.653 | INFO     | Screener   | [13/37] 串行任务区块 9/32 计算中...
2026-04-29 01:55:16.312 | INFO     | Screener   | [14/37] 串行任务区块 10/32 计算中...
2026-04-29 01:55:17.017 | INFO     | Screener   | [15/37] 串行任务区块 11/32 计算中...
2026-04-29 01:55:17.785 | INFO     | Screener   | [16/37] 串行任务区块 12/32 计算中...
2026-04-29 01:55:18.401 | INFO     | Screener   | [17/37] 串行任务区块 13/32 计算中...
2026-04-29 01:55:19.143 | INFO     | Screener   | [18/37] 串行任务区块 14/32 计算中...
2026-04-29 01:55:19.842 | INFO     | Screener   | [19/37] 串行任务区块 15/32 计算中...
2026-04-29 01:55:20.587 | INFO     | Screener   | [20/37] 串行任务区块 16/32 计算中...
2026-04-29 01:55:21.171 | INFO     | Screener   | [21/37] 串行任务区块 17/32 计算中...
2026-04-29 01:55:21.926 | INFO     | Screener   | [22/37] 串行任务区块 18/32 计算中...
2026-04-29 01:55:22.610 | INFO     | Screener   | [23/37] 串行任务区块 19/32 计算中...
2026-04-29 01:55:23.369 | INFO     | Screener   | [24/37] 串行任务区块 20/32 计算中...
2026-04-29 01:55:24.113 | INFO     | Screener   | [25/37] 串行任务区块 21/32 计算中...
2026-04-29 01:55:24.848 | INFO     | Screener   | [26/37] 串行任务区块 22/32 计算中...
2026-04-29 01:55:25.524 | INFO     | Screener   | [27/37] 串行任务区块 23/32 计算中...
2026-04-29 01:55:26.253 | INFO     | Screener   | [28/37] 串行任务区块 24/32 计算中...
2026-04-29 01:55:26.944 | INFO     | Screener   | [29/37] 串行任务区块 25/32 计算中...
2026-04-29 01:55:27.682 | INFO     | Screener   | [30/37] 串行任务区块 26/32 计算中...
2026-04-29 01:55:28.399 | INFO     | Screener   | [31/37] 串行任务区块 27/32 计算中...
2026-04-29 01:55:29.155 | INFO     | Screener   | [32/37] 串行任务区块 28/32 计算中...
2026-04-29 01:55:29.872 | INFO     | Screener   | [33/37] 串行任务区块 29/32 计算中...
2026-04-29 01:55:30.805 | INFO     | Screener   | [34/37] 串行任务区块 30/32 计算中...
2026-04-29 01:55:31.696 | INFO     | Screener   | [35/37] 串行任务区块 31/32 计算中...
2026-04-29 01:55:32.723 | INFO     | Screener   | [36/37] 串行任务区块 32/32 计算中...
2026-04-29 01:55:33.707 | INFO     | Screener   | [9/10] 关联元数据并排序...
2026-04-29 01:55:34.236 | INFO     | Screener   | 选股原始结果字段: ['code', 'date', 'close', 'name', 'sector', 'sector_score', 'concept_score', 'total_score']
2026-04-29 01:55:34.238 | INFO     | Screener   | [10/10] ✅ 扫描完成: 锁定 328 条信号
2026-04-29 01:55:34.252 | INFO     | AutoBuyer  | AutoBuyerDaemon | 收到 328 个信号, 但自动交易未开启, 已丢弃。
2026-04-29 01:56:01.424 | INFO     | API-Screener | 📡 [API] 收到选股请求: break20
2026-04-29 01:56:01.425 | INFO     | API-Screener | 🚀 [Thread] 选股任务线程已启动: break20
2026-04-29 01:56:01.426 | INFO     | Screener   | 🔍 [Engine] run_scan 开始执行: break20, 频率: daily
2026-04-29 01:56:01.426 | INFO     | Screener   | [1/10] 加载股票元数据...
2026-04-29 01:56:01.441 | INFO     | DuckDB     | get_stocks_filtered | 过滤结果: 1799 只 (index=['HS300', 'ZZ500', 'ZZ1000'], mv=[None,None]亿)
2026-04-29 01:56:01.443 | INFO     | Screener   | [3/10] 启动并行引擎 (32 核心) 加载并扫描 1799 只股票...
2026-04-29 01:56:01.455 | INFO     | Screener   | 📡 [Loader] 识别到桥接函数: break20.generate_signals()
2026-04-29 01:56:01.467 | INFO     | Screener   | 成功预加载大盘基准数据: 000905.SH (262 行)
2026-04-29 01:56:01.467 | INFO     | Screener   | [4/10] 正在进行全市场 RPS 动量预预算...
2026-04-29 01:56:24.699 | INFO     | DuckDB     | DuckDB | 创建虚拟视图成功: kline_daily_view -> E:/1target/p9_project/quant-platform/data/parquet/daily/*.parquet
2026-04-29 01:56:24.699 | INFO     | ParquetPipeline | ParquetPipeline | Daily K-lines fully synced.
2026-04-29 01:56:31.357 | INFO     | Screener   | 成功构建全市场对比池 (用于 RPS): 1367421 条记录
2026-04-29 01:56:31.358 | INFO     | Screener   | [4.5/10] ⚡ QMT 极速行情引擎激活中：拉取当日最新真实验证切片(含夜盘离线快照)...
2026-04-29 01:56:31.749 | INFO     | Screener   | 成功获取 1799 只股票实时快照进行策略缝合
2026-04-29 01:56:31.749 | INFO     | Screener   | [5/37] 串行任务区块 1/32 计算中...
2026-04-29 01:56:32.062 | INFO     | Screener   | [6/37] 串行任务区块 2/32 计算中...
2026-04-29 01:56:32.346 | INFO     | Screener   | [7/37] 串行任务区块 3/32 计算中...
2026-04-29 01:56:32.622 | INFO     | Screener   | [8/37] 串行任务区块 4/32 计算中...
2026-04-29 01:56:32.906 | INFO     | Screener   | [9/37] 串行任务区块 5/32 计算中...
2026-04-29 01:56:33.183 | INFO     | Screener   | [10/37] 串行任务区块 6/32 计算中...
2026-04-29 01:56:33.456 | INFO     | Screener   | [11/37] 串行任务区块 7/32 计算中...
2026-04-29 01:56:33.718 | INFO     | Screener   | [12/37] 串行任务区块 8/32 计算中...
2026-04-29 01:56:33.989 | INFO     | Screener   | [13/37] 串行任务区块 9/32 计算中...
2026-04-29 01:56:34.232 | INFO     | Screener   | [14/37] 串行任务区块 10/32 计算中...
2026-04-29 01:56:34.471 | INFO     | Screener   | [15/37] 串行任务区块 11/32 计算中...
2026-04-29 01:56:34.715 | INFO     | Screener   | [16/37] 串行任务区块 12/32 计算中...
2026-04-29 01:56:34.959 | INFO     | Screener   | [17/37] 串行任务区块 13/32 计算中...
2026-04-29 01:56:35.206 | INFO     | Screener   | [18/37] 串行任务区块 14/32 计算中...
2026-04-29 01:56:35.463 | INFO     | Screener   | [19/37] 串行任务区块 15/32 计算中...
2026-04-29 01:56:35.700 | INFO     | Screener   | [20/37] 串行任务区块 16/32 计算中...
2026-04-29 01:56:35.944 | INFO     | Screener   | [21/37] 串行任务区块 17/32 计算中...
2026-04-29 01:56:36.195 | INFO     | Screener   | [22/37] 串行任务区块 18/32 计算中...
2026-04-29 01:56:36.437 | INFO     | Screener   | [23/37] 串行任务区块 19/32 计算中...
2026-04-29 01:56:36.689 | INFO     | Screener   | [24/37] 串行任务区块 20/32 计算中...
2026-04-29 01:56:36.928 | INFO     | Screener   | [25/37] 串行任务区块 21/32 计算中...
2026-04-29 01:56:37.173 | INFO     | Screener   | [26/37] 串行任务区块 22/32 计算中...
2026-04-29 01:56:37.413 | INFO     | Screener   | [27/37] 串行任务区块 23/32 计算中...
2026-04-29 01:56:37.656 | INFO     | Screener   | [28/37] 串行任务区块 24/32 计算中...
2026-04-29 01:56:37.900 | INFO     | Screener   | [29/37] 串行任务区块 25/32 计算中...
2026-04-29 01:56:38.150 | INFO     | Screener   | [30/37] 串行任务区块 26/32 计算中...
2026-04-29 01:56:38.398 | INFO     | Screener   | [31/37] 串行任务区块 27/32 计算中...
2026-04-29 01:56:38.644 | INFO     | Screener   | [32/37] 串行任务区块 28/32 计算中...
2026-04-29 01:56:38.884 | INFO     | Screener   | [33/37] 串行任务区块 29/32 计算中...
2026-04-29 01:56:39.127 | INFO     | Screener   | [34/37] 串行任务区块 30/32 计算中...
2026-04-29 01:56:39.358 | INFO     | Screener   | [35/37] 串行任务区块 31/32 计算中...
2026-04-29 01:56:39.610 | INFO     | Screener   | [36/37] 串行任务区块 32/32 计算中...
2026-04-29 01:56:39.770 | INFO     | Screener   | [9/10] 关联元数据并排序...
2026-04-29 01:56:40.271 | INFO     | Screener   | 选股原始结果字段: ['date', 'time', 'open', 'high', 'low', 'close', 'volume', 'amount', 'settelementPrice', 'openInterest', 'preClose', 'suspendFlag', 'ts_code', 'trade_date', 'pre_close', 'change', 'pct_chg', 'vol', 'code', 'ma5', 'ma10', 'ma20', 'ma30', 'ma60', 'ma120', 'ma250', 'macd_dif', 'macd_dea', 'macd_hist', 'kdj_k', 'kdj_d', 'kdj_j', 'rsi_6', 'rsi_12', 'rsi_24', 'boll_upper', 'boll_mid', 'boll_lower', 'wr_14', 'filename_1', 'ma60_prev', 'res_20', 'avg_vol_20', 'vol_ratio', 'buy', 'buy_signal', 'sector_score', '__index_level_0__', 'name', 'sector', 'concept_score', 'total_score']
2026-04-29 01:56:40.272 | INFO     | Screener   | [10/10] ✅ 扫描完成: 锁定 355 条信号
2026-04-29 01:56:40.289 | INFO     | AutoBuyer  | AutoBuyerDaemon | 收到 355 个信号, 但自动交易未开启, 已丢弃。
2026-04-29 01:57:09.418 | INFO     | API-Screener | 📡 [API] 收到选股请求: 连续上涨_macd水下金叉
2026-04-29 01:57:09.418 | INFO     | API-Screener | 🚀 [Thread] 选股任务线程已启动: 连续上涨_macd水下金叉
2026-04-29 01:57:09.419 | INFO     | Screener   | 🔍 [Engine] run_scan 开始执行: 连续上涨_macd水下金叉, 频率: daily
2026-04-29 01:57:09.419 | INFO     | Screener   | [1/10] 加载股票元数据...
2026-04-29 01:57:09.439 | INFO     | DuckDB     | get_stocks_filtered | 过滤结果: 1799 只 (index=['HS300', 'ZZ500', 'ZZ1000'], mv=[None,None]亿)
2026-04-29 01:57:09.440 | INFO     | Screener   | [3/10] 启动并行引擎 (32 核心) 加载并扫描 1799 只股票...
2026-04-29 01:57:09.448 | INFO     | Screener   | 🧬 [Loader] 识别到类继承策略: ConsecutiveUpMacdUnderwaterStrategy
2026-04-29 01:57:09.449 | INFO     | Screener   | ⏩ 当前策略 [连续上涨_macd水下金叉] 无需全市场数据，启用极速扫描流...
2026-04-29 01:57:09.449 | INFO     | Screener   | [4.5/10] ⚡ QMT 极速行情引擎激活中：拉取当日最新真实验证切片(含夜盘离线快照)...
2026-04-29 01:57:09.841 | INFO     | Screener   | 成功获取 1799 只股票实时快照进行策略缝合
2026-04-29 01:57:09.841 | INFO     | Screener   | [5/37] 串行任务区块 1/32 计算中...
2026-04-29 01:57:10.077 | INFO     | Screener   | [6/37] 串行任务区块 2/32 计算中...
2026-04-29 01:57:10.303 | INFO     | Screener   | [7/37] 串行任务区块 3/32 计算中...
2026-04-29 01:57:10.531 | INFO     | Screener   | [8/37] 串行任务区块 4/32 计算中...
2026-04-29 01:57:10.786 | INFO     | Screener   | [9/37] 串行任务区块 5/32 计算中...
2026-04-29 01:57:11.035 | INFO     | Screener   | [10/37] 串行任务区块 6/32 计算中...
2026-04-29 01:57:11.283 | INFO     | Screener   | [11/37] 串行任务区块 7/32 计算中...
2026-04-29 01:57:11.535 | INFO     | Screener   | [12/37] 串行任务区块 8/32 计算中...
2026-04-29 01:57:11.795 | INFO     | Screener   | [13/37] 串行任务区块 9/32 计算中...
2026-04-29 01:57:12.115 | INFO     | Screener   | [14/37] 串行任务区块 10/32 计算中...
2026-04-29 01:57:12.399 | INFO     | Screener   | [15/37] 串行任务区块 11/32 计算中...
2026-04-29 01:57:12.647 | INFO     | Screener   | [16/37] 串行任务区块 12/32 计算中...
2026-04-29 01:57:12.897 | INFO     | Screener   | [17/37] 串行任务区块 13/32 计算中...
2026-04-29 01:57:13.148 | INFO     | Screener   | [18/37] 串行任务区块 14/32 计算中...
2026-04-29 01:57:13.404 | INFO     | Screener   | [19/37] 串行任务区块 15/32 计算中...
2026-04-29 01:57:13.638 | INFO     | Screener   | [20/37] 串行任务区块 16/32 计算中...
2026-04-29 01:57:13.882 | INFO     | Screener   | [21/37] 串行任务区块 17/32 计算中...
2026-04-29 01:57:14.119 | INFO     | Screener   | [22/37] 串行任务区块 18/32 计算中...
2026-04-29 01:57:14.348 | INFO     | Screener   | [23/37] 串行任务区块 19/32 计算中...
2026-04-29 01:57:14.577 | INFO     | Screener   | [24/37] 串行任务区块 20/32 计算中...
2026-04-29 01:57:14.803 | INFO     | Screener   | [25/37] 串行任务区块 21/32 计算中...
2026-04-29 01:57:15.020 | INFO     | Screener   | [26/37] 串行任务区块 22/32 计算中...
2026-04-29 01:57:15.239 | INFO     | Screener   | [27/37] 串行任务区块 23/32 计算中...
2026-04-29 01:57:15.463 | INFO     | Screener   | [28/37] 串行任务区块 24/32 计算中...
2026-04-29 01:57:15.683 | INFO     | Screener   | [29/37] 串行任务区块 25/32 计算中...
2026-04-29 01:57:15.902 | INFO     | Screener   | [30/37] 串行任务区块 26/32 计算中...
2026-04-29 01:57:16.190 | INFO     | Screener   | [31/37] 串行任务区块 27/32 计算中...
2026-04-29 01:57:16.431 | INFO     | Screener   | [32/37] 串行任务区块 28/32 计算中...
2026-04-29 01:57:16.657 | INFO     | Screener   | [33/37] 串行任务区块 29/32 计算中...
2026-04-29 01:57:16.894 | INFO     | Screener   | [34/37] 串行任务区块 30/32 计算中...
2026-04-29 01:57:17.110 | INFO     | Screener   | [35/37] 串行任务区块 31/32 计算中...
2026-04-29 01:57:17.333 | INFO     | Screener   | [36/37] 串行任务区块 32/32 计算中...
2026-04-29 01:57:17.476 | INFO     | Screener   | [9/10] 关联元数据并排序...
2026-04-29 01:57:17.602 | INFO     | Screener   | 选股原始结果字段: ['code', 'date', 'close', 'name', 'sector', 'sector_score', 'concept_score', 'total_score']
2026-04-29 01:57:17.602 | INFO     | Screener   | [10/10] ✅ 扫描完成: 锁定 90 条信号
2026-04-29 01:57:17.616 | INFO     | AutoBuyer  | AutoBuyerDaemon | 收到 90 个信号, 但自动交易未开启, 已丢弃。
2026-04-29 01:59:20.331 | INFO     | StrategyFactory | 同步本地策略目录...
2026-04-29 01:59:33.591 | INFO     | API-Screener | 📡 [API] 收到选股请求: 快MACD_KDJ双金叉
2026-04-29 01:59:33.592 | INFO     | API-Screener | 🚀 [Thread] 选股任务线程已启动: 快MACD_KDJ双金叉
2026-04-29 01:59:33.593 | INFO     | Screener   | 🔍 [Engine] run_scan 开始执行: 快MACD_KDJ双金叉, 频率: daily
2026-04-29 01:59:33.594 | INFO     | Screener   | [1/10] 加载股票元数据...
2026-04-29 01:59:33.620 | INFO     | DuckDB     | get_stocks_filtered | 过滤结果: 1799 只 (index=['HS300', 'ZZ500', 'ZZ1000'], mv=[None,None]亿)
2026-04-29 01:59:33.621 | INFO     | Screener   | [3/10] 启动并行引擎 (32 核心) 加载并扫描 1799 只股票...
2026-04-29 01:59:33.634 | INFO     | Screener   | 🧬 [Loader] 识别到类继承策略: SharpMACDKDJStrategy
2026-04-29 01:59:33.634 | INFO     | Screener   | ⏩ 当前策略 [快MACD_KDJ双金叉] 无需全市场数据，启用极速扫描流...
2026-04-29 01:59:33.634 | INFO     | Screener   | [4.5/10] ⚡ QMT 极速行情引擎激活中：拉取当日最新真实验证切片(含夜盘离线快照)...
2026-04-29 01:59:34.066 | INFO     | Screener   | 成功获取 1799 只股票实时快照进行策略缝合
2026-04-29 01:59:34.066 | INFO     | Screener   | [5/37] 串行任务区块 1/32 计算中...
2026-04-29 01:59:34.412 | INFO     | Screener   | [6/37] 串行任务区块 2/32 计算中...
2026-04-29 01:59:34.736 | INFO     | Screener   | [7/37] 串行任务区块 3/32 计算中...
2026-04-29 01:59:35.033 | INFO     | Screener   | [8/37] 串行任务区块 4/32 计算中...
2026-04-29 01:59:35.362 | INFO     | Screener   | [9/37] 串行任务区块 5/32 计算中...
2026-04-29 01:59:35.715 | INFO     | Screener   | [10/37] 串行任务区块 6/32 计算中...
2026-04-29 01:59:36.029 | INFO     | Screener   | [11/37] 串行任务区块 7/32 计算中...
2026-04-29 01:59:36.341 | INFO     | Screener   | [12/37] 串行任务区块 8/32 计算中...
2026-04-29 01:59:36.668 | INFO     | Screener   | [13/37] 串行任务区块 9/32 计算中...
2026-04-29 01:59:36.994 | INFO     | Screener   | [14/37] 串行任务区块 10/32 计算中...
2026-04-29 01:59:37.346 | INFO     | Screener   | [15/37] 串行任务区块 11/32 计算中...
2026-04-29 01:59:37.669 | INFO     | Screener   | [16/37] 串行任务区块 12/32 计算中...
2026-04-29 01:59:38.067 | INFO     | Screener   | [17/37] 串行任务区块 13/32 计算中...
2026-04-29 01:59:38.436 | INFO     | Screener   | [18/37] 串行任务区块 14/32 计算中...
2026-04-29 01:59:38.755 | INFO     | Screener   | [19/37] 串行任务区块 15/32 计算中...
2026-04-29 01:59:39.063 | INFO     | Screener   | [20/37] 串行任务区块 16/32 计算中...
2026-04-29 01:59:39.384 | INFO     | Screener   | [21/37] 串行任务区块 17/32 计算中...
2026-04-29 01:59:39.695 | INFO     | Screener   | [22/37] 串行任务区块 18/32 计算中...
2026-04-29 01:59:40.020 | INFO     | Screener   | [23/37] 串行任务区块 19/32 计算中...
2026-04-29 01:59:40.341 | INFO     | Screener   | [24/37] 串行任务区块 20/32 计算中...
2026-04-29 01:59:40.650 | INFO     | Screener   | [25/37] 串行任务区块 21/32 计算中...
2026-04-29 01:59:40.966 | INFO     | Screener   | [26/37] 串行任务区块 22/32 计算中...
2026-04-29 01:59:41.280 | INFO     | Screener   | [27/37] 串行任务区块 23/32 计算中...
2026-04-29 01:59:41.641 | INFO     | Screener   | [28/37] 串行任务区块 24/32 计算中...
2026-04-29 01:59:41.970 | INFO     | Screener   | [29/37] 串行任务区块 25/32 计算中...
2026-04-29 01:59:42.303 | INFO     | Screener   | [30/37] 串行任务区块 26/32 计算中...
2026-04-29 01:59:42.669 | INFO     | Screener   | [31/37] 串行任务区块 27/32 计算中...
2026-04-29 01:59:42.978 | INFO     | Screener   | [32/37] 串行任务区块 28/32 计算中...
2026-04-29 01:59:43.311 | INFO     | Screener   | [33/37] 串行任务区块 29/32 计算中...
2026-04-29 01:59:43.684 | INFO     | Screener   | [34/37] 串行任务区块 30/32 计算中...
2026-04-29 01:59:44.049 | INFO     | Screener   | [35/37] 串行任务区块 31/32 计算中...
2026-04-29 01:59:44.376 | INFO     | Screener   | [36/37] 串行任务区块 32/32 计算中...
2026-04-29 01:59:44.595 | INFO     | Screener   | [9/10] 关联元数据并排序...
2026-04-29 01:59:44.997 | INFO     | Screener   | 选股原始结果字段: ['code', 'date', 'close', 'name', 'sector', 'sector_score', 'concept_score', 'total_score']
2026-04-29 01:59:44.998 | INFO     | Screener   | [10/10] ✅ 扫描完成: 锁定 246 条信号
2026-04-29 01:59:45.012 | INFO     | AutoBuyer  | AutoBuyerDaemon | 收到 246 个信号, 但自动交易未开启, 已丢弃。
2026-04-29 02:00:18.842 | INFO     | DuckDB     | Watchlist | [+加入] 603707 (健友股份) [来源: screener]
2026-04-29 02:00:19.812 | INFO     | DuckDB     | Watchlist | [+加入] 002318 (久立特材) [来源: screener]
2026-04-29 02:00:20.645 | INFO     | DuckDB     | Watchlist | [+加入] 600999 (招商证券) [来源: screener]
2026-04-29 02:01:52.927 | INFO     | LLMAdvisor | LLMAdvisor | 已连接 DeepSeek (deepseek-v4-pro)
2026-04-29 02:01:52.927 | INFO     | AIOptimizer | 🔄 [Phase 1] 加载日线数据 + 生成策略信号（此步骤只需执行一次）...
2026-04-29 02:01:52.945 | INFO     | DuckDB     | get_stocks_filtered | 过滤结果: 1799 只 (index=['HS300', 'ZZ500', 'ZZ1000'], mv=[None,None]亿)
2026-04-29 02:02:04.063 | INFO     | AIOptimizer |   读取 Parquet 完成：1799 只股票 / 0 只缺失 / 572,079 条记录
2026-04-29 02:02:04.354 | INFO     | Screener   | 🧬 [Loader] 识别到类继承策略: SharpMACDKDJStrategy
2026-04-29 02:02:06.366 | INFO     | AIOptimizer | ⏳ [Phase 1.5] 正在预加载 1357 只信号股票的 5 分钟线（以加速后期搜索）...
2026-04-29 02:02:11.851 | INFO     | AIOptimizer | ✅ [Phase 1] 完成：1799 日线/ 1357 分钟线/ 5219 信号已缓存
2026-04-29 02:02:12.000 | INFO     | AIOptimizer | 🌐 计算历史市场状态标签 (Regime)...
2026-04-29 02:02:12.018 | INFO     | RegimeDetector | Regime | 使用 沪深300（368 条，中位值 4104 点）
2026-04-29 02:02:12.027 | INFO     | RegimeDetector | Regime | 生成完毕 260 条标签 | 分布: {'熊市-高波': 20, '牛市-低波': 184, '熊市-低波': 56}
2026-04-29 02:02:12.027 | INFO     | AIOptimizer | 🤖 [Phase 2] LLM 冷启动：读策略代码设计搜索空间...
2026-04-29 02:02:12.029 | INFO     | LLMAdvisor | LLMAdvisor | Call① 开始：冷启动搜索空间设计...
2026-04-29 02:02:38.473 | INFO     | LLMAdvisor | LLMAdvisor | Call① 完成 (26.4s)
2026-04-29 02:02:38.474 | INFO     | LLMAdvisor | LLMAdvisor | Call① 成功：11 个参数范围已设计
2026-04-29 02:02:38.474 | INFO     | AIOptimizer | ✅ [Phase 2] 搜索空间已确定（11 个参数）
2026-04-29 02:02:38.474 | INFO     | AIOptimizer | 🔍 [Phase 3] 探索期：20 组拉丁超立方采样...
2026-04-29 02:06:42.015 | INFO     | AIOptimizer |   探索 01/20 | score=0.012 | 平盈率=+0.83% | 胜率=63.6%
2026-04-29 02:10:17.765 | INFO     | AIOptimizer |   探索 02/20 | score=0.006 | 平盈率=+0.49% | 胜率=61.1%
2026-04-29 02:14:39.185 | INFO     | AIOptimizer |   探索 03/20 | score=0.011 | 平盈率=+0.76% | 胜率=70.1%
2026-04-29 02:18:37.870 | INFO     | AIOptimizer |   探索 04/20 | score=0.012 | 平盈率=+0.77% | 胜率=66.1%
2026-04-29 02:21:15.805 | INFO     | AIOptimizer |   探索 05/20 | score=0.003 | 平盈率=+0.23% | 胜率=52.3%
2026-04-29 02:24:16.993 | INFO     | AIOptimizer | AIOptimizer | 收到停止指令
2026-04-29 02:24:17.069 | INFO     | AIOptimizer |   探索 06/20 | score=0.012 | 平盈率=+0.87% | 胜率=57.7%
2026-04-29 02:24:17.088 | INFO     | API-Backtest | AI 回测历史已保存 (id=2)
2026-04-29 02:24:45.236 | INFO     | API-Backtest | AI 最优参数已应用: ['hard_stop_loss_pct=-8.523264133668249', 'breakeven_threshold_pct=7.88447105759093', 'breakeven_stop_pnl_pct=-0.6209191513994576', 'trailing_activate_pct=19.702154550217003', 'trailing_drawdown_pct=4.501995043087107', 'time_exit_days=9', 'time_exit_min_profit_pct=-0.5979749173752551', 'tp_plan=[10.277725502295132%/17.701750234674694%]']
2026-04-29 03:01:16.097 | INFO     | CronScheduler | CronScheduler ========= [全自动日线/面料收取管道] 起步 =========
2026-04-29 03:01:16.161 | INFO     | QMT-StockSync | QMT 返回 5202 只股票代码
2026-04-29 03:01:16.174 | WARNING  | QMT-StockSync | 检测到 310 只退市/摘牌股票，正在标记...
2026-04-29 03:01:16.184 | INFO     | DuckDB     | 标记退市: ['920665', '920128', '920866', '920187', '920896', '920873', '920168', '920533', '920808', '920056', '920037', '920008', '920553', '920166', '920278', '920418', '920455', '920017', '920027', '920021', '920069', '920510', '920023', '920768', '920405', '920204', '920208', '920026', '920575', '920640', '920300', '920735', '920425', '920571', '920110', '920690', '920541', '920221', '920885', '920821', '920066', '920790', '920985', '920086', '920271', '920953', '920576', '920045', '920433', '920943', '920160', '920454', '920242', '920266', '920284', '920489', '920123', '920130', '920699', '920033', '920717', '920370', '920832', '920098', '920184', '920035', '920670', '920260', '920245', '920346', '920522', '920100', '920496', '920892', '920976', '920304', '920751', '920015', '920685', '920608', '920016', '920834', '920806', '920415', '920663', '920493', '920570', '920252', '920809', '920641', '920689', '920239', '920091', '920169', '920981', '920003', '920099', '920871', '920770', '920046', '920125', '920876', '920275', '920419', '920299', '920523', '920726', '920753', '920914', '920185', '920476', '920022', '920509', '920050', '920012', '920145', '920837', '920090', '920566', '920191', '920077', '920188', '920395', '920982', '920225', '920706', '920374', '920263', '920856', '920375', '920932', '920701', '920675', '920078', '920082', '920682', '920833', '920230', '920656', '920062', '920508', '920124', '920183', '920427', '920718', '920792', '920207', '920857', '920122', '920198', '920305', '920564', '920719', '920729', '920547', '920175', '920396', '920036', '920057', '920802', '920344', '920076', '920924', '920119', '920694', '920942', '920895', '920748', '920001', '920371', '920247', '920139', '920556', '920028', '920274', '920227', '920478', '920810', '920627', '920429', '920504', '920118', '920403', '920378', '920005', '920475', '920703', '920029', '920961', '920957', '920519', '920964', '920946', '920007', '920992', '920132', '920010', '920592', '920931', '920058', '920047', '920212', '920971', '920030', '920407', '920080', '920357', '920116', '920651', '920195', '920639', '920068', '920060', '920634', '920101', '920261', '920402', '920720', '920367', '920167', '920819', '920526', '920438', '920020', '920445', '920106', '920019', '920950', '920262', '920527', '920267', '920171', '920826', '920158', '920765', '920121', '920351', '920270', '920018', '920011', '920579', '920156', '920163', '920180', '920111', '920469', '920662', '920414', '920779', '920580', '920879', '920152', '920363', '920925', '920599', '920075', '920000', '920088', '920970', '920725', '920578', '920781', '920368', '920179', '920055', '920807', '920223', '920855', '920799', '920014', '920174', '920339', '920679', '920061', '920177', '920092', '920199', '920039', '920394', '920422', '920108', '920087', '920002', '920237', '920593', '920181', '920009', '920146', '920906', '920249', '920642', '920149', '920006', '920926', '920392', '920491', '920505', '920089', '920978', '920974', '920786', '920870', '920839', '920273', '920159', '920471', '920190', '920693', '920436', '920112']
2026-04-29 03:01:16.185 | INFO     | QMT-StockSync | 股票同步完成: QMT 5202 只, DB活跃 5512 只, 新增 0, 退市 310
2026-04-29 03:01:16.187 | INFO     | CronScheduler | 股票列表同步: 新增 0, 退市 310
2026-04-29 03:01:16.187 | INFO     | TushareSync | Fetching stock basics from Tushare...
2026-04-29 03:01:16.852 | INFO     | DuckDB     | 更新股票元数据: 5510 条
2026-04-29 03:01:16.852 | INFO     | TushareSync | Successfully synced 5510 stock basics.
2026-04-29 03:01:16.855 | INFO     | TushareSync | Fetching daily basics snapshot from Tushare (Date: Latest)...
2026-04-29 03:01:17.134 | WARNING  | TushareSync | No daily basic data found.
2026-04-29 03:01:17.135 | INFO     | ParquetPipeline | ParquetPipeline | Fetching daily k-lines from 20260422 to 20260429...
2026-04-29 03:01:17.321 | INFO     | ParquetPipeline | ParquetPipeline | Pulling market for 20260429...
2026-04-29 03:01:17.492 | INFO     | ParquetPipeline | ParquetPipeline | Pulling market for 20260428...
2026-04-29 03:01:18.241 | INFO     | ParquetPipeline | ParquetPipeline | Pulling market for 20260427...
2026-04-29 03:01:19.016 | INFO     | ParquetPipeline | ParquetPipeline | Pulling market for 20260424...
2026-04-29 03:01:19.843 | INFO     | ParquetPipeline | ParquetPipeline | Pulling market for 20260423...
2026-04-29 03:01:20.595 | INFO     | ParquetPipeline | ParquetPipeline | Pulling market for 20260422...
2026-04-29 03:01:21.454 | INFO     | ParquetPipeline | ParquetPipeline | Writing 5506 stocks to Parquet...
2026-04-29 03:02:39.118 | INFO     | API-DataSync | [Async] [QMT] Start Sync (Freq: 5m, Range: 20250106)
2026-04-29 03:03:04.876 | INFO     | DuckDB     | DuckDB | 创建虚拟视图成功: kline_daily_view -> E:/1target/p9_project/quant-platform/data/parquet/daily/*.parquet
2026-04-29 03:03:04.877 | INFO     | ParquetPipeline | ParquetPipeline | Daily K-lines fully synced.
2026-04-29 03:03:04.956 | INFO     | CronScheduler | CronScheduler ========= [收取管道] 完美结束 =========
2026-04-29 03:36:48.635 | SUCCESS  | API-DataSync | [Sync] 外部任务反馈同步完成: [Worker] 🎉 专线同步引擎 (5m) 全面告捷！物理存储已同步就绪。
2026-04-29 08:12:24.016 | INFO     | LLMAdvisor | LLMAdvisor | 已连接 DeepSeek (deepseek-v4-pro)
2026-04-29 08:12:24.059 | INFO     | AIOptimizer | 🔄 [Phase 1] 加载日线数据 + 生成策略信号（此步骤只需执行一次）...
2026-04-29 08:12:24.073 | INFO     | DuckDB     | get_stocks_filtered | 过滤结果: 1799 只 (index=['HS300', 'ZZ500', 'ZZ1000'], mv=[None,None]亿)
2026-04-29 08:12:31.207 | INFO     | AIOptimizer |   读取 Parquet 完成：1799 只股票 / 0 只缺失 / 572,079 条记录
2026-04-29 08:12:31.460 | INFO     | Screener   | 🧬 [Loader] 识别到类继承策略: SharpMACDKDJStrategy
2026-04-29 08:12:33.063 | INFO     | AIOptimizer | ⏳ [Phase 1.5] 正在预加载 930 只信号股票的 5 分钟线（以加速后期搜索）...
2026-04-29 08:12:45.899 | INFO     | AIOptimizer | ✅ [Phase 1] 完成：1799 日线/ 930 分钟线/ 1476 信号已缓存
2026-04-29 08:12:46.043 | INFO     | AIOptimizer | 🌐 计算历史市场状态标签 (Regime)...
2026-04-29 08:12:46.048 | INFO     | RegimeDetector | Regime | 使用 沪深300（184 条，中位值 4598 点）
2026-04-29 08:12:46.052 | INFO     | RegimeDetector | Regime | 生成完毕 76 条标签 | 分布: {'牛市-低波': 49, '熊市-低波': 27}
2026-04-29 08:12:46.052 | INFO     | AIOptimizer | 🤖 [Phase 2] LLM 冷启动：读策略代码设计搜索空间...
2026-04-29 08:12:46.053 | INFO     | LLMAdvisor | LLMAdvisor | Call① 开始：冷启动搜索空间设计...
2026-04-29 08:13:15.528 | INFO     | LLMAdvisor | LLMAdvisor | Call① 完成 (29.5s)
2026-04-29 08:13:15.529 | INFO     | LLMAdvisor | LLMAdvisor | Call① 成功：11 个参数范围已设计
2026-04-29 08:13:15.529 | INFO     | AIOptimizer | ✅ [Phase 2] 搜索空间已确定（11 个参数）
2026-04-29 08:13:15.529 | INFO     | AIOptimizer | 🔍 [Phase 3] 探索期：8 组拉丁超立方采样...
2026-04-29 08:13:48.694 | WARNING  | DataManager | HTTP 指数获取失败: HTTPConnectionPool(host='qt.gtimg.cn', port=80): Read timed out. (read timeout=1.5)
2026-04-29 08:13:56.620 | INFO     | AIOptimizer |   探索 01/8 | score=-0.004 | 平盈率=-0.41% | 胜率=43.2%
2026-04-29 08:14:28.656 | INFO     | AIOptimizer |   探索 02/8 | score=-0.005 | 平盈率=-0.46% | 胜率=47.9%
2026-04-29 08:15:11.241 | INFO     | AIOptimizer |   探索 03/8 | score=-0.005 | 平盈率=-0.56% | 胜率=44.3%
2026-04-29 08:15:52.765 | INFO     | AIOptimizer |   探索 04/8 | score=-0.007 | 平盈率=-0.71% | 胜率=57.0%
2026-04-29 08:16:33.256 | INFO     | AIOptimizer |   探索 05/8 | score=-0.004 | 平盈率=-0.42% | 胜率=37.0%
2026-04-29 08:17:20.018 | INFO     | AIOptimizer |   探索 06/8 | score=-0.005 | 平盈率=-0.50% | 胜率=46.6%
2026-04-29 08:18:00.609 | INFO     | AIOptimizer |   探索 07/8 | score=-0.005 | 平盈率=-0.52% | 胜率=57.0%
2026-04-29 08:18:51.227 | INFO     | AIOptimizer |   探索 08/8 | score=-0.008 | 平盈率=-0.79% | 胜率=54.7%
2026-04-29 08:24:15.942 | INFO     | AIOptimizer | 📊 市场状态分析：{'牛市-低波': {'count': 7600, 'avg_pnl': -0.407, 'win_rate': 50.7, 'max_pnl': 22.227, 'min_pnl': -7.766}, '熊市-低波': {'count': 4016, 'avg_pnl': -0.832, 'win_rate': 45.4, 'max_pnl': 21.606, 'min_pnl': -7.766}, '未知': {'count': 192, 'avg_pnl': -0.075, 'win_rate': 20.8, 'max_pnl': 0.941, 'min_pnl': -1.684}}
2026-04-29 08:24:15.943 | INFO     | AIOptimizer | 🤖 [Phase 4] LLM 分析探索结果，收窄搜索空间...
2026-04-29 08:24:15.943 | INFO     | LLMAdvisor | LLMAdvisor | Call② 开始：探索结果分析...
2026-04-29 08:25:12.326 | INFO     | LLMAdvisor | LLMAdvisor | Call② 完成 (56.4s)
2026-04-29 08:25:12.326 | INFO     | AIOptimizer | ✅ [Phase 4] 精化完成
2026-04-29 08:25:12.646 | INFO     | AIOptimizer | 🤖 [Phase 5] 贝叶斯精化：50 次 Optuna 探索...
2026-04-29 08:25:53.437 | INFO     | AIOptimizer |   Optuna 01/50 | 当前最优平盈率: -0.49%
2026-04-29 08:30:00.040 | INFO     | CronScheduler | CronScheduler ========= [全自动日线/面料收取管道] 起步 =========
2026-04-29 08:30:00.182 | INFO     | QMT-StockSync | QMT 返回 5202 只股票代码
2026-04-29 08:30:00.277 | WARNING  | QMT-StockSync | 检测到 310 只退市/摘牌股票，正在标记...
2026-04-29 08:30:00.321 | INFO     | DuckDB     | 标记退市: ['920665', '920128', '920866', '920187', '920896', '920873', '920168', '920533', '920808', '920056', '920037', '920008', '920553', '920166', '920278', '920418', '920455', '920017', '920027', '920021', '920069', '920510', '920023', '920768', '920405', '920204', '920208', '920026', '920575', '920640', '920300', '920735', '920425', '920571', '920110', '920690', '920541', '920221', '920885', '920821', '920066', '920790', '920985', '920086', '920271', '920953', '920576', '920045', '920433', '920943', '920160', '920454', '920242', '920266', '920284', '920489', '920123', '920130', '920699', '920033', '920717', '920370', '920832', '920098', '920184', '920035', '920670', '920260', '920245', '920346', '920522', '920100', '920496', '920892', '920976', '920304', '920751', '920015', '920685', '920608', '920016', '920834', '920806', '920415', '920663', '920493', '920570', '920252', '920809', '920641', '920689', '920239', '920091', '920169', '920981', '920003', '920099', '920871', '920770', '920046', '920125', '920876', '920275', '920419', '920299', '920523', '920726', '920753', '920914', '920185', '920476', '920022', '920509', '920050', '920012', '920145', '920837', '920090', '920566', '920191', '920077', '920188', '920395', '920982', '920225', '920706', '920374', '920263', '920856', '920375', '920932', '920701', '920675', '920078', '920082', '920682', '920833', '920230', '920656', '920062', '920508', '920124', '920183', '920427', '920718', '920792', '920207', '920857', '920122', '920198', '920305', '920564', '920719', '920729', '920547', '920175', '920396', '920036', '920057', '920802', '920344', '920076', '920924', '920119', '920694', '920942', '920895', '920748', '920001', '920371', '920247', '920139', '920556', '920028', '920274', '920227', '920478', '920810', '920627', '920429', '920504', '920118', '920403', '920378', '920005', '920475', '920703', '920029', '920961', '920957', '920519', '920964', '920946', '920007', '920992', '920132', '920010', '920592', '920931', '920058', '920047', '920212', '920971', '920030', '920407', '920080', '920357', '920116', '920651', '920195', '920639', '920068', '920060', '920634', '920101', '920261', '920402', '920720', '920367', '920167', '920819', '920526', '920438', '920020', '920445', '920106', '920019', '920950', '920262', '920527', '920267', '920171', '920826', '920158', '920765', '920121', '920351', '920270', '920018', '920011', '920579', '920156', '920163', '920180', '920111', '920469', '920662', '920414', '920779', '920580', '920879', '920152', '920363', '920925', '920599', '920075', '920000', '920088', '920970', '920725', '920578', '920781', '920368', '920179', '920055', '920807', '920223', '920855', '920799', '920014', '920174', '920339', '920679', '920061', '920177', '920092', '920199', '920039', '920394', '920422', '920108', '920087', '920002', '920237', '920593', '920181', '920009', '920146', '920906', '920249', '920642', '920149', '920006', '920926', '920392', '920491', '920505', '920089', '920978', '920974', '920786', '920870', '920839', '920273', '920159', '920471', '920190', '920693', '920436', '920112']
2026-04-29 08:30:00.330 | INFO     | QMT-StockSync | 股票同步完成: QMT 5202 只, DB活跃 5512 只, 新增 0, 退市 310
2026-04-29 08:30:00.334 | INFO     | CronScheduler | 股票列表同步: 新增 0, 退市 310
2026-04-29 08:30:00.335 | INFO     | TushareSync | Fetching stock basics from Tushare...
2026-04-29 08:30:00.888 | INFO     | DuckDB     | 更新股票元数据: 5510 条
2026-04-29 08:30:00.893 | INFO     | TushareSync | Successfully synced 5510 stock basics.
2026-04-29 08:30:00.896 | INFO     | TushareSync | Fetching daily basics snapshot from Tushare (Date: Latest)...
2026-04-29 08:30:01.240 | WARNING  | TushareSync | No daily basic data found.
2026-04-29 08:30:01.246 | INFO     | ParquetPipeline | ParquetPipeline | Fetching daily k-lines from 20260422 to 20260429...
2026-04-29 08:30:01.472 | INFO     | ParquetPipeline | ParquetPipeline | Pulling market for 20260429...
2026-04-29 08:30:01.608 | INFO     | ParquetPipeline | ParquetPipeline | Pulling market for 20260428...
2026-04-29 08:30:03.981 | INFO     | ParquetPipeline | ParquetPipeline | Pulling market for 20260427...
2026-04-29 08:30:04.838 | INFO     | ParquetPipeline | ParquetPipeline | Pulling market for 20260424...
2026-04-29 08:30:05.698 | INFO     | ParquetPipeline | ParquetPipeline | Pulling market for 20260423...
2026-04-29 08:30:06.568 | INFO     | ParquetPipeline | ParquetPipeline | Pulling market for 20260422...
2026-04-29 08:30:08.408 | INFO     | ParquetPipeline | ParquetPipeline | Writing 5506 stocks to Parquet...
2026-04-29 08:32:05.522 | INFO     | AIOptimizer |   Optuna 10/50 | 当前最优平盈率: -0.44%
2026-04-29 08:38:19.490 | INFO     | AIOptimizer |   Optuna 20/50 | 当前最优平盈率: -0.35%
2026-04-29 08:40:14.548 | INFO     | DuckDB     | DuckDB | 创建虚拟视图成功: kline_daily_view -> E:/1target/p9_project/quant-platform/data/parquet/daily/*.parquet
2026-04-29 08:40:14.550 | INFO     | ParquetPipeline | ParquetPipeline | Daily K-lines fully synced.
2026-04-29 08:40:14.650 | INFO     | CronScheduler | CronScheduler ========= [收取管道] 完美结束 =========
2026-04-29 08:44:06.517 | INFO     | AIOptimizer |   Optuna 30/50 | 当前最优平盈率: -0.35%
2026-04-29 08:45:36.960 | INFO     | AIOptimizer | AIOptimizer | 收到停止指令
2026-04-29 08:45:36.976 | INFO     | API-Backtest | AI 回测历史已保存 (id=3)
2026-04-29 08:45:47.527 | INFO     | LLMAdvisor | LLMAdvisor | 已连接 DeepSeek (deepseek-v4-pro)
2026-04-29 08:45:47.528 | INFO     | AIOptimizer | 🔄 [Phase 1] 加载日线数据 + 生成策略信号（此步骤只需执行一次）...
2026-04-29 08:45:47.543 | INFO     | DuckDB     | get_stocks_filtered | 过滤结果: 1799 只 (index=['HS300', 'ZZ500', 'ZZ1000'], mv=[None,None]亿)
2026-04-29 08:45:54.265 | INFO     | AIOptimizer |   读取 Parquet 完成：1799 只股票 / 0 只缺失 / 572,079 条记录
2026-04-29 08:45:54.514 | INFO     | Screener   | 🧬 [Loader] 识别到类继承策略: BreakoutCombinedV2
2026-04-29 08:45:54.578 | INFO     | AIOptimizer | ⚠️ 策略在整个历史期间未产生任何信号
2026-04-29 08:45:54.686 | INFO     | API-Backtest | AI 回测历史已保存 (id=4)
2026-04-29 08:48:14.288 | INFO     | LLMAdvisor | LLMAdvisor | 已连接 DeepSeek (deepseek-v4-pro)
2026-04-29 08:48:14.302 | INFO     | AIOptimizer | 🔄 [Phase 1] 加载日线数据 + 生成策略信号（此步骤只需执行一次）...
2026-04-29 08:48:14.317 | INFO     | DuckDB     | get_stocks_filtered | 过滤结果: 1799 只 (index=['HS300', 'ZZ500', 'ZZ1000'], mv=[None,None]亿)
2026-04-29 08:48:20.621 | INFO     | AIOptimizer |   读取 Parquet 完成：1799 只股票 / 0 只缺失 / 572,079 条记录
2026-04-29 08:48:20.862 | INFO     | Screener   | 🧬 [Loader] 识别到类继承策略: BreakoutCombinedV2
2026-04-29 08:48:20.923 | INFO     | AIOptimizer | ⚠️ 策略在整个历史期间未产生任何信号
2026-04-29 08:48:21.030 | INFO     | API-Backtest | AI 回测历史已保存 (id=5)
2026-04-29 08:48:30.472 | INFO     | LLMAdvisor | LLMAdvisor | 已连接 DeepSeek (deepseek-v4-pro)
2026-04-29 08:48:30.483 | INFO     | AIOptimizer | 🔄 [Phase 1] 加载日线数据 + 生成策略信号（此步骤只需执行一次）...
2026-04-29 08:48:30.497 | INFO     | DuckDB     | get_stocks_filtered | 过滤结果: 1799 只 (index=['HS300', 'ZZ500', 'ZZ1000'], mv=[None,None]亿)
2026-04-29 08:48:36.935 | INFO     | AIOptimizer |   读取 Parquet 完成：1799 只股票 / 0 只缺失 / 572,079 条记录
2026-04-29 08:48:37.176 | INFO     | Screener   | 📡 [Loader] 识别到桥接函数: break20.generate_signals()
2026-04-29 08:48:38.051 | INFO     | AIOptimizer | ⏳ [Phase 1.5] 正在预加载 1458 只信号股票的 5 分钟线（以加速后期搜索）...
2026-04-29 08:48:49.303 | INFO     | AIOptimizer | ✅ [Phase 1] 完成：1799 日线/ 1458 分钟线/ 3887 信号已缓存
2026-04-29 08:48:49.398 | INFO     | AIOptimizer | 🌐 计算历史市场状态标签 (Regime)...
2026-04-29 08:48:49.404 | INFO     | RegimeDetector | Regime | 使用 沪深300（184 条，中位值 4598 点）
2026-04-29 08:48:49.407 | INFO     | RegimeDetector | Regime | 生成完毕 76 条标签 | 分布: {'牛市-低波': 49, '熊市-低波': 27}
2026-04-29 08:48:49.408 | INFO     | AIOptimizer | 🤖 [Phase 2] LLM 冷启动：读策略代码设计搜索空间...
2026-04-29 08:48:49.408 | INFO     | LLMAdvisor | LLMAdvisor | Call① 开始：冷启动搜索空间设计...
2026-04-29 08:50:16.358 | INFO     | LLMAdvisor | LLMAdvisor | Call① 完成 (86.9s)
2026-04-29 08:50:16.358 | INFO     | LLMAdvisor | LLMAdvisor | Call① 成功：11 个参数范围已设计
2026-04-29 08:50:16.358 | INFO     | AIOptimizer | ✅ [Phase 2] 搜索空间已确定（11 个参数）
2026-04-29 08:50:16.358 | INFO     | AIOptimizer | 🔍 [Phase 3] 探索期：8 组拉丁超立方采样...
2026-04-29 08:51:35.072 | INFO     | AIOptimizer |   探索 01/8 | score=0.003 | 平盈率=+0.26% | 胜率=53.2%
2026-04-29 08:52:49.282 | INFO     | AIOptimizer |   探索 02/8 | score=0.001 | 平盈率=+0.14% | 胜率=43.9%
2026-04-29 08:54:17.217 | INFO     | AIOptimizer |   探索 03/8 | score=0.002 | 平盈率=+0.21% | 胜率=60.4%
2026-04-29 08:55:38.291 | INFO     | AIOptimizer |   探索 04/8 | score=0.001 | 平盈率=+0.12% | 胜率=65.7%
2026-04-29 08:56:31.536 | INFO     | AIOptimizer |   探索 05/8 | score=0.001 | 平盈率=+0.14% | 胜率=40.0%
2026-04-29 08:57:29.475 | INFO     | AIOptimizer |   探索 06/8 | score=-0.002 | 平盈率=-0.18% | 胜率=65.8%
2026-04-29 08:58:36.119 | INFO     | AIOptimizer |   探索 07/8 | score=0.002 | 平盈率=+0.18% | 胜率=55.2%
2026-04-29 08:59:27.015 | INFO     | AIOptimizer |   探索 08/8 | score=-0.000 | 平盈率=-0.04% | 胜率=52.0%
2026-04-29 09:00:00.014 | INFO     | CronScheduler | CronScheduler | [概念同步] 开始同步 Tushare 概念数据...
2026-04-29 09:00:00.014 | INFO     | CronScheduler | CronScheduler | [热度计算] 开始刷新板块热度...
2026-04-29 09:00:00.418 | INFO     | ConceptSync | concept: 获取到 879 个概念分类
2026-04-29 09:00:15.373 | INFO     | HeatCalc   | 加载了 5523 只股票的最近日线数据
2026-04-29 09:00:51.729 | INFO     | HeatCalc   | 热度计算完成: 873 概念, 110 板块
2026-04-29 09:01:13.290 | ERROR    | RedisManager | Redis 连接失败 (localhost:6379): Error 10061 connecting to localhost:6379. 由于目标计算机积极拒绝，无法连接。.
2026-04-29 09:02:03.989 | INFO     | CronScheduler | CronScheduler | [热度计算] 完成: {'concepts_processed': 873, 'sectors_processed': 110, 'trade_date': '2026-04-29'}
2026-04-29 09:05:00.013 | INFO     | CronScheduler | CronScheduler | [热度计算] 开始刷新板块热度...
2026-04-29 09:05:17.130 | INFO     | HeatCalc   | 加载了 5523 只股票的最近日线数据
2026-04-29 09:05:49.000 | INFO     | HeatCalc   | 热度计算完成: 873 概念, 110 板块
2026-04-29 09:06:33.550 | INFO     | CronScheduler | CronScheduler | [热度计算] 完成: {'concepts_processed': 873, 'sectors_processed': 110, 'trade_date': '2026-04-29'}
2026-04-29 09:09:28.884 | INFO     | AIOptimizer | 📊 市场状态分析：{'牛市-低波': {'count': 25360, 'avg_pnl': 0.304, 'win_rate': 55.9, 'max_pnl': 22.716, 'min_pnl': -7.769}, '熊市-低波': {'count': 5736, 'avg_pnl': -0.776, 'win_rate': 48.2, 'max_pnl': 22.716, 'min_pnl': -7.769}}
2026-04-29 09:09:28.884 | INFO     | AIOptimizer | 🤖 [Phase 4] LLM 分析探索结果，收窄搜索空间...
2026-04-29 09:09:28.885 | INFO     | LLMAdvisor | LLMAdvisor | Call② 开始：探索结果分析...
2026-04-29 09:09:57.448 | INFO     | LLMAdvisor | LLMAdvisor | Call② 完成 (28.6s)
2026-04-29 09:09:57.449 | INFO     | AIOptimizer | ✅ [Phase 4] 精化完成
2026-04-29 09:09:57.449 | INFO     | AIOptimizer | 🤖 [Phase 5] 贝叶斯精化：20 次 Optuna 探索...
2026-04-29 09:10:00.029 | INFO     | CronScheduler | CronScheduler | [热度计算] 开始刷新板块热度...
2026-04-29 09:10:17.910 | INFO     | HeatCalc   | 加载了 5523 只股票的最近日线数据
2026-04-29 09:10:28.153 | INFO     | HeatCalc   | 热度计算完成: 117 概念, 110 板块
2026-04-29 09:11:10.713 | INFO     | CronScheduler | CronScheduler | [热度计算] 完成: {'concepts_processed': 117, 'sectors_processed': 110, 'trade_date': '2026-04-29'}
2026-04-29 09:11:16.240 | INFO     | AIOptimizer |   Optuna 01/20 | 当前最优平盈率: -0.22%
2026-04-29 09:15:00.017 | INFO     | CronScheduler | CronScheduler | [热度计算] 开始刷新板块热度...
2026-04-29 09:15:18.803 | INFO     | HeatCalc   | 加载了 5523 只股票的最近日线数据
2026-04-29 09:15:58.004 | INFO     | HeatCalc   | 热度计算完成: 632 概念, 110 板块
2026-04-29 09:16:52.191 | INFO     | CronScheduler | CronScheduler | [热度计算] 完成: {'concepts_processed': 632, 'sectors_processed': 110, 'trade_date': '2026-04-29'}
2026-04-29 09:17:34.649 | INFO     | ConceptSync | concept: 写入 34444 条概念映射到 DuckDB
2026-04-29 09:17:34.659 | INFO     | ConceptSync | 标准概念同步完成: 873 概念, 34444 映射
2026-04-29 09:17:34.661 | INFO     | CronScheduler | CronScheduler | [概念同步] 完成: 873 概念, 34444 映射
2026-04-29 09:20:00.024 | INFO     | CronScheduler | CronScheduler | [热度计算] 开始刷新板块热度...
2026-04-29 09:20:21.466 | INFO     | HeatCalc   | 加载了 5523 只股票的最近日线数据
2026-04-29 09:21:03.547 | INFO     | HeatCalc   | 热度计算完成: 873 概念, 110 板块
2026-04-29 09:21:50.255 | INFO     | CronScheduler | CronScheduler | [热度计算] 完成: {'concepts_processed': 873, 'sectors_processed': 110, 'trade_date': '2026-04-29'}
2026-04-29 09:23:17.440 | INFO     | AIOptimizer |   Optuna 10/20 | 当前最优平盈率: +0.19%
2026-04-29 09:25:00.022 | INFO     | CronScheduler | CronScheduler | [热度计算] 开始刷新板块热度...
2026-04-29 09:25:20.365 | INFO     | HeatCalc   | 加载了 5523 只股票的最近日线数据
2026-04-29 09:26:04.184 | INFO     | HeatCalc   | 热度计算完成: 873 概念, 110 板块
2026-04-29 09:26:48.495 | INFO     | CronScheduler | CronScheduler | [热度计算] 完成: {'concepts_processed': 873, 'sectors_processed': 110, 'trade_date': '2026-04-29'}
2026-04-29 09:30:00.045 | INFO     | CronScheduler | CronScheduler | [热度计算] 开始刷新板块热度...
2026-04-29 09:30:21.095 | INFO     | HeatCalc   | 加载了 5523 只股票的最近日线数据
2026-04-29 09:31:11.831 | INFO     | HeatCalc   | 热度计算完成: 873 概念, 110 板块
2026-04-29 09:31:58.816 | INFO     | CronScheduler | CronScheduler | [热度计算] 完成: {'concepts_processed': 873, 'sectors_processed': 110, 'trade_date': '2026-04-29'}
2026-04-29 09:35:00.020 | INFO     | CronScheduler | CronScheduler | [热度计算] 开始刷新板块热度...
2026-04-29 09:35:21.054 | INFO     | HeatCalc   | 加载了 5523 只股票的最近日线数据
2026-04-29 09:36:04.030 | INFO     | HeatCalc   | 热度计算完成: 873 概念, 110 板块
2026-04-29 09:36:49.491 | INFO     | CronScheduler | CronScheduler | [热度计算] 完成: {'concepts_processed': 873, 'sectors_processed': 110, 'trade_date': '2026-04-29'}
2026-04-29 09:38:50.069 | INFO     | AIOptimizer |   Optuna 20/20 | 当前最优平盈率: +0.54%
2026-04-29 09:38:50.072 | INFO     | AIOptimizer | 🏆 最优平盈率: +0.51% (score=0.005)
2026-04-29 09:38:50.072 | INFO     | AIOptimizer | 📊 [Phase 6] Walk-Forward 验证（3 折）...
2026-04-29 09:40:00.023 | INFO     | CronScheduler | CronScheduler | [热度计算] 开始刷新板块热度...
2026-04-29 09:40:20.590 | INFO     | HeatCalc   | 加载了 5523 只股票的最近日线数据
2026-04-29 09:41:06.449 | INFO     | HeatCalc   | 热度计算完成: 873 概念, 110 板块
2026-04-29 09:41:51.452 | INFO     | CronScheduler | CronScheduler | [热度计算] 完成: {'concepts_processed': 873, 'sectors_processed': 110, 'trade_date': '2026-04-29'}
2026-04-29 09:44:38.966 | INFO     | AIOptimizer |   WFO #1: WFE=1.00 ✅ 稳健 | IS=+0.51% OOS=+0.51%
2026-04-29 09:45:00.018 | INFO     | CronScheduler | CronScheduler | [热度计算] 开始刷新板块热度...
2026-04-29 09:45:22.749 | INFO     | HeatCalc   | 加载了 5523 只股票的最近日线数据
2026-04-29 09:46:13.430 | INFO     | HeatCalc   | 热度计算完成: 873 概念, 110 板块
2026-04-29 09:46:58.552 | INFO     | CronScheduler | CronScheduler | [热度计算] 完成: {'concepts_processed': 873, 'sectors_processed': 110, 'trade_date': '2026-04-29'}
2026-04-29 09:50:00.014 | INFO     | CronScheduler | CronScheduler | [热度计算] 开始刷新板块热度...
2026-04-29 09:50:22.067 | INFO     | HeatCalc   | 加载了 5523 只股票的最近日线数据
2026-04-29 09:51:14.424 | INFO     | HeatCalc   | 热度计算完成: 873 概念, 110 板块
2026-04-29 09:52:01.576 | INFO     | CronScheduler | CronScheduler | [热度计算] 完成: {'concepts_processed': 873, 'sectors_processed': 110, 'trade_date': '2026-04-29'}
2026-04-29 09:52:13.938 | INFO     | AIOptimizer |   WFO #2: WFE=1.00 ✅ 稳健 | IS=+0.54% OOS=+0.54%
2026-04-29 09:55:00.014 | INFO     | CronScheduler | CronScheduler | [热度计算] 开始刷新板块热度...
2026-04-29 09:55:21.653 | INFO     | HeatCalc   | 加载了 5523 只股票的最近日线数据
2026-04-29 09:56:10.773 | INFO     | HeatCalc   | 热度计算完成: 873 概念, 110 板块
2026-04-29 09:57:00.821 | INFO     | CronScheduler | CronScheduler | [热度计算] 完成: {'concepts_processed': 873, 'sectors_processed': 110, 'trade_date': '2026-04-29'}
2026-04-29 09:58:09.713 | INFO     | AIOptimizer |   WFO #3: WFE=1.00 ✅ 稳健 | IS=+0.47% OOS=+0.47%
2026-04-29 10:00:00.013 | INFO     | CronScheduler | CronScheduler | [热度计算] 开始刷新板块热度...
2026-04-29 10:00:21.380 | INFO     | HeatCalc   | 加载了 5523 只股票的最近日线数据
2026-04-29 10:01:11.532 | INFO     | HeatCalc   | 热度计算完成: 873 概念, 110 板块
2026-04-29 10:01:55.558 | INFO     | CronScheduler | CronScheduler | [热度计算] 完成: {'concepts_processed': 873, 'sectors_processed': 110, 'trade_date': '2026-04-29'}
2026-04-29 10:04:15.890 | INFO     | AIOptimizer |   WFO #4: WFE=1.00 ✅ 稳健 | IS=+0.48% OOS=+0.48%
2026-04-29 10:05:00.015 | INFO     | CronScheduler | CronScheduler | [热度计算] 开始刷新板块热度...
2026-04-29 10:05:24.714 | INFO     | HeatCalc   | 加载了 5523 只股票的最近日线数据
2026-04-29 10:06:21.350 | INFO     | HeatCalc   | 热度计算完成: 873 概念, 110 板块
2026-04-29 10:07:01.621 | INFO     | CronScheduler | CronScheduler | [热度计算] 完成: {'concepts_processed': 873, 'sectors_processed': 110, 'trade_date': '2026-04-29'}
2026-04-29 10:10:00.007 | INFO     | CronScheduler | CronScheduler | [热度计算] 开始刷新板块热度...
2026-04-29 10:10:23.306 | INFO     | HeatCalc   | 加载了 5523 只股票的最近日线数据
2026-04-29 10:11:17.890 | INFO     | HeatCalc   | 热度计算完成: 873 概念, 110 板块
2026-04-29 10:12:04.066 | INFO     | CronScheduler | CronScheduler | [热度计算] 完成: {'concepts_processed': 873, 'sectors_processed': 110, 'trade_date': '2026-04-29'}
2026-04-29 10:12:13.119 | INFO     | AIOptimizer |   WFO #5: WFE=1.00 ✅ 稳健 | IS=+0.42% OOS=+0.42%
2026-04-29 10:13:36.446 | INFO     | AIOptimizer | 🤖 [Phase 7] 生成 LLM 最终分析报告...
2026-04-29 10:13:36.446 | INFO     | LLMAdvisor | LLMAdvisor | Call③ 开始：生成最终分析报告...
2026-04-29 10:15:00.008 | INFO     | CronScheduler | CronScheduler | [热度计算] 开始刷新板块热度...
2026-04-29 10:15:08.622 | WARNING  | LLMAdvisor | LLMAdvisor | API 调用异常: Request timed out.
2026-04-29 10:15:08.622 | INFO     | LLMAdvisor | LLMAdvisor | Call③ 完成 (92.2s)
2026-04-29 10:15:08.622 | INFO     | AIOptimizer | ✅ 分析报告已生成
2026-04-29 10:15:08.622 | INFO     | AIOptimizer | 🎉 AI 回测优化完成！共 28 次探索，最优平盈率 +0.51%
2026-04-29 10:15:09.604 | INFO     | API-Backtest | AI 回测历史已保存 (id=6)
2026-04-29 10:15:15.149 | INFO     | HeatCalc   | 加载了 5523 只股票的最近日线数据
2026-04-29 10:15:38.428 | INFO     | HeatCalc   | 热度计算完成: 873 概念, 110 板块
2026-04-29 10:16:26.330 | INFO     | CronScheduler | CronScheduler | [热度计算] 完成: {'concepts_processed': 873, 'sectors_processed': 110, 'trade_date': '2026-04-29'}
2026-04-29 10:20:00.011 | INFO     | CronScheduler | CronScheduler | [热度计算] 开始刷新板块热度...
2026-04-29 10:20:15.075 | INFO     | HeatCalc   | 加载了 5523 只股票的最近日线数据
2026-04-29 10:20:37.653 | INFO     | HeatCalc   | 热度计算完成: 873 概念, 110 板块
2026-04-29 10:21:23.749 | INFO     | CronScheduler | CronScheduler | [热度计算] 完成: {'concepts_processed': 873, 'sectors_processed': 110, 'trade_date': '2026-04-29'}
2026-04-29 10:25:00.008 | INFO     | CronScheduler | CronScheduler | [热度计算] 开始刷新板块热度...
2026-04-29 10:25:15.628 | INFO     | HeatCalc   | 加载了 5523 只股票的最近日线数据
2026-04-29 10:25:40.891 | INFO     | HeatCalc   | 热度计算完成: 873 概念, 110 板块
2026-04-29 10:26:22.068 | INFO     | CronScheduler | CronScheduler | [热度计算] 完成: {'concepts_processed': 873, 'sectors_processed': 110, 'trade_date': '2026-04-29'}
2026-04-29 10:30:00.014 | INFO     | CronScheduler | CronScheduler | [热度计算] 开始刷新板块热度...
2026-04-29 10:30:15.226 | INFO     | HeatCalc   | 加载了 5523 只股票的最近日线数据
2026-04-29 10:30:39.005 | INFO     | HeatCalc   | 热度计算完成: 873 概念, 110 板块
2026-04-29 10:31:21.025 | INFO     | CronScheduler | CronScheduler | [热度计算] 完成: {'concepts_processed': 873, 'sectors_processed': 110, 'trade_date': '2026-04-29'}
2026-04-29 10:35:00.011 | INFO     | CronScheduler | CronScheduler | [热度计算] 开始刷新板块热度...
2026-04-29 10:35:15.208 | INFO     | HeatCalc   | 加载了 5523 只股票的最近日线数据
2026-04-29 10:35:39.557 | INFO     | HeatCalc   | 热度计算完成: 873 概念, 110 板块
2026-04-29 10:36:24.348 | INFO     | CronScheduler | CronScheduler | [热度计算] 完成: {'concepts_processed': 873, 'sectors_processed': 110, 'trade_date': '2026-04-29'}
2026-04-29 10:40:00.014 | INFO     | CronScheduler | CronScheduler | [热度计算] 开始刷新板块热度...
2026-04-29 10:40:14.548 | INFO     | HeatCalc   | 加载了 5523 只股票的最近日线数据
2026-04-29 10:40:37.771 | INFO     | HeatCalc   | 热度计算完成: 873 概念, 110 板块
2026-04-29 10:41:26.229 | INFO     | CronScheduler | CronScheduler | [热度计算] 完成: {'concepts_processed': 873, 'sectors_processed': 110, 'trade_date': '2026-04-29'}
2026-04-29 10:45:00.012 | INFO     | CronScheduler | CronScheduler | [热度计算] 开始刷新板块热度...
2026-04-29 10:45:16.155 | INFO     | HeatCalc   | 加载了 5523 只股票的最近日线数据
2026-04-29 10:45:41.464 | INFO     | HeatCalc   | 热度计算完成: 873 概念, 110 板块
2026-04-29 10:46:30.948 | INFO     | CronScheduler | CronScheduler | [热度计算] 完成: {'concepts_processed': 873, 'sectors_processed': 110, 'trade_date': '2026-04-29'}
2026-04-29 10:50:00.010 | INFO     | CronScheduler | CronScheduler | [热度计算] 开始刷新板块热度...
2026-04-29 10:50:14.939 | INFO     | HeatCalc   | 加载了 5523 只股票的最近日线数据
2026-04-29 10:50:40.387 | INFO     | HeatCalc   | 热度计算完成: 873 概念, 110 板块
2026-04-29 10:51:31.313 | INFO     | CronScheduler | CronScheduler | [热度计算] 完成: {'concepts_processed': 873, 'sectors_processed': 110, 'trade_date': '2026-04-29'}
2026-04-29 10:55:00.007 | INFO     | CronScheduler | CronScheduler | [热度计算] 开始刷新板块热度...
2026-04-29 10:55:15.471 | INFO     | HeatCalc   | 加载了 5523 只股票的最近日线数据
2026-04-29 10:55:40.835 | INFO     | HeatCalc   | 热度计算完成: 873 概念, 110 板块
2026-04-29 10:56:29.026 | INFO     | CronScheduler | CronScheduler | [热度计算] 完成: {'concepts_processed': 873, 'sectors_processed': 110, 'trade_date': '2026-04-29'}
2026-04-29 11:00:00.008 | INFO     | CronScheduler | CronScheduler | [热度计算] 开始刷新板块热度...
2026-04-29 11:00:15.669 | INFO     | HeatCalc   | 加载了 5523 只股票的最近日线数据
2026-04-29 11:00:40.857 | INFO     | HeatCalc   | 热度计算完成: 873 概念, 110 板块
2026-04-29 11:01:25.266 | INFO     | CronScheduler | CronScheduler | [热度计算] 完成: {'concepts_processed': 873, 'sectors_processed': 110, 'trade_date': '2026-04-29'}
2026-04-29 11:05:00.001 | INFO     | CronScheduler | CronScheduler | [热度计算] 开始刷新板块热度...
2026-04-29 11:05:16.294 | INFO     | HeatCalc   | 加载了 5523 只股票的最近日线数据
2026-04-29 11:05:45.914 | INFO     | HeatCalc   | 热度计算完成: 873 概念, 110 板块
2026-04-29 11:06:28.056 | INFO     | CronScheduler | CronScheduler | [热度计算] 完成: {'concepts_processed': 873, 'sectors_processed': 110, 'trade_date': '2026-04-29'}
2026-04-29 11:10:00.001 | INFO     | CronScheduler | CronScheduler | [热度计算] 开始刷新板块热度...
2026-04-29 11:10:15.467 | INFO     | HeatCalc   | 加载了 5523 只股票的最近日线数据
2026-04-29 11:10:42.291 | INFO     | HeatCalc   | 热度计算完成: 873 概念, 110 板块
2026-04-29 11:11:30.084 | INFO     | CronScheduler | CronScheduler | [热度计算] 完成: {'concepts_processed': 873, 'sectors_processed': 110, 'trade_date': '2026-04-29'}
2026-04-29 11:15:00.014 | INFO     | CronScheduler | CronScheduler | [热度计算] 开始刷新板块热度...
2026-04-29 11:15:16.169 | INFO     | HeatCalc   | 加载了 5523 只股票的最近日线数据
2026-04-29 11:15:42.895 | INFO     | HeatCalc   | 热度计算完成: 873 概念, 110 板块
2026-04-29 11:16:34.923 | INFO     | CronScheduler | CronScheduler | [热度计算] 完成: {'concepts_processed': 873, 'sectors_processed': 110, 'trade_date': '2026-04-29'}
2026-04-29 11:20:00.013 | INFO     | CronScheduler | CronScheduler | [热度计算] 开始刷新板块热度...
2026-04-29 11:20:15.923 | INFO     | HeatCalc   | 加载了 5523 只股票的最近日线数据
2026-04-29 11:20:43.093 | INFO     | HeatCalc   | 热度计算完成: 873 概念, 110 板块
2026-04-29 11:21:32.390 | INFO     | CronScheduler | CronScheduler | [热度计算] 完成: {'concepts_processed': 873, 'sectors_processed': 110, 'trade_date': '2026-04-29'}
2026-04-29 11:25:00.011 | INFO     | CronScheduler | CronScheduler | [热度计算] 开始刷新板块热度...
2026-04-29 11:25:15.720 | INFO     | HeatCalc   | 加载了 5523 只股票的最近日线数据
2026-04-29 11:25:44.125 | INFO     | HeatCalc   | 热度计算完成: 873 概念, 110 板块
2026-04-29 11:26:36.114 | INFO     | CronScheduler | CronScheduler | [热度计算] 完成: {'concepts_processed': 873, 'sectors_processed': 110, 'trade_date': '2026-04-29'}
2026-04-29 11:30:00.004 | INFO     | CronScheduler | CronScheduler | [热度计算] 开始刷新板块热度...
2026-04-29 11:30:15.986 | INFO     | HeatCalc   | 加载了 5523 只股票的最近日线数据
2026-04-29 11:30:43.070 | INFO     | HeatCalc   | 热度计算完成: 873 概念, 110 板块
2026-04-29 11:31:33.508 | INFO     | CronScheduler | CronScheduler | [热度计算] 完成: {'concepts_processed': 873, 'sectors_processed': 110, 'trade_date': '2026-04-29'}
2026-04-29 11:35:00.014 | INFO     | CronScheduler | CronScheduler | [热度计算] 开始刷新板块热度...
2026-04-29 11:35:16.595 | INFO     | HeatCalc   | 加载了 5523 只股票的最近日线数据
2026-04-29 11:35:44.892 | INFO     | HeatCalc   | 热度计算完成: 873 概念, 110 板块
2026-04-29 11:36:29.890 | INFO     | CronScheduler | CronScheduler | [热度计算] 完成: {'concepts_processed': 873, 'sectors_processed': 110, 'trade_date': '2026-04-29'}
2026-04-29 11:40:00.013 | INFO     | CronScheduler | CronScheduler | [热度计算] 开始刷新板块热度...
2026-04-29 11:40:16.095 | INFO     | HeatCalc   | 加载了 5523 只股票的最近日线数据
2026-04-29 11:40:44.073 | INFO     | HeatCalc   | 热度计算完成: 873 概念, 110 板块
2026-04-29 11:41:27.295 | INFO     | CronScheduler | CronScheduler | [热度计算] 完成: {'concepts_processed': 873, 'sectors_processed': 110, 'trade_date': '2026-04-29'}
2026-04-29 11:45:00.004 | INFO     | CronScheduler | CronScheduler | [热度计算] 开始刷新板块热度...
2026-04-29 11:45:16.117 | INFO     | HeatCalc   | 加载了 5523 只股票的最近日线数据
2026-04-29 11:45:44.592 | INFO     | HeatCalc   | 热度计算完成: 873 概念, 110 板块
2026-04-29 11:46:21.696 | INFO     | CronScheduler | CronScheduler | [热度计算] 完成: {'concepts_processed': 873, 'sectors_processed': 110, 'trade_date': '2026-04-29'}
2026-04-29 11:50:00.014 | INFO     | CronScheduler | CronScheduler | [热度计算] 开始刷新板块热度...
2026-04-29 11:50:16.806 | INFO     | HeatCalc   | 加载了 5523 只股票的最近日线数据
2026-04-29 11:50:45.926 | INFO     | HeatCalc   | 热度计算完成: 873 概念, 110 板块
2026-04-29 11:51:33.764 | INFO     | CronScheduler | CronScheduler | [热度计算] 完成: {'concepts_processed': 873, 'sectors_processed': 110, 'trade_date': '2026-04-29'}
2026-04-29 11:55:00.007 | INFO     | CronScheduler | CronScheduler | [热度计算] 开始刷新板块热度...
2026-04-29 11:55:16.160 | INFO     | HeatCalc   | 加载了 5523 只股票的最近日线数据
2026-04-29 11:55:44.907 | INFO     | HeatCalc   | 热度计算完成: 873 概念, 110 板块
2026-04-29 11:56:31.875 | INFO     | CronScheduler | CronScheduler | [热度计算] 完成: {'concepts_processed': 873, 'sectors_processed': 110, 'trade_date': '2026-04-29'}
2026-04-29 12:00:00.014 | INFO     | CronScheduler | CronScheduler | [热度计算] 开始刷新板块热度...
2026-04-29 12:00:16.441 | INFO     | HeatCalc   | 加载了 5523 只股票的最近日线数据
2026-04-29 12:00:44.724 | INFO     | HeatCalc   | 热度计算完成: 873 概念, 110 板块
2026-04-29 12:01:25.482 | INFO     | CronScheduler | CronScheduler | [热度计算] 完成: {'concepts_processed': 873, 'sectors_processed': 110, 'trade_date': '2026-04-29'}
2026-04-29 12:05:00.015 | INFO     | CronScheduler | CronScheduler | [热度计算] 开始刷新板块热度...
2026-04-29 12:05:16.727 | INFO     | HeatCalc   | 加载了 5523 只股票的最近日线数据
2026-04-29 12:05:45.859 | INFO     | HeatCalc   | 热度计算完成: 873 概念, 110 板块
2026-04-29 12:06:29.751 | INFO     | CronScheduler | CronScheduler | [热度计算] 完成: {'concepts_processed': 873, 'sectors_processed': 110, 'trade_date': '2026-04-29'}
2026-04-29 12:10:00.003 | INFO     | CronScheduler | CronScheduler | [热度计算] 开始刷新板块热度...
2026-04-29 12:10:16.397 | INFO     | HeatCalc   | 加载了 5523 只股票的最近日线数据
2026-04-29 12:10:46.001 | INFO     | HeatCalc   | 热度计算完成: 873 概念, 110 板块
2026-04-29 12:11:31.726 | INFO     | CronScheduler | CronScheduler | [热度计算] 完成: {'concepts_processed': 873, 'sectors_processed': 110, 'trade_date': '2026-04-29'}
2026-04-29 12:15:00.013 | INFO     | CronScheduler | CronScheduler | [热度计算] 开始刷新板块热度...
2026-04-29 12:15:17.251 | INFO     | HeatCalc   | 加载了 5523 只股票的最近日线数据
2026-04-29 12:15:47.116 | INFO     | HeatCalc   | 热度计算完成: 873 概念, 110 板块
2026-04-29 12:16:36.893 | INFO     | CronScheduler | CronScheduler | [热度计算] 完成: {'concepts_processed': 873, 'sectors_processed': 110, 'trade_date': '2026-04-29'}
2026-04-29 12:20:00.014 | INFO     | CronScheduler | CronScheduler | [热度计算] 开始刷新板块热度...
2026-04-29 12:20:16.866 | INFO     | HeatCalc   | 加载了 5523 只股票的最近日线数据
2026-04-29 12:20:47.092 | INFO     | HeatCalc   | 热度计算完成: 873 概念, 110 板块
2026-04-29 12:21:33.516 | INFO     | CronScheduler | CronScheduler | [热度计算] 完成: {'concepts_processed': 873, 'sectors_processed': 110, 'trade_date': '2026-04-29'}
2026-04-29 12:25:00.011 | INFO     | CronScheduler | CronScheduler | [热度计算] 开始刷新板块热度...
2026-04-29 12:25:16.777 | INFO     | HeatCalc   | 加载了 5523 只股票的最近日线数据
2026-04-29 12:25:47.103 | INFO     | HeatCalc   | 热度计算完成: 873 概念, 110 板块
2026-04-29 12:26:35.806 | INFO     | CronScheduler | CronScheduler | [热度计算] 完成: {'concepts_processed': 873, 'sectors_processed': 110, 'trade_date': '2026-04-29'}
2026-04-29 12:30:00.007 | INFO     | CronScheduler | CronScheduler | [热度计算] 开始刷新板块热度...
2026-04-29 12:30:17.496 | INFO     | HeatCalc   | 加载了 5523 只股票的最近日线数据
2026-04-29 12:30:47.275 | INFO     | HeatCalc   | 热度计算完成: 873 概念, 110 板块
2026-04-29 12:31:30.570 | INFO     | CronScheduler | CronScheduler | [热度计算] 完成: {'concepts_processed': 873, 'sectors_processed': 110, 'trade_date': '2026-04-29'}
2026-04-29 12:35:00.003 | INFO     | CronScheduler | CronScheduler | [热度计算] 开始刷新板块热度...
2026-04-29 12:35:16.676 | INFO     | HeatCalc   | 加载了 5523 只股票的最近日线数据
2026-04-29 12:35:47.668 | INFO     | HeatCalc   | 热度计算完成: 873 概念, 110 板块
2026-04-29 12:36:36.044 | INFO     | CronScheduler | CronScheduler | [热度计算] 完成: {'concepts_processed': 873, 'sectors_processed': 110, 'trade_date': '2026-04-29'}
2026-04-29 12:40:00.004 | INFO     | CronScheduler | CronScheduler | [热度计算] 开始刷新板块热度...
2026-04-29 12:40:17.110 | INFO     | HeatCalc   | 加载了 5523 只股票的最近日线数据
2026-04-29 12:40:47.799 | INFO     | HeatCalc   | 热度计算完成: 873 概念, 110 板块
2026-04-29 12:41:31.953 | INFO     | CronScheduler | CronScheduler | [热度计算] 完成: {'concepts_processed': 873, 'sectors_processed': 110, 'trade_date': '2026-04-29'}
2026-04-29 12:45:00.012 | INFO     | CronScheduler | CronScheduler | [热度计算] 开始刷新板块热度...
2026-04-29 12:45:17.003 | INFO     | HeatCalc   | 加载了 5523 只股票的最近日线数据
2026-04-29 12:45:46.597 | INFO     | HeatCalc   | 热度计算完成: 873 概念, 110 板块
2026-04-29 12:46:30.363 | INFO     | CronScheduler | CronScheduler | [热度计算] 完成: {'concepts_processed': 873, 'sectors_processed': 110, 'trade_date': '2026-04-29'}
2026-04-29 12:50:00.003 | INFO     | CronScheduler | CronScheduler | [热度计算] 开始刷新板块热度...
2026-04-29 12:50:16.945 | INFO     | HeatCalc   | 加载了 5523 只股票的最近日线数据
2026-04-29 12:50:47.470 | INFO     | HeatCalc   | 热度计算完成: 873 概念, 110 板块
2026-04-29 12:51:31.395 | INFO     | CronScheduler | CronScheduler | [热度计算] 完成: {'concepts_processed': 873, 'sectors_processed': 110, 'trade_date': '2026-04-29'}
2026-04-29 12:55:00.014 | INFO     | CronScheduler | CronScheduler | [热度计算] 开始刷新板块热度...
2026-04-29 12:55:17.884 | INFO     | HeatCalc   | 加载了 5523 只股票的最近日线数据
2026-04-29 12:55:49.186 | INFO     | HeatCalc   | 热度计算完成: 873 概念, 110 板块
2026-04-29 12:56:33.459 | INFO     | CronScheduler | CronScheduler | [热度计算] 完成: {'concepts_processed': 873, 'sectors_processed': 110, 'trade_date': '2026-04-29'}
2026-04-29 13:00:00.001 | INFO     | CronScheduler | CronScheduler | [热度计算] 开始刷新板块热度...
2026-04-29 13:00:17.283 | INFO     | HeatCalc   | 加载了 5523 只股票的最近日线数据
2026-04-29 13:00:49.520 | INFO     | HeatCalc   | 热度计算完成: 873 概念, 110 板块
2026-04-29 13:01:30.658 | INFO     | CronScheduler | CronScheduler | [热度计算] 完成: {'concepts_processed': 873, 'sectors_processed': 110, 'trade_date': '2026-04-29'}
2026-04-29 13:05:00.011 | INFO     | CronScheduler | CronScheduler | [热度计算] 开始刷新板块热度...
2026-04-29 13:05:17.880 | INFO     | HeatCalc   | 加载了 5523 只股票的最近日线数据
2026-04-29 13:05:50.377 | INFO     | HeatCalc   | 热度计算完成: 873 概念, 110 板块
2026-04-29 13:06:33.849 | INFO     | CronScheduler | CronScheduler | [热度计算] 完成: {'concepts_processed': 873, 'sectors_processed': 110, 'trade_date': '2026-04-29'}
2026-04-29 13:10:00.011 | INFO     | CronScheduler | CronScheduler | [热度计算] 开始刷新板块热度...
2026-04-29 13:10:17.754 | INFO     | HeatCalc   | 加载了 5523 只股票的最近日线数据
2026-04-29 13:10:49.269 | INFO     | HeatCalc   | 热度计算完成: 873 概念, 110 板块
2026-04-29 13:11:32.666 | INFO     | CronScheduler | CronScheduler | [热度计算] 完成: {'concepts_processed': 873, 'sectors_processed': 110, 'trade_date': '2026-04-29'}
2026-04-29 13:15:00.010 | INFO     | CronScheduler | CronScheduler | [热度计算] 开始刷新板块热度...
2026-04-29 13:15:17.662 | INFO     | HeatCalc   | 加载了 5523 只股票的最近日线数据
2026-04-29 13:15:49.882 | INFO     | HeatCalc   | 热度计算完成: 873 概念, 110 板块
2026-04-29 13:16:33.441 | INFO     | CronScheduler | CronScheduler | [热度计算] 完成: {'concepts_processed': 873, 'sectors_processed': 110, 'trade_date': '2026-04-29'}
2026-04-29 13:20:00.012 | INFO     | CronScheduler | CronScheduler | [热度计算] 开始刷新板块热度...
2026-04-29 13:20:17.422 | INFO     | HeatCalc   | 加载了 5523 只股票的最近日线数据
2026-04-29 13:20:49.509 | INFO     | HeatCalc   | 热度计算完成: 873 概念, 110 板块
2026-04-29 13:21:31.732 | INFO     | CronScheduler | CronScheduler | [热度计算] 完成: {'concepts_processed': 873, 'sectors_processed': 110, 'trade_date': '2026-04-29'}
2026-04-29 13:25:00.015 | INFO     | CronScheduler | CronScheduler | [热度计算] 开始刷新板块热度...
2026-04-29 13:25:18.447 | INFO     | HeatCalc   | 加载了 5523 只股票的最近日线数据
2026-04-29 13:25:52.189 | INFO     | HeatCalc   | 热度计算完成: 873 概念, 110 板块
2026-04-29 13:26:36.031 | INFO     | CronScheduler | CronScheduler | [热度计算] 完成: {'concepts_processed': 873, 'sectors_processed': 110, 'trade_date': '2026-04-29'}
2026-04-29 13:30:00.007 | INFO     | CronScheduler | CronScheduler | [热度计算] 开始刷新板块热度...
2026-04-29 13:30:17.919 | INFO     | HeatCalc   | 加载了 5523 只股票的最近日线数据
2026-04-29 13:30:49.224 | INFO     | HeatCalc   | 热度计算完成: 873 概念, 110 板块
2026-04-29 13:31:35.266 | INFO     | CronScheduler | CronScheduler | [热度计算] 完成: {'concepts_processed': 873, 'sectors_processed': 110, 'trade_date': '2026-04-29'}
2026-04-29 13:35:00.010 | INFO     | CronScheduler | CronScheduler | [热度计算] 开始刷新板块热度...
2026-04-29 13:35:16.550 | INFO     | HeatCalc   | 加载了 5523 只股票的最近日线数据
2026-04-29 13:35:47.678 | INFO     | HeatCalc   | 热度计算完成: 873 概念, 110 板块
2026-04-29 13:36:39.373 | INFO     | CronScheduler | CronScheduler | [热度计算] 完成: {'concepts_processed': 873, 'sectors_processed': 110, 'trade_date': '2026-04-29'}
2026-04-29 13:40:00.012 | INFO     | CronScheduler | CronScheduler | [热度计算] 开始刷新板块热度...
2026-04-29 13:40:17.294 | INFO     | HeatCalc   | 加载了 5523 只股票的最近日线数据
2026-04-29 13:40:50.131 | INFO     | HeatCalc   | 热度计算完成: 873 概念, 110 板块
2026-04-29 13:41:39.966 | INFO     | CronScheduler | CronScheduler | [热度计算] 完成: {'concepts_processed': 873, 'sectors_processed': 110, 'trade_date': '2026-04-29'}
2026-04-29 13:45:00.005 | INFO     | CronScheduler | CronScheduler | [热度计算] 开始刷新板块热度...
2026-04-29 13:45:17.547 | INFO     | HeatCalc   | 加载了 5523 只股票的最近日线数据
2026-04-29 13:45:49.847 | INFO     | HeatCalc   | 热度计算完成: 873 概念, 110 板块
2026-04-29 13:46:36.685 | INFO     | CronScheduler | CronScheduler | [热度计算] 完成: {'concepts_processed': 873, 'sectors_processed': 110, 'trade_date': '2026-04-29'}
2026-04-29 13:50:00.014 | INFO     | CronScheduler | CronScheduler | [热度计算] 开始刷新板块热度...
2026-04-29 13:50:17.556 | INFO     | HeatCalc   | 加载了 5523 只股票的最近日线数据
2026-04-29 13:50:50.566 | INFO     | HeatCalc   | 热度计算完成: 873 概念, 110 板块
2026-04-29 13:51:33.192 | INFO     | CronScheduler | CronScheduler | [热度计算] 完成: {'concepts_processed': 873, 'sectors_processed': 110, 'trade_date': '2026-04-29'}
2026-04-29 13:55:00.013 | INFO     | CronScheduler | CronScheduler | [热度计算] 开始刷新板块热度...
2026-04-29 13:55:18.693 | INFO     | HeatCalc   | 加载了 5523 只股票的最近日线数据
2026-04-29 13:55:53.927 | INFO     | HeatCalc   | 热度计算完成: 873 概念, 110 板块
2026-04-29 13:56:47.783 | INFO     | CronScheduler | CronScheduler | [热度计算] 完成: {'concepts_processed': 873, 'sectors_processed': 110, 'trade_date': '2026-04-29'}
2026-04-29 14:00:00.008 | INFO     | CronScheduler | CronScheduler | [热度计算] 开始刷新板块热度...
2026-04-29 14:00:18.309 | INFO     | HeatCalc   | 加载了 5523 只股票的最近日线数据
2026-04-29 14:00:52.390 | INFO     | HeatCalc   | 热度计算完成: 873 概念, 110 板块
2026-04-29 14:01:36.266 | INFO     | CronScheduler | CronScheduler | [热度计算] 完成: {'concepts_processed': 873, 'sectors_processed': 110, 'trade_date': '2026-04-29'}
2026-04-29 14:05:00.016 | INFO     | CronScheduler | CronScheduler | [热度计算] 开始刷新板块热度...
2026-04-29 14:05:18.759 | INFO     | HeatCalc   | 加载了 5523 只股票的最近日线数据
2026-04-29 14:05:54.705 | INFO     | HeatCalc   | 热度计算完成: 873 概念, 110 板块
2026-04-29 14:06:46.428 | INFO     | CronScheduler | CronScheduler | [热度计算] 完成: {'concepts_processed': 873, 'sectors_processed': 110, 'trade_date': '2026-04-29'}
2026-04-29 14:10:00.001 | INFO     | CronScheduler | CronScheduler | [热度计算] 开始刷新板块热度...
2026-04-29 14:10:18.271 | INFO     | HeatCalc   | 加载了 5523 只股票的最近日线数据
2026-04-29 14:10:53.283 | INFO     | HeatCalc   | 热度计算完成: 873 概念, 110 板块
2026-04-29 14:11:34.706 | INFO     | CronScheduler | CronScheduler | [热度计算] 完成: {'concepts_processed': 873, 'sectors_processed': 110, 'trade_date': '2026-04-29'}
2026-04-29 14:15:00.009 | INFO     | CronScheduler | CronScheduler | [热度计算] 开始刷新板块热度...
2026-04-29 14:15:18.432 | INFO     | HeatCalc   | 加载了 5523 只股票的最近日线数据
2026-04-29 14:15:54.082 | INFO     | HeatCalc   | 热度计算完成: 873 概念, 110 板块
2026-04-29 14:16:35.965 | INFO     | CronScheduler | CronScheduler | [热度计算] 完成: {'concepts_processed': 873, 'sectors_processed': 110, 'trade_date': '2026-04-29'}
2026-04-29 14:20:00.012 | INFO     | CronScheduler | CronScheduler | [热度计算] 开始刷新板块热度...
2026-04-29 14:20:18.969 | INFO     | HeatCalc   | 加载了 5523 只股票的最近日线数据
2026-04-29 14:20:53.893 | INFO     | HeatCalc   | 热度计算完成: 873 概念, 110 板块
2026-04-29 14:21:31.601 | INFO     | CronScheduler | CronScheduler | [热度计算] 完成: {'concepts_processed': 873, 'sectors_processed': 110, 'trade_date': '2026-04-29'}
2026-04-29 14:25:00.013 | INFO     | CronScheduler | CronScheduler | [热度计算] 开始刷新板块热度...
2026-04-29 14:25:19.132 | INFO     | HeatCalc   | 加载了 5523 只股票的最近日线数据
2026-04-29 14:25:55.844 | INFO     | HeatCalc   | 热度计算完成: 873 概念, 110 板块
2026-04-29 14:26:43.297 | INFO     | CronScheduler | CronScheduler | [热度计算] 完成: {'concepts_processed': 873, 'sectors_processed': 110, 'trade_date': '2026-04-29'}
2026-04-29 14:30:00.009 | INFO     | CronScheduler | CronScheduler | [热度计算] 开始刷新板块热度...
2026-04-29 14:30:19.261 | INFO     | HeatCalc   | 加载了 5523 只股票的最近日线数据
2026-04-29 14:30:39.475 | INFO     | HeatCalc   | 热度计算完成: 873 概念, 110 板块
2026-04-29 14:31:19.074 | INFO     | CronScheduler | CronScheduler | [热度计算] 完成: {'concepts_processed': 873, 'sectors_processed': 110, 'trade_date': '2026-04-29'}
2026-04-29 14:35:00.006 | INFO     | CronScheduler | CronScheduler | [热度计算] 开始刷新板块热度...
2026-04-29 14:35:25.106 | INFO     | HeatCalc   | 加载了 5523 只股票的最近日线数据
2026-04-29 14:35:41.086 | INFO     | HeatCalc   | 热度计算完成: 873 概念, 110 板块
2026-04-29 14:36:29.353 | INFO     | CronScheduler | CronScheduler | [热度计算] 完成: {'concepts_processed': 873, 'sectors_processed': 110, 'trade_date': '2026-04-29'}
2026-04-29 14:40:00.013 | INFO     | CronScheduler | CronScheduler | [热度计算] 开始刷新板块热度...
2026-04-29 14:40:15.198 | INFO     | HeatCalc   | 加载了 5523 只股票的最近日线数据
2026-04-29 14:40:31.638 | INFO     | HeatCalc   | 热度计算完成: 873 概念, 110 板块
2026-04-29 14:41:21.952 | INFO     | CronScheduler | CronScheduler | [热度计算] 完成: {'concepts_processed': 873, 'sectors_processed': 110, 'trade_date': '2026-04-29'}
2026-04-29 14:45:00.006 | INFO     | CronScheduler | CronScheduler | [热度计算] 开始刷新板块热度...
2026-04-29 14:45:14.426 | INFO     | HeatCalc   | 加载了 5523 只股票的最近日线数据
2026-04-29 14:45:31.605 | INFO     | HeatCalc   | 热度计算完成: 873 概念, 110 板块
2026-04-29 14:46:17.544 | INFO     | CronScheduler | CronScheduler | [热度计算] 完成: {'concepts_processed': 873, 'sectors_processed': 110, 'trade_date': '2026-04-29'}
2026-04-29 14:50:00.008 | INFO     | CronScheduler | CronScheduler | [热度计算] 开始刷新板块热度...
2026-04-29 14:50:15.660 | INFO     | HeatCalc   | 加载了 5523 只股票的最近日线数据
2026-04-29 14:50:32.404 | INFO     | HeatCalc   | 热度计算完成: 873 概念, 110 板块
2026-04-29 14:51:22.787 | INFO     | CronScheduler | CronScheduler | [热度计算] 完成: {'concepts_processed': 873, 'sectors_processed': 110, 'trade_date': '2026-04-29'}
2026-04-29 14:55:00.007 | INFO     | CronScheduler | CronScheduler | [热度计算] 开始刷新板块热度...
2026-04-29 14:55:14.157 | INFO     | HeatCalc   | 加载了 5523 只股票的最近日线数据
2026-04-29 14:55:30.899 | INFO     | HeatCalc   | 热度计算完成: 873 概念, 110 板块
2026-04-29 14:56:25.020 | INFO     | CronScheduler | CronScheduler | [热度计算] 完成: {'concepts_processed': 873, 'sectors_processed': 110, 'trade_date': '2026-04-29'}
2026-04-29 14:58:37.556 | WARNING  | DuckDB     | DuckDB | 数据库占用中，准备重试... (1/5)
2026-04-29 14:58:38.232 | WARNING  | DuckDB     | DuckDB | 数据库占用中，准备重试... (2/5)
2026-04-29 14:58:38.964 | WARNING  | DuckDB     | DuckDB | 数据库占用中，准备重试... (3/5)
2026-04-29 14:58:39.725 | WARNING  | DuckDB     | DuckDB | 数据库占用中，准备重试... (4/5)
2026-04-29 14:58:40.556 | ERROR    | DuckDB     | DuckDB | 无法连接到数据库: IO Error: Cannot open file "E:\1target\p9_project\quant-platform\data\meta\meta.db": 另一个程序正在使用此文件，进程无法访问。

File is already open in 
C:\Python314\python.exe (PID 56380)
2026-04-29 14:58:40.557 | ERROR    | DuckDB     | DuckDB | 初始化表结构失败: IO Error: Cannot open file "E:\1target\p9_project\quant-platform\data\meta\meta.db": 另一个程序正在使用此文件，进程无法访问。

File is already open in 
C:\Python314\python.exe (PID 56380)
2026-04-29 14:58:42.441 | INFO     | API-Screener | 📡 [API] 收到选股请求: break20
2026-04-29 14:58:42.442 | INFO     | API-Screener | 🚀 [Thread] 选股任务线程已启动: break20
2026-04-29 14:58:42.443 | INFO     | Screener   | 🔍 [Engine] run_scan 开始执行: break20, 频率: daily
2026-04-29 14:58:42.444 | INFO     | Screener   | [1/10] 加载股票元数据...
2026-04-29 14:58:42.475 | INFO     | Screener   | [3/10] 启动并行引擎 (32 核心) 加载并扫描 5202 只股票...
2026-04-29 14:58:42.497 | INFO     | Screener   | 📡 [Loader] 识别到桥接函数: break20.generate_signals()
2026-04-29 14:58:42.506 | INFO     | Screener   | 成功预加载大盘基准数据: 000905.SH (262 行)
2026-04-29 14:58:42.506 | INFO     | Screener   | [4/10] 正在进行全市场 RPS 动量预预算...
2026-04-29 14:59:07.255 | INFO     | Screener   | 成功构建全市场对比池 (用于 RPS): 1367421 条记录
2026-04-29 14:59:07.256 | INFO     | Screener   | [4.5/10] ⚡ QMT 极速行情引擎激活中：拉取当日最新真实验证切片(含夜盘离线快照)...
2026-04-29 14:59:08.642 | INFO     | Screener   | 成功获取 5202 只股票实时快照进行策略缝合
2026-04-29 14:59:08.643 | INFO     | Screener   | [5/37] 串行任务区块 1/32 计算中...
2026-04-29 14:59:09.575 | INFO     | Screener   | [6/37] 串行任务区块 2/32 计算中...
2026-04-29 14:59:10.472 | INFO     | Screener   | [7/37] 串行任务区块 3/32 计算中...
2026-04-29 14:59:11.346 | INFO     | Screener   | [8/37] 串行任务区块 4/32 计算中...
2026-04-29 14:59:12.281 | INFO     | Screener   | [9/37] 串行任务区块 5/32 计算中...
2026-04-29 14:59:13.187 | INFO     | Screener   | [10/37] 串行任务区块 6/32 计算中...
2026-04-29 14:59:14.090 | INFO     | Screener   | [11/37] 串行任务区块 7/32 计算中...
2026-04-29 14:59:14.936 | INFO     | Screener   | [12/37] 串行任务区块 8/32 计算中...
2026-04-29 14:59:15.801 | INFO     | Screener   | [13/37] 串行任务区块 9/32 计算中...
2026-04-29 14:59:16.691 | INFO     | Screener   | [14/37] 串行任务区块 10/32 计算中...
2026-04-29 14:59:17.597 | INFO     | Screener   | [15/37] 串行任务区块 11/32 计算中...
2026-04-29 14:59:18.545 | INFO     | Screener   | [16/37] 串行任务区块 12/32 计算中...
2026-04-29 14:59:19.451 | INFO     | Screener   | [17/37] 串行任务区块 13/32 计算中...
2026-04-29 14:59:20.389 | INFO     | Screener   | [18/37] 串行任务区块 14/32 计算中...
2026-04-29 14:59:21.229 | INFO     | Screener   | [19/37] 串行任务区块 15/32 计算中...
2026-04-29 14:59:22.182 | INFO     | Screener   | [20/37] 串行任务区块 16/32 计算中...
2026-04-29 14:59:23.072 | INFO     | Screener   | [21/37] 串行任务区块 17/32 计算中...
2026-04-29 14:59:23.985 | INFO     | Screener   | [22/37] 串行任务区块 18/32 计算中...
2026-04-29 14:59:24.965 | INFO     | Screener   | [23/37] 串行任务区块 19/32 计算中...
2026-04-29 14:59:25.910 | INFO     | Screener   | [24/37] 串行任务区块 20/32 计算中...
2026-04-29 14:59:26.817 | INFO     | Screener   | [25/37] 串行任务区块 21/32 计算中...
2026-04-29 14:59:27.752 | INFO     | Screener   | [26/37] 串行任务区块 22/32 计算中...
2026-04-29 14:59:28.728 | INFO     | Screener   | [27/37] 串行任务区块 23/32 计算中...
2026-04-29 14:59:29.653 | INFO     | Screener   | [28/37] 串行任务区块 24/32 计算中...
2026-04-29 14:59:30.551 | INFO     | Screener   | [29/37] 串行任务区块 25/32 计算中...
2026-04-29 14:59:31.493 | INFO     | Screener   | [30/37] 串行任务区块 26/32 计算中...
2026-04-29 14:59:32.537 | INFO     | Screener   | [31/37] 串行任务区块 27/32 计算中...
2026-04-29 14:59:33.517 | INFO     | Screener   | [32/37] 串行任务区块 28/32 计算中...
2026-04-29 14:59:34.423 | INFO     | Screener   | [33/37] 串行任务区块 29/32 计算中...
2026-04-29 14:59:35.300 | INFO     | Screener   | [34/37] 串行任务区块 30/32 计算中...
2026-04-29 14:59:36.277 | INFO     | Screener   | [35/37] 串行任务区块 31/32 计算中...
2026-04-29 14:59:37.165 | INFO     | Screener   | [36/37] 串行任务区块 32/32 计算中...
2026-04-29 14:59:38.054 | INFO     | Screener   | [9/10] 关联元数据并排序...
2026-04-29 14:59:41.541 | INFO     | Screener   | 选股原始结果字段: ['date', 'time', 'open', 'high', 'low', 'close', 'volume', 'amount', 'settelementPrice', 'openInterest', 'preClose', 'suspendFlag', 'ts_code', 'trade_date', 'pre_close', 'change', 'pct_chg', 'vol', 'code', 'ma5', 'ma10', 'ma20', 'ma30', 'ma60', 'ma120', 'ma250', 'macd_dif', 'macd_dea', 'macd_hist', 'kdj_k', 'kdj_d', 'kdj_j', 'rsi_6', 'rsi_12', 'rsi_24', 'boll_upper', 'boll_mid', 'boll_lower', 'wr_14', 'filename_1', 'ma60_prev', 'res_20', 'avg_vol_20', 'vol_ratio', 'buy', 'buy_signal', 'sector_score', '__index_level_0__', 'name', 'sector', 'concept_score', 'total_score']
2026-04-29 14:59:41.543 | INFO     | Screener   | [10/10] ✅ 扫描完成: 锁定 1297 条信号
2026-04-29 14:59:41.569 | INFO     | AutoBuyer  | AutoBuyerDaemon | 收到 1297 个信号, 但自动交易未开启, 已丢弃。
2026-04-29 15:00:23.345 | INFO     | API-Screener | 📡 [API] 收到选股请求: break20
2026-04-29 15:00:23.346 | INFO     | API-Screener | 🚀 [Thread] 选股任务线程已启动: break20
2026-04-29 15:00:23.347 | INFO     | Screener   | 🔍 [Engine] run_scan 开始执行: break20, 频率: daily
2026-04-29 15:00:23.347 | INFO     | Screener   | [1/10] 加载股票元数据...
2026-04-29 15:00:23.375 | INFO     | Screener   | [3/10] 启动并行引擎 (32 核心) 加载并扫描 5202 只股票...
2026-04-29 15:00:23.396 | INFO     | Screener   | 📡 [Loader] 识别到桥接函数: break20.generate_signals()
2026-04-29 15:00:23.405 | INFO     | Screener   | 成功预加载大盘基准数据: 000905.SH (262 行)
2026-04-29 15:00:23.406 | INFO     | Screener   | [4/10] 正在进行全市场 RPS 动量预预算...
2026-04-29 15:00:35.460 | INFO     | API-Screener | 📡 [API] 收到选股请求: break20
2026-04-29 15:00:35.461 | INFO     | API-Screener | 🚀 [Thread] 选股任务线程已启动: break20
2026-04-29 15:00:35.461 | INFO     | Screener   | 🔍 [Engine] run_scan 开始执行: break20, 频率: daily
2026-04-29 15:00:35.463 | INFO     | Screener   | [1/10] 加载股票元数据...
2026-04-29 15:00:35.542 | INFO     | DuckDB     | get_stocks_filtered | 过滤结果: 1799 只 (index=['HS300', 'ZZ500', 'ZZ1000'], mv=[None,None]亿)
2026-04-29 15:00:35.544 | INFO     | Screener   | [3/10] 启动并行引擎 (32 核心) 加载并扫描 1799 只股票...
2026-04-29 15:00:35.582 | INFO     | Screener   | 📡 [Loader] 识别到桥接函数: break20.generate_signals()
2026-04-29 15:00:35.590 | INFO     | Screener   | 成功预加载大盘基准数据: 000905.SH (262 行)
2026-04-29 15:00:35.590 | INFO     | Screener   | [4/10] 正在进行全市场 RPS 动量预预算...
2026-04-29 15:00:46.722 | INFO     | Screener   | 成功构建全市场对比池 (用于 RPS): 1367421 条记录
2026-04-29 15:00:46.723 | INFO     | Screener   | [4.5/10] ⚡ QMT 极速行情引擎激活中：拉取当日最新真实验证切片(含夜盘离线快照)...
2026-04-29 15:00:47.990 | INFO     | Screener   | 成功获取 5202 只股票实时快照进行策略缝合
2026-04-29 15:00:47.991 | INFO     | Screener   | [5/37] 串行任务区块 1/32 计算中...
2026-04-29 15:00:49.350 | INFO     | Screener   | [6/37] 串行任务区块 2/32 计算中...
2026-04-29 15:00:50.596 | INFO     | Screener   | [7/37] 串行任务区块 3/32 计算中...
2026-04-29 15:00:51.914 | INFO     | Screener   | [8/37] 串行任务区块 4/32 计算中...
2026-04-29 15:00:53.138 | INFO     | Screener   | [9/37] 串行任务区块 5/32 计算中...
2026-04-29 15:00:54.290 | INFO     | Screener   | [10/37] 串行任务区块 6/32 计算中...
2026-04-29 15:00:55.665 | INFO     | Screener   | [11/37] 串行任务区块 7/32 计算中...
2026-04-29 15:00:57.099 | INFO     | Screener   | [12/37] 串行任务区块 8/32 计算中...
2026-04-29 15:00:58.383 | INFO     | Screener   | [13/37] 串行任务区块 9/32 计算中...
2026-04-29 15:00:59.794 | INFO     | Screener   | [14/37] 串行任务区块 10/32 计算中...
2026-04-29 15:01:01.901 | INFO     | Screener   | [15/37] 串行任务区块 11/32 计算中...
2026-04-29 15:01:04.008 | INFO     | Screener   | [16/37] 串行任务区块 12/32 计算中...
2026-04-29 15:01:10.599 | INFO     | Screener   | 成功构建全市场对比池 (用于 RPS): 1367421 条记录
2026-04-29 15:01:10.606 | INFO     | Screener   | [4.5/10] ⚡ QMT 极速行情引擎激活中：拉取当日最新真实验证切片(含夜盘离线快照)...
2026-04-29 15:01:10.644 | INFO     | Screener   | [17/37] 串行任务区块 13/32 计算中...
2026-04-29 15:01:11.038 | INFO     | Screener   | 成功获取 1799 只股票实时快照进行策略缝合
2026-04-29 15:01:11.047 | INFO     | Screener   | [5/37] 串行任务区块 1/32 计算中...
2026-04-29 15:01:11.877 | INFO     | Screener   | [6/37] 串行任务区块 2/32 计算中...
2026-04-29 15:01:11.959 | INFO     | Screener   | [18/37] 串行任务区块 14/32 计算中...
2026-04-29 15:01:12.377 | INFO     | Screener   | [7/37] 串行任务区块 3/32 计算中...
2026-04-29 15:01:12.858 | INFO     | Screener   | [8/37] 串行任务区块 4/32 计算中...
2026-04-29 15:01:13.628 | INFO     | Screener   | [9/37] 串行任务区块 5/32 计算中...
2026-04-29 15:01:13.721 | INFO     | Screener   | [19/37] 串行任务区块 15/32 计算中...
2026-04-29 15:01:14.125 | INFO     | Screener   | [10/37] 串行任务区块 6/32 计算中...
2026-04-29 15:01:14.657 | INFO     | Screener   | [11/37] 串行任务区块 7/32 计算中...
2026-04-29 15:01:15.461 | INFO     | Screener   | [12/37] 串行任务区块 8/32 计算中...
2026-04-29 15:01:15.523 | INFO     | Screener   | [20/37] 串行任务区块 16/32 计算中...
2026-04-29 15:01:16.000 | INFO     | Screener   | [13/37] 串行任务区块 9/32 计算中...
2026-04-29 15:01:16.495 | INFO     | Screener   | [14/37] 串行任务区块 10/32 计算中...
2026-04-29 15:01:17.204 | INFO     | Screener   | [15/37] 串行任务区块 11/32 计算中...
2026-04-29 15:01:17.301 | INFO     | Screener   | [21/37] 串行任务区块 17/32 计算中...
2026-04-29 15:01:17.698 | INFO     | Screener   | [16/37] 串行任务区块 12/32 计算中...
2026-04-29 15:01:18.197 | INFO     | Screener   | [17/37] 串行任务区块 13/32 计算中...
2026-04-29 15:01:18.981 | INFO     | Screener   | [18/37] 串行任务区块 14/32 计算中...
2026-04-29 15:01:19.070 | INFO     | Screener   | [22/37] 串行任务区块 18/32 计算中...
2026-04-29 15:01:19.474 | INFO     | Screener   | [19/37] 串行任务区块 15/32 计算中...
2026-04-29 15:01:20.211 | INFO     | Screener   | [20/37] 串行任务区块 16/32 计算中...
2026-04-29 15:01:20.682 | INFO     | Screener   | [23/37] 串行任务区块 19/32 计算中...
2026-04-29 15:01:20.748 | INFO     | Screener   | [21/37] 串行任务区块 17/32 计算中...
2026-04-29 15:01:21.230 | INFO     | Screener   | [22/37] 串行任务区块 18/32 计算中...
2026-04-29 15:01:22.114 | INFO     | Screener   | [23/37] 串行任务区块 19/32 计算中...
2026-04-29 15:01:22.275 | INFO     | Screener   | [24/37] 串行任务区块 20/32 计算中...
2026-04-29 15:01:22.660 | INFO     | Screener   | [24/37] 串行任务区块 20/32 计算中...
2026-04-29 15:01:23.113 | INFO     | Screener   | [25/37] 串行任务区块 21/32 计算中...
2026-04-29 15:01:23.896 | INFO     | Screener   | [26/37] 串行任务区块 22/32 计算中...
2026-04-29 15:01:24.023 | INFO     | Screener   | [25/37] 串行任务区块 21/32 计算中...
2026-04-29 15:01:24.430 | INFO     | Screener   | [27/37] 串行任务区块 23/32 计算中...
2026-04-29 15:01:24.883 | INFO     | Screener   | [28/37] 串行任务区块 24/32 计算中...
2026-04-29 15:01:25.631 | INFO     | Screener   | [29/37] 串行任务区块 25/32 计算中...
2026-04-29 15:01:25.715 | INFO     | Screener   | [26/37] 串行任务区块 22/32 计算中...
2026-04-29 15:01:26.129 | INFO     | Screener   | [30/37] 串行任务区块 26/32 计算中...
2026-04-29 15:01:26.994 | INFO     | Screener   | [31/37] 串行任务区块 27/32 计算中...
2026-04-29 15:01:27.131 | INFO     | Screener   | [27/37] 串行任务区块 23/32 计算中...
2026-04-29 15:01:27.591 | INFO     | Screener   | [32/37] 串行任务区块 28/32 计算中...
2026-04-29 15:01:28.394 | INFO     | Screener   | [33/37] 串行任务区块 29/32 计算中...
2026-04-29 15:01:28.733 | INFO     | Screener   | [28/37] 串行任务区块 24/32 计算中...
2026-04-29 15:01:28.977 | INFO     | Screener   | [34/37] 串行任务区块 30/32 计算中...
2026-04-29 15:01:29.384 | INFO     | Screener   | [35/37] 串行任务区块 31/32 计算中...
2026-04-29 15:01:30.182 | INFO     | Screener   | [36/37] 串行任务区块 32/32 计算中...
2026-04-29 15:01:30.426 | INFO     | Screener   | [29/37] 串行任务区块 25/32 计算中...
2026-04-29 15:01:30.579 | INFO     | Screener   | [9/10] 关联元数据并排序...
2026-04-29 15:01:31.521 | INFO     | Screener   | [30/37] 串行任务区块 26/32 计算中...
2026-04-29 15:01:32.607 | INFO     | Screener   | [31/37] 串行任务区块 27/32 计算中...
2026-04-29 15:01:33.712 | INFO     | Screener   | [32/37] 串行任务区块 28/32 计算中...
2026-04-29 15:01:33.761 | INFO     | Screener   | 选股原始结果字段: ['date', 'time', 'open', 'high', 'low', 'close', 'volume', 'amount', 'settelementPrice', 'openInterest', 'preClose', 'suspendFlag', 'ts_code', 'trade_date', 'pre_close', 'change', 'pct_chg', 'vol', 'code', 'ma5', 'ma10', 'ma20', 'ma30', 'ma60', 'ma120', 'ma250', 'macd_dif', 'macd_dea', 'macd_hist', 'kdj_k', 'kdj_d', 'kdj_j', 'rsi_6', 'rsi_12', 'rsi_24', 'boll_upper', 'boll_mid', 'boll_lower', 'wr_14', 'filename_1', 'ma60_prev', 'res_20', 'avg_vol_20', 'vol_ratio', 'buy', 'buy_signal', 'sector_score', '__index_level_0__', 'name', 'sector', 'concept_score', 'total_score']
2026-04-29 15:01:33.762 | INFO     | Screener   | [10/10] ✅ 扫描完成: 锁定 355 条信号
2026-04-29 15:01:33.789 | INFO     | AutoBuyer  | AutoBuyerDaemon | 收到 355 个信号, 但自动交易未开启, 已丢弃。
2026-04-29 15:01:34.718 | INFO     | Screener   | [33/37] 串行任务区块 29/32 计算中...
2026-04-29 15:01:35.565 | INFO     | Screener   | [34/37] 串行任务区块 30/32 计算中...
2026-04-29 15:01:36.439 | INFO     | Screener   | [35/37] 串行任务区块 31/32 计算中...
2026-04-29 15:01:37.380 | INFO     | Screener   | [36/37] 串行任务区块 32/32 计算中...
2026-04-29 15:01:38.246 | INFO     | Screener   | [9/10] 关联元数据并排序...
2026-04-29 15:01:42.204 | INFO     | Screener   | 选股原始结果字段: ['date', 'time', 'open', 'high', 'low', 'close', 'volume', 'amount', 'settelementPrice', 'openInterest', 'preClose', 'suspendFlag', 'ts_code', 'trade_date', 'pre_close', 'change', 'pct_chg', 'vol', 'code', 'ma5', 'ma10', 'ma20', 'ma30', 'ma60', 'ma120', 'ma250', 'macd_dif', 'macd_dea', 'macd_hist', 'kdj_k', 'kdj_d', 'kdj_j', 'rsi_6', 'rsi_12', 'rsi_24', 'boll_upper', 'boll_mid', 'boll_lower', 'wr_14', 'filename_1', 'ma60_prev', 'res_20', 'avg_vol_20', 'vol_ratio', 'buy', 'buy_signal', 'sector_score', '__index_level_0__', 'name', 'sector', 'concept_score', 'total_score']
2026-04-29 15:01:42.206 | INFO     | Screener   | [10/10] ✅ 扫描完成: 锁定 1297 条信号
2026-04-29 15:01:42.222 | INFO     | AutoBuyer  | AutoBuyerDaemon | 收到 1297 个信号, 但自动交易未开启, 已丢弃。
2026-04-29 15:03:01.173 | INFO     | API-Screener | 📡 [API] 收到选股请求: break20
2026-04-29 15:03:01.174 | INFO     | API-Screener | 🚀 [Thread] 选股任务线程已启动: break20
2026-04-29 15:03:01.176 | INFO     | Screener   | 🔍 [Engine] run_scan 开始执行: break20, 频率: daily
2026-04-29 15:03:01.177 | INFO     | Screener   | [1/10] 加载股票元数据...
2026-04-29 15:03:01.204 | INFO     | Screener   | [3/10] 启动并行引擎 (32 核心) 加载并扫描 5202 只股票...
2026-04-29 15:03:01.224 | INFO     | Screener   | 📡 [Loader] 识别到桥接函数: break20.generate_signals()
2026-04-29 15:03:01.231 | INFO     | Screener   | 成功预加载大盘基准数据: 000905.SH (242 行)
2026-04-29 15:03:01.231 | INFO     | Screener   | [4/10] 正在进行全市场 RPS 动量预预算...
2026-04-29 15:03:25.995 | INFO     | Screener   | 成功构建全市场对比池 (用于 RPS): 1263201 条记录
2026-04-29 15:03:25.996 | INFO     | Screener   | [4.5/10] ⚡ QMT 极速行情引擎激活中：拉取当日最新真实验证切片(含夜盘离线快照)...
2026-04-29 15:03:27.343 | INFO     | Screener   | 成功获取 5202 只股票实时快照进行策略缝合
2026-04-29 15:03:27.344 | INFO     | Screener   | [5/37] 串行任务区块 1/32 计算中...
2026-04-29 15:03:28.130 | INFO     | Screener   | [6/37] 串行任务区块 2/32 计算中...
2026-04-29 15:03:28.914 | INFO     | Screener   | [7/37] 串行任务区块 3/32 计算中...
2026-04-29 15:03:29.663 | INFO     | Screener   | [8/37] 串行任务区块 4/32 计算中...
2026-04-29 15:03:30.398 | INFO     | Screener   | [9/37] 串行任务区块 5/32 计算中...
2026-04-29 15:03:31.126 | INFO     | Screener   | [10/37] 串行任务区块 6/32 计算中...
2026-04-29 15:03:31.918 | INFO     | Screener   | [11/37] 串行任务区块 7/32 计算中...
2026-04-29 15:03:32.642 | INFO     | Screener   | [12/37] 串行任务区块 8/32 计算中...
2026-04-29 15:03:33.440 | INFO     | Screener   | [13/37] 串行任务区块 9/32 计算中...
2026-04-29 15:03:48.901 | INFO     | DuckDB     | DuckDB | 所有核心表结构初始化完成 (含热点板块)
2026-04-29 15:03:48.909 | INFO     | DuckDB     | DuckDB 核心就绪: E:\1target\p9_project\quant-platform\data\meta\meta.db
2026-04-29 15:03:51.998 | INFO     | API-Server | P9 Quant Platform Background Tasks Startup...
2026-04-29 15:03:52.015 | INFO     | CronScheduler | CronScheduler | 每日数据收割机被安排在每个工作日的 08:30 执行。
2026-04-29 15:03:52.017 | INFO     | CronScheduler | CronScheduler | 每日数据收割机被安排在每个工作日的 17:30 执行。
2026-04-29 15:03:52.018 | INFO     | CronScheduler | CronScheduler | Redis→DuckDB 收割机已安排在每个工作日 15:30 执行。
2026-04-29 15:03:52.019 | INFO     | CronScheduler | CronScheduler | 概念数据同步已安排在每日 09:00 执行。
2026-04-29 15:03:52.021 | INFO     | CronScheduler | CronScheduler | 板块热度重算已安排在每个交易日 5 分钟/次。
2026-04-29 15:03:52.022 | INFO     | CronScheduler | CronScheduler | 收盘热度终版快照已安排在 15:30 执行。
2026-04-29 15:03:52.023 | INFO     | CronScheduler | CronScheduler | 自动调度服务(APScheduler) 已启动。
2026-04-29 15:03:57.039 | INFO     | ParquetPipeline | ParquetPipeline | Fetching daily k-lines from 20260419 to 20260429...
2026-04-29 15:03:57.191 | INFO     | ParquetPipeline | ParquetPipeline | Pulling market for 20260429...
2026-04-29 15:03:57.320 | INFO     | ParquetPipeline | ParquetPipeline | Pulling market for 20260428...
2026-04-29 15:03:58.205 | INFO     | ParquetPipeline | ParquetPipeline | Pulling market for 20260427...
2026-04-29 15:03:59.367 | INFO     | ParquetPipeline | ParquetPipeline | Pulling market for 20260424...
2026-04-29 15:04:00.273 | INFO     | ParquetPipeline | ParquetPipeline | Pulling market for 20260423...
2026-04-29 15:04:01.122 | INFO     | ParquetPipeline | ParquetPipeline | Pulling market for 20260422...
2026-04-29 15:04:02.411 | INFO     | ParquetPipeline | ParquetPipeline | Pulling market for 20260421...
2026-04-29 15:04:03.320 | INFO     | ParquetPipeline | ParquetPipeline | Pulling market for 20260420...
2026-04-29 15:04:04.606 | INFO     | ParquetPipeline | ParquetPipeline | Writing 5507 stocks to Parquet...
2026-04-29 15:04:15.937 | INFO     | API-Screener | 📡 [API] 收到选股请求: break20
2026-04-29 15:04:15.940 | INFO     | API-Screener | 🚀 [Thread] 选股任务线程已启动: break20
2026-04-29 15:04:15.944 | INFO     | Screener   | 🔍 [Engine] run_scan 开始执行: break20, 频率: daily
2026-04-29 15:04:15.947 | INFO     | Screener   | [1/10] 加载股票元数据...
2026-04-29 15:04:15.978 | INFO     | DuckDB     | get_stocks_filtered | 过滤结果: 1299 只 (index=['HS300', 'ZZ1000'], mv=[None,None]亿)
2026-04-29 15:04:15.979 | INFO     | Screener   | [3/10] 启动并行引擎 (32 核心) 加载并扫描 1299 只股票...
2026-04-29 15:04:16.016 | INFO     | Screener   | 📡 [Loader] 识别到桥接函数: break20.generate_signals()
2026-04-29 15:04:16.031 | INFO     | Screener   | 成功预加载大盘基准数据: 000905.SH (242 行)
2026-04-29 15:04:16.033 | INFO     | Screener   | [4/10] 正在进行全市场 RPS 动量预预算...
2026-04-29 15:05:12.979 | INFO     | Screener   | 成功构建全市场对比池 (用于 RPS): 1263201 条记录
2026-04-29 15:05:12.982 | INFO     | Screener   | [4.5/10] ⚡ QMT 极速行情引擎激活中：拉取当日最新真实验证切片(含夜盘离线快照)...
2026-04-29 15:05:13.374 | INFO     | Screener   | 成功获取 1299 只股票实时快照进行策略缝合
2026-04-29 15:05:13.375 | INFO     | Screener   | [5/31] 串行任务区块 1/26 计算中...
2026-04-29 15:05:14.282 | INFO     | Screener   | [6/31] 串行任务区块 2/26 计算中...
2026-04-29 15:05:15.281 | INFO     | Screener   | [7/31] 串行任务区块 3/26 计算中...
2026-04-29 15:05:16.218 | INFO     | Screener   | [8/31] 串行任务区块 4/26 计算中...
2026-04-29 15:05:17.186 | INFO     | Screener   | [9/31] 串行任务区块 5/26 计算中...
2026-04-29 15:05:18.092 | INFO     | Screener   | [10/31] 串行任务区块 6/26 计算中...
2026-04-29 15:05:19.112 | INFO     | Screener   | [11/31] 串行任务区块 7/26 计算中...
2026-04-29 15:05:20.166 | INFO     | Screener   | [12/31] 串行任务区块 8/26 计算中...
2026-04-29 15:05:21.117 | INFO     | Screener   | [13/31] 串行任务区块 9/26 计算中...
2026-04-29 15:05:22.030 | INFO     | Screener   | [14/31] 串行任务区块 10/26 计算中...
2026-04-29 15:05:22.949 | INFO     | Screener   | [15/31] 串行任务区块 11/26 计算中...
2026-04-29 15:05:23.952 | INFO     | Screener   | [16/31] 串行任务区块 12/26 计算中...
2026-04-29 15:05:24.921 | INFO     | Screener   | [17/31] 串行任务区块 13/26 计算中...
2026-04-29 15:05:25.888 | INFO     | Screener   | [18/31] 串行任务区块 14/26 计算中...
2026-04-29 15:05:26.861 | INFO     | Screener   | [19/31] 串行任务区块 15/26 计算中...
2026-04-29 15:05:27.788 | INFO     | Screener   | [20/31] 串行任务区块 16/26 计算中...
2026-04-29 15:05:28.774 | INFO     | Screener   | [21/31] 串行任务区块 17/26 计算中...
2026-04-29 15:05:29.714 | INFO     | Screener   | [22/31] 串行任务区块 18/26 计算中...
2026-04-29 15:05:30.578 | INFO     | Screener   | [23/31] 串行任务区块 19/26 计算中...
2026-04-29 15:05:31.495 | INFO     | Screener   | [24/31] 串行任务区块 20/26 计算中...
2026-04-29 15:05:32.471 | INFO     | Screener   | [25/31] 串行任务区块 21/26 计算中...
2026-04-29 15:05:33.452 | INFO     | Screener   | [26/31] 串行任务区块 22/26 计算中...
2026-04-29 15:05:34.398 | INFO     | Screener   | [27/31] 串行任务区块 23/26 计算中...
2026-04-29 15:05:35.309 | INFO     | Screener   | [28/31] 串行任务区块 24/26 计算中...
2026-04-29 15:05:36.249 | INFO     | Screener   | [29/31] 串行任务区块 25/26 计算中...
2026-04-29 15:05:37.158 | INFO     | Screener   | [30/31] 串行任务区块 26/26 计算中...
2026-04-29 15:05:42.658 | INFO     | API-Screener | 📡 [API] 收到选股请求: break20
2026-04-29 15:05:42.660 | INFO     | API-Screener | 🚀 [Thread] 选股任务线程已启动: break20
2026-04-29 15:05:42.662 | INFO     | Screener   | 🔍 [Engine] run_scan 开始执行: break20, 频率: daily
2026-04-29 15:05:42.662 | INFO     | Screener   | [1/10] 加载股票元数据...
2026-04-29 15:05:42.698 | INFO     | DuckDB     | get_stocks_filtered | 过滤结果: 1799 只 (index=['HS300', 'ZZ500', 'ZZ1000'], mv=[None,None]亿)
2026-04-29 15:05:42.701 | INFO     | Screener   | [3/10] 启动并行引擎 (32 核心) 加载并扫描 1799 只股票...
2026-04-29 15:05:42.738 | INFO     | Screener   | 📡 [Loader] 识别到桥接函数: break20.generate_signals()
2026-04-29 15:05:42.762 | INFO     | Screener   | 成功预加载大盘基准数据: 000905.SH (242 行)
2026-04-29 15:05:42.763 | INFO     | Screener   | [4/10] 正在进行全市场 RPS 动量预预算...
2026-04-29 15:06:42.532 | INFO     | Screener   | 成功构建全市场对比池 (用于 RPS): 1263201 条记录
2026-04-29 15:06:42.533 | INFO     | Screener   | [4.5/10] ⚡ QMT 极速行情引擎激活中：拉取当日最新真实验证切片(含夜盘离线快照)...
2026-04-29 15:06:42.934 | INFO     | Screener   | 成功获取 1799 只股票实时快照进行策略缝合
2026-04-29 15:06:42.935 | INFO     | Screener   | [5/37] 串行任务区块 1/32 计算中...
2026-04-29 15:06:43.997 | INFO     | Screener   | [6/37] 串行任务区块 2/32 计算中...
2026-04-29 15:06:45.007 | INFO     | Screener   | [7/37] 串行任务区块 3/32 计算中...
2026-04-29 15:06:46.002 | INFO     | Screener   | [8/37] 串行任务区块 4/32 计算中...
2026-04-29 15:06:46.895 | INFO     | Screener   | [9/37] 串行任务区块 5/32 计算中...
2026-04-29 15:06:47.852 | INFO     | Screener   | [10/37] 串行任务区块 6/32 计算中...
2026-04-29 15:06:48.914 | INFO     | Screener   | [11/37] 串行任务区块 7/32 计算中...
2026-04-29 15:06:49.115 | INFO     | Screener   | [12/37] 串行任务区块 8/32 计算中...
2026-04-29 15:06:50.231 | INFO     | Screener   | [13/37] 串行任务区块 9/32 计算中...
2026-04-29 15:06:51.176 | INFO     | Screener   | [14/37] 串行任务区块 10/32 计算中...
2026-04-29 15:06:52.262 | INFO     | Screener   | [15/37] 串行任务区块 11/32 计算中...
2026-04-29 15:06:53.284 | INFO     | Screener   | [16/37] 串行任务区块 12/32 计算中...
2026-04-29 15:06:54.362 | INFO     | Screener   | [17/37] 串行任务区块 13/32 计算中...
2026-04-29 15:06:55.577 | INFO     | Screener   | [18/37] 串行任务区块 14/32 计算中...
2026-04-29 15:06:56.890 | INFO     | Screener   | [19/37] 串行任务区块 15/32 计算中...
2026-04-29 15:06:58.176 | INFO     | Screener   | [20/37] 串行任务区块 16/32 计算中...
2026-04-29 15:06:59.457 | INFO     | Screener   | [21/37] 串行任务区块 17/32 计算中...
2026-04-29 15:07:00.644 | INFO     | Screener   | [22/37] 串行任务区块 18/32 计算中...
2026-04-29 15:07:01.770 | INFO     | Screener   | [23/37] 串行任务区块 19/32 计算中...
2026-04-29 15:07:03.000 | INFO     | Screener   | [24/37] 串行任务区块 20/32 计算中...
2026-04-29 15:07:04.256 | INFO     | Screener   | [25/37] 串行任务区块 21/32 计算中...
2026-04-29 15:07:05.515 | INFO     | Screener   | [26/37] 串行任务区块 22/32 计算中...
2026-04-29 15:07:06.763 | INFO     | Screener   | [27/37] 串行任务区块 23/32 计算中...
2026-04-29 15:07:08.022 | INFO     | Screener   | [28/37] 串行任务区块 24/32 计算中...
2026-04-29 15:07:09.285 | INFO     | Screener   | [29/37] 串行任务区块 25/32 计算中...
2026-04-29 15:07:10.481 | INFO     | Screener   | [30/37] 串行任务区块 26/32 计算中...
2026-04-29 15:07:11.675 | INFO     | Screener   | [31/37] 串行任务区块 27/32 计算中...
2026-04-29 15:07:12.668 | INFO     | Screener   | [32/37] 串行任务区块 28/32 计算中...
2026-04-29 15:07:13.679 | INFO     | Screener   | [33/37] 串行任务区块 29/32 计算中...
2026-04-29 15:07:14.735 | INFO     | Screener   | [34/37] 串行任务区块 30/32 计算中...
2026-04-29 15:07:15.678 | INFO     | Screener   | [35/37] 串行任务区块 31/32 计算中...
2026-04-29 15:07:16.582 | INFO     | Screener   | [36/37] 串行任务区块 32/32 计算中...
2026-04-29 15:09:17.535 | INFO     | DuckDB     | DuckDB | 创建虚拟视图成功: kline_daily_view -> E:/1target/p9_project/quant-platform/data/parquet/daily/*.parquet
2026-04-29 15:09:17.537 | INFO     | ParquetPipeline | ParquetPipeline | Daily K-lines fully synced.
2026-04-29 15:11:52.129 | WARNING  | DuckDB     | DuckDB | 数据库占用中，准备重试... (1/5)
2026-04-29 15:11:52.723 | WARNING  | DuckDB     | DuckDB | 数据库占用中，准备重试... (2/5)
2026-04-29 15:11:53.315 | WARNING  | DuckDB     | DuckDB | 数据库占用中，准备重试... (3/5)
2026-04-29 15:11:53.909 | WARNING  | DuckDB     | DuckDB | 数据库占用中，准备重试... (4/5)
2026-04-29 15:11:54.507 | ERROR    | DuckDB     | DuckDB | 无法连接到数据库: IO Error: Cannot open file "E:\1target\p9_project\quant-platform\data\meta\meta.db": 另一个程序正在使用此文件，进程无法访问。

File is already open in 
D:\Program Files\Python313\python.exe (PID 14568)
2026-04-29 15:11:54.507 | ERROR    | DuckDB     | DuckDB | 初始化表结构失败: IO Error: Cannot open file "E:\1target\p9_project\quant-platform\data\meta\meta.db": 另一个程序正在使用此文件，进程无法访问。

File is already open in 
D:\Program Files\Python313\python.exe (PID 14568)
2026-04-29 15:12:10.537 | WARNING  | DuckDB     | DuckDB | 数据库占用中，准备重试... (1/5)
2026-04-29 15:12:11.132 | WARNING  | DuckDB     | DuckDB | 数据库占用中，准备重试... (2/5)
2026-04-29 15:12:11.731 | WARNING  | DuckDB     | DuckDB | 数据库占用中，准备重试... (3/5)
2026-04-29 15:12:12.326 | WARNING  | DuckDB     | DuckDB | 数据库占用中，准备重试... (4/5)
2026-04-29 15:12:12.932 | ERROR    | DuckDB     | DuckDB | 无法连接到数据库: IO Error: Cannot open file "E:\1target\p9_project\quant-platform\data\meta\meta.db": 另一个程序正在使用此文件，进程无法访问。

File is already open in 
D:\Program Files\Python313\python.exe (PID 14568)
2026-04-29 15:12:12.933 | ERROR    | DuckDB     | DuckDB | 初始化表结构失败: IO Error: Cannot open file "E:\1target\p9_project\quant-platform\data\meta\meta.db": 另一个程序正在使用此文件，进程无法访问。

File is already open in 
D:\Program Files\Python313\python.exe (PID 14568)
2026-04-29 15:12:33.938 | WARNING  | DuckDB     | DuckDB | 数据库占用中，准备重试... (1/5)
2026-04-29 15:12:34.533 | WARNING  | DuckDB     | DuckDB | 数据库占用中，准备重试... (2/5)
2026-04-29 15:12:35.128 | WARNING  | DuckDB     | DuckDB | 数据库占用中，准备重试... (3/5)
2026-04-29 15:12:35.723 | WARNING  | DuckDB     | DuckDB | 数据库占用中，准备重试... (4/5)
2026-04-29 15:12:36.316 | ERROR    | DuckDB     | DuckDB | 无法连接到数据库: IO Error: Cannot open file "E:\1target\p9_project\quant-platform\data\meta\meta.db": 另一个程序正在使用此文件，进程无法访问。

File is already open in 
D:\Program Files\Python313\python.exe (PID 14568)
2026-04-29 15:12:36.319 | ERROR    | DuckDB     | DuckDB | 初始化表结构失败: IO Error: Cannot open file "E:\1target\p9_project\quant-platform\data\meta\meta.db": 另一个程序正在使用此文件，进程无法访问。

File is already open in 
D:\Program Files\Python313\python.exe (PID 14568)
2026-04-29 15:13:17.539 | INFO     | DuckDB     | DuckDB | 所有核心表结构初始化完成 (含热点板块)
2026-04-29 15:13:17.540 | INFO     | DuckDB     | DuckDB 核心就绪: E:\1target\p9_project\quant-platform\data\meta\meta.db
2026-04-29 15:13:20.121 | INFO     | API-Server | P9 Quant Platform Background Tasks Startup...
2026-04-29 15:13:20.125 | INFO     | CronScheduler | CronScheduler | 每日数据收割机被安排在每个工作日的 08:30 执行。
2026-04-29 15:13:20.125 | INFO     | CronScheduler | CronScheduler | 每日数据收割机被安排在每个工作日的 17:30 执行。
2026-04-29 15:13:20.126 | INFO     | CronScheduler | CronScheduler | Redis→DuckDB 收割机已安排在每个工作日 15:30 执行。
2026-04-29 15:13:20.126 | INFO     | CronScheduler | CronScheduler | 概念数据同步已安排在每日 09:00 执行。
2026-04-29 15:13:20.126 | INFO     | CronScheduler | CronScheduler | 板块热度重算已安排在每个交易日 5 分钟/次。
2026-04-29 15:13:20.126 | INFO     | CronScheduler | CronScheduler | 收盘热度终版快照已安排在 15:30 执行。
2026-04-29 15:13:20.127 | INFO     | CronScheduler | CronScheduler | 自动调度服务(APScheduler) 已启动。
2026-04-29 15:13:25.143 | INFO     | ParquetPipeline | ParquetPipeline | Fetching daily k-lines from 20260419 to 20260429...
2026-04-29 15:13:25.301 | INFO     | ParquetPipeline | ParquetPipeline | Pulling market for 20260429...
2026-04-29 15:13:25.430 | INFO     | ParquetPipeline | ParquetPipeline | Pulling market for 20260428...
2026-04-29 15:13:26.146 | INFO     | ParquetPipeline | ParquetPipeline | Pulling market for 20260427...
2026-04-29 15:13:26.908 | INFO     | ParquetPipeline | ParquetPipeline | Pulling market for 20260424...
2026-04-29 15:13:27.695 | INFO     | ParquetPipeline | ParquetPipeline | Pulling market for 20260423...
2026-04-29 15:13:28.379 | INFO     | ParquetPipeline | ParquetPipeline | Pulling market for 20260422...
2026-04-29 15:13:29.112 | INFO     | ParquetPipeline | ParquetPipeline | Pulling market for 20260421...
2026-04-29 15:13:29.856 | INFO     | ParquetPipeline | ParquetPipeline | Pulling market for 20260420...
2026-04-29 15:13:30.591 | INFO     | ParquetPipeline | ParquetPipeline | Writing 5507 stocks to Parquet...
2026-04-29 15:14:40.770 | INFO     | DuckDB     | DuckDB | 创建虚拟视图成功: kline_daily_view -> E:/1target/p9_project/quant-platform/data/parquet/daily/*.parquet
2026-04-29 15:14:40.771 | INFO     | ParquetPipeline | ParquetPipeline | Daily K-lines fully synced.
2026-04-29 15:14:48.717 | WARNING  | DuckDB     | DuckDB | 数据库占用中，准备重试... (1/5)
2026-04-29 15:14:49.314 | WARNING  | DuckDB     | DuckDB | 数据库占用中，准备重试... (2/5)
2026-04-29 15:14:49.910 | WARNING  | DuckDB     | DuckDB | 数据库占用中，准备重试... (3/5)
2026-04-29 15:14:50.506 | WARNING  | DuckDB     | DuckDB | 数据库占用中，准备重试... (4/5)
2026-04-29 15:14:51.103 | ERROR    | DuckDB     | DuckDB | 无法连接到数据库: IO Error: Cannot open file "E:\1target\p9_project\quant-platform\data\meta\meta.db": 另一个程序正在使用此文件，进程无法访问。

File is already open in 
C:\Python314\python.exe (PID 51208)
2026-04-29 15:14:51.104 | ERROR    | DuckDB     | DuckDB | 初始化表结构失败: IO Error: Cannot open file "E:\1target\p9_project\quant-platform\data\meta\meta.db": 另一个程序正在使用此文件，进程无法访问。

File is already open in 
C:\Python314\python.exe (PID 51208)
2026-04-29 15:15:18.051 | INFO     | API-Screener | 📡 [API] 收到选股请求: unknown
2026-04-29 15:15:18.051 | INFO     | API-Screener | 🚀 [Thread] 选股任务线程已启动: None
2026-04-29 15:15:18.052 | ERROR    | API-Screener | 扫描任务执行崩溃: 'strategy_name'
Traceback (most recent call last):
  File "E:\1target\p9_project\quant-platform\app\api\screener.py", line 48, in _do_scan
    strategy_name=req['strategy_name'],
                  ~~~^^^^^^^^^^^^^^^^^
KeyError: 'strategy_name'

2026-04-29 15:15:26.947 | INFO     | API-Screener | 📡 [API] 收到选股请求: break20
2026-04-29 15:15:26.947 | INFO     | API-Screener | 🚀 [Thread] 选股任务线程已启动: break20
2026-04-29 15:15:26.948 | INFO     | Screener   | 🔍 [Engine] run_scan 开始执行: break20, 频率: daily
2026-04-29 15:15:26.948 | INFO     | Screener   | [1/10] 加载股票元数据...
2026-04-29 15:15:26.959 | INFO     | Screener   | [3/10] 启动并行引擎 (32 核心) 加载并扫描 2890 只股票...
2026-04-29 15:15:26.967 | INFO     | Screener   | 📡 [Loader] 识别到桥接函数: break20.generate_signals()
2026-04-29 15:15:26.973 | INFO     | Screener   | 成功预加载大盘基准数据: 000905.SH (262 行)
2026-04-29 15:15:26.973 | INFO     | Screener   | [4/10] 正在进行全市场 RPS 动量预预算...
2026-04-29 15:15:42.302 | INFO     | Screener   | 成功构建全市场对比池 (用于 RPS): 1367421 条记录
2026-04-29 15:15:42.303 | INFO     | Screener   | [4.5/10] ⚡ QMT 极速行情引擎激活中：拉取当日最新真实验证切片(含夜盘离线快照)...
2026-04-29 15:15:43.031 | INFO     | Screener   | 成功获取 2890 只股票实时快照进行策略缝合
2026-04-29 15:15:43.031 | INFO     | Screener   | [5/37] 串行任务区块 1/32 计算中...
2026-04-29 15:15:43.417 | INFO     | Screener   | [6/37] 串行任务区块 2/32 计算中...
2026-04-29 15:15:43.747 | INFO     | Screener   | [7/37] 串行任务区块 3/32 计算中...
2026-04-29 15:15:44.033 | INFO     | Screener   | [8/37] 串行任务区块 4/32 计算中...
2026-04-29 15:15:44.349 | INFO     | Screener   | [9/37] 串行任务区块 5/32 计算中...
2026-04-29 15:15:44.642 | INFO     | Screener   | [10/37] 串行任务区块 6/32 计算中...
2026-04-29 15:15:44.928 | INFO     | Screener   | [11/37] 串行任务区块 7/32 计算中...
2026-04-29 15:15:45.227 | INFO     | Screener   | [12/37] 串行任务区块 8/32 计算中...
2026-04-29 15:15:45.522 | INFO     | Screener   | [13/37] 串行任务区块 9/32 计算中...
2026-04-29 15:15:45.830 | INFO     | Screener   | [14/37] 串行任务区块 10/32 计算中...
2026-04-29 15:15:46.194 | INFO     | Screener   | [15/37] 串行任务区块 11/32 计算中...
2026-04-29 15:15:46.530 | INFO     | Screener   | [16/37] 串行任务区块 12/32 计算中...
2026-04-29 15:15:46.839 | INFO     | Screener   | [17/37] 串行任务区块 13/32 计算中...
2026-04-29 15:15:47.118 | INFO     | Screener   | [18/37] 串行任务区块 14/32 计算中...
2026-04-29 15:15:47.449 | INFO     | Screener   | [19/37] 串行任务区块 15/32 计算中...
2026-04-29 15:15:47.753 | INFO     | Screener   | [20/37] 串行任务区块 16/32 计算中...
2026-04-29 15:15:48.059 | INFO     | Screener   | [21/37] 串行任务区块 17/32 计算中...
2026-04-29 15:15:48.352 | INFO     | Screener   | [22/37] 串行任务区块 18/32 计算中...
2026-04-29 15:15:48.645 | INFO     | Screener   | [23/37] 串行任务区块 19/32 计算中...
2026-04-29 15:15:48.985 | INFO     | Screener   | [24/37] 串行任务区块 20/32 计算中...
2026-04-29 15:15:49.283 | INFO     | Screener   | [25/37] 串行任务区块 21/32 计算中...
2026-04-29 15:15:49.584 | INFO     | Screener   | [26/37] 串行任务区块 22/32 计算中...
2026-04-29 15:15:49.857 | INFO     | Screener   | [27/37] 串行任务区块 23/32 计算中...
2026-04-29 15:15:50.151 | INFO     | Screener   | [28/37] 串行任务区块 24/32 计算中...
2026-04-29 15:15:50.473 | INFO     | Screener   | [29/37] 串行任务区块 25/32 计算中...
2026-04-29 15:15:50.755 | INFO     | Screener   | [30/37] 串行任务区块 26/32 计算中...
2026-04-29 15:15:51.054 | INFO     | Screener   | [31/37] 串行任务区块 27/32 计算中...
2026-04-29 15:15:51.392 | INFO     | Screener   | [32/37] 串行任务区块 28/32 计算中...
2026-04-29 15:15:51.737 | INFO     | Screener   | [33/37] 串行任务区块 29/32 计算中...
2026-04-29 15:15:52.037 | INFO     | Screener   | [34/37] 串行任务区块 30/32 计算中...
2026-04-29 15:15:52.324 | INFO     | Screener   | [35/37] 串行任务区块 31/32 计算中...
2026-04-29 15:15:52.608 | INFO     | Screener   | [36/37] 串行任务区块 32/32 计算中...
2026-04-29 15:15:52.820 | INFO     | Screener   | [9/10] 关联元数据并排序...
2026-04-29 15:15:53.360 | INFO     | Screener   | 选股原始结果字段: ['date', 'time', 'open', 'high', 'low', 'close', 'volume', 'amount', 'settelementPrice', 'openInterest', 'preClose', 'suspendFlag', 'ts_code', 'trade_date', 'pre_close', 'change', 'pct_chg', 'vol', 'code', 'ma5', 'ma10', 'ma20', 'ma30', 'ma60', 'ma120', 'ma250', 'macd_dif', 'macd_dea', 'macd_hist', 'kdj_k', 'kdj_d', 'kdj_j', 'rsi_6', 'rsi_12', 'rsi_24', 'boll_upper', 'boll_mid', 'boll_lower', 'wr_14', 'filename_1', 'ma60_prev', 'res_20', 'avg_vol_20', 'vol_ratio', 'buy', 'buy_signal', 'sector_score', '__index_level_0__', 'name', 'sector', 'concept_score', 'total_score']
2026-04-29 15:15:53.362 | INFO     | Screener   | [10/10] ✅ 扫描完成: 锁定 718 条信号
2026-04-29 15:15:53.375 | INFO     | AutoBuyer  | AutoBuyerDaemon | 收到 718 个信号, 但自动交易未开启, 已丢弃。
2026-04-29 15:21:53.127 | INFO     | API-Screener | 📡 [API] 收到选股请求: break20
2026-04-29 15:21:53.128 | INFO     | API-Screener | 🚀 [Thread] 选股任务线程已启动: break20
2026-04-29 15:21:53.129 | INFO     | Screener   | 🔍 [Engine] run_scan 开始执行: break20, 频率: daily
2026-04-29 15:21:53.129 | INFO     | Screener   | [1/10] 加载股票元数据...
2026-04-29 15:21:53.140 | INFO     | DuckDB     | get_stocks_filtered | 过滤结果: 1799 只 (index=['HS300', 'ZZ500', 'ZZ1000'], mv=[None,None]亿)
2026-04-29 15:21:53.141 | INFO     | Screener   | [3/10] 启动并行引擎 (32 核心) 加载并扫描 1799 只股票...
2026-04-29 15:21:53.147 | INFO     | Screener   | 📡 [Loader] 识别到桥接函数: break20.generate_signals()
2026-04-29 15:21:53.152 | INFO     | Screener   | 成功预加载大盘基准数据: 000905.SH (242 行)
2026-04-29 15:21:53.152 | INFO     | Screener   | [4/10] 正在进行全市场 RPS 动量预预算...
2026-04-29 15:22:09.323 | INFO     | Screener   | 成功构建全市场对比池 (用于 RPS): 1263201 条记录
2026-04-29 15:22:09.324 | INFO     | Screener   | [4.5/10] ⚡ QMT 极速行情引擎激活中：拉取当日最新真实验证切片(含夜盘离线快照)...
2026-04-29 15:22:09.714 | INFO     | Screener   | 成功获取 1799 只股票实时快照进行策略缝合
2026-04-29 15:22:09.714 | INFO     | Screener   | [5/37] 串行任务区块 1/32 计算中...
2026-04-29 15:22:10.018 | INFO     | Screener   | [6/37] 串行任务区块 2/32 计算中...
2026-04-29 15:22:10.292 | INFO     | Screener   | [7/37] 串行任务区块 3/32 计算中...
2026-04-29 15:22:10.566 | INFO     | Screener   | [8/37] 串行任务区块 4/32 计算中...
2026-04-29 15:22:10.838 | INFO     | Screener   | [9/37] 串行任务区块 5/32 计算中...
2026-04-29 15:22:11.100 | INFO     | Screener   | [10/37] 串行任务区块 6/32 计算中...
2026-04-29 15:22:11.355 | INFO     | Screener   | [11/37] 串行任务区块 7/32 计算中...
2026-04-29 15:22:11.618 | INFO     | Screener   | [12/37] 串行任务区块 8/32 计算中...
2026-04-29 15:22:11.886 | INFO     | Screener   | [13/37] 串行任务区块 9/32 计算中...
2026-04-29 15:22:12.169 | INFO     | Screener   | [14/37] 串行任务区块 10/32 计算中...
2026-04-29 15:22:12.421 | INFO     | Screener   | [15/37] 串行任务区块 11/32 计算中...
2026-04-29 15:22:12.670 | INFO     | Screener   | [16/37] 串行任务区块 12/32 计算中...
2026-04-29 15:22:12.918 | INFO     | Screener   | [17/37] 串行任务区块 13/32 计算中...
2026-04-29 15:22:13.183 | INFO     | Screener   | [18/37] 串行任务区块 14/32 计算中...
2026-04-29 15:22:13.428 | INFO     | Screener   | [19/37] 串行任务区块 15/32 计算中...
2026-04-29 15:22:13.664 | INFO     | Screener   | [20/37] 串行任务区块 16/32 计算中...
2026-04-29 15:22:13.907 | INFO     | Screener   | [21/37] 串行任务区块 17/32 计算中...
2026-04-29 15:22:14.152 | INFO     | Screener   | [22/37] 串行任务区块 18/32 计算中...
2026-04-29 15:22:14.398 | INFO     | Screener   | [23/37] 串行任务区块 19/32 计算中...
2026-04-29 15:22:14.650 | INFO     | Screener   | [24/37] 串行任务区块 20/32 计算中...
2026-04-29 15:22:14.893 | INFO     | Screener   | [25/37] 串行任务区块 21/32 计算中...
2026-04-29 15:22:15.141 | INFO     | Screener   | [26/37] 串行任务区块 22/32 计算中...
2026-04-29 15:22:15.401 | INFO     | Screener   | [27/37] 串行任务区块 23/32 计算中...
2026-04-29 15:22:15.707 | INFO     | Screener   | [28/37] 串行任务区块 24/32 计算中...
2026-04-29 15:22:15.959 | INFO     | Screener   | [29/37] 串行任务区块 25/32 计算中...
2026-04-29 15:22:16.204 | INFO     | Screener   | [30/37] 串行任务区块 26/32 计算中...
2026-04-29 15:22:16.453 | INFO     | Screener   | [31/37] 串行任务区块 27/32 计算中...
2026-04-29 15:22:16.701 | INFO     | Screener   | [32/37] 串行任务区块 28/32 计算中...
2026-04-29 15:22:16.950 | INFO     | Screener   | [33/37] 串行任务区块 29/32 计算中...
2026-04-29 15:22:17.201 | INFO     | Screener   | [34/37] 串行任务区块 30/32 计算中...
2026-04-29 15:22:17.457 | INFO     | Screener   | [35/37] 串行任务区块 31/32 计算中...
2026-04-29 15:22:17.703 | INFO     | Screener   | [36/37] 串行任务区块 32/32 计算中...
2026-04-29 15:22:26.294 | INFO     | API-Screener | 📡 [API] 收到选股请求: break20
2026-04-29 15:22:26.294 | INFO     | API-Screener | 🚀 [Thread] 选股任务线程已启动: break20
2026-04-29 15:22:26.295 | INFO     | Screener   | 🔍 [Engine] run_scan 开始执行: break20, 频率: daily
2026-04-29 15:22:26.295 | INFO     | Screener   | [1/10] 加载股票元数据...
2026-04-29 15:22:26.319 | INFO     | DuckDB     | get_stocks_filtered | 过滤结果: 1799 只 (index=['HS300', 'ZZ500', 'ZZ1000'], mv=[None,None]亿)
2026-04-29 15:22:26.320 | INFO     | Screener   | [3/10] 启动并行引擎 (32 核心) 加载并扫描 1799 只股票...
2026-04-29 15:22:26.331 | INFO     | Screener   | 📡 [Loader] 识别到桥接函数: break20.generate_signals()
2026-04-29 15:22:26.336 | INFO     | Screener   | 成功预加载大盘基准数据: 000905.SH (243 行)
2026-04-29 15:22:26.336 | INFO     | Screener   | [4/10] 正在进行全市场 RPS 动量预预算...
2026-04-29 15:22:43.501 | INFO     | Screener   | 成功构建全市场对比池 (用于 RPS): 1268412 条记录
2026-04-29 15:22:43.501 | INFO     | Screener   | [4.5/10] ⚡ QMT 极速行情引擎激活中：拉取当日最新真实验证切片(含夜盘离线快照)...
2026-04-29 15:22:43.894 | INFO     | Screener   | 成功获取 1799 只股票实时快照进行策略缝合
2026-04-29 15:22:43.894 | INFO     | Screener   | [5/37] 串行任务区块 1/32 计算中...
2026-04-29 15:22:44.261 | INFO     | Screener   | [6/37] 串行任务区块 2/32 计算中...
2026-04-29 15:22:44.585 | INFO     | Screener   | [7/37] 串行任务区块 3/32 计算中...
2026-04-29 15:22:44.915 | INFO     | Screener   | [8/37] 串行任务区块 4/32 计算中...
2026-04-29 15:22:45.252 | INFO     | Screener   | [9/37] 串行任务区块 5/32 计算中...
2026-04-29 15:22:45.558 | INFO     | Screener   | [10/37] 串行任务区块 6/32 计算中...
2026-04-29 15:22:45.867 | INFO     | Screener   | [11/37] 串行任务区块 7/32 计算中...
2026-04-29 15:22:46.168 | INFO     | Screener   | [12/37] 串行任务区块 8/32 计算中...
2026-04-29 15:22:46.455 | INFO     | Screener   | [13/37] 串行任务区块 9/32 计算中...
2026-04-29 15:22:46.737 | INFO     | Screener   | [14/37] 串行任务区块 10/32 计算中...
2026-04-29 15:22:47.029 | INFO     | Screener   | [15/37] 串行任务区块 11/32 计算中...
2026-04-29 15:22:47.312 | INFO     | Screener   | [16/37] 串行任务区块 12/32 计算中...
2026-04-29 15:22:47.594 | INFO     | Screener   | [17/37] 串行任务区块 13/32 计算中...
2026-04-29 15:22:47.871 | INFO     | Screener   | [18/37] 串行任务区块 14/32 计算中...
2026-04-29 15:22:48.152 | INFO     | Screener   | [19/37] 串行任务区块 15/32 计算中...
2026-04-29 15:22:48.432 | INFO     | Screener   | [20/37] 串行任务区块 16/32 计算中...
2026-04-29 15:22:48.726 | INFO     | Screener   | [21/37] 串行任务区块 17/32 计算中...
2026-04-29 15:22:49.026 | INFO     | Screener   | [22/37] 串行任务区块 18/32 计算中...
2026-04-29 15:22:49.366 | INFO     | Screener   | [23/37] 串行任务区块 19/32 计算中...
2026-04-29 15:22:49.703 | INFO     | Screener   | [24/37] 串行任务区块 20/32 计算中...
2026-04-29 15:22:49.992 | INFO     | Screener   | [25/37] 串行任务区块 21/32 计算中...
2026-04-29 15:22:50.272 | INFO     | Screener   | [26/37] 串行任务区块 22/32 计算中...
2026-04-29 15:22:50.560 | INFO     | Screener   | [27/37] 串行任务区块 23/32 计算中...
2026-04-29 15:22:50.846 | INFO     | Screener   | [28/37] 串行任务区块 24/32 计算中...
2026-04-29 15:22:51.136 | INFO     | Screener   | [29/37] 串行任务区块 25/32 计算中...
2026-04-29 15:22:51.422 | INFO     | Screener   | [30/37] 串行任务区块 26/32 计算中...
2026-04-29 15:22:51.731 | INFO     | Screener   | [31/37] 串行任务区块 27/32 计算中...
2026-04-29 15:22:52.014 | INFO     | Screener   | [32/37] 串行任务区块 28/32 计算中...
2026-04-29 15:22:52.291 | INFO     | Screener   | [33/37] 串行任务区块 29/32 计算中...
2026-04-29 15:22:52.572 | INFO     | Screener   | [34/37] 串行任务区块 30/32 计算中...
2026-04-29 15:22:52.844 | INFO     | Screener   | [35/37] 串行任务区块 31/32 计算中...
2026-04-29 15:22:53.130 | INFO     | Screener   | [36/37] 串行任务区块 32/32 计算中...
2026-04-29 15:22:59.469 | INFO     | API-Screener | 📡 [API] 收到选股请求: break20
2026-04-29 15:22:59.469 | INFO     | API-Screener | 🚀 [Thread] 选股任务线程已启动: break20
2026-04-29 15:22:59.470 | INFO     | Screener   | 🔍 [Engine] run_scan 开始执行: break20, 频率: daily
2026-04-29 15:22:59.470 | INFO     | Screener   | [1/10] 加载股票元数据...
2026-04-29 15:22:59.498 | INFO     | DuckDB     | get_stocks_filtered | 过滤结果: 1799 只 (index=['HS300', 'ZZ500', 'ZZ1000'], mv=[None,None]亿)
2026-04-29 15:22:59.499 | INFO     | Screener   | [3/10] 启动并行引擎 (32 核心) 加载并扫描 1799 只股票...
2026-04-29 15:22:59.513 | INFO     | Screener   | 📡 [Loader] 识别到桥接函数: break20.generate_signals()
2026-04-29 15:22:59.518 | INFO     | Screener   | 成功预加载大盘基准数据: 000905.SH (250 行)
2026-04-29 15:22:59.518 | INFO     | Screener   | [4/10] 正在进行全市场 RPS 动量预预算...
2026-04-29 15:23:07.332 | WARNING  | DataManager | HTTP 指数获取失败: HTTPConnectionPool(host='qt.gtimg.cn', port=80): Read timed out. (read timeout=1.5)
2026-04-29 15:23:11.632 | WARNING  | DataManager | HTTP 指数获取失败: HTTPConnectionPool(host='qt.gtimg.cn', port=80): Read timed out. (read timeout=1.5)
2026-04-29 15:23:18.050 | INFO     | Screener   | 成功构建全市场对比池 (用于 RPS): 1304889 条记录
2026-04-29 15:23:18.050 | INFO     | Screener   | [4.5/10] ⚡ QMT 极速行情引擎激活中：拉取当日最新真实验证切片(含夜盘离线快照)...
2026-04-29 15:23:18.443 | INFO     | Screener   | 成功获取 1799 只股票实时快照进行策略缝合
2026-04-29 15:23:18.443 | INFO     | Screener   | [5/37] 串行任务区块 1/32 计算中...
2026-04-29 15:23:18.794 | INFO     | Screener   | [6/37] 串行任务区块 2/32 计算中...
2026-04-29 15:23:19.124 | INFO     | Screener   | [7/37] 串行任务区块 3/32 计算中...
2026-04-29 15:23:19.440 | INFO     | Screener   | [8/37] 串行任务区块 4/32 计算中...
2026-04-29 15:23:19.742 | INFO     | Screener   | [9/37] 串行任务区块 5/32 计算中...
2026-04-29 15:23:20.037 | INFO     | Screener   | [10/37] 串行任务区块 6/32 计算中...
2026-04-29 15:23:20.332 | INFO     | Screener   | [11/37] 串行任务区块 7/32 计算中...
2026-04-29 15:23:20.624 | INFO     | Screener   | [12/37] 串行任务区块 8/32 计算中...
2026-04-29 15:23:20.940 | INFO     | Screener   | [13/37] 串行任务区块 9/32 计算中...
2026-04-29 15:23:21.242 | INFO     | Screener   | [14/37] 串行任务区块 10/32 计算中...
2026-04-29 15:23:21.557 | INFO     | Screener   | [15/37] 串行任务区块 11/32 计算中...
2026-04-29 15:23:21.860 | INFO     | Screener   | [16/37] 串行任务区块 12/32 计算中...
2026-04-29 15:23:22.155 | INFO     | Screener   | [17/37] 串行任务区块 13/32 计算中...
2026-04-29 15:23:22.439 | INFO     | Screener   | [18/37] 串行任务区块 14/32 计算中...
2026-04-29 15:23:22.747 | INFO     | Screener   | [19/37] 串行任务区块 15/32 计算中...
2026-04-29 15:23:23.048 | INFO     | Screener   | [20/37] 串行任务区块 16/32 计算中...
2026-04-29 15:23:23.341 | INFO     | Screener   | [21/37] 串行任务区块 17/32 计算中...
2026-04-29 15:23:23.624 | INFO     | Screener   | [22/37] 串行任务区块 18/32 计算中...
2026-04-29 15:23:23.899 | INFO     | Screener   | [23/37] 串行任务区块 19/32 计算中...
2026-04-29 15:23:24.185 | INFO     | Screener   | [24/37] 串行任务区块 20/32 计算中...
2026-04-29 15:23:24.467 | INFO     | Screener   | [25/37] 串行任务区块 21/32 计算中...
2026-04-29 15:23:24.755 | INFO     | Screener   | [26/37] 串行任务区块 22/32 计算中...
2026-04-29 15:23:25.050 | INFO     | Screener   | [27/37] 串行任务区块 23/32 计算中...
2026-04-29 15:23:25.345 | INFO     | Screener   | [28/37] 串行任务区块 24/32 计算中...
2026-04-29 15:23:25.634 | INFO     | Screener   | [29/37] 串行任务区块 25/32 计算中...
2026-04-29 15:23:25.927 | INFO     | Screener   | [30/37] 串行任务区块 26/32 计算中...
2026-04-29 15:23:26.226 | INFO     | Screener   | [31/37] 串行任务区块 27/32 计算中...
2026-04-29 15:23:26.517 | INFO     | Screener   | [32/37] 串行任务区块 28/32 计算中...
2026-04-29 15:23:26.809 | INFO     | Screener   | [33/37] 串行任务区块 29/32 计算中...
2026-04-29 15:23:27.104 | INFO     | Screener   | [34/37] 串行任务区块 30/32 计算中...
2026-04-29 15:23:27.398 | INFO     | Screener   | [35/37] 串行任务区块 31/32 计算中...
2026-04-29 15:23:27.675 | INFO     | Screener   | [36/37] 串行任务区块 32/32 计算中...
2026-04-29 15:23:27.872 | INFO     | Screener   | [9/10] 关联元数据并排序...
2026-04-29 15:23:27.985 | INFO     | Screener   | 选股原始结果字段: ['date', 'time', 'open', 'high', 'low', 'close', 'volume', 'amount', 'settelementPrice', 'openInterest', 'preClose', 'suspendFlag', 'ts_code', 'trade_date', 'pre_close', 'change', 'pct_chg', 'vol', 'code', 'ma5', 'ma10', 'ma20', 'ma30', 'ma60', 'ma120', 'ma250', 'macd_dif', 'macd_dea', 'macd_hist', 'kdj_k', 'kdj_d', 'kdj_j', 'rsi_6', 'rsi_12', 'rsi_24', 'boll_upper', 'boll_mid', 'boll_lower', 'wr_14', 'filename_1', 'ma60_prev', 'res_20', 'avg_vol_20', 'vol_ratio', 'buy', 'buy_signal', 'sector_score', '__index_level_0__', 'name', 'sector', 'concept_score', 'total_score']
2026-04-29 15:23:27.986 | INFO     | Screener   | [10/10] ✅ 扫描完成: 锁定 38 条信号
2026-04-29 15:23:27.997 | INFO     | AutoBuyer  | AutoBuyerDaemon | 收到 38 个信号, 但自动交易未开启, 已丢弃。
2026-04-29 15:24:09.262 | WARNING  | DataManager | HTTP 指数获取失败: HTTPConnectionPool(host='qt.gtimg.cn', port=80): Read timed out. (read timeout=1.5)
2026-04-29 15:30:00.012 | INFO     | CronScheduler | CronScheduler | [热度终版] 开始执行收盘快照...
2026-04-29 15:30:00.013 | INFO     | CronScheduler | CronScheduler | [Redis收割] 开始将盘中最高价缓存同步回 DuckDB...
2026-04-29 15:30:11.314 | INFO     | HeatCalc   | 加载了 5523 只股票的最近日线数据
2026-04-29 15:30:18.524 | ERROR    | RedisManager | Redis 连接失败 (localhost:6379): Error 10061 connecting to localhost:6379. 由于目标计算机积极拒绝，无法连接。.
2026-04-29 15:30:27.119 | INFO     | HeatCalc   | 热度计算完成: 873 概念, 110 板块
2026-04-29 15:30:43.157 | ERROR    | CronScheduler | CronScheduler | [Redis收割] 严重异常: Error 10061 connecting to localhost:6379. 由于目标计算机积极拒绝，无法连接。.
2026-04-29 15:31:06.177 | INFO     | CronScheduler | CronScheduler | [热度终版] 完成: {'concepts_processed': 873, 'sectors_processed': 110, 'trade_date': '2026-04-29'}
2026-04-29 15:36:26.234 | INFO     | HeatCalc   | 加载了 5523 只股票的最近日线数据
2026-04-29 15:36:44.036 | INFO     | HeatCalc   | 热度计算完成: 873 概念, 110 板块
2026-04-29 16:00:35.550 | WARNING  | DuckDB     | DuckDB | 数据库占用中，准备重试... (1/5)
2026-04-29 16:00:36.163 | WARNING  | DuckDB     | DuckDB | 数据库占用中，准备重试... (2/5)
2026-04-29 16:00:36.764 | WARNING  | DuckDB     | DuckDB | 数据库占用中，准备重试... (3/5)
2026-04-29 16:00:37.364 | WARNING  | DuckDB     | DuckDB | 数据库占用中，准备重试... (4/5)
2026-04-29 16:00:37.963 | ERROR    | DuckDB     | DuckDB | 无法连接到数据库: IO Error: Cannot open file "E:\1target\p9_project\quant-platform\data\meta\meta.db": 另一个程序正在使用此文件，进程无法访问。

File is already open in 
C:\Python314\python.exe (PID 51208)
2026-04-29 16:00:37.963 | ERROR    | DuckDB     | DuckDB | 初始化表结构失败: IO Error: Cannot open file "E:\1target\p9_project\quant-platform\data\meta\meta.db": 另一个程序正在使用此文件，进程无法访问。

File is already open in 
C:\Python314\python.exe (PID 51208)
2026-04-29 16:08:00.911 | INFO     | DuckDB     | DuckDB | 所有核心表结构初始化完成 (含热点板块)
2026-04-29 16:08:00.911 | INFO     | DuckDB     | DuckDB 核心就绪: E:\1target\p9_project\quant-platform\data\meta\meta.db
2026-04-29 16:08:00.915 | INFO     | Screener   | 📡 [Loader] 识别到桥接函数: break20.generate_signals()
2026-04-29 16:08:47.149 | INFO     | DuckDB     | DuckDB | 所有核心表结构初始化完成 (含热点板块)
2026-04-29 16:08:47.149 | INFO     | DuckDB     | DuckDB 核心就绪: E:\1target\p9_project\quant-platform\data\meta\meta.db
2026-04-29 16:08:50.063 | INFO     | API-Server | P9 Quant Platform Background Tasks Startup...
2026-04-29 16:08:50.066 | INFO     | CronScheduler | CronScheduler | 每日数据收割机被安排在每个工作日的 08:30 执行。
2026-04-29 16:08:50.066 | INFO     | CronScheduler | CronScheduler | 每日数据收割机被安排在每个工作日的 17:30 执行。
2026-04-29 16:08:50.066 | INFO     | CronScheduler | CronScheduler | Redis→DuckDB 收割机已安排在每个工作日 15:30 执行。
2026-04-29 16:08:50.067 | INFO     | CronScheduler | CronScheduler | 概念数据同步已安排在每日 09:00 执行。
2026-04-29 16:08:50.067 | INFO     | CronScheduler | CronScheduler | 板块热度重算已安排在每个交易日 5 分钟/次。
2026-04-29 16:08:50.067 | INFO     | CronScheduler | CronScheduler | 收盘热度终版快照已安排在 15:30 执行。
2026-04-29 16:08:50.068 | INFO     | CronScheduler | CronScheduler | 自动调度服务(APScheduler) 已启动。
2026-04-29 16:08:55.083 | INFO     | ParquetPipeline | ParquetPipeline | Fetching daily k-lines from 20260419 to 20260429...
2026-04-29 16:08:55.219 | INFO     | ParquetPipeline | ParquetPipeline | Pulling market for 20260429...
2026-04-29 16:08:55.977 | INFO     | ParquetPipeline | ParquetPipeline | Pulling market for 20260428...
2026-04-29 16:08:56.783 | INFO     | ParquetPipeline | ParquetPipeline | Pulling market for 20260427...
2026-04-29 16:08:57.557 | INFO     | ParquetPipeline | ParquetPipeline | Pulling market for 20260424...
2026-04-29 16:08:58.302 | INFO     | ParquetPipeline | ParquetPipeline | Pulling market for 20260423...
2026-04-29 16:08:59.008 | INFO     | ParquetPipeline | ParquetPipeline | Pulling market for 20260422...
2026-04-29 16:08:59.775 | INFO     | ParquetPipeline | ParquetPipeline | Pulling market for 20260421...
2026-04-29 16:09:00.499 | INFO     | ParquetPipeline | ParquetPipeline | Pulling market for 20260420...
2026-04-29 16:09:01.279 | INFO     | ParquetPipeline | ParquetPipeline | Writing 5509 stocks to Parquet...
2026-04-29 16:09:44.992 | INFO     | DuckDB     | DuckDB | 创建虚拟视图成功: kline_daily_view -> E:/1target/p9_project/quant-platform/data/parquet/daily/*.parquet
2026-04-29 16:09:44.992 | INFO     | ParquetPipeline | ParquetPipeline | Daily K-lines fully synced.
2026-04-29 18:10:35.370 | INFO     | DuckDB     | DuckDB | 所有核心表结构初始化完成 (含热点板块)
2026-04-29 18:10:35.371 | INFO     | DuckDB     | DuckDB 核心就绪: e:\1target\p9_project\quant-platform\data\meta\meta.db
2026-04-29 18:10:36.218 | INFO     | API-Server | P9 Quant Platform Background Tasks Startup...
2026-04-29 18:10:36.221 | INFO     | CronScheduler | CronScheduler | 每日数据收割机被安排在每个工作日的 08:30 执行。
2026-04-29 18:10:36.221 | INFO     | CronScheduler | CronScheduler | 每日数据收割机被安排在每个工作日的 17:30 执行。
2026-04-29 18:10:36.221 | INFO     | CronScheduler | CronScheduler | Redis→DuckDB 收割机已安排在每个工作日 15:30 执行。
2026-04-29 18:10:36.222 | INFO     | CronScheduler | CronScheduler | 概念数据同步已安排在每日 09:00 执行。
2026-04-29 18:10:36.222 | INFO     | CronScheduler | CronScheduler | 板块热度重算已安排在每个交易日 5 分钟/次。
2026-04-29 18:10:36.222 | INFO     | CronScheduler | CronScheduler | 收盘热度终版快照已安排在 15:30 执行。
2026-04-29 18:10:36.222 | INFO     | CronScheduler | CronScheduler | 自动调度服务(APScheduler) 已启动。
2026-04-29 18:10:41.234 | INFO     | ParquetPipeline | ParquetPipeline | Fetching daily k-lines from 20260419 to 20260429...
2026-04-29 18:10:41.372 | INFO     | ParquetPipeline | ParquetPipeline | Pulling market for 20260429...
2026-04-29 18:10:42.156 | INFO     | ParquetPipeline | ParquetPipeline | Pulling market for 20260428...
2026-04-29 18:10:42.917 | INFO     | ParquetPipeline | ParquetPipeline | Pulling market for 20260427...
2026-04-29 18:10:43.727 | INFO     | ParquetPipeline | ParquetPipeline | Pulling market for 20260424...
2026-04-29 18:10:44.505 | INFO     | ParquetPipeline | ParquetPipeline | Pulling market for 20260423...
2026-04-29 18:10:45.255 | INFO     | ParquetPipeline | ParquetPipeline | Pulling market for 20260422...
2026-04-29 18:10:46.053 | INFO     | ParquetPipeline | ParquetPipeline | Pulling market for 20260421...
2026-04-29 18:10:46.812 | INFO     | ParquetPipeline | ParquetPipeline | Pulling market for 20260420...
2026-04-29 18:10:47.603 | INFO     | ParquetPipeline | ParquetPipeline | Writing 5509 stocks to Parquet...
2026-04-29 18:11:29.910 | INFO     | DuckDB     | DuckDB | 创建虚拟视图成功: kline_daily_view -> e:/1target/p9_project/quant-platform/data/parquet/daily/*.parquet
2026-04-29 18:11:29.910 | INFO     | ParquetPipeline | ParquetPipeline | Daily K-lines fully synced.
2026-04-29 18:16:56.937 | INFO     | DuckDB     | DuckDB | 所有核心表结构初始化完成 (含热点板块)
2026-04-29 18:16:56.938 | INFO     | DuckDB     | DuckDB 核心就绪: e:\1target\p9_project\quant-platform\data\meta\meta.db
2026-04-29 18:16:57.470 | INFO     | API-Server | P9 Quant Platform Background Tasks Startup...
2026-04-29 18:16:57.474 | INFO     | CronScheduler | CronScheduler | 每日数据收割机被安排在每个工作日的 08:30 执行。
2026-04-29 18:16:57.474 | INFO     | CronScheduler | CronScheduler | 每日数据收割机被安排在每个工作日的 17:30 执行。
2026-04-29 18:16:57.474 | INFO     | CronScheduler | CronScheduler | Redis→DuckDB 收割机已安排在每个工作日 15:30 执行。
2026-04-29 18:16:57.474 | INFO     | CronScheduler | CronScheduler | 概念数据同步已安排在每日 09:00 执行。
2026-04-29 18:16:57.475 | INFO     | CronScheduler | CronScheduler | 板块热度重算已安排在每个交易日 5 分钟/次。
2026-04-29 18:16:57.475 | INFO     | CronScheduler | CronScheduler | 收盘热度终版快照已安排在 15:30 执行。
2026-04-29 18:16:57.475 | INFO     | CronScheduler | CronScheduler | 自动调度服务(APScheduler) 已启动。
2026-04-29 18:17:02.489 | INFO     | ParquetPipeline | ParquetPipeline | Fetching daily k-lines from 20260419 to 20260429...
2026-04-29 18:17:02.635 | INFO     | ParquetPipeline | ParquetPipeline | Pulling market for 20260429...
2026-04-29 18:17:03.392 | INFO     | ParquetPipeline | ParquetPipeline | Pulling market for 20260428...
2026-04-29 18:17:04.136 | INFO     | ParquetPipeline | ParquetPipeline | Pulling market for 20260427...
2026-04-29 18:17:04.894 | INFO     | ParquetPipeline | ParquetPipeline | Pulling market for 20260424...
2026-04-29 18:17:05.633 | INFO     | ParquetPipeline | ParquetPipeline | Pulling market for 20260423...
2026-04-29 18:17:06.364 | INFO     | ParquetPipeline | ParquetPipeline | Pulling market for 20260422...
2026-04-29 18:17:07.163 | INFO     | ParquetPipeline | ParquetPipeline | Pulling market for 20260421...
2026-04-29 18:17:07.931 | INFO     | ParquetPipeline | ParquetPipeline | Pulling market for 20260420...
2026-04-29 18:17:08.743 | INFO     | ParquetPipeline | ParquetPipeline | Writing 5509 stocks to Parquet...
2026-04-29 18:17:50.572 | INFO     | DuckDB     | DuckDB | 创建虚拟视图成功: kline_daily_view -> e:/1target/p9_project/quant-platform/data/parquet/daily/*.parquet
2026-04-29 18:17:50.573 | INFO     | ParquetPipeline | ParquetPipeline | Daily K-lines fully synced.
2026-04-29 18:43:45.547 | INFO     | API-Agents | 🚀 开始为 600588 (用友网络) 生成诊断报告...
2026-04-29 18:43:45.551 | INFO     | AgentCommittee | [Committee] Fetching data context for 600588...
2026-04-29 18:43:45.957 | INFO     | AgentCommittee | [Committee] Dispatching Bear Researcher for 600588...
2026-04-29 18:43:45.958 | INFO     | AgentCommittee | [Committee] Dispatching Bull Researcher for 600588...
2026-04-29 18:44:45.763 | INFO     | AgentCommittee | [Committee] Research Manager synthesizing final report for 600588...
2026-04-29 18:45:51.354 | INFO     | API-Agents | ✅ AI 报告已成功存库，ID: 3
2026-04-29 19:06:03.301 | WARNING  | DuckDB     | DuckDB | 数据库占用中，准备重试... (1/5)
2026-04-29 19:06:03.892 | WARNING  | DuckDB     | DuckDB | 数据库占用中，准备重试... (2/5)
2026-04-29 19:06:04.485 | WARNING  | DuckDB     | DuckDB | 数据库占用中，准备重试... (3/5)
2026-04-29 19:06:05.079 | WARNING  | DuckDB     | DuckDB | 数据库占用中，准备重试... (4/5)
2026-04-29 19:06:05.671 | ERROR    | DuckDB     | DuckDB | 无法连接到数据库: IO Error: Cannot open file "E:\1target\p9_project\quant-platform\data\meta\meta.db": 另一个程序正在使用此文件，进程无法访问。

File is already open in 
C:\Python314\python.exe (PID 26020)
2026-04-29 19:06:05.680 | ERROR    | DuckDB     | DuckDB | 初始化表结构失败: IO Error: Cannot open file "E:\1target\p9_project\quant-platform\data\meta\meta.db": 另一个程序正在使用此文件，进程无法访问。

File is already open in 
C:\Python314\python.exe (PID 26020)
2026-04-29 19:06:15.139 | WARNING  | DuckDB     | DuckDB | 数据库占用中，准备重试... (1/5)
2026-04-29 19:06:15.733 | WARNING  | DuckDB     | DuckDB | 数据库占用中，准备重试... (2/5)
2026-04-29 19:06:16.327 | WARNING  | DuckDB     | DuckDB | 数据库占用中，准备重试... (3/5)
2026-04-29 19:06:16.925 | WARNING  | DuckDB     | DuckDB | 数据库占用中，准备重试... (4/5)
2026-04-29 19:06:17.524 | ERROR    | DuckDB     | DuckDB | 无法连接到数据库: IO Error: Cannot open file "E:\1target\p9_project\quant-platform\data\meta\meta.db": 另一个程序正在使用此文件，进程无法访问。

File is already open in 
C:\Python314\python.exe (PID 26020)
2026-04-29 19:06:17.525 | ERROR    | DuckDB     | DuckDB | 初始化表结构失败: IO Error: Cannot open file "E:\1target\p9_project\quant-platform\data\meta\meta.db": 另一个程序正在使用此文件，进程无法访问。

File is already open in 
C:\Python314\python.exe (PID 26020)
2026-04-29 19:06:31.569 | INFO     | DuckDB     | DuckDB | 所有核心表结构初始化完成 (含热点板块)
2026-04-29 19:06:31.569 | INFO     | DuckDB     | DuckDB 核心就绪: E:\1target\p9_project\quant-platform\scripts\..\data\meta\meta.db
2026-04-29 19:07:01.456 | INFO     | DuckDB     | DuckDB | 所有核心表结构初始化完成 (含热点板块)
2026-04-29 19:07:01.456 | INFO     | DuckDB     | DuckDB 核心就绪: E:\1target\p9_project\quant-platform\scripts\..\data\meta\meta.db
2026-04-29 19:25:28.683 | INFO     | DuckDB     | DuckDB | 所有核心表结构初始化完成 (含热点板块)
2026-04-29 19:25:28.683 | INFO     | DuckDB     | DuckDB 核心就绪: E:\1target\p9_project\quant-platform\scripts\..\data\meta\meta.db
2026-04-29 20:31:38.799 | INFO     | DuckDB     | DuckDB | 所有核心表结构初始化完成 (含热点板块)
2026-04-29 20:31:38.800 | INFO     | DuckDB     | DuckDB 核心就绪: E:\1target\p9_project\quant-platform\data\meta\meta.db
2026-04-29 20:40:26.225 | INFO     | DuckDB     | DuckDB | 所有核心表结构初始化完成 (含热点板块)
2026-04-29 20:40:26.225 | INFO     | DuckDB     | DuckDB 核心就绪: E:\1target\p9_project\quant-platform\scripts\..\data\meta\meta.db
2026-04-29 20:50:52.657 | INFO     | DuckDB     | DuckDB | 所有核心表结构初始化完成 (含热点板块)
2026-04-29 20:50:52.657 | INFO     | DuckDB     | DuckDB 核心就绪: E:\1target\p9_project\quant-platform\scripts\..\data\meta\meta.db
