2026-05-06 00:00:00.206 | INFO     | Backtest   | [回测 4/5] 模拟第 1741/4821 笔交易: 爱柯迪...
2026-05-06 00:00:00.459 | INFO     | Backtest   | [回测 4/5] 模拟第 1751/4821 笔交易: 沃华医药...
2026-05-06 00:00:00.717 | INFO     | Backtest   | [回测 4/5] 模拟第 1761/4821 笔交易: 真兰仪表...
2026-05-06 00:00:00.991 | INFO     | Backtest   | [回测 4/5] 模拟第 1771/4821 笔交易: 巨力索具...
2026-05-06 00:00:01.285 | INFO     | Backtest   | [回测 4/5] 模拟第 1781/4821 笔交易: 国安达...
2026-05-06 00:00:01.551 | INFO     | Backtest   | [回测 4/5] 模拟第 1791/4821 笔交易: 华映科技...
2026-05-06 00:00:01.859 | INFO     | Backtest   | [回测 4/5] 模拟第 1801/4821 笔交易: 星帅尔...
2026-05-06 00:00:02.130 | INFO     | Backtest   | [回测 4/5] 模拟第 1811/4821 笔交易: 仙乐健康...
2026-05-06 00:00:02.420 | INFO     | Backtest   | [回测 4/5] 模拟第 1821/4821 笔交易: 长城科技...
2026-05-06 00:00:02.728 | INFO     | Backtest   | [回测 4/5] 模拟第 1831/4821 笔交易: 泰瑞机器...
2026-05-06 00:00:03.010 | INFO     | Backtest   | [回测 4/5] 模拟第 1841/4821 笔交易: 精锻科技...
2026-05-06 00:00:03.321 | INFO     | Backtest   | [回测 4/5] 模拟第 1851/4821 笔交易: 宗申动力...
2026-05-06 00:00:03.591 | INFO     | Backtest   | [回测 4/5] 模拟第 1861/4821 笔交易: 元琛科技...
2026-05-06 00:00:03.818 | INFO     | Backtest   | [回测 4/5] 模拟第 1871/4821 笔交易: 国林科技...
2026-05-06 00:00:04.096 | INFO     | Backtest   | [回测 4/5] 模拟第 1881/4821 笔交易: 珠海冠宇...
2026-05-06 00:00:04.389 | INFO     | Backtest   | [回测 4/5] 模拟第 1891/4821 笔交易: 山东赫达...
2026-05-06 00:00:04.693 | INFO     | Backtest   | [回测 4/5] 模拟第 1901/4821 笔交易: 亚太股份...
2026-05-06 00:00:04.973 | INFO     | Backtest   | [回测 4/5] 模拟第 1911/4821 笔交易: 通程控股...
2026-05-06 00:00:05.261 | INFO     | Backtest   | [回测 4/5] 模拟第 1921/4821 笔交易: 皖通科技...
2026-05-06 00:00:05.501 | INFO     | Backtest   | [回测 4/5] 模拟第 1931/4821 笔交易: 嘉环科技...
2026-05-06 00:00:05.792 | INFO     | Backtest   | [回测 4/5] 模拟第 1941/4821 笔交易: 钢研高纳...
2026-05-06 00:00:06.034 | INFO     | Backtest   | [回测 4/5] 模拟第 1951/4821 笔交易: 世茂能源...
2026-05-06 00:00:06.286 | INFO     | Backtest   | [回测 4/5] 模拟第 1961/4821 笔交易: 岭南控股...
2026-05-06 00:00:06.583 | INFO     | Backtest   | [回测 4/5] 模拟第 1971/4821 笔交易: 佐力药业...
2026-05-06 00:00:06.868 | INFO     | Backtest   | [回测 4/5] 模拟第 1981/4821 笔交易: 电科网安...
2026-05-06 00:00:07.190 | INFO     | Backtest   | [回测 4/5] 模拟第 1991/4821 笔交易: 紫光股份...
2026-05-06 00:00:07.465 | INFO     | Backtest   | [回测 4/5] 模拟第 2001/4821 笔交易: 正海生物...
2026-05-06 00:00:07.743 | INFO     | Backtest   | [回测 4/5] 模拟第 2011/4821 笔交易: 亚虹医药-U...
2026-05-06 00:00:07.954 | INFO     | Backtest   | [回测 4/5] 模拟第 2021/4821 笔交易: 赛微电子...
2026-05-06 00:00:08.242 | INFO     | Backtest   | [回测 4/5] 模拟第 2031/4821 笔交易: 生物股份...
2026-05-06 00:00:08.511 | INFO     | Backtest   | [回测 4/5] 模拟第 2041/4821 笔交易: 国新健康...
2026-05-06 00:00:08.760 | INFO     | Backtest   | [回测 4/5] 模拟第 2051/4821 笔交易: 亨通股份...
2026-05-06 00:00:09.045 | INFO     | Backtest   | [回测 4/5] 模拟第 2061/4821 笔交易: 绿盟科技...
2026-05-06 00:00:09.304 | INFO     | Backtest   | [回测 4/5] 模拟第 2071/4821 笔交易: 统一股份...
2026-05-06 00:00:09.574 | INFO     | Backtest   | [回测 4/5] 模拟第 2081/4821 笔交易: 慈文传媒...
2026-05-06 00:00:09.825 | INFO     | Backtest   | [回测 4/5] 模拟第 2091/4821 笔交易: 城市传媒...
2026-05-06 00:00:10.181 | INFO     | Backtest   | [回测 4/5] 模拟第 2101/4821 笔交易: 美利信...
2026-05-06 00:00:10.454 | INFO     | Backtest   | [回测 4/5] 模拟第 2111/4821 笔交易: 有友食品...
2026-05-06 00:00:10.651 | INFO     | Backtest   | [回测 4/5] 模拟第 2121/4821 笔交易: 沃顿科技...
2026-05-06 00:00:10.910 | INFO     | Backtest   | [回测 4/5] 模拟第 2131/4821 笔交易: 华域汽车...
2026-05-06 00:00:11.196 | INFO     | Backtest   | [回测 4/5] 模拟第 2141/4821 笔交易: 先导基电...
2026-05-06 00:00:11.507 | INFO     | Backtest   | [回测 4/5] 模拟第 2151/4821 笔交易: 明牌珠宝...
2026-05-06 00:00:11.737 | INFO     | Backtest   | [回测 4/5] 模拟第 2161/4821 笔交易: 廊坊发展...
2026-05-06 00:00:12.038 | INFO     | Backtest   | [回测 4/5] 模拟第 2171/4821 笔交易: 交建股份...
2026-05-06 00:00:12.296 | INFO     | Backtest   | [回测 4/5] 模拟第 2181/4821 笔交易: 普天科技...
2026-05-06 00:00:12.538 | INFO     | Backtest   | [回测 4/5] 模拟第 2191/4821 笔交易: 长江证券...
2026-05-06 00:00:12.814 | INFO     | Backtest   | [回测 4/5] 模拟第 2201/4821 笔交易: 云铝股份...
2026-05-06 00:00:13.051 | INFO     | Backtest   | [回测 4/5] 模拟第 2211/4821 笔交易: 河钢资源...
2026-05-06 00:00:13.301 | INFO     | Backtest   | [回测 4/5] 模拟第 2221/4821 笔交易: 栖霞建设...
2026-05-06 00:00:13.483 | INFO     | Backtest   | [回测 4/5] 模拟第 2231/4821 笔交易: 李子园...
2026-05-06 00:00:13.684 | INFO     | Backtest   | [回测 4/5] 模拟第 2241/4821 笔交易: 强力新材...
2026-05-06 00:00:13.898 | INFO     | Backtest   | [回测 4/5] 模拟第 2251/4821 笔交易: 西安银行...
2026-05-06 00:00:14.093 | INFO     | Backtest   | [回测 4/5] 模拟第 2261/4821 笔交易: 硅宝科技...
2026-05-06 00:00:14.351 | INFO     | Backtest   | [回测 4/5] 模拟第 2271/4821 笔交易: 英特集团...
2026-05-06 00:00:14.562 | INFO     | Backtest   | [回测 4/5] 模拟第 2281/4821 笔交易: 海正生材...
2026-05-06 00:00:14.745 | INFO     | Backtest   | [回测 4/5] 模拟第 2291/4821 笔交易: 万润科技...
2026-05-06 00:00:14.961 | INFO     | Backtest   | [回测 4/5] 模拟第 2301/4821 笔交易: 祥源文旅...
2026-05-06 00:00:15.191 | INFO     | Backtest   | [回测 4/5] 模拟第 2311/4821 笔交易: 乐通股份...
2026-05-06 00:00:15.460 | INFO     | Backtest   | [回测 4/5] 模拟第 2321/4821 笔交易: 苏豪弘业...
2026-05-06 00:00:15.666 | INFO     | Backtest   | [回测 4/5] 模拟第 2331/4821 笔交易: 大东南...
2026-05-06 00:00:15.834 | INFO     | Backtest   | [回测 4/5] 模拟第 2341/4821 笔交易: 金智科技...
2026-05-06 00:00:16.035 | INFO     | Backtest   | [回测 4/5] 模拟第 2351/4821 笔交易: 英唐智控...
2026-05-06 00:00:16.281 | INFO     | Backtest   | [回测 4/5] 模拟第 2361/4821 笔交易: 汉钟精机...
2026-05-06 00:00:16.509 | INFO     | Backtest   | [回测 4/5] 模拟第 2371/4821 笔交易: 双杰电气...
2026-05-06 00:00:16.752 | INFO     | Backtest   | [回测 4/5] 模拟第 2381/4821 笔交易: 山东威达...
2026-05-06 00:00:17.013 | INFO     | Backtest   | [回测 4/5] 模拟第 2391/4821 笔交易: 电投水电...
2026-05-06 00:00:17.299 | INFO     | Backtest   | [回测 4/5] 模拟第 2401/4821 笔交易: 申达股份...
2026-05-06 00:00:17.566 | INFO     | Backtest   | [回测 4/5] 模拟第 2411/4821 笔交易: 福星股份...
2026-05-06 00:00:17.869 | INFO     | Backtest   | [回测 4/5] 模拟第 2421/4821 笔交易: 中集车辆...
2026-05-06 00:00:18.131 | INFO     | Backtest   | [回测 4/5] 模拟第 2431/4821 笔交易: 福田汽车...
2026-05-06 00:00:18.424 | INFO     | Backtest   | [回测 4/5] 模拟第 2441/4821 笔交易: 首钢股份...
2026-05-06 00:00:18.711 | INFO     | Backtest   | [回测 4/5] 模拟第 2451/4821 笔交易: 爱普股份...
2026-05-06 00:00:18.978 | INFO     | Backtest   | [回测 4/5] 模拟第 2461/4821 笔交易: 东土科技...
2026-05-06 00:00:19.233 | INFO     | Backtest   | [回测 4/5] 模拟第 2471/4821 笔交易: 时代新材...
2026-05-06 00:00:19.447 | INFO     | Backtest   | [回测 4/5] 模拟第 2481/4821 笔交易: 蓝丰生化...
2026-05-06 00:00:19.641 | INFO     | Backtest   | [回测 4/5] 模拟第 2491/4821 笔交易: 海兰信...
2026-05-06 00:00:19.918 | INFO     | Backtest   | [回测 4/5] 模拟第 2501/4821 笔交易: 科顺股份...
2026-05-06 00:00:20.135 | INFO     | Backtest   | [回测 4/5] 模拟第 2511/4821 笔交易: 通用电梯...
2026-05-06 00:00:20.336 | INFO     | Backtest   | [回测 4/5] 模拟第 2521/4821 笔交易: 智动力...
2026-05-06 00:00:20.545 | INFO     | Backtest   | [回测 4/5] 模拟第 2531/4821 笔交易: 华英农业...
2026-05-06 00:00:20.822 | INFO     | Backtest   | [回测 4/5] 模拟第 2541/4821 笔交易: 泰坦股份...
2026-05-06 00:00:21.136 | INFO     | Backtest   | [回测 4/5] 模拟第 2551/4821 笔交易: 德龙汇能...
2026-05-06 00:00:21.363 | INFO     | Backtest   | [回测 4/5] 模拟第 2561/4821 笔交易: 星源材质...
2026-05-06 00:00:21.553 | INFO     | Backtest   | [回测 4/5] 模拟第 2571/4821 笔交易: 新致软件...
2026-05-06 00:00:21.773 | INFO     | Backtest   | [回测 4/5] 模拟第 2581/4821 笔交易: 药康生物...
2026-05-06 00:00:21.962 | INFO     | Backtest   | [回测 4/5] 模拟第 2591/4821 笔交易: 双良节能...
2026-05-06 00:00:22.182 | INFO     | Backtest   | [回测 4/5] 模拟第 2601/4821 笔交易: 卓锦股份...
2026-05-06 00:00:22.400 | INFO     | Backtest   | [回测 4/5] 模拟第 2611/4821 笔交易: 华西证券...
2026-05-06 00:00:22.584 | INFO     | Backtest   | [回测 4/5] 模拟第 2621/4821 笔交易: 瀛通通讯...
2026-05-06 00:00:22.776 | INFO     | Backtest   | [回测 4/5] 模拟第 2631/4821 笔交易: 华明装备...
2026-05-06 00:00:22.963 | INFO     | Backtest   | [回测 4/5] 模拟第 2641/4821 笔交易: 英威腾...
2026-05-06 00:00:23.190 | INFO     | Backtest   | [回测 4/5] 模拟第 2651/4821 笔交易: 苏试试验...
2026-05-06 00:00:23.348 | INFO     | Backtest   | [回测 4/5] 模拟第 2661/4821 笔交易: 真爱美家...
2026-05-06 00:00:23.535 | INFO     | Backtest   | [回测 4/5] 模拟第 2671/4821 笔交易: 索菱股份...
2026-05-06 00:00:23.776 | INFO     | Backtest   | [回测 4/5] 模拟第 2681/4821 笔交易: 光力科技...
2026-05-06 00:00:24.019 | INFO     | Backtest   | [回测 4/5] 模拟第 2691/4821 笔交易: 苏文电能...
2026-05-06 00:00:24.243 | INFO     | Backtest   | [回测 4/5] 模拟第 2701/4821 笔交易: 南矿集团...
2026-05-06 00:00:24.505 | INFO     | Backtest   | [回测 4/5] 模拟第 2711/4821 笔交易: 华茂股份...
2026-05-06 00:00:24.761 | INFO     | Backtest   | [回测 4/5] 模拟第 2721/4821 笔交易: 中国海诚...
2026-05-06 00:00:25.038 | INFO     | Backtest   | [回测 4/5] 模拟第 2731/4821 笔交易: 洁特生物...
2026-05-06 00:00:25.305 | INFO     | Backtest   | [回测 4/5] 模拟第 2741/4821 笔交易: 元琛科技...
2026-05-06 00:00:25.566 | INFO     | Backtest   | [回测 4/5] 模拟第 2751/4821 笔交易: 开尔新材...
2026-05-06 00:00:25.837 | INFO     | Backtest   | [回测 4/5] 模拟第 2761/4821 笔交易: 晋亿实业...
2026-05-06 00:00:26.081 | INFO     | Backtest   | [回测 4/5] 模拟第 2771/4821 笔交易: 深粮控股...
2026-05-06 00:00:26.277 | INFO     | Backtest   | [回测 4/5] 模拟第 2781/4821 笔交易: 哈投股份...
2026-05-06 00:00:26.497 | INFO     | Backtest   | [回测 4/5] 模拟第 2791/4821 笔交易: 志特新材...
2026-05-06 00:00:26.713 | INFO     | Backtest   | [回测 4/5] 模拟第 2801/4821 笔交易: 冀中能源...
2026-05-06 00:00:26.971 | INFO     | Backtest   | [回测 4/5] 模拟第 2811/4821 笔交易: 广州发展...
2026-05-06 00:00:27.290 | INFO     | Backtest   | [回测 4/5] 模拟第 2821/4821 笔交易: 南钢股份...
2026-05-06 00:00:27.502 | INFO     | Backtest   | [回测 4/5] 模拟第 2831/4821 笔交易: 凯中精密...
2026-05-06 00:00:27.728 | INFO     | Backtest   | [回测 4/5] 模拟第 2841/4821 笔交易: 新美星...
2026-05-06 00:00:27.927 | INFO     | Backtest   | [回测 4/5] 模拟第 2851/4821 笔交易: 国旅联合...
2026-05-06 00:00:28.131 | INFO     | Backtest   | [回测 4/5] 模拟第 2861/4821 笔交易: 冠中生态...
2026-05-06 00:00:28.356 | INFO     | Backtest   | [回测 4/5] 模拟第 2871/4821 笔交易: 赣粤高速...
2026-05-06 00:00:28.560 | INFO     | Backtest   | [回测 4/5] 模拟第 2881/4821 笔交易: 陕西黑猫...
2026-05-06 00:00:28.760 | INFO     | Backtest   | [回测 4/5] 模拟第 2891/4821 笔交易: 西高院...
2026-05-06 00:00:28.994 | INFO     | Backtest   | [回测 4/5] 模拟第 2901/4821 笔交易: 国晟科技...
2026-05-06 00:00:29.215 | INFO     | Backtest   | [回测 4/5] 模拟第 2911/4821 笔交易: 南方航空...
2026-05-06 00:00:29.507 | INFO     | Backtest   | [回测 4/5] 模拟第 2921/4821 笔交易: 中国东航...
2026-05-06 00:00:30.216 | INFO     | Backtest   | [回测 4/5] 模拟第 2931/4821 笔交易: 新宁物流...
2026-05-06 00:00:30.624 | INFO     | Backtest   | [回测 4/5] 模拟第 2941/4821 笔交易: 山西高速...
2026-05-06 00:00:30.920 | INFO     | Backtest   | [回测 4/5] 模拟第 2951/4821 笔交易: 国脉科技...
2026-05-06 00:00:31.294 | INFO     | Backtest   | [回测 4/5] 模拟第 2961/4821 笔交易: 惠云钛业...
2026-05-06 00:00:31.705 | INFO     | Backtest   | [回测 4/5] 模拟第 2971/4821 笔交易: 新相微...
2026-05-06 00:00:32.111 | INFO     | Backtest   | [回测 4/5] 模拟第 2981/4821 笔交易: 东方电气...
2026-05-06 00:00:32.431 | INFO     | Backtest   | [回测 4/5] 模拟第 2991/4821 笔交易: 上海电气...
2026-05-06 00:00:32.730 | INFO     | Backtest   | [回测 4/5] 模拟第 3001/4821 笔交易: 爱柯迪...
2026-05-06 00:00:33.072 | INFO     | Backtest   | [回测 4/5] 模拟第 3011/4821 笔交易: 康鹏科技...
2026-05-06 00:00:33.378 | INFO     | Backtest   | [回测 4/5] 模拟第 3021/4821 笔交易: 信科移动-U...
2026-05-06 00:00:33.704 | INFO     | Backtest   | [回测 4/5] 模拟第 3031/4821 笔交易: 古鳌科技...
2026-05-06 00:00:34.123 | INFO     | Backtest   | [回测 4/5] 模拟第 3041/4821 笔交易: 老白干酒...
2026-05-06 00:00:34.478 | INFO     | Backtest   | [回测 4/5] 模拟第 3051/4821 笔交易: 日上集团...
2026-05-06 00:00:34.693 | INFO     | Backtest   | [回测 4/5] 模拟第 3061/4821 笔交易: 家联科技...
2026-05-06 00:00:34.963 | INFO     | Backtest   | [回测 4/5] 模拟第 3071/4821 笔交易: 杭钢股份...
2026-05-06 00:00:35.214 | INFO     | Backtest   | [回测 4/5] 模拟第 3081/4821 笔交易: 方大炭素...
2026-05-06 00:00:35.425 | INFO     | Backtest   | [回测 4/5] 模拟第 3091/4821 笔交易: 宏昌电子...
2026-05-06 00:00:35.641 | INFO     | Backtest   | [回测 4/5] 模拟第 3101/4821 笔交易: 垒知集团...
2026-05-06 00:00:35.842 | INFO     | Backtest   | [回测 4/5] 模拟第 3111/4821 笔交易: 鼎信通讯...
2026-05-06 00:00:36.110 | INFO     | Backtest   | [回测 4/5] 模拟第 3121/4821 笔交易: 新华制药...
2026-05-06 00:00:36.400 | INFO     | Backtest   | [回测 4/5] 模拟第 3131/4821 笔交易: 新奥股份...
2026-05-06 00:00:36.657 | INFO     | Backtest   | [回测 4/5] 模拟第 3141/4821 笔交易: 健康元...
2026-05-06 00:00:36.942 | INFO     | Backtest   | [回测 4/5] 模拟第 3151/4821 笔交易: 华自科技...
2026-05-06 00:00:37.181 | INFO     | Backtest   | [回测 4/5] 模拟第 3161/4821 笔交易: 三友化工...
2026-05-06 00:00:37.391 | INFO     | Backtest   | [回测 4/5] 模拟第 3171/4821 笔交易: 科达制造...
2026-05-06 00:00:37.635 | INFO     | Backtest   | [回测 4/5] 模拟第 3181/4821 笔交易: 澄星股份...
2026-05-06 00:00:37.875 | INFO     | Backtest   | [回测 4/5] 模拟第 3191/4821 笔交易: 倍杰特...
2026-05-06 00:00:38.046 | INFO     | Backtest   | [回测 4/5] 模拟第 3201/4821 笔交易: 思美传媒...
2026-05-06 00:00:38.279 | INFO     | Backtest   | [回测 4/5] 模拟第 3211/4821 笔交易: 广钢气体...
2026-05-06 00:00:38.482 | INFO     | Backtest   | [回测 4/5] 模拟第 3221/4821 笔交易: 中闽能源...
2026-05-06 00:00:38.622 | INFO     | Backtest   | [回测 4/5] 模拟第 3231/4821 笔交易: 阳光乳业...
2026-05-06 00:00:38.846 | INFO     | Backtest   | [回测 4/5] 模拟第 3241/4821 笔交易: 比依股份...
2026-05-06 00:00:39.074 | INFO     | Backtest   | [回测 4/5] 模拟第 3251/4821 笔交易: 雪迪龙...
2026-05-06 00:00:39.245 | INFO     | Backtest   | [回测 4/5] 模拟第 3261/4821 笔交易: 新疆交建...
2026-05-06 00:00:39.471 | INFO     | Backtest   | [回测 4/5] 模拟第 3271/4821 笔交易: 领益智造...
2026-05-06 00:00:39.710 | INFO     | Backtest   | [回测 4/5] 模拟第 3281/4821 笔交易: 上海九百...
2026-05-06 00:00:39.909 | INFO     | Backtest   | [回测 4/5] 模拟第 3291/4821 笔交易: 永新股份...
2026-05-06 00:00:40.183 | INFO     | Backtest   | [回测 4/5] 模拟第 3301/4821 笔交易: 威星智能...
2026-05-06 00:00:40.418 | INFO     | Backtest   | [回测 4/5] 模拟第 3311/4821 笔交易: 三角轮胎...
2026-05-06 00:00:40.632 | INFO     | Backtest   | [回测 4/5] 模拟第 3321/4821 笔交易: 中威电子...
2026-05-06 00:00:40.876 | INFO     | Backtest   | [回测 4/5] 模拟第 3331/4821 笔交易: 万里扬...
2026-05-06 00:00:41.115 | INFO     | Backtest   | [回测 4/5] 模拟第 3341/4821 笔交易: 中国一重...
2026-05-06 00:00:41.313 | INFO     | Backtest   | [回测 4/5] 模拟第 3351/4821 笔交易: 永信至诚...
2026-05-06 00:00:41.528 | INFO     | Backtest   | [回测 4/5] 模拟第 3361/4821 笔交易: 新大洲A...
2026-05-06 00:00:41.751 | INFO     | Backtest   | [回测 4/5] 模拟第 3371/4821 笔交易: 鼎信通讯...
2026-05-06 00:00:41.927 | INFO     | Backtest   | [回测 4/5] 模拟第 3381/4821 笔交易: 苏试试验...
2026-05-06 00:00:42.095 | INFO     | Backtest   | [回测 4/5] 模拟第 3391/4821 笔交易: 抚顺特钢...
2026-05-06 00:00:42.282 | INFO     | Backtest   | [回测 4/5] 模拟第 3401/4821 笔交易: 乾照光电...
2026-05-06 00:00:42.474 | INFO     | Backtest   | [回测 4/5] 模拟第 3411/4821 笔交易: 南京银行...
2026-05-06 00:00:42.674 | INFO     | Backtest   | [回测 4/5] 模拟第 3421/4821 笔交易: 康普顿...
2026-05-06 00:00:42.897 | INFO     | Backtest   | [回测 4/5] 模拟第 3431/4821 笔交易: 吉祥航空...
2026-05-06 00:00:43.104 | INFO     | Backtest   | [回测 4/5] 模拟第 3441/4821 笔交易: 朗姿股份...
2026-05-06 00:00:43.318 | INFO     | Backtest   | [回测 4/5] 模拟第 3451/4821 笔交易: 冠昊生物...
2026-05-06 00:00:43.513 | INFO     | Backtest   | [回测 4/5] 模拟第 3461/4821 笔交易: 升达林业...
2026-05-06 00:00:43.670 | INFO     | Backtest   | [回测 4/5] 模拟第 3471/4821 笔交易: 欧普康视...
2026-05-06 00:00:43.876 | INFO     | Backtest   | [回测 4/5] 模拟第 3481/4821 笔交易: 鼎汉技术...
2026-05-06 00:00:44.121 | INFO     | Backtest   | [回测 4/5] 模拟第 3491/4821 笔交易: 星球石墨...
2026-05-06 00:00:44.331 | INFO     | Backtest   | [回测 4/5] 模拟第 3501/4821 笔交易: 春立医疗...
2026-05-06 00:00:44.532 | INFO     | Backtest   | [回测 4/5] 模拟第 3511/4821 笔交易: 华海药业...
2026-05-06 00:00:44.776 | INFO     | Backtest   | [回测 4/5] 模拟第 3521/4821 笔交易: 千红制药...
2026-05-06 00:00:45.014 | INFO     | Backtest   | [回测 4/5] 模拟第 3531/4821 笔交易: 四川双马...
2026-05-06 00:00:45.227 | INFO     | Backtest   | [回测 4/5] 模拟第 3541/4821 笔交易: 洽洽食品...
2026-05-06 00:00:45.443 | INFO     | Backtest   | [回测 4/5] 模拟第 3551/4821 笔交易: 诚意药业...
2026-05-06 00:00:45.689 | INFO     | Backtest   | [回测 4/5] 模拟第 3561/4821 笔交易: 创力集团...
2026-05-06 00:00:45.901 | INFO     | Backtest   | [回测 4/5] 模拟第 3571/4821 笔交易: 氯碱化工...
2026-05-06 00:00:46.090 | INFO     | Backtest   | [回测 4/5] 模拟第 3581/4821 笔交易: 同兴达...
2026-05-06 00:00:46.352 | INFO     | Backtest   | [回测 4/5] 模拟第 3591/4821 笔交易: 新朋股份...
2026-05-06 00:00:46.567 | INFO     | Backtest   | [回测 4/5] 模拟第 3601/4821 笔交易: 中汽股份...
2026-05-06 00:00:46.809 | INFO     | Backtest   | [回测 4/5] 模拟第 3611/4821 笔交易: 万顺新材...
2026-05-06 00:00:47.026 | INFO     | Backtest   | [回测 4/5] 模拟第 3621/4821 笔交易: 万通智控...
2026-05-06 00:00:47.282 | INFO     | Backtest   | [回测 4/5] 模拟第 3631/4821 笔交易: 建元信托...
2026-05-06 00:00:47.498 | INFO     | Backtest   | [回测 4/5] 模拟第 3641/4821 笔交易: 通裕重工...
2026-05-06 00:00:47.750 | INFO     | Backtest   | [回测 4/5] 模拟第 3651/4821 笔交易: 中国核建...
2026-05-06 00:00:47.889 | INFO     | Backtest   | [回测 4/5] 模拟第 3661/4821 笔交易: 海鸥股份...
2026-05-06 00:00:48.082 | INFO     | Backtest   | [回测 4/5] 模拟第 3671/4821 笔交易: 新农开发...
2026-05-06 00:00:48.283 | INFO     | Backtest   | [回测 4/5] 模拟第 3681/4821 笔交易: 华东数控...
2026-05-06 00:00:48.505 | INFO     | Backtest   | [回测 4/5] 模拟第 3691/4821 笔交易: 派斯林...
2026-05-06 00:00:48.694 | INFO     | Backtest   | [回测 4/5] 模拟第 3701/4821 笔交易: 华强科技...
2026-05-06 00:00:48.914 | INFO     | Backtest   | [回测 4/5] 模拟第 3711/4821 笔交易: 天晟新材...
2026-05-06 00:00:49.144 | INFO     | Backtest   | [回测 4/5] 模拟第 3721/4821 笔交易: 易成新能...
2026-05-06 00:00:49.359 | INFO     | Backtest   | [回测 4/5] 模拟第 3731/4821 笔交易: 豆神教育...
2026-05-06 00:00:49.579 | INFO     | Backtest   | [回测 4/5] 模拟第 3741/4821 笔交易: 维业股份...
2026-05-06 00:00:49.835 | INFO     | Backtest   | [回测 4/5] 模拟第 3751/4821 笔交易: 建研设计...
2026-05-06 00:00:50.063 | INFO     | Backtest   | [回测 4/5] 模拟第 3761/4821 笔交易: 辉煌科技...
2026-05-06 00:00:50.219 | INFO     | Backtest   | [回测 4/5] 模拟第 3771/4821 笔交易: 和仁科技...
2026-05-06 00:00:50.405 | INFO     | Backtest   | [回测 4/5] 模拟第 3781/4821 笔交易: 麦迪科技...
2026-05-06 00:00:50.617 | INFO     | Backtest   | [回测 4/5] 模拟第 3791/4821 笔交易: 仁东控股...
2026-05-06 00:00:50.796 | INFO     | Backtest   | [回测 4/5] 模拟第 3801/4821 笔交易: 汉邦高科...
2026-05-06 00:00:51.006 | INFO     | Backtest   | [回测 4/5] 模拟第 3811/4821 笔交易: 山东高速...
2026-05-06 00:00:51.191 | INFO     | Backtest   | [回测 4/5] 模拟第 3821/4821 笔交易: 史丹利...
2026-05-06 00:00:51.348 | INFO     | Backtest   | [回测 4/5] 模拟第 3831/4821 笔交易: 起帆电缆...
2026-05-06 00:00:51.550 | INFO     | Backtest   | [回测 4/5] 模拟第 3841/4821 笔交易: 金丹科技...
2026-05-06 00:00:51.794 | INFO     | Backtest   | [回测 4/5] 模拟第 3851/4821 笔交易: 侨银股份...
2026-05-06 00:00:51.994 | INFO     | Backtest   | [回测 4/5] 模拟第 3861/4821 笔交易: 长青股份...
2026-05-06 00:00:52.215 | INFO     | Backtest   | [回测 4/5] 模拟第 3871/4821 笔交易: 力生制药...
2026-05-06 00:00:52.428 | INFO     | Backtest   | [回测 4/5] 模拟第 3881/4821 笔交易: 宁波中百...
2026-05-06 00:00:52.682 | INFO     | Backtest   | [回测 4/5] 模拟第 3891/4821 笔交易: 综艺股份...
2026-05-06 00:00:52.850 | INFO     | Backtest   | [回测 4/5] 模拟第 3901/4821 笔交易: 新开源...
2026-05-06 00:00:53.026 | INFO     | Backtest   | [回测 4/5] 模拟第 3911/4821 笔交易: 新美星...
2026-05-06 00:00:53.198 | INFO     | Backtest   | [回测 4/5] 模拟第 3921/4821 笔交易: 双良节能...
2026-05-06 00:00:53.358 | INFO     | Backtest   | [回测 4/5] 模拟第 3931/4821 笔交易: 雅本化学...
2026-05-06 00:00:53.501 | INFO     | Backtest   | [回测 4/5] 模拟第 3941/4821 笔交易: 世纪天鸿...
2026-05-06 00:00:53.679 | INFO     | Backtest   | [回测 4/5] 模拟第 3951/4821 笔交易: 浙江世宝...
2026-05-06 00:00:53.846 | INFO     | Backtest   | [回测 4/5] 模拟第 3961/4821 笔交易: 海王生物...
2026-05-06 00:00:53.958 | INFO     | Backtest   | [回测 4/5] 模拟第 3971/4821 笔交易: 明冠新材...
2026-05-06 00:00:54.069 | INFO     | Backtest   | [回测 4/5] 模拟第 3981/4821 笔交易: 天府文旅...
2026-05-06 00:00:54.236 | INFO     | Backtest   | [回测 4/5] 模拟第 3991/4821 笔交易: 华瓷股份...
2026-05-06 00:00:54.372 | INFO     | Backtest   | [回测 4/5] 模拟第 4001/4821 笔交易: 张裕Ａ...
2026-05-06 00:00:54.569 | INFO     | Backtest   | [回测 4/5] 模拟第 4011/4821 笔交易: 三变科技...
2026-05-06 00:00:54.734 | INFO     | Backtest   | [回测 4/5] 模拟第 4021/4821 笔交易: 塔牌集团...
2026-05-06 00:00:54.971 | INFO     | Backtest   | [回测 4/5] 模拟第 4031/4821 笔交易: 建工修复...
2026-05-06 00:00:55.169 | INFO     | Backtest   | [回测 4/5] 模拟第 4041/4821 笔交易: 浙江众成...
2026-05-06 00:00:55.395 | INFO     | Backtest   | [回测 4/5] 模拟第 4051/4821 笔交易: 海能实业...
2026-05-06 00:00:55.649 | INFO     | Backtest   | [回测 4/5] 模拟第 4061/4821 笔交易: 山推股份...
2026-05-06 00:00:55.820 | INFO     | Backtest   | [回测 4/5] 模拟第 4071/4821 笔交易: 汽轮科技...
2026-05-06 00:00:56.001 | INFO     | Backtest   | [回测 4/5] 模拟第 4081/4821 笔交易: 中利集团...
2026-05-06 00:00:56.206 | INFO     | Backtest   | [回测 4/5] 模拟第 4091/4821 笔交易: 铭利达...
2026-05-06 00:00:56.430 | INFO     | Backtest   | [回测 4/5] 模拟第 4101/4821 笔交易: 华能蒙电...
2026-05-06 00:00:56.615 | INFO     | Backtest   | [回测 4/5] 模拟第 4111/4821 笔交易: 武汉天源...
2026-05-06 00:00:56.756 | INFO     | Backtest   | [回测 4/5] 模拟第 4121/4821 笔交易: 军信股份...
2026-05-06 00:00:56.966 | INFO     | Backtest   | [回测 4/5] 模拟第 4131/4821 笔交易: 宝泰隆...
2026-05-06 00:00:57.118 | INFO     | Backtest   | [回测 4/5] 模拟第 4141/4821 笔交易: 宏达高科...
2026-05-06 00:00:57.293 | INFO     | Backtest   | [回测 4/5] 模拟第 4151/4821 笔交易: 中远海特...
2026-05-06 00:00:57.509 | INFO     | Backtest   | [回测 4/5] 模拟第 4161/4821 笔交易: 善水科技...
2026-05-06 00:00:57.707 | INFO     | Backtest   | [回测 4/5] 模拟第 4171/4821 笔交易: 清越科技...
2026-05-06 00:00:57.896 | INFO     | Backtest   | [回测 4/5] 模拟第 4181/4821 笔交易: 邦基科技...
2026-05-06 00:00:58.071 | INFO     | Backtest   | [回测 4/5] 模拟第 4191/4821 笔交易: 城投控股...
2026-05-06 00:00:58.269 | INFO     | Backtest   | [回测 4/5] 模拟第 4201/4821 笔交易: 永东股份...
2026-05-06 00:00:58.434 | INFO     | Backtest   | [回测 4/5] 模拟第 4211/4821 笔交易: 南京熊猫...
2026-05-06 00:00:58.588 | INFO     | Backtest   | [回测 4/5] 模拟第 4221/4821 笔交易: 南宁百货...
2026-05-06 00:00:58.711 | INFO     | Backtest   | [回测 4/5] 模拟第 4231/4821 笔交易: 中衡设计...
2026-05-06 00:00:58.857 | INFO     | Backtest   | [回测 4/5] 模拟第 4241/4821 笔交易: 惠威科技...
2026-05-06 00:00:58.984 | INFO     | Backtest   | [回测 4/5] 模拟第 4251/4821 笔交易: 陕西煤业...
2026-05-06 00:00:59.120 | INFO     | Backtest   | [回测 4/5] 模拟第 4261/4821 笔交易: 恒天海龙...
2026-05-06 00:00:59.253 | INFO     | Backtest   | [回测 4/5] 模拟第 4271/4821 笔交易: 梅花生物...
2026-05-06 00:00:59.387 | INFO     | Backtest   | [回测 4/5] 模拟第 4281/4821 笔交易: 英威腾...
2026-05-06 00:00:59.610 | INFO     | Backtest   | [回测 4/5] 模拟第 4291/4821 笔交易: 东南电子...
2026-05-06 00:00:59.787 | INFO     | Backtest   | [回测 4/5] 模拟第 4301/4821 笔交易: 全信股份...
2026-05-06 00:00:59.925 | INFO     | Backtest   | [回测 4/5] 模拟第 4311/4821 笔交易: 金三江...
2026-05-06 00:01:00.096 | INFO     | Backtest   | [回测 4/5] 模拟第 4321/4821 笔交易: 依顿电子...
2026-05-06 00:01:00.279 | INFO     | Backtest   | [回测 4/5] 模拟第 4331/4821 笔交易: 海格通信...
2026-05-06 00:01:00.446 | INFO     | Backtest   | [回测 4/5] 模拟第 4341/4821 笔交易: 中联重科...
2026-05-06 00:01:00.607 | INFO     | Backtest   | [回测 4/5] 模拟第 4351/4821 笔交易: 博源化工...
2026-05-06 00:01:00.758 | INFO     | Backtest   | [回测 4/5] 模拟第 4361/4821 笔交易: 深圳能源...
2026-05-06 00:01:00.913 | INFO     | Backtest   | [回测 4/5] 模拟第 4371/4821 笔交易: 江苏索普...
2026-05-06 00:01:01.032 | INFO     | Backtest   | [回测 4/5] 模拟第 4381/4821 笔交易: 新中港...
2026-05-06 00:01:01.136 | INFO     | Backtest   | [回测 4/5] 模拟第 4391/4821 笔交易: 和展能源...
2026-05-06 00:01:01.296 | INFO     | Backtest   | [回测 4/5] 模拟第 4401/4821 笔交易: 深高速...
2026-05-06 00:01:01.464 | INFO     | Backtest   | [回测 4/5] 模拟第 4411/4821 笔交易: 建投能源...
2026-05-06 00:01:01.603 | INFO     | Backtest   | [回测 4/5] 模拟第 4421/4821 笔交易: 南京商旅...
2026-05-06 00:01:01.782 | INFO     | Backtest   | [回测 4/5] 模拟第 4431/4821 笔交易: 维力医疗...
2026-05-06 00:01:01.914 | INFO     | Backtest   | [回测 4/5] 模拟第 4441/4821 笔交易: 振东制药...
2026-05-06 00:01:02.085 | INFO     | Backtest   | [回测 4/5] 模拟第 4451/4821 笔交易: 开尔新材...
2026-05-06 00:01:02.321 | INFO     | Backtest   | [回测 4/5] 模拟第 4461/4821 笔交易: 高能环境...
2026-05-06 00:01:02.476 | INFO     | Backtest   | [回测 4/5] 模拟第 4471/4821 笔交易: 我武生物...
2026-05-06 00:01:02.643 | INFO     | Backtest   | [回测 4/5] 模拟第 4481/4821 笔交易: 上海家化...
2026-05-06 00:01:02.772 | INFO     | Backtest   | [回测 4/5] 模拟第 4491/4821 笔交易: 鹏鹞环保...
2026-05-06 00:01:02.915 | INFO     | Backtest   | [回测 4/5] 模拟第 4501/4821 笔交易: 莲花控股...
2026-05-06 00:01:03.072 | INFO     | Backtest   | [回测 4/5] 模拟第 4511/4821 笔交易: 凯美特气...
2026-05-06 00:01:03.272 | INFO     | Backtest   | [回测 4/5] 模拟第 4521/4821 笔交易: 创维数字...
2026-05-06 00:01:03.439 | INFO     | Backtest   | [回测 4/5] 模拟第 4531/4821 笔交易: 恒盛能源...
2026-05-06 00:01:03.619 | INFO     | Backtest   | [回测 4/5] 模拟第 4541/4821 笔交易: 智光电气...
2026-05-06 00:01:03.814 | INFO     | Backtest   | [回测 4/5] 模拟第 4551/4821 笔交易: 康斯特...
2026-05-06 00:01:04.000 | INFO     | Backtest   | [回测 4/5] 模拟第 4561/4821 笔交易: 幸福蓝海...
2026-05-06 00:01:04.209 | INFO     | Backtest   | [回测 4/5] 模拟第 4571/4821 笔交易: 杭州园林...
2026-05-06 00:01:04.413 | INFO     | Backtest   | [回测 4/5] 模拟第 4581/4821 笔交易: 杉杉股份...
2026-05-06 00:01:04.610 | INFO     | Backtest   | [回测 4/5] 模拟第 4591/4821 笔交易: 天舟文化...
2026-05-06 00:01:04.803 | INFO     | Backtest   | [回测 4/5] 模拟第 4601/4821 笔交易: 康欣新材...
2026-05-06 00:01:04.997 | INFO     | Backtest   | [回测 4/5] 模拟第 4611/4821 笔交易: 神通科技...
2026-05-06 00:01:05.209 | INFO     | Backtest   | [回测 4/5] 模拟第 4621/4821 笔交易: 炬申股份...
2026-05-06 00:01:05.422 | INFO     | Backtest   | [回测 4/5] 模拟第 4631/4821 笔交易: 圣阳股份...
2026-05-06 00:01:05.582 | INFO     | Backtest   | [回测 4/5] 模拟第 4641/4821 笔交易: 开普检测...
2026-05-06 00:01:05.790 | INFO     | Backtest   | [回测 4/5] 模拟第 4651/4821 笔交易: 华阳国际...
2026-05-06 00:01:06.007 | INFO     | Backtest   | [回测 4/5] 模拟第 4661/4821 笔交易: 德固特...
2026-05-06 00:01:06.196 | INFO     | Backtest   | [回测 4/5] 模拟第 4671/4821 笔交易: 建研院...
2026-05-06 00:01:06.395 | INFO     | Backtest   | [回测 4/5] 模拟第 4681/4821 笔交易: 承德露露...
2026-05-06 00:01:06.593 | INFO     | Backtest   | [回测 4/5] 模拟第 4691/4821 笔交易: 大东南...
2026-05-06 00:01:06.750 | INFO     | Backtest   | [回测 4/5] 模拟第 4701/4821 笔交易: 恒通股份...
2026-05-06 00:01:06.910 | INFO     | Backtest   | [回测 4/5] 模拟第 4711/4821 笔交易: 科锐国际...
2026-05-06 00:01:07.048 | INFO     | Backtest   | [回测 4/5] 模拟第 4721/4821 笔交易: 金固股份...
2026-05-06 00:01:07.164 | INFO     | Backtest   | [回测 4/5] 模拟第 4731/4821 笔交易: 恒力石化...
2026-05-06 00:01:07.304 | INFO     | Backtest   | [回测 4/5] 模拟第 4741/4821 笔交易: 京东方Ａ...
2026-05-06 00:01:07.492 | INFO     | Backtest   | [回测 4/5] 模拟第 4751/4821 笔交易: 阳光照明...
2026-05-06 00:01:07.644 | INFO     | Backtest   | [回测 4/5] 模拟第 4761/4821 笔交易: 氯碱化工...
2026-05-06 00:01:07.783 | INFO     | Backtest   | [回测 4/5] 模拟第 4771/4821 笔交易: 梦洁股份...
2026-05-06 00:01:07.888 | INFO     | Backtest   | [回测 4/5] 模拟第 4781/4821 笔交易: 天润工业...
2026-05-06 00:01:08.017 | INFO     | Backtest   | [回测 4/5] 模拟第 4791/4821 笔交易: 吴通控股...
2026-05-06 00:01:08.132 | INFO     | Backtest   | [回测 4/5] 模拟第 4801/4821 笔交易: 岩山科技...
2026-05-06 00:01:08.260 | INFO     | Backtest   | [回测 4/5] 模拟第 4811/4821 笔交易: 悦达投资...
2026-05-06 00:01:08.421 | INFO     | Backtest   | [回测 4/5] 模拟第 4821/4821 笔交易: 欧普康视...
2026-05-06 00:01:08.452 | INFO     | Backtest   | [回测 5/5] 回测任务完成: 1139笔(含0笔平手离场)
2026-05-06 00:02:33.404 | INFO     | DuckDB     | DuckDB | 所有核心表结构初始化完成 (含热点板块)
2026-05-06 00:02:33.404 | INFO     | DuckDB     | DuckDB 核心就绪: E:\1target\p9_project\quant-platform\data\meta\meta.db
2026-05-06 00:02:33.410 | INFO     | Backtest   | [回测 1/5] 筛选回测目标股票...
2026-05-06 00:02:33.418 | INFO     | Backtest   | [回测 2/5] 加载 4972 只股票的历史数据进行快速扫描...
2026-05-06 00:02:47.495 | INFO     | Backtest   | [回测 3/5] 计算策略信号 (基于日线信号库)...
2026-05-06 00:02:47.505 | INFO     | Screener   | 🧬 [Loader] 识别到类继承策略: MA5AngleOriginalStrategy
2026-05-06 00:02:51.930 | INFO     | Backtest   | [回测 4/5] 处理 4845 条信号，执行精细分钟线仿真...
2026-05-06 00:02:51.935 | INFO     | Backtest   | [回测 4/5] 模拟第 1/4845 笔交易: 升达林业...
2026-05-06 00:02:52.258 | INFO     | Backtest   | [回测 4/5] 模拟第 11/4845 笔交易: 万丰股份...
2026-05-06 00:02:52.596 | INFO     | Backtest   | [回测 4/5] 模拟第 21/4845 笔交易: 恒誉环保...
2026-05-06 00:02:52.954 | INFO     | Backtest   | [回测 4/5] 模拟第 31/4845 笔交易: 锦鸡股份...
2026-05-06 00:02:53.351 | INFO     | Backtest   | [回测 4/5] 模拟第 41/4845 笔交易: 君正集团...
2026-05-06 00:02:53.748 | INFO     | Backtest   | [回测 4/5] 模拟第 51/4845 笔交易: 海洋王...
2026-05-06 00:02:54.108 | INFO     | Backtest   | [回测 4/5] 模拟第 61/4845 笔交易: 三雄极光...
2026-05-06 00:02:54.470 | INFO     | Backtest   | [回测 4/5] 模拟第 71/4845 笔交易: 世名科技...
2026-05-06 00:02:54.795 | INFO     | Backtest   | [回测 4/5] 模拟第 81/4845 笔交易: 朝阳科技...
2026-05-06 00:02:55.168 | INFO     | Backtest   | [回测 4/5] 模拟第 91/4845 笔交易: 生意宝...
2026-05-06 00:02:55.500 | INFO     | Backtest   | [回测 4/5] 模拟第 101/4845 笔交易: 联建光电...
2026-05-06 00:02:55.867 | INFO     | Backtest   | [回测 4/5] 模拟第 111/4845 笔交易: 众源新材...
2026-05-06 00:02:56.268 | INFO     | Backtest   | [回测 4/5] 模拟第 121/4845 笔交易: 遥望科技...
2026-05-06 00:02:56.624 | INFO     | Backtest   | [回测 4/5] 模拟第 131/4845 笔交易: 歌尔股份...
2026-05-06 00:02:56.966 | INFO     | Backtest   | [回测 4/5] 模拟第 141/4845 笔交易: 激智科技...
2026-05-06 00:02:57.315 | INFO     | Backtest   | [回测 4/5] 模拟第 151/4845 笔交易: 方正科技...
2026-05-06 00:02:57.723 | INFO     | Backtest   | [回测 4/5] 模拟第 161/4845 笔交易: 烽火通信...
2026-05-06 00:02:58.108 | INFO     | Backtest   | [回测 4/5] 模拟第 171/4845 笔交易: 凯恩股份...
2026-05-06 00:02:58.504 | INFO     | Backtest   | [回测 4/5] 模拟第 181/4845 笔交易: 龙韵股份...
2026-05-06 00:02:58.853 | INFO     | Backtest   | [回测 4/5] 模拟第 191/4845 笔交易: 国安股份...
2026-05-06 00:02:59.215 | INFO     | Backtest   | [回测 4/5] 模拟第 201/4845 笔交易: 柏诚股份...
2026-05-06 00:02:59.597 | INFO     | Backtest   | [回测 4/5] 模拟第 211/4845 笔交易: 物产金轮...
2026-05-06 00:02:59.963 | INFO     | Backtest   | [回测 4/5] 模拟第 221/4845 笔交易: 星源材质...
2026-05-06 00:03:00.309 | INFO     | Backtest   | [回测 4/5] 模拟第 231/4845 笔交易: 深纺织Ａ...
2026-05-06 00:03:00.658 | INFO     | Backtest   | [回测 4/5] 模拟第 241/4845 笔交易: 神思电子...
2026-05-06 00:03:01.015 | INFO     | Backtest   | [回测 4/5] 模拟第 251/4845 笔交易: 道明光学...
2026-05-06 00:03:01.384 | INFO     | Backtest   | [回测 4/5] 模拟第 261/4845 笔交易: 清源股份...
2026-05-06 00:03:01.726 | INFO     | Backtest   | [回测 4/5] 模拟第 271/4845 笔交易: 南矿集团...
2026-05-06 00:03:02.114 | INFO     | Backtest   | [回测 4/5] 模拟第 281/4845 笔交易: 蒙草生态...
2026-05-06 00:03:02.499 | INFO     | Backtest   | [回测 4/5] 模拟第 291/4845 笔交易: 金石亚药...
2026-05-06 00:03:02.877 | INFO     | Backtest   | [回测 4/5] 模拟第 301/4845 笔交易: 贵绳股份...
2026-05-06 00:03:03.275 | INFO     | Backtest   | [回测 4/5] 模拟第 311/4845 笔交易: 有研硅...
2026-05-06 00:03:03.668 | INFO     | Backtest   | [回测 4/5] 模拟第 321/4845 笔交易: 四川双马...
2026-05-06 00:03:04.045 | INFO     | Backtest   | [回测 4/5] 模拟第 331/4845 笔交易: 名臣健康...
2026-05-06 00:03:04.417 | INFO     | Backtest   | [回测 4/5] 模拟第 341/4845 笔交易: 红塔证券...
2026-05-06 00:03:04.752 | INFO     | Backtest   | [回测 4/5] 模拟第 351/4845 笔交易: 爱朋医疗...
2026-05-06 00:03:05.099 | INFO     | Backtest   | [回测 4/5] 模拟第 361/4845 笔交易: 起帆电缆...
2026-05-06 00:03:05.477 | INFO     | Backtest   | [回测 4/5] 模拟第 371/4845 笔交易: 兴业股份...
2026-05-06 00:03:05.834 | INFO     | Backtest   | [回测 4/5] 模拟第 381/4845 笔交易: 赛维时代...
2026-05-06 00:03:06.202 | INFO     | Backtest   | [回测 4/5] 模拟第 391/4845 笔交易: 三态股份...
2026-05-06 00:03:06.550 | INFO     | Backtest   | [回测 4/5] 模拟第 401/4845 笔交易: 兴欣新材...
2026-05-06 00:03:06.909 | INFO     | Backtest   | [回测 4/5] 模拟第 411/4845 笔交易: 云南能投...
2026-05-06 00:03:07.283 | INFO     | Backtest   | [回测 4/5] 模拟第 421/4845 笔交易: 艾比森...
2026-05-06 00:03:07.621 | INFO     | Backtest   | [回测 4/5] 模拟第 431/4845 笔交易: 国旅联合...
2026-05-06 00:03:07.951 | INFO     | Backtest   | [回测 4/5] 模拟第 441/4845 笔交易: 森远股份...
2026-05-06 00:03:08.246 | INFO     | Backtest   | [回测 4/5] 模拟第 451/4845 笔交易: 正虹科技...
2026-05-06 00:03:08.554 | INFO     | Backtest   | [回测 4/5] 模拟第 461/4845 笔交易: 荣盛发展...
2026-05-06 00:03:08.886 | INFO     | Backtest   | [回测 4/5] 模拟第 471/4845 笔交易: 宝立食品...
2026-05-06 00:03:09.254 | INFO     | Backtest   | [回测 4/5] 模拟第 481/4845 笔交易: 青岛食品...
2026-05-06 00:03:09.639 | INFO     | Backtest   | [回测 4/5] 模拟第 491/4845 笔交易: 安阳钢铁...
2026-05-06 00:03:10.023 | INFO     | Backtest   | [回测 4/5] 模拟第 501/4845 笔交易: 一心堂...
2026-05-06 00:03:10.354 | INFO     | Backtest   | [回测 4/5] 模拟第 511/4845 笔交易: 高乐股份...
2026-05-06 00:03:10.679 | INFO     | Backtest   | [回测 4/5] 模拟第 521/4845 笔交易: 海伦钢琴...
2026-05-06 00:03:10.992 | INFO     | Backtest   | [回测 4/5] 模拟第 531/4845 笔交易: 李子园...
2026-05-06 00:03:11.354 | INFO     | Backtest   | [回测 4/5] 模拟第 541/4845 笔交易: 崧盛股份...
2026-05-06 00:03:11.748 | INFO     | Backtest   | [回测 4/5] 模拟第 551/4845 笔交易: 恒尚节能...
2026-05-06 00:03:12.051 | INFO     | Backtest   | [回测 4/5] 模拟第 561/4845 笔交易: 明阳电路...
2026-05-06 00:03:12.371 | INFO     | Backtest   | [回测 4/5] 模拟第 571/4845 笔交易: 电工合金...
2026-05-06 00:03:12.694 | INFO     | Backtest   | [回测 4/5] 模拟第 581/4845 笔交易: 瀛通通讯...
2026-05-06 00:03:13.008 | INFO     | Backtest   | [回测 4/5] 模拟第 591/4845 笔交易: 华夏航空...
2026-05-06 00:03:13.362 | INFO     | Backtest   | [回测 4/5] 模拟第 601/4845 笔交易: 中兰环保...
2026-05-06 00:03:13.674 | INFO     | Backtest   | [回测 4/5] 模拟第 611/4845 笔交易: 浙江东日...
2026-05-06 00:03:14.060 | INFO     | Backtest   | [回测 4/5] 模拟第 621/4845 笔交易: 汉王科技...
2026-05-06 00:03:14.423 | INFO     | Backtest   | [回测 4/5] 模拟第 631/4845 笔交易: 创维数字...
2026-05-06 00:03:14.804 | INFO     | Backtest   | [回测 4/5] 模拟第 641/4845 笔交易: 晨曦航空...
2026-05-06 00:03:15.054 | INFO     | Backtest   | [回测 4/5] 模拟第 651/4845 笔交易: 山子高科...
2026-05-06 00:03:15.360 | INFO     | Backtest   | [回测 4/5] 模拟第 661/4845 笔交易: 尤安设计...
2026-05-06 00:03:15.703 | INFO     | Backtest   | [回测 4/5] 模拟第 671/4845 笔交易: 赫美集团...
2026-05-06 00:03:16.018 | INFO     | Backtest   | [回测 4/5] 模拟第 681/4845 笔交易: 诚达药业...
2026-05-06 00:03:16.357 | INFO     | Backtest   | [回测 4/5] 模拟第 691/4845 笔交易: 森泰股份...
2026-05-06 00:03:16.694 | INFO     | Backtest   | [回测 4/5] 模拟第 701/4845 笔交易: 一彬科技...
2026-05-06 00:03:17.046 | INFO     | Backtest   | [回测 4/5] 模拟第 711/4845 笔交易: 溢多利...
2026-05-06 00:03:17.399 | INFO     | Backtest   | [回测 4/5] 模拟第 721/4845 笔交易: 博晖创新...
2026-05-06 00:03:17.762 | INFO     | Backtest   | [回测 4/5] 模拟第 731/4845 笔交易: 和顺科技...
2026-05-06 00:03:18.119 | INFO     | Backtest   | [回测 4/5] 模拟第 741/4845 笔交易: 宣亚国际...
2026-05-06 00:03:18.466 | INFO     | Backtest   | [回测 4/5] 模拟第 751/4845 笔交易: 浩物股份...
2026-05-06 00:03:18.840 | INFO     | Backtest   | [回测 4/5] 模拟第 761/4845 笔交易: 秦川物联...
2026-05-06 00:03:19.172 | INFO     | Backtest   | [回测 4/5] 模拟第 771/4845 笔交易: 银信科技...
2026-05-06 00:03:19.529 | INFO     | Backtest   | [回测 4/5] 模拟第 781/4845 笔交易: 欧科亿...
2026-05-06 00:03:19.884 | INFO     | Backtest   | [回测 4/5] 模拟第 791/4845 笔交易: 维业股份...
2026-05-06 00:03:20.224 | INFO     | Backtest   | [回测 4/5] 模拟第 801/4845 笔交易: 智动力...
2026-05-06 00:03:20.583 | INFO     | Backtest   | [回测 4/5] 模拟第 811/4845 笔交易: 读者传媒...
2026-05-06 00:03:20.949 | INFO     | Backtest   | [回测 4/5] 模拟第 821/4845 笔交易: 方盛制药...
2026-05-06 00:03:21.296 | INFO     | Backtest   | [回测 4/5] 模拟第 831/4845 笔交易: 三诺生物...
2026-05-06 00:03:21.584 | INFO     | Backtest   | [回测 4/5] 模拟第 841/4845 笔交易: 北化股份...
2026-05-06 00:03:21.888 | INFO     | Backtest   | [回测 4/5] 模拟第 851/4845 笔交易: 迅捷兴...
2026-05-06 00:03:22.217 | INFO     | Backtest   | [回测 4/5] 模拟第 861/4845 笔交易: 源飞宠物...
2026-05-06 00:03:22.509 | INFO     | Backtest   | [回测 4/5] 模拟第 871/4845 笔交易: 横店影视...
2026-05-06 00:03:22.833 | INFO     | Backtest   | [回测 4/5] 模拟第 881/4845 笔交易: 蓝科高新...
2026-05-06 00:03:23.157 | INFO     | Backtest   | [回测 4/5] 模拟第 891/4845 笔交易: 德新科技...
2026-05-06 00:03:23.449 | INFO     | Backtest   | [回测 4/5] 模拟第 901/4845 笔交易: 湘电股份...
2026-05-06 00:03:23.780 | INFO     | Backtest   | [回测 4/5] 模拟第 911/4845 笔交易: 阿石创...
2026-05-06 00:03:24.103 | INFO     | Backtest   | [回测 4/5] 模拟第 921/4845 笔交易: 创元科技...
2026-05-06 00:03:24.409 | INFO     | Backtest   | [回测 4/5] 模拟第 931/4845 笔交易: 西上海...
2026-05-06 00:03:24.666 | INFO     | Backtest   | [回测 4/5] 模拟第 941/4845 笔交易: 电子城...
2026-05-06 00:03:24.955 | INFO     | Backtest   | [回测 4/5] 模拟第 951/4845 笔交易: 安科生物...
2026-05-06 00:03:25.209 | INFO     | Backtest   | [回测 4/5] 模拟第 961/4845 笔交易: 北大医药...
2026-05-06 00:03:25.468 | INFO     | Backtest   | [回测 4/5] 模拟第 971/4845 笔交易: 美腾科技...
2026-05-06 00:03:25.727 | INFO     | Backtest   | [回测 4/5] 模拟第 981/4845 笔交易: 标准股份...
2026-05-06 00:03:26.016 | INFO     | Backtest   | [回测 4/5] 模拟第 991/4845 笔交易: 清水源...
2026-05-06 00:03:26.251 | INFO     | Backtest   | [回测 4/5] 模拟第 1001/4845 笔交易: 景兴纸业...
2026-05-06 00:03:26.550 | INFO     | Backtest   | [回测 4/5] 模拟第 1011/4845 笔交易: 中瑞股份...
2026-05-06 00:03:26.851 | INFO     | Backtest   | [回测 4/5] 模拟第 1021/4845 笔交易: 新化股份...
2026-05-06 00:03:27.146 | INFO     | Backtest   | [回测 4/5] 模拟第 1031/4845 笔交易: 合金投资...
2026-05-06 00:03:27.459 | INFO     | Backtest   | [回测 4/5] 模拟第 1041/4845 笔交易: 奥联电子...
2026-05-06 00:03:27.753 | INFO     | Backtest   | [回测 4/5] 模拟第 1051/4845 笔交易: 中银证券...
2026-05-06 00:03:28.057 | INFO     | Backtest   | [回测 4/5] 模拟第 1061/4845 笔交易: 国统股份...
2026-05-06 00:03:28.400 | INFO     | Backtest   | [回测 4/5] 模拟第 1071/4845 笔交易: 艾隆科技...
2026-05-06 00:03:28.751 | INFO     | Backtest   | [回测 4/5] 模拟第 1081/4845 笔交易: 光云科技...
2026-05-06 00:03:29.032 | INFO     | Backtest   | [回测 4/5] 模拟第 1091/4845 笔交易: 壹石通...
2026-05-06 00:03:29.337 | INFO     | Backtest   | [回测 4/5] 模拟第 1101/4845 笔交易: 热威股份...
2026-05-06 00:03:29.644 | INFO     | Backtest   | [回测 4/5] 模拟第 1111/4845 笔交易: 依米康...
2026-05-06 00:03:29.973 | INFO     | Backtest   | [回测 4/5] 模拟第 1121/4845 笔交易: 首创证券...
2026-05-06 00:03:30.302 | INFO     | Backtest   | [回测 4/5] 模拟第 1131/4845 笔交易: 出版传媒...
2026-05-06 00:03:30.639 | INFO     | Backtest   | [回测 4/5] 模拟第 1141/4845 笔交易: 英威腾...
2026-05-06 00:03:30.963 | INFO     | Backtest   | [回测 4/5] 模拟第 1151/4845 笔交易: 合康新能...
2026-05-06 00:03:31.290 | INFO     | Backtest   | [回测 4/5] 模拟第 1161/4845 笔交易: 万得凯...
2026-05-06 00:03:31.616 | INFO     | Backtest   | [回测 4/5] 模拟第 1171/4845 笔交易: 莱美药业...
2026-05-06 00:03:31.918 | INFO     | Backtest   | [回测 4/5] 模拟第 1181/4845 笔交易: 信雅达...
2026-05-06 00:03:32.201 | INFO     | Backtest   | [回测 4/5] 模拟第 1191/4845 笔交易: 中航重机...
2026-05-06 00:03:32.471 | INFO     | Backtest   | [回测 4/5] 模拟第 1201/4845 笔交易: 华东重机...
2026-05-06 00:03:32.696 | INFO     | Backtest   | [回测 4/5] 模拟第 1211/4845 笔交易: 沃格光电...
2026-05-06 00:03:32.974 | INFO     | Backtest   | [回测 4/5] 模拟第 1221/4845 笔交易: 南极光...
2026-05-06 00:03:33.283 | INFO     | Backtest   | [回测 4/5] 模拟第 1231/4845 笔交易: 福然德...
2026-05-06 00:03:33.582 | INFO     | Backtest   | [回测 4/5] 模拟第 1241/4845 笔交易: 晨化股份...
2026-05-06 00:03:33.888 | INFO     | Backtest   | [回测 4/5] 模拟第 1251/4845 笔交易: 悦达投资...
2026-05-06 00:03:34.156 | INFO     | Backtest   | [回测 4/5] 模拟第 1261/4845 笔交易: 仕净科技...
2026-05-06 00:03:34.415 | INFO     | Backtest   | [回测 4/5] 模拟第 1271/4845 笔交易: 中石科技...
2026-05-06 00:03:34.702 | INFO     | Backtest   | [回测 4/5] 模拟第 1281/4845 笔交易: 长江材料...
2026-05-06 00:03:34.978 | INFO     | Backtest   | [回测 4/5] 模拟第 1291/4845 笔交易: 可立克...
2026-05-06 00:03:35.322 | INFO     | Backtest   | [回测 4/5] 模拟第 1301/4845 笔交易: 数据港...
2026-05-06 00:03:35.640 | INFO     | Backtest   | [回测 4/5] 模拟第 1311/4845 笔交易: 京泉华...
2026-05-06 00:03:35.988 | INFO     | Backtest   | [回测 4/5] 模拟第 1321/4845 笔交易: 广电计量...
2026-05-06 00:03:36.320 | INFO     | Backtest   | [回测 4/5] 模拟第 1331/4845 笔交易: 浙数文化...
2026-05-06 00:03:36.656 | INFO     | Backtest   | [回测 4/5] 模拟第 1341/4845 笔交易: 金圆股份...
2026-05-06 00:03:36.959 | INFO     | Backtest   | [回测 4/5] 模拟第 1351/4845 笔交易: 电科网安...
2026-05-06 00:03:37.259 | INFO     | Backtest   | [回测 4/5] 模拟第 1361/4845 笔交易: 英力特...
2026-05-06 00:03:37.484 | INFO     | Backtest   | [回测 4/5] 模拟第 1371/4845 笔交易: 山西焦化...
2026-05-06 00:03:37.802 | INFO     | Backtest   | [回测 4/5] 模拟第 1381/4845 笔交易: 亚邦股份...
2026-05-06 00:03:38.052 | INFO     | Backtest   | [回测 4/5] 模拟第 1391/4845 笔交易: 亿帆医药...
2026-05-06 00:03:38.386 | INFO     | Backtest   | [回测 4/5] 模拟第 1401/4845 笔交易: 大参林...
2026-05-06 00:03:38.679 | INFO     | Backtest   | [回测 4/5] 模拟第 1411/4845 笔交易: 海鸥股份...
2026-05-06 00:03:38.932 | INFO     | Backtest   | [回测 4/5] 模拟第 1421/4845 笔交易: 正裕工业...
2026-05-06 00:03:39.197 | INFO     | Backtest   | [回测 4/5] 模拟第 1431/4845 笔交易: 方盛制药...
2026-05-06 00:03:39.490 | INFO     | Backtest   | [回测 4/5] 模拟第 1441/4845 笔交易: 开开实业...
2026-05-06 00:03:39.797 | INFO     | Backtest   | [回测 4/5] 模拟第 1451/4845 笔交易: 神奇制药...
2026-05-06 00:03:40.113 | INFO     | Backtest   | [回测 4/5] 模拟第 1461/4845 笔交易: 亚宝药业...
2026-05-06 00:03:40.423 | INFO     | Backtest   | [回测 4/5] 模拟第 1471/4845 笔交易: 金海高科...
2026-05-06 00:03:40.711 | INFO     | Backtest   | [回测 4/5] 模拟第 1481/4845 笔交易: 山河药辅...
2026-05-06 00:03:40.975 | INFO     | Backtest   | [回测 4/5] 模拟第 1491/4845 笔交易: 江海股份...
2026-05-06 00:03:41.280 | INFO     | Backtest   | [回测 4/5] 模拟第 1501/4845 笔交易: 华培动力...
2026-05-06 00:03:41.588 | INFO     | Backtest   | [回测 4/5] 模拟第 1511/4845 笔交易: 法本信息...
2026-05-06 00:03:41.865 | INFO     | Backtest   | [回测 4/5] 模拟第 1521/4845 笔交易: 美思德...
2026-05-06 00:03:42.158 | INFO     | Backtest   | [回测 4/5] 模拟第 1531/4845 笔交易: 裕兴股份...
2026-05-06 00:03:42.398 | INFO     | Backtest   | [回测 4/5] 模拟第 1541/4845 笔交易: 国机重装...
2026-05-06 00:03:42.625 | INFO     | Backtest   | [回测 4/5] 模拟第 1551/4845 笔交易: 闽发铝业...
2026-05-06 00:03:42.838 | INFO     | Backtest   | [回测 4/5] 模拟第 1561/4845 笔交易: 华钰矿业...
2026-05-06 00:03:43.094 | INFO     | Backtest   | [回测 4/5] 模拟第 1571/4845 笔交易: 神火股份...
2026-05-06 00:03:43.348 | INFO     | Backtest   | [回测 4/5] 模拟第 1581/4845 笔交易: 新兴铸管...
2026-05-06 00:03:43.630 | INFO     | Backtest   | [回测 4/5] 模拟第 1591/4845 笔交易: 龙建股份...
2026-05-06 00:03:43.894 | INFO     | Backtest   | [回测 4/5] 模拟第 1601/4845 笔交易: 大西洋...
2026-05-06 00:03:44.179 | INFO     | Backtest   | [回测 4/5] 模拟第 1611/4845 笔交易: 北新路桥...
2026-05-06 00:03:44.422 | INFO     | Backtest   | [回测 4/5] 模拟第 1621/4845 笔交易: 太阳纸业...
2026-05-06 00:03:44.726 | INFO     | Backtest   | [回测 4/5] 模拟第 1631/4845 笔交易: 唐人神...
2026-05-06 00:03:45.046 | INFO     | Backtest   | [回测 4/5] 模拟第 1641/4845 笔交易: 腾达建设...
2026-05-06 00:03:45.354 | INFO     | Backtest   | [回测 4/5] 模拟第 1651/4845 笔交易: 兰花科创...
2026-05-06 00:03:45.619 | INFO     | Backtest   | [回测 4/5] 模拟第 1661/4845 笔交易: 通业科技...
2026-05-06 00:03:45.854 | INFO     | Backtest   | [回测 4/5] 模拟第 1671/4845 笔交易: 科新发展...
2026-05-06 00:03:46.118 | INFO     | Backtest   | [回测 4/5] 模拟第 1681/4845 笔交易: 滨化股份...
2026-05-06 00:03:46.403 | INFO     | Backtest   | [回测 4/5] 模拟第 1691/4845 笔交易: 京基智农...
2026-05-06 00:03:46.652 | INFO     | Backtest   | [回测 4/5] 模拟第 1701/4845 笔交易: 欣龙控股...
2026-05-06 00:03:46.922 | INFO     | Backtest   | [回测 4/5] 模拟第 1711/4845 笔交易: 康美药业...
2026-05-06 00:03:47.222 | INFO     | Backtest   | [回测 4/5] 模拟第 1721/4845 笔交易: 嘉诚国际...
2026-05-06 00:03:47.478 | INFO     | Backtest   | [回测 4/5] 模拟第 1731/4845 笔交易: 东阳光...
2026-05-06 00:03:47.757 | INFO     | Backtest   | [回测 4/5] 模拟第 1741/4845 笔交易: 翰宇药业...
2026-05-06 00:03:47.967 | INFO     | Backtest   | [回测 4/5] 模拟第 1751/4845 笔交易: 三力制药...
2026-05-06 00:03:48.234 | INFO     | Backtest   | [回测 4/5] 模拟第 1761/4845 笔交易: 凯撒旅业...
2026-05-06 00:03:48.462 | INFO     | Backtest   | [回测 4/5] 模拟第 1771/4845 笔交易: 开创国际...
2026-05-06 00:03:48.732 | INFO     | Backtest   | [回测 4/5] 模拟第 1781/4845 笔交易: 宇新股份...
2026-05-06 00:03:49.010 | INFO     | Backtest   | [回测 4/5] 模拟第 1791/4845 笔交易: 柘中股份...
2026-05-06 00:03:49.263 | INFO     | Backtest   | [回测 4/5] 模拟第 1801/4845 笔交易: 纽威数控...
2026-05-06 00:03:49.559 | INFO     | Backtest   | [回测 4/5] 模拟第 1811/4845 笔交易: 江南水务...
2026-05-06 00:03:49.820 | INFO     | Backtest   | [回测 4/5] 模拟第 1821/4845 笔交易: 国新能源...
2026-05-06 00:03:50.142 | INFO     | Backtest   | [回测 4/5] 模拟第 1831/4845 笔交易: 豪能股份...
2026-05-06 00:03:50.438 | INFO     | Backtest   | [回测 4/5] 模拟第 1841/4845 笔交易: 永创智能...
2026-05-06 00:03:50.759 | INFO     | Backtest   | [回测 4/5] 模拟第 1851/4845 笔交易: 璞源材料...
2026-05-06 00:03:51.053 | INFO     | Backtest   | [回测 4/5] 模拟第 1861/4845 笔交易: 秦川机床...
2026-05-06 00:03:51.305 | INFO     | Backtest   | [回测 4/5] 模拟第 1871/4845 笔交易: 科华生物...
2026-05-06 00:03:51.546 | INFO     | Backtest   | [回测 4/5] 模拟第 1881/4845 笔交易: 保立佳...
2026-05-06 00:03:51.800 | INFO     | Backtest   | [回测 4/5] 模拟第 1891/4845 笔交易: 常熟银行...
2026-05-06 00:03:52.111 | INFO     | Backtest   | [回测 4/5] 模拟第 1901/4845 笔交易: 密封科技...
2026-05-06 00:03:52.390 | INFO     | Backtest   | [回测 4/5] 模拟第 1911/4845 笔交易: 盛洋科技...
2026-05-06 00:03:52.699 | INFO     | Backtest   | [回测 4/5] 模拟第 1921/4845 笔交易: 广日股份...
2026-05-06 00:03:52.939 | INFO     | Backtest   | [回测 4/5] 模拟第 1931/4845 笔交易: 玉禾田...
2026-05-06 00:03:53.204 | INFO     | Backtest   | [回测 4/5] 模拟第 1941/4845 笔交易: 百联股份...
2026-05-06 00:03:53.476 | INFO     | Backtest   | [回测 4/5] 模拟第 1951/4845 笔交易: 首都在线...
2026-05-06 00:03:53.723 | INFO     | Backtest   | [回测 4/5] 模拟第 1961/4845 笔交易: 世茂能源...
2026-05-06 00:03:53.985 | INFO     | Backtest   | [回测 4/5] 模拟第 1971/4845 笔交易: 岭南控股...
2026-05-06 00:03:54.241 | INFO     | Backtest   | [回测 4/5] 模拟第 1981/4845 笔交易: 宏发股份...
2026-05-06 00:03:54.533 | INFO     | Backtest   | [回测 4/5] 模拟第 1991/4845 笔交易: 鸿合科技...
2026-05-06 00:03:54.797 | INFO     | Backtest   | [回测 4/5] 模拟第 2001/4845 笔交易: 凌志软件...
2026-05-06 00:03:55.069 | INFO     | Backtest   | [回测 4/5] 模拟第 2011/4845 笔交易: 扬子新材...
2026-05-06 00:03:55.294 | INFO     | Backtest   | [回测 4/5] 模拟第 2021/4845 笔交易: 冠昊生物...
2026-05-06 00:03:55.501 | INFO     | Backtest   | [回测 4/5] 模拟第 2031/4845 笔交易: 天创时尚...
2026-05-06 00:03:55.759 | INFO     | Backtest   | [回测 4/5] 模拟第 2041/4845 笔交易: 圣龙股份...
2026-05-06 00:03:56.029 | INFO     | Backtest   | [回测 4/5] 模拟第 2051/4845 笔交易: 盛屯矿业...
2026-05-06 00:03:56.288 | INFO     | Backtest   | [回测 4/5] 模拟第 2061/4845 笔交易: 高能环境...
2026-05-06 00:03:56.532 | INFO     | Backtest   | [回测 4/5] 模拟第 2071/4845 笔交易: 正泰电源...
2026-05-06 00:03:56.814 | INFO     | Backtest   | [回测 4/5] 模拟第 2081/4845 笔交易: 光峰科技...
2026-05-06 00:03:57.024 | INFO     | Backtest   | [回测 4/5] 模拟第 2091/4845 笔交易: 江阴银行...
2026-05-06 00:03:57.266 | INFO     | Backtest   | [回测 4/5] 模拟第 2101/4845 笔交易: 英飞特...
2026-05-06 00:03:57.540 | INFO     | Backtest   | [回测 4/5] 模拟第 2111/4845 笔交易: 尤夫股份...
2026-05-06 00:03:57.806 | INFO     | Backtest   | [回测 4/5] 模拟第 2121/4845 笔交易: 张家港行...
2026-05-06 00:03:58.004 | INFO     | Backtest   | [回测 4/5] 模拟第 2131/4845 笔交易: 三维化学...
2026-05-06 00:03:58.233 | INFO     | Backtest   | [回测 4/5] 模拟第 2141/4845 笔交易: 东风股份...
2026-05-06 00:03:58.519 | INFO     | Backtest   | [回测 4/5] 模拟第 2151/4845 笔交易: 安迪苏...
2026-05-06 00:03:58.799 | INFO     | Backtest   | [回测 4/5] 模拟第 2161/4845 笔交易: 富奥股份...
2026-05-06 00:03:59.045 | INFO     | Backtest   | [回测 4/5] 模拟第 2171/4845 笔交易: 天域生物...
2026-05-06 00:03:59.296 | INFO     | Backtest   | [回测 4/5] 模拟第 2181/4845 笔交易: 邦基科技...
2026-05-06 00:03:59.525 | INFO     | Backtest   | [回测 4/5] 模拟第 2191/4845 笔交易: 利民股份...
2026-05-06 00:03:59.759 | INFO     | Backtest   | [回测 4/5] 模拟第 2201/4845 笔交易: 北方铜业...
2026-05-06 00:03:59.981 | INFO     | Backtest   | [回测 4/5] 模拟第 2211/4845 笔交易: 金融街...
2026-05-06 00:04:00.224 | INFO     | Backtest   | [回测 4/5] 模拟第 2221/4845 笔交易: 华电科工...
2026-05-06 00:04:00.421 | INFO     | Backtest   | [回测 4/5] 模拟第 2231/4845 笔交易: 泰胜风能...
2026-05-06 00:04:00.598 | INFO     | Backtest   | [回测 4/5] 模拟第 2241/4845 笔交易: 凯美特气...
2026-05-06 00:04:00.819 | INFO     | Backtest   | [回测 4/5] 模拟第 2251/4845 笔交易: 利亚德...
2026-05-06 00:04:01.021 | INFO     | Backtest   | [回测 4/5] 模拟第 2261/4845 笔交易: 佳讯飞鸿...
2026-05-06 00:04:01.221 | INFO     | Backtest   | [回测 4/5] 模拟第 2271/4845 笔交易: 粤桂股份...
2026-05-06 00:04:01.437 | INFO     | Backtest   | [回测 4/5] 模拟第 2281/4845 笔交易: 海鸥股份...
2026-05-06 00:04:01.673 | INFO     | Backtest   | [回测 4/5] 模拟第 2291/4845 笔交易: 巨力索具...
2026-05-06 00:04:01.834 | INFO     | Backtest   | [回测 4/5] 模拟第 2301/4845 笔交易: 新开源...
2026-05-06 00:04:02.033 | INFO     | Backtest   | [回测 4/5] 模拟第 2311/4845 笔交易: 泰瑞机器...
2026-05-06 00:04:02.253 | INFO     | Backtest   | [回测 4/5] 模拟第 2321/4845 笔交易: 塔牌集团...
2026-05-06 00:04:02.485 | INFO     | Backtest   | [回测 4/5] 模拟第 2331/4845 笔交易: 广汇物流...
2026-05-06 00:04:02.725 | INFO     | Backtest   | [回测 4/5] 模拟第 2341/4845 笔交易: 利柏特...
2026-05-06 00:04:02.870 | INFO     | Backtest   | [回测 4/5] 模拟第 2351/4845 笔交易: 物产环能...
2026-05-06 00:04:03.066 | INFO     | Backtest   | [回测 4/5] 模拟第 2361/4845 笔交易: 方正科技...
2026-05-06 00:04:03.273 | INFO     | Backtest   | [回测 4/5] 模拟第 2371/4845 笔交易: 莱宝高科...
2026-05-06 00:04:03.485 | INFO     | Backtest   | [回测 4/5] 模拟第 2381/4845 笔交易: 智云股份...
2026-05-06 00:04:03.722 | INFO     | Backtest   | [回测 4/5] 模拟第 2391/4845 笔交易: 宁波精达...
2026-05-06 00:04:03.943 | INFO     | Backtest   | [回测 4/5] 模拟第 2401/4845 笔交易: 安科瑞...
2026-05-06 00:04:04.200 | INFO     | Backtest   | [回测 4/5] 模拟第 2411/4845 笔交易: 晋控电力...
2026-05-06 00:04:04.464 | INFO     | Backtest   | [回测 4/5] 模拟第 2421/4845 笔交易: 南京证券...
2026-05-06 00:04:04.704 | INFO     | Backtest   | [回测 4/5] 模拟第 2431/4845 笔交易: 中国国航...
2026-05-06 00:04:04.960 | INFO     | Backtest   | [回测 4/5] 模拟第 2441/4845 笔交易: 梅花生物...
2026-05-06 00:04:05.236 | INFO     | Backtest   | [回测 4/5] 模拟第 2451/4845 笔交易: 海航控股...
2026-05-06 00:04:05.500 | INFO     | Backtest   | [回测 4/5] 模拟第 2461/4845 笔交易: 北京利尔...
2026-05-06 00:04:05.746 | INFO     | Backtest   | [回测 4/5] 模拟第 2471/4845 笔交易: 日海智能...
2026-05-06 00:04:05.955 | INFO     | Backtest   | [回测 4/5] 模拟第 2481/4845 笔交易: 美亚光电...
2026-05-06 00:04:06.185 | INFO     | Backtest   | [回测 4/5] 模拟第 2491/4845 笔交易: 海信视像...
2026-05-06 00:04:06.350 | INFO     | Backtest   | [回测 4/5] 模拟第 2501/4845 笔交易: 中山公用...
2026-05-06 00:04:06.590 | INFO     | Backtest   | [回测 4/5] 模拟第 2511/4845 笔交易: 粤电力Ａ...
2026-05-06 00:04:06.832 | INFO     | Backtest   | [回测 4/5] 模拟第 2521/4845 笔交易: 宁波色母...
2026-05-06 00:04:07.004 | INFO     | Backtest   | [回测 4/5] 模拟第 2531/4845 笔交易: 力星股份...
2026-05-06 00:04:07.198 | INFO     | Backtest   | [回测 4/5] 模拟第 2541/4845 笔交易: 金房能源...
2026-05-06 00:04:07.430 | INFO     | Backtest   | [回测 4/5] 模拟第 2551/4845 笔交易: 金现代...
2026-05-06 00:04:07.644 | INFO     | Backtest   | [回测 4/5] 模拟第 2561/4845 笔交易: 濮阳惠成...
2026-05-06 00:04:07.875 | INFO     | Backtest   | [回测 4/5] 模拟第 2571/4845 笔交易: 京能热力...
2026-05-06 00:04:08.086 | INFO     | Backtest   | [回测 4/5] 模拟第 2581/4845 笔交易: 铜陵有色...
2026-05-06 00:04:08.284 | INFO     | Backtest   | [回测 4/5] 模拟第 2591/4845 笔交易: 盛天网络...
2026-05-06 00:04:08.462 | INFO     | Backtest   | [回测 4/5] 模拟第 2601/4845 笔交易: 中国中冶...
2026-05-06 00:04:08.655 | INFO     | Backtest   | [回测 4/5] 模拟第 2611/4845 笔交易: 德力股份...
2026-05-06 00:04:08.857 | INFO     | Backtest   | [回测 4/5] 模拟第 2621/4845 笔交易: 信达证券...
2026-05-06 00:04:09.062 | INFO     | Backtest   | [回测 4/5] 模拟第 2631/4845 笔交易: 仁智股份...
2026-05-06 00:04:09.246 | INFO     | Backtest   | [回测 4/5] 模拟第 2641/4845 笔交易: 中电港...
2026-05-06 00:04:09.424 | INFO     | Backtest   | [回测 4/5] 模拟第 2651/4845 笔交易: 科翔股份...
2026-05-06 00:04:09.637 | INFO     | Backtest   | [回测 4/5] 模拟第 2661/4845 笔交易: 上海建工...
2026-05-06 00:04:09.811 | INFO     | Backtest   | [回测 4/5] 模拟第 2671/4845 笔交易: 望变电气...
2026-05-06 00:04:09.960 | INFO     | Backtest   | [回测 4/5] 模拟第 2681/4845 笔交易: 东箭科技...
2026-05-06 00:04:10.170 | INFO     | Backtest   | [回测 4/5] 模拟第 2691/4845 笔交易: 神通科技...
2026-05-06 00:04:10.400 | INFO     | Backtest   | [回测 4/5] 模拟第 2701/4845 笔交易: 振华重工...
2026-05-06 00:04:10.625 | INFO     | Backtest   | [回测 4/5] 模拟第 2711/4845 笔交易: 出版传媒...
2026-05-06 00:04:10.870 | INFO     | Backtest   | [回测 4/5] 模拟第 2721/4845 笔交易: 泰山石油...
2026-05-06 00:04:11.108 | INFO     | Backtest   | [回测 4/5] 模拟第 2731/4845 笔交易: 宁波富邦...
2026-05-06 00:04:11.346 | INFO     | Backtest   | [回测 4/5] 模拟第 2741/4845 笔交易: 双环科技...
2026-05-06 00:04:11.607 | INFO     | Backtest   | [回测 4/5] 模拟第 2751/4845 笔交易: 中科软...
2026-05-06 00:04:11.856 | INFO     | Backtest   | [回测 4/5] 模拟第 2761/4845 笔交易: 浙江力诺...
2026-05-06 00:04:12.111 | INFO     | Backtest   | [回测 4/5] 模拟第 2771/4845 笔交易: 索宝蛋白...
2026-05-06 00:04:12.362 | INFO     | Backtest   | [回测 4/5] 模拟第 2781/4845 笔交易: 沈阳机床...
2026-05-06 00:04:12.549 | INFO     | Backtest   | [回测 4/5] 模拟第 2791/4845 笔交易: 京能电力...
2026-05-06 00:04:12.761 | INFO     | Backtest   | [回测 4/5] 模拟第 2801/4845 笔交易: 创业环保...
2026-05-06 00:04:12.980 | INFO     | Backtest   | [回测 4/5] 模拟第 2811/4845 笔交易: 华能国际...
2026-05-06 00:04:13.210 | INFO     | Backtest   | [回测 4/5] 模拟第 2821/4845 笔交易: 中洲特材...
2026-05-06 00:04:13.501 | INFO     | Backtest   | [回测 4/5] 模拟第 2831/4845 笔交易: 涪陵电力...
2026-05-06 00:04:13.761 | INFO     | Backtest   | [回测 4/5] 模拟第 2841/4845 笔交易: 航天智装...
2026-05-06 00:04:13.914 | INFO     | Backtest   | [回测 4/5] 模拟第 2851/4845 笔交易: 中创物流...
2026-05-06 00:04:14.139 | INFO     | Backtest   | [回测 4/5] 模拟第 2861/4845 笔交易: 贵航股份...
2026-05-06 00:04:14.344 | INFO     | Backtest   | [回测 4/5] 模拟第 2871/4845 笔交易: 万凯新材...
2026-05-06 00:04:14.561 | INFO     | Backtest   | [回测 4/5] 模拟第 2881/4845 笔交易: 合金投资...
2026-05-06 00:04:14.773 | INFO     | Backtest   | [回测 4/5] 模拟第 2891/4845 笔交易: 清水源...
2026-05-06 00:04:14.947 | INFO     | Backtest   | [回测 4/5] 模拟第 2901/4845 笔交易: 新集能源...
2026-05-06 00:04:15.190 | INFO     | Backtest   | [回测 4/5] 模拟第 2911/4845 笔交易: 誉衡药业...
2026-05-06 00:04:15.402 | INFO     | Backtest   | [回测 4/5] 模拟第 2921/4845 笔交易: 申昊科技...
2026-05-06 00:04:15.632 | INFO     | Backtest   | [回测 4/5] 模拟第 2931/4845 笔交易: 梅安森...
2026-05-06 00:04:15.881 | INFO     | Backtest   | [回测 4/5] 模拟第 2941/4845 笔交易: 泸天化...
2026-05-06 00:04:16.132 | INFO     | Backtest   | [回测 4/5] 模拟第 2951/4845 笔交易: 海利生物...
2026-05-06 00:04:16.313 | INFO     | Backtest   | [回测 4/5] 模拟第 2961/4845 笔交易: 海欣食品...
2026-05-06 00:04:16.589 | INFO     | Backtest   | [回测 4/5] 模拟第 2971/4845 笔交易: 银星能源...
2026-05-06 00:04:16.845 | INFO     | Backtest   | [回测 4/5] 模拟第 2981/4845 笔交易: 海伦哲...
2026-05-06 00:04:17.064 | INFO     | Backtest   | [回测 4/5] 模拟第 2991/4845 笔交易: 风华高科...
2026-05-06 00:04:17.270 | INFO     | Backtest   | [回测 4/5] 模拟第 3001/4845 笔交易: 亚威股份...
2026-05-06 00:04:17.453 | INFO     | Backtest   | [回测 4/5] 模拟第 3011/4845 笔交易: 长江证券...
2026-05-06 00:04:17.692 | INFO     | Backtest   | [回测 4/5] 模拟第 3021/4845 笔交易: 中国电建...
2026-05-06 00:04:17.899 | INFO     | Backtest   | [回测 4/5] 模拟第 3031/4845 笔交易: 美畅股份...
2026-05-06 00:04:18.090 | INFO     | Backtest   | [回测 4/5] 模拟第 3041/4845 笔交易: 会稽山...
2026-05-06 00:04:18.323 | INFO     | Backtest   | [回测 4/5] 模拟第 3051/4845 笔交易: 海信视像...
2026-05-06 00:04:18.554 | INFO     | Backtest   | [回测 4/5] 模拟第 3061/4845 笔交易: 诺唯赞...
2026-05-06 00:04:18.742 | INFO     | Backtest   | [回测 4/5] 模拟第 3071/4845 笔交易: 冠城新材...
2026-05-06 00:04:18.907 | INFO     | Backtest   | [回测 4/5] 模拟第 3081/4845 笔交易: 奥佳华...
2026-05-06 00:04:19.088 | INFO     | Backtest   | [回测 4/5] 模拟第 3091/4845 笔交易: 美联新材...
2026-05-06 00:04:19.250 | INFO     | Backtest   | [回测 4/5] 模拟第 3101/4845 笔交易: 硅宝科技...
2026-05-06 00:04:19.412 | INFO     | Backtest   | [回测 4/5] 模拟第 3111/4845 笔交易: 江航装备...
2026-05-06 00:04:19.579 | INFO     | Backtest   | [回测 4/5] 模拟第 3121/4845 笔交易: 茂业商业...
2026-05-06 00:04:19.758 | INFO     | Backtest   | [回测 4/5] 模拟第 3131/4845 笔交易: 飞乐音响...
2026-05-06 00:04:19.958 | INFO     | Backtest   | [回测 4/5] 模拟第 3141/4845 笔交易: 银邦股份...
2026-05-06 00:04:20.163 | INFO     | Backtest   | [回测 4/5] 模拟第 3151/4845 笔交易: 森马服饰...
2026-05-06 00:04:20.373 | INFO     | Backtest   | [回测 4/5] 模拟第 3161/4845 笔交易: 汇通集团...
2026-05-06 00:04:20.598 | INFO     | Backtest   | [回测 4/5] 模拟第 3171/4845 笔交易: 花园生物...
2026-05-06 00:04:20.828 | INFO     | Backtest   | [回测 4/5] 模拟第 3181/4845 笔交易: 滨海能源...
2026-05-06 00:04:20.972 | INFO     | Backtest   | [回测 4/5] 模拟第 3191/4845 笔交易: 东港股份...
2026-05-06 00:04:21.177 | INFO     | Backtest   | [回测 4/5] 模拟第 3201/4845 笔交易: 厦门国贸...
2026-05-06 00:04:21.346 | INFO     | Backtest   | [回测 4/5] 模拟第 3211/4845 笔交易: 海南海药...
2026-05-06 00:04:21.507 | INFO     | Backtest   | [回测 4/5] 模拟第 3221/4845 笔交易: 锦富技术...
2026-05-06 00:04:21.702 | INFO     | Backtest   | [回测 4/5] 模拟第 3231/4845 笔交易: 密封科技...
2026-05-06 00:04:21.845 | INFO     | Backtest   | [回测 4/5] 模拟第 3241/4845 笔交易: 瑞泰科技...
2026-05-06 00:04:22.004 | INFO     | Backtest   | [回测 4/5] 模拟第 3251/4845 笔交易: 鄂尔多斯...
2026-05-06 00:04:22.233 | INFO     | Backtest   | [回测 4/5] 模拟第 3261/4845 笔交易: 石化机械...
2026-05-06 00:04:22.433 | INFO     | Backtest   | [回测 4/5] 模拟第 3271/4845 笔交易: 浩通科技...
2026-05-06 00:04:22.621 | INFO     | Backtest   | [回测 4/5] 模拟第 3281/4845 笔交易: 飞鹿股份...
2026-05-06 00:04:22.828 | INFO     | Backtest   | [回测 4/5] 模拟第 3291/4845 笔交易: 高测股份...
2026-05-06 00:04:23.040 | INFO     | Backtest   | [回测 4/5] 模拟第 3301/4845 笔交易: 友好集团...
2026-05-06 00:04:23.239 | INFO     | Backtest   | [回测 4/5] 模拟第 3311/4845 笔交易: 金陵饭店...
2026-05-06 00:04:23.475 | INFO     | Backtest   | [回测 4/5] 模拟第 3321/4845 笔交易: 宏鑫科技...
2026-05-06 00:04:23.695 | INFO     | Backtest   | [回测 4/5] 模拟第 3331/4845 笔交易: 国药一致...
2026-05-06 00:04:23.894 | INFO     | Backtest   | [回测 4/5] 模拟第 3341/4845 笔交易: 凤凰航运...
2026-05-06 00:04:24.120 | INFO     | Backtest   | [回测 4/5] 模拟第 3351/4845 笔交易: 东珠生态...
2026-05-06 00:04:24.295 | INFO     | Backtest   | [回测 4/5] 模拟第 3361/4845 笔交易: 科捷智能...
2026-05-06 00:04:24.494 | INFO     | Backtest   | [回测 4/5] 模拟第 3371/4845 笔交易: 三安光电...
2026-05-06 00:04:24.701 | INFO     | Backtest   | [回测 4/5] 模拟第 3381/4845 笔交易: 中光防雷...
2026-05-06 00:04:24.886 | INFO     | Backtest   | [回测 4/5] 模拟第 3391/4845 笔交易: 信科移动-U...
2026-05-06 00:04:25.055 | INFO     | Backtest   | [回测 4/5] 模拟第 3401/4845 笔交易: 乐凯胶片...
2026-05-06 00:04:25.234 | INFO     | Backtest   | [回测 4/5] 模拟第 3411/4845 笔交易: 松原安全...
2026-05-06 00:04:25.391 | INFO     | Backtest   | [回测 4/5] 模拟第 3421/4845 笔交易: 平潭发展...
2026-05-06 00:04:25.575 | INFO     | Backtest   | [回测 4/5] 模拟第 3431/4845 笔交易: 顺灏股份...
2026-05-06 00:04:25.781 | INFO     | Backtest   | [回测 4/5] 模拟第 3441/4845 笔交易: 英特集团...
2026-05-06 00:04:25.965 | INFO     | Backtest   | [回测 4/5] 模拟第 3451/4845 笔交易: 喜悦智行...
2026-05-06 00:04:26.156 | INFO     | Backtest   | [回测 4/5] 模拟第 3461/4845 笔交易: 奥康国际...
2026-05-06 00:04:26.371 | INFO     | Backtest   | [回测 4/5] 模拟第 3471/4845 笔交易: 乐普医疗...
2026-05-06 00:04:26.528 | INFO     | Backtest   | [回测 4/5] 模拟第 3481/4845 笔交易: 悦康药业...
2026-05-06 00:04:26.682 | INFO     | Backtest   | [回测 4/5] 模拟第 3491/4845 笔交易: 光华股份...
2026-05-06 00:04:26.863 | INFO     | Backtest   | [回测 4/5] 模拟第 3501/4845 笔交易: 鼎汉技术...
2026-05-06 00:04:27.087 | INFO     | Backtest   | [回测 4/5] 模拟第 3511/4845 笔交易: 星球石墨...
2026-05-06 00:04:27.287 | INFO     | Backtest   | [回测 4/5] 模拟第 3521/4845 笔交易: 春立医疗...
2026-05-06 00:04:27.468 | INFO     | Backtest   | [回测 4/5] 模拟第 3531/4845 笔交易: 华海药业...
2026-05-06 00:04:27.703 | INFO     | Backtest   | [回测 4/5] 模拟第 3541/4845 笔交易: 千红制药...
2026-05-06 00:04:27.934 | INFO     | Backtest   | [回测 4/5] 模拟第 3551/4845 笔交易: 四川双马...
2026-05-06 00:04:28.139 | INFO     | Backtest   | [回测 4/5] 模拟第 3561/4845 笔交易: 洽洽食品...
2026-05-06 00:04:28.367 | INFO     | Backtest   | [回测 4/5] 模拟第 3571/4845 笔交易: 诚意药业...
2026-05-06 00:04:28.583 | INFO     | Backtest   | [回测 4/5] 模拟第 3581/4845 笔交易: 创力集团...
2026-05-06 00:04:28.782 | INFO     | Backtest   | [回测 4/5] 模拟第 3591/4845 笔交易: 氯碱化工...
2026-05-06 00:04:28.984 | INFO     | Backtest   | [回测 4/5] 模拟第 3601/4845 笔交易: 张小泉...
2026-05-06 00:04:29.198 | INFO     | Backtest   | [回测 4/5] 模拟第 3611/4845 笔交易: 海新能科...
2026-05-06 00:04:29.390 | INFO     | Backtest   | [回测 4/5] 模拟第 3621/4845 笔交易: 新联电子...
2026-05-06 00:04:29.641 | INFO     | Backtest   | [回测 4/5] 模拟第 3631/4845 笔交易: 长阳科技...
2026-05-06 00:04:29.828 | INFO     | Backtest   | [回测 4/5] 模拟第 3641/4845 笔交易: 天能重工...
2026-05-06 00:04:30.055 | INFO     | Backtest   | [回测 4/5] 模拟第 3651/4845 笔交易: 江南高纤...
2026-05-06 00:04:30.289 | INFO     | Backtest   | [回测 4/5] 模拟第 3661/4845 笔交易: 中国化学...
2026-05-06 00:04:30.508 | INFO     | Backtest   | [回测 4/5] 模拟第 3671/4845 笔交易: 锦江航运...
2026-05-06 00:04:30.654 | INFO     | Backtest   | [回测 4/5] 模拟第 3681/4845 笔交易: 兴瑞科技...
2026-05-06 00:04:30.834 | INFO     | Backtest   | [回测 4/5] 模拟第 3691/4845 笔交易: 宝泰隆...
2026-05-06 00:04:31.037 | INFO     | Backtest   | [回测 4/5] 模拟第 3701/4845 笔交易: 三和管桩...
2026-05-06 00:04:31.207 | INFO     | Backtest   | [回测 4/5] 模拟第 3711/4845 笔交易: 郑中设计...
2026-05-06 00:04:31.386 | INFO     | Backtest   | [回测 4/5] 模拟第 3721/4845 笔交易: 瀚川智能...
2026-05-06 00:04:31.619 | INFO     | Backtest   | [回测 4/5] 模拟第 3731/4845 笔交易: 路德科技...
2026-05-06 00:04:31.832 | INFO     | Backtest   | [回测 4/5] 模拟第 3741/4845 笔交易: 蓝盾光电...
2026-05-06 00:04:32.027 | INFO     | Backtest   | [回测 4/5] 模拟第 3751/4845 笔交易: 汇中股份...
2026-05-06 00:04:32.267 | INFO     | Backtest   | [回测 4/5] 模拟第 3761/4845 笔交易: 北方国际...
2026-05-06 00:04:32.483 | INFO     | Backtest   | [回测 4/5] 模拟第 3771/4845 笔交易: 华骐环保...
2026-05-06 00:04:32.697 | INFO     | Backtest   | [回测 4/5] 模拟第 3781/4845 笔交易: 洪汇新材...
2026-05-06 00:04:32.872 | INFO     | Backtest   | [回测 4/5] 模拟第 3791/4845 笔交易: 富祥药业...
2026-05-06 00:04:33.055 | INFO     | Backtest   | [回测 4/5] 模拟第 3801/4845 笔交易: 万通发展...
2026-05-06 00:04:33.237 | INFO     | Backtest   | [回测 4/5] 模拟第 3811/4845 笔交易: 海南华铁...
2026-05-06 00:04:33.413 | INFO     | Backtest   | [回测 4/5] 模拟第 3821/4845 笔交易: 福成股份...
2026-05-06 00:04:33.616 | INFO     | Backtest   | [回测 4/5] 模拟第 3831/4845 笔交易: 朗科智能...
2026-05-06 00:04:33.809 | INFO     | Backtest   | [回测 4/5] 模拟第 3841/4845 笔交易: 文科股份...
2026-05-06 00:04:33.955 | INFO     | Backtest   | [回测 4/5] 模拟第 3851/4845 笔交易: 延江股份...
2026-05-06 00:04:34.137 | INFO     | Backtest   | [回测 4/5] 模拟第 3861/4845 笔交易: 新黄浦...
2026-05-06 00:04:34.344 | INFO     | Backtest   | [回测 4/5] 模拟第 3871/4845 笔交易: 立新能源...
2026-05-06 00:04:34.549 | INFO     | Backtest   | [回测 4/5] 模拟第 3881/4845 笔交易: 博世科...
2026-05-06 00:04:34.782 | INFO     | Backtest   | [回测 4/5] 模拟第 3891/4845 笔交易: 紫江企业...
2026-05-06 00:04:35.004 | INFO     | Backtest   | [回测 4/5] 模拟第 3901/4845 笔交易: 岳阳林纸...
2026-05-06 00:04:35.236 | INFO     | Backtest   | [回测 4/5] 模拟第 3911/4845 笔交易: 中国重汽...
2026-05-06 00:04:35.427 | INFO     | Backtest   | [回测 4/5] 模拟第 3921/4845 笔交易: 卧龙新能...
2026-05-06 00:04:35.605 | INFO     | Backtest   | [回测 4/5] 模拟第 3931/4845 笔交易: 百达精工...
2026-05-06 00:04:35.773 | INFO     | Backtest   | [回测 4/5] 模拟第 3941/4845 笔交易: 太阳能...
2026-05-06 00:04:35.909 | INFO     | Backtest   | [回测 4/5] 模拟第 3951/4845 笔交易: 南方传媒...
2026-05-06 00:04:36.096 | INFO     | Backtest   | [回测 4/5] 模拟第 3961/4845 笔交易: 莱绅通灵...
2026-05-06 00:04:36.237 | INFO     | Backtest   | [回测 4/5] 模拟第 3971/4845 笔交易: 达意隆...
2026-05-06 00:04:36.384 | INFO     | Backtest   | [回测 4/5] 模拟第 3981/4845 笔交易: 维科技术...
2026-05-06 00:04:36.511 | INFO     | Backtest   | [回测 4/5] 模拟第 3991/4845 笔交易: 华林证券...
2026-05-06 00:04:36.640 | INFO     | Backtest   | [回测 4/5] 模拟第 4001/4845 笔交易: 爱慕股份...
2026-05-06 00:04:36.762 | INFO     | Backtest   | [回测 4/5] 模拟第 4011/4845 笔交易: 上海建工...
2026-05-06 00:04:36.910 | INFO     | Backtest   | [回测 4/5] 模拟第 4021/4845 笔交易: 万丰股份...
2026-05-06 00:04:37.072 | INFO     | Backtest   | [回测 4/5] 模拟第 4031/4845 笔交易: 峨眉山Ａ...
2026-05-06 00:04:37.229 | INFO     | Backtest   | [回测 4/5] 模拟第 4041/4845 笔交易: 美迪凯...
2026-05-06 00:04:37.401 | INFO     | Backtest   | [回测 4/5] 模拟第 4051/4845 笔交易: 桂冠电力...
2026-05-06 00:04:37.592 | INFO     | Backtest   | [回测 4/5] 模拟第 4061/4845 笔交易: 贵绳股份...
2026-05-06 00:04:37.806 | INFO     | Backtest   | [回测 4/5] 模拟第 4071/4845 笔交易: 本立科技...
2026-05-06 00:04:38.032 | INFO     | Backtest   | [回测 4/5] 模拟第 4081/4845 笔交易: 华康股份...
2026-05-06 00:04:38.210 | INFO     | Backtest   | [回测 4/5] 模拟第 4091/4845 笔交易: 尤夫股份...
2026-05-06 00:04:38.378 | INFO     | Backtest   | [回测 4/5] 模拟第 4101/4845 笔交易: 开山股份...
2026-05-06 00:04:38.553 | INFO     | Backtest   | [回测 4/5] 模拟第 4111/4845 笔交易: 大连热电...
2026-05-06 00:04:38.748 | INFO     | Backtest   | [回测 4/5] 模拟第 4121/4845 笔交易: 浙江交科...
2026-05-06 00:04:38.951 | INFO     | Backtest   | [回测 4/5] 模拟第 4131/4845 笔交易: 金富科技...
2026-05-06 00:04:39.118 | INFO     | Backtest   | [回测 4/5] 模拟第 4141/4845 笔交易: 章源钨业...
2026-05-06 00:04:39.269 | INFO     | Backtest   | [回测 4/5] 模拟第 4151/4845 笔交易: 浙江龙盛...
2026-05-06 00:04:39.426 | INFO     | Backtest   | [回测 4/5] 模拟第 4161/4845 笔交易: 望变电气...
2026-05-06 00:04:39.609 | INFO     | Backtest   | [回测 4/5] 模拟第 4171/4845 笔交易: 常宝股份...
2026-05-06 00:04:39.804 | INFO     | Backtest   | [回测 4/5] 模拟第 4181/4845 笔交易: 三六零...
2026-05-06 00:04:39.978 | INFO     | Backtest   | [回测 4/5] 模拟第 4191/4845 笔交易: 宝地矿业...
2026-05-06 00:04:40.145 | INFO     | Backtest   | [回测 4/5] 模拟第 4201/4845 笔交易: 银信科技...
2026-05-06 00:04:40.349 | INFO     | Backtest   | [回测 4/5] 模拟第 4211/4845 笔交易: 美克家居...
2026-05-06 00:04:40.497 | INFO     | Backtest   | [回测 4/5] 模拟第 4221/4845 笔交易: 上海沪工...
2026-05-06 00:04:40.668 | INFO     | Backtest   | [回测 4/5] 模拟第 4231/4845 笔交易: 标准股份...
2026-05-06 00:04:40.793 | INFO     | Backtest   | [回测 4/5] 模拟第 4241/4845 笔交易: 大东南...
2026-05-06 00:04:40.952 | INFO     | Backtest   | [回测 4/5] 模拟第 4251/4845 笔交易: 明志科技...
2026-05-06 00:04:41.057 | INFO     | Backtest   | [回测 4/5] 模拟第 4261/4845 笔交易: 广田集团...
2026-05-06 00:04:41.204 | INFO     | Backtest   | [回测 4/5] 模拟第 4271/4845 笔交易: 上海石化...
2026-05-06 00:04:41.336 | INFO     | Backtest   | [回测 4/5] 模拟第 4281/4845 笔交易: 可立克...
2026-05-06 00:04:41.449 | INFO     | Backtest   | [回测 4/5] 模拟第 4291/4845 笔交易: 交运股份...
2026-05-06 00:04:41.563 | INFO     | Backtest   | [回测 4/5] 模拟第 4301/4845 笔交易: 正丹股份...
2026-05-06 00:04:41.744 | INFO     | Backtest   | [回测 4/5] 模拟第 4311/4845 笔交易: 中炬高新...
2026-05-06 00:04:41.915 | INFO     | Backtest   | [回测 4/5] 模拟第 4321/4845 笔交易: 华瓷股份...
2026-05-06 00:04:42.031 | INFO     | Backtest   | [回测 4/5] 模拟第 4331/4845 笔交易: 博敏电子...
2026-05-06 00:04:42.206 | INFO     | Backtest   | [回测 4/5] 模拟第 4341/4845 笔交易: 中国通号...
2026-05-06 00:04:42.379 | INFO     | Backtest   | [回测 4/5] 模拟第 4351/4845 笔交易: 菲沃泰...
2026-05-06 00:04:42.515 | INFO     | Backtest   | [回测 4/5] 模拟第 4361/4845 笔交易: 运达科技...
2026-05-06 00:04:42.671 | INFO     | Backtest   | [回测 4/5] 模拟第 4371/4845 笔交易: 兴森科技...
2026-05-06 00:04:42.816 | INFO     | Backtest   | [回测 4/5] 模拟第 4381/4845 笔交易: 甘肃能化...
2026-05-06 00:04:42.969 | INFO     | Backtest   | [回测 4/5] 模拟第 4391/4845 笔交易: 惠云钛业...
2026-05-06 00:04:43.124 | INFO     | Backtest   | [回测 4/5] 模拟第 4401/4845 笔交易: 东杰智能...
2026-05-06 00:04:43.213 | INFO     | Backtest   | [回测 4/5] 模拟第 4411/4845 笔交易: 中南文化...
2026-05-06 00:04:43.346 | INFO     | Backtest   | [回测 4/5] 模拟第 4421/4845 笔交易: 凯盛新能...
2026-05-06 00:04:43.494 | INFO     | Backtest   | [回测 4/5] 模拟第 4431/4845 笔交易: 沙河股份...
2026-05-06 00:04:43.643 | INFO     | Backtest   | [回测 4/5] 模拟第 4441/4845 笔交易: 中赋科技...
2026-05-06 00:04:43.835 | INFO     | Backtest   | [回测 4/5] 模拟第 4451/4845 笔交易: 永兴股份...
2026-05-06 00:04:43.990 | INFO     | Backtest   | [回测 4/5] 模拟第 4461/4845 笔交易: 维科技术...
2026-05-06 00:04:44.148 | INFO     | Backtest   | [回测 4/5] 模拟第 4471/4845 笔交易: 福建高速...
2026-05-06 00:04:44.342 | INFO     | Backtest   | [回测 4/5] 模拟第 4481/4845 笔交易: 天津港...
2026-05-06 00:04:44.506 | INFO     | Backtest   | [回测 4/5] 模拟第 4491/4845 笔交易: 金正大...
2026-05-06 00:04:44.674 | INFO     | Backtest   | [回测 4/5] 模拟第 4501/4845 笔交易: 厦门银行...
2026-05-06 00:04:44.836 | INFO     | Backtest   | [回测 4/5] 模拟第 4511/4845 笔交易: 行云科技...
2026-05-06 00:04:44.974 | INFO     | Backtest   | [回测 4/5] 模拟第 4521/4845 笔交易: 力源信息...
2026-05-06 00:04:45.113 | INFO     | Backtest   | [回测 4/5] 模拟第 4531/4845 笔交易: 动力新科...
2026-05-06 00:04:45.297 | INFO     | Backtest   | [回测 4/5] 模拟第 4541/4845 笔交易: 奥飞数据...
2026-05-06 00:04:45.450 | INFO     | Backtest   | [回测 4/5] 模拟第 4551/4845 笔交易: 新华百货...
2026-05-06 00:04:45.630 | INFO     | Backtest   | [回测 4/5] 模拟第 4561/4845 笔交易: 智云股份...
2026-05-06 00:04:45.849 | INFO     | Backtest   | [回测 4/5] 模拟第 4571/4845 笔交易: 南凌科技...
2026-05-06 00:04:46.033 | INFO     | Backtest   | [回测 4/5] 模拟第 4581/4845 笔交易: 南兴股份...
2026-05-06 00:04:46.227 | INFO     | Backtest   | [回测 4/5] 模拟第 4591/4845 笔交易: 舜禹股份...
2026-05-06 00:04:46.418 | INFO     | Backtest   | [回测 4/5] 模拟第 4601/4845 笔交易: 吉视传媒...
2026-05-06 00:04:46.608 | INFO     | Backtest   | [回测 4/5] 模拟第 4611/4845 笔交易: 彩蝶实业...
2026-05-06 00:04:46.809 | INFO     | Backtest   | [回测 4/5] 模拟第 4621/4845 笔交易: 同兴科技...
2026-05-06 00:04:47.013 | INFO     | Backtest   | [回测 4/5] 模拟第 4631/4845 笔交易: 华信新材...
2026-05-06 00:04:47.221 | INFO     | Backtest   | [回测 4/5] 模拟第 4641/4845 笔交易: 新华都...
2026-05-06 00:04:47.431 | INFO     | Backtest   | [回测 4/5] 模拟第 4651/4845 笔交易: 科顺股份...
2026-05-06 00:04:47.587 | INFO     | Backtest   | [回测 4/5] 模拟第 4661/4845 笔交易: 西藏旅游...
2026-05-06 00:04:47.782 | INFO     | Backtest   | [回测 4/5] 模拟第 4671/4845 笔交易: 方正电机...
2026-05-06 00:04:48.005 | INFO     | Backtest   | [回测 4/5] 模拟第 4681/4845 笔交易: 新经典...
2026-05-06 00:04:48.194 | INFO     | Backtest   | [回测 4/5] 模拟第 4691/4845 笔交易: 迈赫股份...
2026-05-06 00:04:48.379 | INFO     | Backtest   | [回测 4/5] 模拟第 4701/4845 笔交易: 湘佳股份...
2026-05-06 00:04:48.562 | INFO     | Backtest   | [回测 4/5] 模拟第 4711/4845 笔交易: 水星家纺...
2026-05-06 00:04:48.726 | INFO     | Backtest   | [回测 4/5] 模拟第 4721/4845 笔交易: 佳力图...
2026-05-06 00:04:48.877 | INFO     | Backtest   | [回测 4/5] 模拟第 4731/4845 笔交易: 金钼股份...
2026-05-06 00:04:49.056 | INFO     | Backtest   | [回测 4/5] 模拟第 4741/4845 笔交易: 光莆股份...
2026-05-06 00:04:49.165 | INFO     | Backtest   | [回测 4/5] 模拟第 4751/4845 笔交易: 平高电气...
2026-05-06 00:04:49.290 | INFO     | Backtest   | [回测 4/5] 模拟第 4761/4845 笔交易: 金信诺...
2026-05-06 00:04:49.441 | INFO     | Backtest   | [回测 4/5] 模拟第 4771/4845 笔交易: 元祖股份...
2026-05-06 00:04:49.566 | INFO     | Backtest   | [回测 4/5] 模拟第 4781/4845 笔交易: 三鑫医疗...
2026-05-06 00:04:49.748 | INFO     | Backtest   | [回测 4/5] 模拟第 4791/4845 笔交易: 湖北宜化...
2026-05-06 00:04:49.843 | INFO     | Backtest   | [回测 4/5] 模拟第 4801/4845 笔交易: 蔚蓝锂芯...
2026-05-06 00:04:50.016 | INFO     | Backtest   | [回测 4/5] 模拟第 4811/4845 笔交易: 初灵信息...
2026-05-06 00:04:50.123 | INFO     | Backtest   | [回测 4/5] 模拟第 4821/4845 笔交易: 麦捷科技...
2026-05-06 00:04:50.237 | INFO     | Backtest   | [回测 4/5] 模拟第 4831/4845 笔交易: 芯联集成-U...
2026-05-06 00:04:50.386 | INFO     | Backtest   | [回测 4/5] 模拟第 4841/4845 笔交易: 广哈通信...
2026-05-06 00:04:50.451 | INFO     | Backtest   | [回测 5/5] 回测任务完成: 1142笔(含0笔平手离场)
2026-05-06 00:04:51.242 | INFO     | Backtest   | [回测 1/5] 筛选回测目标股票...
2026-05-06 00:04:51.258 | INFO     | Backtest   | [回测 2/5] 加载 4972 只股票的历史数据进行快速扫描...
2026-05-06 00:05:04.367 | INFO     | Backtest   | [回测 3/5] 计算策略信号 (基于日线信号库)...
2026-05-06 00:05:04.375 | INFO     | Screener   | 🧬 [Loader] 识别到类继承策略: MA5AngleOriginalStrategy
2026-05-06 00:05:08.553 | INFO     | Backtest   | [回测 4/5] 处理 4742 条信号，执行精细分钟线仿真...
2026-05-06 00:05:08.558 | INFO     | Backtest   | [回测 4/5] 模拟第 1/4742 笔交易: 升达林业...
2026-05-06 00:05:08.873 | INFO     | Backtest   | [回测 4/5] 模拟第 11/4742 笔交易: 万丰股份...
2026-05-06 00:05:09.233 | INFO     | Backtest   | [回测 4/5] 模拟第 21/4742 笔交易: 新大洲A...
2026-05-06 00:05:09.588 | INFO     | Backtest   | [回测 4/5] 模拟第 31/4742 笔交易: 希荻微...
2026-05-06 00:05:09.955 | INFO     | Backtest   | [回测 4/5] 模拟第 41/4742 笔交易: 嘉麟杰...
2026-05-06 00:05:10.288 | INFO     | Backtest   | [回测 4/5] 模拟第 51/4742 笔交易: 泰恩康...
2026-05-06 00:05:10.611 | INFO     | Backtest   | [回测 4/5] 模拟第 61/4742 笔交易: 柳药集团...
2026-05-06 00:05:10.980 | INFO     | Backtest   | [回测 4/5] 模拟第 71/4742 笔交易: 国晟科技...
2026-05-06 00:05:11.271 | INFO     | Backtest   | [回测 4/5] 模拟第 81/4742 笔交易: 南京熊猫...
2026-05-06 00:05:11.632 | INFO     | Backtest   | [回测 4/5] 模拟第 91/4742 笔交易: 通源环境...
2026-05-06 00:05:11.986 | INFO     | Backtest   | [回测 4/5] 模拟第 101/4742 笔交易: 芳源股份...
2026-05-06 00:05:12.372 | INFO     | Backtest   | [回测 4/5] 模拟第 111/4742 笔交易: 瑞凌股份...
2026-05-06 00:05:12.756 | INFO     | Backtest   | [回测 4/5] 模拟第 121/4742 笔交易: 朗科智能...
2026-05-06 00:05:13.121 | INFO     | Backtest   | [回测 4/5] 模拟第 131/4742 笔交易: 多伦科技...
2026-05-06 00:05:13.475 | INFO     | Backtest   | [回测 4/5] 模拟第 141/4742 笔交易: 科汇股份...
2026-05-06 00:05:13.852 | INFO     | Backtest   | [回测 4/5] 模拟第 151/4742 笔交易: 中远通...
2026-05-06 00:05:14.212 | INFO     | Backtest   | [回测 4/5] 模拟第 161/4742 笔交易: 积成电子...
2026-05-06 00:05:14.581 | INFO     | Backtest   | [回测 4/5] 模拟第 171/4742 笔交易: 科力尔...
2026-05-06 00:05:14.934 | INFO     | Backtest   | [回测 4/5] 模拟第 181/4742 笔交易: 恒兴新材...
2026-05-06 00:05:15.311 | INFO     | Backtest   | [回测 4/5] 模拟第 191/4742 笔交易: 建新股份...
2026-05-06 00:05:15.712 | INFO     | Backtest   | [回测 4/5] 模拟第 201/4742 笔交易: 包钢股份...
2026-05-06 00:05:16.092 | INFO     | Backtest   | [回测 4/5] 模拟第 211/4742 笔交易: 鸿利智汇...
2026-05-06 00:05:16.451 | INFO     | Backtest   | [回测 4/5] 模拟第 221/4742 笔交易: 耀皮玻璃...
2026-05-06 00:05:16.826 | INFO     | Backtest   | [回测 4/5] 模拟第 231/4742 笔交易: 日海智能...
2026-05-06 00:05:17.213 | INFO     | Backtest   | [回测 4/5] 模拟第 241/4742 笔交易: 宝利国际...
2026-05-06 00:05:17.591 | INFO     | Backtest   | [回测 4/5] 模拟第 251/4742 笔交易: 华控赛格...
2026-05-06 00:05:17.919 | INFO     | Backtest   | [回测 4/5] 模拟第 261/4742 笔交易: 佳讯飞鸿...
2026-05-06 00:05:18.306 | INFO     | Backtest   | [回测 4/5] 模拟第 271/4742 笔交易: 掌趣科技...
2026-05-06 00:05:18.699 | INFO     | Backtest   | [回测 4/5] 模拟第 281/4742 笔交易: 中国国航...
2026-05-06 00:05:19.097 | INFO     | Backtest   | [回测 4/5] 模拟第 291/4742 笔交易: 恒达新材...
2026-05-06 00:05:19.509 | INFO     | Backtest   | [回测 4/5] 模拟第 301/4742 笔交易: 恒实科技...
2026-05-06 00:05:19.891 | INFO     | Backtest   | [回测 4/5] 模拟第 311/4742 笔交易: 吉大通信...
2026-05-06 00:05:20.293 | INFO     | Backtest   | [回测 4/5] 模拟第 321/4742 笔交易: 倍杰特...
2026-05-06 00:05:20.649 | INFO     | Backtest   | [回测 4/5] 模拟第 331/4742 笔交易: 东湖高新...
2026-05-06 00:05:21.025 | INFO     | Backtest   | [回测 4/5] 模拟第 341/4742 笔交易: 中科软...
2026-05-06 00:05:21.407 | INFO     | Backtest   | [回测 4/5] 模拟第 351/4742 笔交易: 中材节能...
2026-05-06 00:05:21.782 | INFO     | Backtest   | [回测 4/5] 模拟第 361/4742 笔交易: 清新环境...
2026-05-06 00:05:22.180 | INFO     | Backtest   | [回测 4/5] 模拟第 371/4742 笔交易: 迎丰股份...
2026-05-06 00:05:22.544 | INFO     | Backtest   | [回测 4/5] 模拟第 381/4742 笔交易: 苏豪汇鸿...
2026-05-06 00:05:22.908 | INFO     | Backtest   | [回测 4/5] 模拟第 391/4742 笔交易: 富维股份...
2026-05-06 00:05:23.281 | INFO     | Backtest   | [回测 4/5] 模拟第 401/4742 笔交易: 长虹华意...
2026-05-06 00:05:23.662 | INFO     | Backtest   | [回测 4/5] 模拟第 411/4742 笔交易: 中通客车...
2026-05-06 00:05:24.014 | INFO     | Backtest   | [回测 4/5] 模拟第 421/4742 笔交易: 西昌电力...
2026-05-06 00:05:24.358 | INFO     | Backtest   | [回测 4/5] 模拟第 431/4742 笔交易: 东北证券...
2026-05-06 00:05:24.672 | INFO     | Backtest   | [回测 4/5] 模拟第 441/4742 笔交易: 德福科技...
2026-05-06 00:05:25.004 | INFO     | Backtest   | [回测 4/5] 模拟第 451/4742 笔交易: 京能置业...
2026-05-06 00:05:25.384 | INFO     | Backtest   | [回测 4/5] 模拟第 461/4742 笔交易: 沙钢股份...
2026-05-06 00:05:25.744 | INFO     | Backtest   | [回测 4/5] 模拟第 471/4742 笔交易: 海宁皮城...
2026-05-06 00:05:26.112 | INFO     | Backtest   | [回测 4/5] 模拟第 481/4742 笔交易: 荣安地产...
2026-05-06 00:05:26.475 | INFO     | Backtest   | [回测 4/5] 模拟第 491/4742 笔交易: 振华股份...
2026-05-06 00:05:26.770 | INFO     | Backtest   | [回测 4/5] 模拟第 501/4742 笔交易: 浙文互联...
2026-05-06 00:05:27.087 | INFO     | Backtest   | [回测 4/5] 模拟第 511/4742 笔交易: 深水海纳...
2026-05-06 00:05:27.404 | INFO     | Backtest   | [回测 4/5] 模拟第 521/4742 笔交易: 中红医疗...
2026-05-06 00:05:27.788 | INFO     | Backtest   | [回测 4/5] 模拟第 531/4742 笔交易: 仟源医药...
2026-05-06 00:05:28.133 | INFO     | Backtest   | [回测 4/5] 模拟第 541/4742 笔交易: 安凯客车...
2026-05-06 00:05:28.462 | INFO     | Backtest   | [回测 4/5] 模拟第 551/4742 笔交易: 天地在线...
2026-05-06 00:05:28.787 | INFO     | Backtest   | [回测 4/5] 模拟第 561/4742 笔交易: 伊戈尔...
2026-05-06 00:05:29.140 | INFO     | Backtest   | [回测 4/5] 模拟第 571/4742 笔交易: 电魂网络...
2026-05-06 00:05:29.448 | INFO     | Backtest   | [回测 4/5] 模拟第 581/4742 笔交易: 久立特材...
2026-05-06 00:05:29.761 | INFO     | Backtest   | [回测 4/5] 模拟第 591/4742 笔交易: 中国核建...
2026-05-06 00:05:30.121 | INFO     | Backtest   | [回测 4/5] 模拟第 601/4742 笔交易: 科安达...
2026-05-06 00:05:30.462 | INFO     | Backtest   | [回测 4/5] 模拟第 611/4742 笔交易: 博敏电子...
2026-05-06 00:05:30.829 | INFO     | Backtest   | [回测 4/5] 模拟第 621/4742 笔交易: 引力传媒...
2026-05-06 00:05:31.132 | INFO     | Backtest   | [回测 4/5] 模拟第 631/4742 笔交易: 兴民智通...
2026-05-06 00:05:31.414 | INFO     | Backtest   | [回测 4/5] 模拟第 641/4742 笔交易: 亿帆医药...
2026-05-06 00:05:31.772 | INFO     | Backtest   | [回测 4/5] 模拟第 651/4742 笔交易: 正元地信...
2026-05-06 00:05:32.124 | INFO     | Backtest   | [回测 4/5] 模拟第 661/4742 笔交易: 数码视讯...
2026-05-06 00:05:32.461 | INFO     | Backtest   | [回测 4/5] 模拟第 671/4742 笔交易: 安居宝...
2026-05-06 00:05:32.798 | INFO     | Backtest   | [回测 4/5] 模拟第 681/4742 笔交易: 广济药业...
2026-05-06 00:05:33.183 | INFO     | Backtest   | [回测 4/5] 模拟第 691/4742 笔交易: 立方制药...
2026-05-06 00:05:33.517 | INFO     | Backtest   | [回测 4/5] 模拟第 701/4742 笔交易: 喜悦智行...
2026-05-06 00:05:33.900 | INFO     | Backtest   | [回测 4/5] 模拟第 711/4742 笔交易: 沃森生物...
2026-05-06 00:05:34.278 | INFO     | Backtest   | [回测 4/5] 模拟第 721/4742 笔交易: 光正眼科...
2026-05-06 00:05:34.659 | INFO     | Backtest   | [回测 4/5] 模拟第 731/4742 笔交易: 飞鹿股份...
2026-05-06 00:05:35.014 | INFO     | Backtest   | [回测 4/5] 模拟第 741/4742 笔交易: 中仑新材...
2026-05-06 00:05:35.369 | INFO     | Backtest   | [回测 4/5] 模拟第 751/4742 笔交易: 新中港...
2026-05-06 00:05:35.758 | INFO     | Backtest   | [回测 4/5] 模拟第 761/4742 笔交易: 石化油服...
2026-05-06 00:05:36.120 | INFO     | Backtest   | [回测 4/5] 模拟第 771/4742 笔交易: 海看股份...
2026-05-06 00:05:36.514 | INFO     | Backtest   | [回测 4/5] 模拟第 781/4742 笔交易: 鑫科材料...
2026-05-06 00:05:36.856 | INFO     | Backtest   | [回测 4/5] 模拟第 791/4742 笔交易: 欣天科技...
2026-05-06 00:05:37.241 | INFO     | Backtest   | [回测 4/5] 模拟第 801/4742 笔交易: 新朋股份...
2026-05-06 00:05:37.600 | INFO     | Backtest   | [回测 4/5] 模拟第 811/4742 笔交易: 好利科技...
2026-05-06 00:05:37.986 | INFO     | Backtest   | [回测 4/5] 模拟第 821/4742 笔交易: 赢时胜...
2026-05-06 00:05:38.276 | INFO     | Backtest   | [回测 4/5] 模拟第 831/4742 笔交易: 诚意药业...
2026-05-06 00:05:38.609 | INFO     | Backtest   | [回测 4/5] 模拟第 841/4742 笔交易: 富安娜...
2026-05-06 00:05:38.942 | INFO     | Backtest   | [回测 4/5] 模拟第 851/4742 笔交易: 漱玉平民...
2026-05-06 00:05:39.238 | INFO     | Backtest   | [回测 4/5] 模拟第 861/4742 笔交易: 合兴包装...
2026-05-06 00:05:39.559 | INFO     | Backtest   | [回测 4/5] 模拟第 871/4742 笔交易: 幸福蓝海...
2026-05-06 00:05:39.869 | INFO     | Backtest   | [回测 4/5] 模拟第 881/4742 笔交易: 银禧科技...
2026-05-06 00:05:40.168 | INFO     | Backtest   | [回测 4/5] 模拟第 891/4742 笔交易: 古越龙山...
2026-05-06 00:05:40.482 | INFO     | Backtest   | [回测 4/5] 模拟第 901/4742 笔交易: 长青科技...
2026-05-06 00:05:40.815 | INFO     | Backtest   | [回测 4/5] 模拟第 911/4742 笔交易: 川仪股份...
2026-05-06 00:05:41.093 | INFO     | Backtest   | [回测 4/5] 模拟第 921/4742 笔交易: 中国石化...
2026-05-06 00:05:41.367 | INFO     | Backtest   | [回测 4/5] 模拟第 931/4742 笔交易: 西安银行...
2026-05-06 00:05:41.647 | INFO     | Backtest   | [回测 4/5] 模拟第 941/4742 笔交易: 明牌珠宝...
2026-05-06 00:05:41.922 | INFO     | Backtest   | [回测 4/5] 模拟第 951/4742 笔交易: 市北高新...
2026-05-06 00:05:42.211 | INFO     | Backtest   | [回测 4/5] 模拟第 961/4742 笔交易: 城建发展...
2026-05-06 00:05:42.521 | INFO     | Backtest   | [回测 4/5] 模拟第 971/4742 笔交易: 金安国纪...
2026-05-06 00:05:42.782 | INFO     | Backtest   | [回测 4/5] 模拟第 981/4742 笔交易: 韩建河山...
2026-05-06 00:05:43.049 | INFO     | Backtest   | [回测 4/5] 模拟第 991/4742 笔交易: 宝地矿业...
2026-05-06 00:05:43.355 | INFO     | Backtest   | [回测 4/5] 模拟第 1001/4742 笔交易: 海南发展...
2026-05-06 00:05:43.673 | INFO     | Backtest   | [回测 4/5] 模拟第 1011/4742 笔交易: 康为世纪...
2026-05-06 00:05:43.974 | INFO     | Backtest   | [回测 4/5] 模拟第 1021/4742 笔交易: 上海亚虹...
2026-05-06 00:05:44.291 | INFO     | Backtest   | [回测 4/5] 模拟第 1031/4742 笔交易: 招金黄金...
2026-05-06 00:05:44.595 | INFO     | Backtest   | [回测 4/5] 模拟第 1041/4742 笔交易: 朗坤科技...
2026-05-06 00:05:44.933 | INFO     | Backtest   | [回测 4/5] 模拟第 1051/4742 笔交易: 信音电子...
2026-05-06 00:05:45.250 | INFO     | Backtest   | [回测 4/5] 模拟第 1061/4742 笔交易: 德创环保...
2026-05-06 00:05:45.584 | INFO     | Backtest   | [回测 4/5] 模拟第 1071/4742 笔交易: 国盛证券...
2026-05-06 00:05:45.906 | INFO     | Backtest   | [回测 4/5] 模拟第 1081/4742 笔交易: 研奥股份...
2026-05-06 00:05:46.281 | INFO     | Backtest   | [回测 4/5] 模拟第 1091/4742 笔交易: 华骐环保...
2026-05-06 00:05:46.617 | INFO     | Backtest   | [回测 4/5] 模拟第 1101/4742 笔交易: 楚江新材...
2026-05-06 00:05:46.989 | INFO     | Backtest   | [回测 4/5] 模拟第 1111/4742 笔交易: 机器人...
2026-05-06 00:05:47.330 | INFO     | Backtest   | [回测 4/5] 模拟第 1121/4742 笔交易: 红塔证券...
2026-05-06 00:05:47.674 | INFO     | Backtest   | [回测 4/5] 模拟第 1131/4742 笔交易: 金奥博...
2026-05-06 00:05:47.994 | INFO     | Backtest   | [回测 4/5] 模拟第 1141/4742 笔交易: 中国电建...
2026-05-06 00:05:48.356 | INFO     | Backtest   | [回测 4/5] 模拟第 1151/4742 笔交易: 永安期货...
2026-05-06 00:05:48.671 | INFO     | Backtest   | [回测 4/5] 模拟第 1161/4742 笔交易: 香溢融通...
2026-05-06 00:05:49.017 | INFO     | Backtest   | [回测 4/5] 模拟第 1171/4742 笔交易: 晨曦航空...
2026-05-06 00:05:49.282 | INFO     | Backtest   | [回测 4/5] 模拟第 1181/4742 笔交易: 中远通...
2026-05-06 00:05:49.558 | INFO     | Backtest   | [回测 4/5] 模拟第 1191/4742 笔交易: 宏昌电子...
2026-05-06 00:05:49.834 | INFO     | Backtest   | [回测 4/5] 模拟第 1201/4742 笔交易: 南极光...
2026-05-06 00:05:50.140 | INFO     | Backtest   | [回测 4/5] 模拟第 1211/4742 笔交易: 福然德...
2026-05-06 00:05:50.432 | INFO     | Backtest   | [回测 4/5] 模拟第 1221/4742 笔交易: 晨化股份...
2026-05-06 00:05:50.765 | INFO     | Backtest   | [回测 4/5] 模拟第 1231/4742 笔交易: 悦达投资...
2026-05-06 00:05:51.041 | INFO     | Backtest   | [回测 4/5] 模拟第 1241/4742 笔交易: 国晟科技...
2026-05-06 00:05:51.334 | INFO     | Backtest   | [回测 4/5] 模拟第 1251/4742 笔交易: 中石科技...
2026-05-06 00:05:51.628 | INFO     | Backtest   | [回测 4/5] 模拟第 1261/4742 笔交易: 长江材料...
2026-05-06 00:05:51.934 | INFO     | Backtest   | [回测 4/5] 模拟第 1271/4742 笔交易: 可立克...
2026-05-06 00:05:52.249 | INFO     | Backtest   | [回测 4/5] 模拟第 1281/4742 笔交易: 贵广网络...
2026-05-06 00:05:52.582 | INFO     | Backtest   | [回测 4/5] 模拟第 1291/4742 笔交易: 漫步者...
2026-05-06 00:05:52.927 | INFO     | Backtest   | [回测 4/5] 模拟第 1301/4742 笔交易: 横店东磁...
2026-05-06 00:05:53.281 | INFO     | Backtest   | [回测 4/5] 模拟第 1311/4742 笔交易: 天通股份...
2026-05-06 00:05:53.572 | INFO     | Backtest   | [回测 4/5] 模拟第 1321/4742 笔交易: 惠威科技...
2026-05-06 00:05:53.892 | INFO     | Backtest   | [回测 4/5] 模拟第 1331/4742 笔交易: 悦安新材...
2026-05-06 00:05:54.167 | INFO     | Backtest   | [回测 4/5] 模拟第 1341/4742 笔交易: 东宏股份...
2026-05-06 00:05:54.421 | INFO     | Backtest   | [回测 4/5] 模拟第 1351/4742 笔交易: 东航物流...
2026-05-06 00:05:54.727 | INFO     | Backtest   | [回测 4/5] 模拟第 1361/4742 笔交易: 氯碱化工...
2026-05-06 00:05:55.026 | INFO     | Backtest   | [回测 4/5] 模拟第 1371/4742 笔交易: 冠昊生物...
2026-05-06 00:05:55.357 | INFO     | Backtest   | [回测 4/5] 模拟第 1381/4742 笔交易: 航天动力...
2026-05-06 00:05:55.642 | INFO     | Backtest   | [回测 4/5] 模拟第 1391/4742 笔交易: 新华制药...
2026-05-06 00:05:55.895 | INFO     | Backtest   | [回测 4/5] 模拟第 1401/4742 笔交易: 海森药业...
2026-05-06 00:05:56.215 | INFO     | Backtest   | [回测 4/5] 模拟第 1411/4742 笔交易: 延江股份...
2026-05-06 00:05:56.508 | INFO     | Backtest   | [回测 4/5] 模拟第 1421/4742 笔交易: 新光药业...
2026-05-06 00:05:56.804 | INFO     | Backtest   | [回测 4/5] 模拟第 1431/4742 笔交易: 金陵药业...
2026-05-06 00:05:57.122 | INFO     | Backtest   | [回测 4/5] 模拟第 1441/4742 笔交易: 益佰制药...
2026-05-06 00:05:57.405 | INFO     | Backtest   | [回测 4/5] 模拟第 1451/4742 笔交易: 海马汽车...
2026-05-06 00:05:57.700 | INFO     | Backtest   | [回测 4/5] 模拟第 1461/4742 笔交易: 飞亚达...
2026-05-06 00:05:57.962 | INFO     | Backtest   | [回测 4/5] 模拟第 1471/4742 笔交易: 燕麦科技...
2026-05-06 00:05:58.262 | INFO     | Backtest   | [回测 4/5] 模拟第 1481/4742 笔交易: 科森科技...
2026-05-06 00:05:58.555 | INFO     | Backtest   | [回测 4/5] 模拟第 1491/4742 笔交易: 华建集团...
2026-05-06 00:05:58.849 | INFO     | Backtest   | [回测 4/5] 模拟第 1501/4742 笔交易: 华峰化学...
2026-05-06 00:05:59.121 | INFO     | Backtest   | [回测 4/5] 模拟第 1511/4742 笔交易: 博源化工...
2026-05-06 00:05:59.407 | INFO     | Backtest   | [回测 4/5] 模拟第 1521/4742 笔交易: 杭电股份...
2026-05-06 00:05:59.639 | INFO     | Backtest   | [回测 4/5] 模拟第 1531/4742 笔交易: 三友化工...
2026-05-06 00:05:59.958 | INFO     | Backtest   | [回测 4/5] 模拟第 1541/4742 笔交易: 潞安环能...
2026-05-06 00:06:00.213 | INFO     | Backtest   | [回测 4/5] 模拟第 1551/4742 笔交易: 鸿路钢构...
2026-05-06 00:06:00.509 | INFO     | Backtest   | [回测 4/5] 模拟第 1561/4742 笔交易: 宁波富达...
2026-05-06 00:06:00.778 | INFO     | Backtest   | [回测 4/5] 模拟第 1571/4742 笔交易: 晋控煤业...
2026-05-06 00:06:01.071 | INFO     | Backtest   | [回测 4/5] 模拟第 1581/4742 笔交易: 名雕股份...
2026-05-06 00:06:01.405 | INFO     | Backtest   | [回测 4/5] 模拟第 1591/4742 笔交易: 君正集团...
2026-05-06 00:06:01.700 | INFO     | Backtest   | [回测 4/5] 模拟第 1601/4742 笔交易: 德才股份...
2026-05-06 00:06:01.988 | INFO     | Backtest   | [回测 4/5] 模拟第 1611/4742 笔交易: 黄河旋风...
2026-05-06 00:06:02.257 | INFO     | Backtest   | [回测 4/5] 模拟第 1621/4742 笔交易: 前沿生物-U...
2026-05-06 00:06:02.508 | INFO     | Backtest   | [回测 4/5] 模拟第 1631/4742 笔交易: 傲农生物...
2026-05-06 00:06:02.793 | INFO     | Backtest   | [回测 4/5] 模拟第 1641/4742 笔交易: 中粮糖业...
2026-05-06 00:06:03.068 | INFO     | Backtest   | [回测 4/5] 模拟第 1651/4742 笔交易: 宁波中百...
2026-05-06 00:06:03.342 | INFO     | Backtest   | [回测 4/5] 模拟第 1661/4742 笔交易: 中青宝...
2026-05-06 00:06:03.661 | INFO     | Backtest   | [回测 4/5] 模拟第 1671/4742 笔交易: 瑞丰光电...
2026-05-06 00:06:03.942 | INFO     | Backtest   | [回测 4/5] 模拟第 1681/4742 笔交易: 贝瑞基因...
2026-05-06 00:06:04.223 | INFO     | Backtest   | [回测 4/5] 模拟第 1691/4742 笔交易: 仟源医药...
2026-05-06 00:06:04.476 | INFO     | Backtest   | [回测 4/5] 模拟第 1701/4742 笔交易: 灵康药业...
2026-05-06 00:06:04.710 | INFO     | Backtest   | [回测 4/5] 模拟第 1711/4742 笔交易: 广济药业...
2026-05-06 00:06:05.003 | INFO     | Backtest   | [回测 4/5] 模拟第 1721/4742 笔交易: 启迪设计...
2026-05-06 00:06:05.276 | INFO     | Backtest   | [回测 4/5] 模拟第 1731/4742 笔交易: 鲍斯股份...
2026-05-06 00:06:05.560 | INFO     | Backtest   | [回测 4/5] 模拟第 1741/4742 笔交易: 赤峰黄金...
2026-05-06 00:06:05.820 | INFO     | Backtest   | [回测 4/5] 模拟第 1751/4742 笔交易: 凯发电气...
2026-05-06 00:06:06.130 | INFO     | Backtest   | [回测 4/5] 模拟第 1761/4742 笔交易: 九强生物...
2026-05-06 00:06:06.431 | INFO     | Backtest   | [回测 4/5] 模拟第 1771/4742 笔交易: 宁波精达...
2026-05-06 00:06:06.706 | INFO     | Backtest   | [回测 4/5] 模拟第 1781/4742 笔交易: 西部黄金...
2026-05-06 00:06:07.039 | INFO     | Backtest   | [回测 4/5] 模拟第 1791/4742 笔交易: 辰安科技...
2026-05-06 00:06:07.336 | INFO     | Backtest   | [回测 4/5] 模拟第 1801/4742 笔交易: 亚威股份...
2026-05-06 00:06:07.668 | INFO     | Backtest   | [回测 4/5] 模拟第 1811/4742 笔交易: 航天智造...
2026-05-06 00:06:07.993 | INFO     | Backtest   | [回测 4/5] 模拟第 1821/4742 笔交易: 通达动力...
2026-05-06 00:06:08.248 | INFO     | Backtest   | [回测 4/5] 模拟第 1831/4742 笔交易: 泰和科技...
2026-05-06 00:06:08.528 | INFO     | Backtest   | [回测 4/5] 模拟第 1841/4742 笔交易: 兴瑞科技...
2026-05-06 00:06:08.830 | INFO     | Backtest   | [回测 4/5] 模拟第 1851/4742 笔交易: 沃特股份...
2026-05-06 00:06:09.123 | INFO     | Backtest   | [回测 4/5] 模拟第 1861/4742 笔交易: 松芝股份...
2026-05-06 00:06:09.418 | INFO     | Backtest   | [回测 4/5] 模拟第 1871/4742 笔交易: 格力博...
2026-05-06 00:06:09.734 | INFO     | Backtest   | [回测 4/5] 模拟第 1881/4742 笔交易: 合众思壮...
2026-05-06 00:06:09.963 | INFO     | Backtest   | [回测 4/5] 模拟第 1891/4742 笔交易: 慧智微-U...
2026-05-06 00:06:10.267 | INFO     | Backtest   | [回测 4/5] 模拟第 1901/4742 笔交易: 信科移动-U...
2026-05-06 00:06:10.542 | INFO     | Backtest   | [回测 4/5] 模拟第 1911/4742 笔交易: 韵达股份...
2026-05-06 00:06:10.827 | INFO     | Backtest   | [回测 4/5] 模拟第 1921/4742 笔交易: 江特电机...
2026-05-06 00:06:11.077 | INFO     | Backtest   | [回测 4/5] 模拟第 1931/4742 笔交易: 福石控股...
2026-05-06 00:06:11.360 | INFO     | Backtest   | [回测 4/5] 模拟第 1941/4742 笔交易: 三友医疗...
2026-05-06 00:06:11.662 | INFO     | Backtest   | [回测 4/5] 模拟第 1951/4742 笔交易: 圣达生物...
2026-05-06 00:06:11.960 | INFO     | Backtest   | [回测 4/5] 模拟第 1961/4742 笔交易: 友阿股份...
2026-05-06 00:06:12.256 | INFO     | Backtest   | [回测 4/5] 模拟第 1971/4742 笔交易: 荣科科技...
2026-05-06 00:06:12.504 | INFO     | Backtest   | [回测 4/5] 模拟第 1981/4742 笔交易: 科创信息...
2026-05-06 00:06:12.722 | INFO     | Backtest   | [回测 4/5] 模拟第 1991/4742 笔交易: 麦捷科技...
2026-05-06 00:06:12.989 | INFO     | Backtest   | [回测 4/5] 模拟第 2001/4742 笔交易: 苏盐井神...
2026-05-06 00:06:13.283 | INFO     | Backtest   | [回测 4/5] 模拟第 2011/4742 笔交易: 华策影视...
2026-05-06 00:06:13.531 | INFO     | Backtest   | [回测 4/5] 模拟第 2021/4742 笔交易: 中南传媒...
2026-05-06 00:06:13.796 | INFO     | Backtest   | [回测 4/5] 模拟第 2031/4742 笔交易: 雅本化学...
2026-05-06 00:06:14.046 | INFO     | Backtest   | [回测 4/5] 模拟第 2041/4742 笔交易: 鹏翎股份...
2026-05-06 00:06:14.275 | INFO     | Backtest   | [回测 4/5] 模拟第 2051/4742 笔交易: 中荣股份...
2026-05-06 00:06:14.574 | INFO     | Backtest   | [回测 4/5] 模拟第 2061/4742 笔交易: 日久光电...
2026-05-06 00:06:14.841 | INFO     | Backtest   | [回测 4/5] 模拟第 2071/4742 笔交易: 复洁科技...
2026-05-06 00:06:15.055 | INFO     | Backtest   | [回测 4/5] 模拟第 2081/4742 笔交易: 聚合顺...
2026-05-06 00:06:15.299 | INFO     | Backtest   | [回测 4/5] 模拟第 2091/4742 笔交易: 美迪凯...
2026-05-06 00:06:15.561 | INFO     | Backtest   | [回测 4/5] 模拟第 2101/4742 笔交易: 潜能恒信...
2026-05-06 00:06:15.870 | INFO     | Backtest   | [回测 4/5] 模拟第 2111/4742 笔交易: 东软载波...
2026-05-06 00:06:16.108 | INFO     | Backtest   | [回测 4/5] 模拟第 2121/4742 笔交易: 诺普信...
2026-05-06 00:06:16.391 | INFO     | Backtest   | [回测 4/5] 模拟第 2131/4742 笔交易: 美瑞新材...
2026-05-06 00:06:16.634 | INFO     | Backtest   | [回测 4/5] 模拟第 2141/4742 笔交易: 爱司凯...
2026-05-06 00:06:16.862 | INFO     | Backtest   | [回测 4/5] 模拟第 2151/4742 笔交易: 北方铜业...
2026-05-06 00:06:17.121 | INFO     | Backtest   | [回测 4/5] 模拟第 2161/4742 笔交易: 金融街...
2026-05-06 00:06:17.360 | INFO     | Backtest   | [回测 4/5] 模拟第 2171/4742 笔交易: 华电科工...
2026-05-06 00:06:17.588 | INFO     | Backtest   | [回测 4/5] 模拟第 2181/4742 笔交易: 泰胜风能...
2026-05-06 00:06:17.776 | INFO     | Backtest   | [回测 4/5] 模拟第 2191/4742 笔交易: 凯美特气...
2026-05-06 00:06:18.007 | INFO     | Backtest   | [回测 4/5] 模拟第 2201/4742 笔交易: 利亚德...
2026-05-06 00:06:18.227 | INFO     | Backtest   | [回测 4/5] 模拟第 2211/4742 笔交易: 佳讯飞鸿...
2026-05-06 00:06:18.426 | INFO     | Backtest   | [回测 4/5] 模拟第 2221/4742 笔交易: 粤桂股份...
2026-05-06 00:06:18.660 | INFO     | Backtest   | [回测 4/5] 模拟第 2231/4742 笔交易: 浙农股份...
2026-05-06 00:06:18.903 | INFO     | Backtest   | [回测 4/5] 模拟第 2241/4742 笔交易: 华通线缆...
2026-05-06 00:06:19.108 | INFO     | Backtest   | [回测 4/5] 模拟第 2251/4742 笔交易: 美邦服饰...
2026-05-06 00:06:19.303 | INFO     | Backtest   | [回测 4/5] 模拟第 2261/4742 笔交易: 祥源文旅...
2026-05-06 00:06:19.537 | INFO     | Backtest   | [回测 4/5] 模拟第 2271/4742 笔交易: 乐通股份...
2026-05-06 00:06:19.798 | INFO     | Backtest   | [回测 4/5] 模拟第 2281/4742 笔交易: 苏豪弘业...
2026-05-06 00:06:19.998 | INFO     | Backtest   | [回测 4/5] 模拟第 2291/4742 笔交易: 银宝山新...
2026-05-06 00:06:20.195 | INFO     | Backtest   | [回测 4/5] 模拟第 2301/4742 笔交易: 海峡创新...
2026-05-06 00:06:20.381 | INFO     | Backtest   | [回测 4/5] 模拟第 2311/4742 笔交易: 小崧股份...
2026-05-06 00:06:20.626 | INFO     | Backtest   | [回测 4/5] 模拟第 2321/4742 笔交易: 龙江交通...
2026-05-06 00:06:20.854 | INFO     | Backtest   | [回测 4/5] 模拟第 2331/4742 笔交易: 罗平锌电...
2026-05-06 00:06:21.068 | INFO     | Backtest   | [回测 4/5] 模拟第 2341/4742 笔交易: 风华高科...
2026-05-06 00:06:21.375 | INFO     | Backtest   | [回测 4/5] 模拟第 2351/4742 笔交易: 冠捷科技...
2026-05-06 00:06:21.622 | INFO     | Backtest   | [回测 4/5] 模拟第 2361/4742 笔交易: 黑猫股份...
2026-05-06 00:06:21.885 | INFO     | Backtest   | [回测 4/5] 模拟第 2371/4742 笔交易: 恺英网络...
2026-05-06 00:06:22.172 | INFO     | Backtest   | [回测 4/5] 模拟第 2381/4742 笔交易: 新华文轩...
2026-05-06 00:06:22.424 | INFO     | Backtest   | [回测 4/5] 模拟第 2391/4742 笔交易: 三钢闽光...
2026-05-06 00:06:22.740 | INFO     | Backtest   | [回测 4/5] 模拟第 2401/4742 笔交易: 恒誉环保...
2026-05-06 00:06:22.977 | INFO     | Backtest   | [回测 4/5] 模拟第 2411/4742 笔交易: 金牛化工...
2026-05-06 00:06:23.213 | INFO     | Backtest   | [回测 4/5] 模拟第 2421/4742 笔交易: 伟隆股份...
2026-05-06 00:06:23.457 | INFO     | Backtest   | [回测 4/5] 模拟第 2431/4742 笔交易: 中成股份...
2026-05-06 00:06:23.641 | INFO     | Backtest   | [回测 4/5] 模拟第 2441/4742 笔交易: 峰璟股份...
2026-05-06 00:06:23.896 | INFO     | Backtest   | [回测 4/5] 模拟第 2451/4742 笔交易: S佳通...
2026-05-06 00:06:24.133 | INFO     | Backtest   | [回测 4/5] 模拟第 2461/4742 笔交易: 春立医疗...
2026-05-06 00:06:24.339 | INFO     | Backtest   | [回测 4/5] 模拟第 2471/4742 笔交易: 中科通达...
2026-05-06 00:06:24.550 | INFO     | Backtest   | [回测 4/5] 模拟第 2481/4742 笔交易: 回天新材...
2026-05-06 00:06:24.783 | INFO     | Backtest   | [回测 4/5] 模拟第 2491/4742 笔交易: 三六零...
2026-05-06 00:06:25.016 | INFO     | Backtest   | [回测 4/5] 模拟第 2501/4742 笔交易: 天玛智控...
2026-05-06 00:06:25.260 | INFO     | Backtest   | [回测 4/5] 模拟第 2511/4742 笔交易: 万盛股份...
2026-05-06 00:06:25.494 | INFO     | Backtest   | [回测 4/5] 模拟第 2521/4742 笔交易: 宁波建工...
2026-05-06 00:06:25.696 | INFO     | Backtest   | [回测 4/5] 模拟第 2531/4742 笔交易: 伊戈尔...
2026-05-06 00:06:25.887 | INFO     | Backtest   | [回测 4/5] 模拟第 2541/4742 笔交易: 中国中冶...
2026-05-06 00:06:26.096 | INFO     | Backtest   | [回测 4/5] 模拟第 2551/4742 笔交易: 永贵电器...
2026-05-06 00:06:26.326 | INFO     | Backtest   | [回测 4/5] 模拟第 2561/4742 笔交易: 沧州明珠...
2026-05-06 00:06:26.528 | INFO     | Backtest   | [回测 4/5] 模拟第 2571/4742 笔交易: 银龙股份...
2026-05-06 00:06:26.739 | INFO     | Backtest   | [回测 4/5] 模拟第 2581/4742 笔交易: 恒基达鑫...
2026-05-06 00:06:26.917 | INFO     | Backtest   | [回测 4/5] 模拟第 2591/4742 笔交易: 淮北矿业...
2026-05-06 00:06:27.140 | INFO     | Backtest   | [回测 4/5] 模拟第 2601/4742 笔交易: 中巨芯-U...
2026-05-06 00:06:27.321 | INFO     | Backtest   | [回测 4/5] 模拟第 2611/4742 笔交易: 天创时尚...
2026-05-06 00:06:27.477 | INFO     | Backtest   | [回测 4/5] 模拟第 2621/4742 笔交易: 蓝箭电子...
2026-05-06 00:06:27.700 | INFO     | Backtest   | [回测 4/5] 模拟第 2631/4742 笔交易: 大中矿业...
2026-05-06 00:06:27.965 | INFO     | Backtest   | [回测 4/5] 模拟第 2641/4742 笔交易: 锋龙股份...
2026-05-06 00:06:28.177 | INFO     | Backtest   | [回测 4/5] 模拟第 2651/4742 笔交易: 广田集团...
2026-05-06 00:06:28.445 | INFO     | Backtest   | [回测 4/5] 模拟第 2661/4742 笔交易: 海默科技...
2026-05-06 00:06:28.709 | INFO     | Backtest   | [回测 4/5] 模拟第 2671/4742 笔交易: 春兰股份...
2026-05-06 00:06:28.960 | INFO     | Backtest   | [回测 4/5] 模拟第 2681/4742 笔交易: 金螳螂...
2026-05-06 00:06:29.236 | INFO     | Backtest   | [回测 4/5] 模拟第 2691/4742 笔交易: 国投中鲁...
2026-05-06 00:06:29.489 | INFO     | Backtest   | [回测 4/5] 模拟第 2701/4742 笔交易: 康欣新材...
2026-05-06 00:06:29.746 | INFO     | Backtest   | [回测 4/5] 模拟第 2711/4742 笔交易: 瑞丰高材...
2026-05-06 00:06:29.964 | INFO     | Backtest   | [回测 4/5] 模拟第 2721/4742 笔交易: 金岭矿业...
2026-05-06 00:06:30.187 | INFO     | Backtest   | [回测 4/5] 模拟第 2731/4742 笔交易: 新宏泽...
2026-05-06 00:06:30.411 | INFO     | Backtest   | [回测 4/5] 模拟第 2741/4742 笔交易: 中国铝业...
2026-05-06 00:06:30.629 | INFO     | Backtest   | [回测 4/5] 模拟第 2751/4742 笔交易: 紫江企业...
2026-05-06 00:06:30.885 | INFO     | Backtest   | [回测 4/5] 模拟第 2761/4742 笔交易: 西藏矿业...
2026-05-06 00:06:31.164 | INFO     | Backtest   | [回测 4/5] 模拟第 2771/4742 笔交易: 锌业股份...
2026-05-06 00:06:31.336 | INFO     | Backtest   | [回测 4/5] 模拟第 2781/4742 笔交易: 中创物流...
2026-05-06 00:06:31.553 | INFO     | Backtest   | [回测 4/5] 模拟第 2791/4742 笔交易: 福龙马...
2026-05-06 00:06:31.776 | INFO     | Backtest   | [回测 4/5] 模拟第 2801/4742 笔交易: 新特电气...
2026-05-06 00:06:32.010 | INFO     | Backtest   | [回测 4/5] 模拟第 2811/4742 笔交易: 瑞尔特...
2026-05-06 00:06:32.230 | INFO     | Backtest   | [回测 4/5] 模拟第 2821/4742 笔交易: 华立股份...
2026-05-06 00:06:32.417 | INFO     | Backtest   | [回测 4/5] 模拟第 2831/4742 笔交易: 辽宁能源...
2026-05-06 00:06:32.628 | INFO     | Backtest   | [回测 4/5] 模拟第 2841/4742 笔交易: 万隆光电...
2026-05-06 00:06:32.870 | INFO     | Backtest   | [回测 4/5] 模拟第 2851/4742 笔交易: 闰土股份...
2026-05-06 00:06:33.096 | INFO     | Backtest   | [回测 4/5] 模拟第 2861/4742 笔交易: 读者传媒...
2026-05-06 00:06:33.347 | INFO     | Backtest   | [回测 4/5] 模拟第 2871/4742 笔交易: 皖通科技...
2026-05-06 00:06:33.628 | INFO     | Backtest   | [回测 4/5] 模拟第 2881/4742 笔交易: 常宝股份...
2026-05-06 00:06:33.832 | INFO     | Backtest   | [回测 4/5] 模拟第 2891/4742 笔交易: 美邦股份...
2026-05-06 00:06:34.096 | INFO     | Backtest   | [回测 4/5] 模拟第 2901/4742 笔交易: 龙腾光电...
2026-05-06 00:06:34.367 | INFO     | Backtest   | [回测 4/5] 模拟第 2911/4742 笔交易: 桂冠电力...
2026-05-06 00:06:34.545 | INFO     | Backtest   | [回测 4/5] 模拟第 2921/4742 笔交易: 浙江仙通...
2026-05-06 00:06:34.765 | INFO     | Backtest   | [回测 4/5] 模拟第 2931/4742 笔交易: 宏桥控股...
2026-05-06 00:06:34.979 | INFO     | Backtest   | [回测 4/5] 模拟第 2941/4742 笔交易: 嘉友国际...
2026-05-06 00:06:35.180 | INFO     | Backtest   | [回测 4/5] 模拟第 2951/4742 笔交易: 金开新能...
2026-05-06 00:06:35.381 | INFO     | Backtest   | [回测 4/5] 模拟第 2961/4742 笔交易: 宝丰能源...
2026-05-06 00:06:35.602 | INFO     | Backtest   | [回测 4/5] 模拟第 2971/4742 笔交易: 松炀资源...
2026-05-06 00:06:35.821 | INFO     | Backtest   | [回测 4/5] 模拟第 2981/4742 笔交易: 上海九百...
2026-05-06 00:06:36.098 | INFO     | Backtest   | [回测 4/5] 模拟第 2991/4742 笔交易: 高伟达...
2026-05-06 00:06:36.260 | INFO     | Backtest   | [回测 4/5] 模拟第 3001/4742 笔交易: 福建水泥...
2026-05-06 00:06:36.412 | INFO     | Backtest   | [回测 4/5] 模拟第 3011/4742 笔交易: 航天软件...
2026-05-06 00:06:36.647 | INFO     | Backtest   | [回测 4/5] 模拟第 3021/4742 笔交易: 翔鹭钨业...
2026-05-06 00:06:36.784 | INFO     | Backtest   | [回测 4/5] 模拟第 3031/4742 笔交易: 中广核技...
2026-05-06 00:06:36.961 | INFO     | Backtest   | [回测 4/5] 模拟第 3041/4742 笔交易: 四川双马...
2026-05-06 00:06:37.138 | INFO     | Backtest   | [回测 4/5] 模拟第 3051/4742 笔交易: 福建高速...
2026-05-06 00:06:37.339 | INFO     | Backtest   | [回测 4/5] 模拟第 3061/4742 笔交易: 新亚强...
2026-05-06 00:06:37.540 | INFO     | Backtest   | [回测 4/5] 模拟第 3071/4742 笔交易: 新奥股份...
2026-05-06 00:06:37.783 | INFO     | Backtest   | [回测 4/5] 模拟第 3081/4742 笔交易: 健康元...
2026-05-06 00:06:37.991 | INFO     | Backtest   | [回测 4/5] 模拟第 3091/4742 笔交易: 华自科技...
2026-05-06 00:06:38.195 | INFO     | Backtest   | [回测 4/5] 模拟第 3101/4742 笔交易: 三友化工...
2026-05-06 00:06:38.403 | INFO     | Backtest   | [回测 4/5] 模拟第 3111/4742 笔交易: 园林股份...
2026-05-06 00:06:38.586 | INFO     | Backtest   | [回测 4/5] 模拟第 3121/4742 笔交易: 浙江美大...
2026-05-06 00:06:38.779 | INFO     | Backtest   | [回测 4/5] 模拟第 3131/4742 笔交易: 银禧科技...
2026-05-06 00:06:38.966 | INFO     | Backtest   | [回测 4/5] 模拟第 3141/4742 笔交易: 省广集团...
2026-05-06 00:06:39.151 | INFO     | Backtest   | [回测 4/5] 模拟第 3151/4742 笔交易: 福安药业...
2026-05-06 00:06:39.319 | INFO     | Backtest   | [回测 4/5] 模拟第 3161/4742 笔交易: 美邦股份...
2026-05-06 00:06:39.481 | INFO     | Backtest   | [回测 4/5] 模拟第 3171/4742 笔交易: 中谷物流...
2026-05-06 00:06:39.692 | INFO     | Backtest   | [回测 4/5] 模拟第 3181/4742 笔交易: 山煤国际...
2026-05-06 00:06:39.906 | INFO     | Backtest   | [回测 4/5] 模拟第 3191/4742 笔交易: 绿能慧充...
2026-05-06 00:06:40.122 | INFO     | Backtest   | [回测 4/5] 模拟第 3201/4742 笔交易: 飞鹿股份...
2026-05-06 00:06:40.318 | INFO     | Backtest   | [回测 4/5] 模拟第 3211/4742 笔交易: 高测股份...
2026-05-06 00:06:40.535 | INFO     | Backtest   | [回测 4/5] 模拟第 3221/4742 笔交易: 友好集团...
2026-05-06 00:06:40.756 | INFO     | Backtest   | [回测 4/5] 模拟第 3231/4742 笔交易: 金陵饭店...
2026-05-06 00:06:40.991 | INFO     | Backtest   | [回测 4/5] 模拟第 3241/4742 笔交易: 中复神鹰...
2026-05-06 00:06:41.225 | INFO     | Backtest   | [回测 4/5] 模拟第 3251/4742 笔交易: 武汉天源...
2026-05-06 00:06:41.451 | INFO     | Backtest   | [回测 4/5] 模拟第 3261/4742 笔交易: 凤凰航运...
2026-05-06 00:06:41.668 | INFO     | Backtest   | [回测 4/5] 模拟第 3271/4742 笔交易: 东珠生态...
2026-05-06 00:06:41.861 | INFO     | Backtest   | [回测 4/5] 模拟第 3281/4742 笔交易: 杭电股份...
2026-05-06 00:06:42.086 | INFO     | Backtest   | [回测 4/5] 模拟第 3291/4742 笔交易: 皖能电力...
2026-05-06 00:06:42.270 | INFO     | Backtest   | [回测 4/5] 模拟第 3301/4742 笔交易: 九鼎新材...
2026-05-06 00:06:42.452 | INFO     | Backtest   | [回测 4/5] 模拟第 3311/4742 笔交易: 长缆科技...
2026-05-06 00:06:42.650 | INFO     | Backtest   | [回测 4/5] 模拟第 3321/4742 笔交易: 全信股份...
2026-05-06 00:06:42.819 | INFO     | Backtest   | [回测 4/5] 模拟第 3331/4742 笔交易: 航天科技...
2026-05-06 00:06:42.968 | INFO     | Backtest   | [回测 4/5] 模拟第 3341/4742 笔交易: 东方雨虹...
2026-05-06 00:06:43.160 | INFO     | Backtest   | [回测 4/5] 模拟第 3351/4742 笔交易: 迎丰股份...
2026-05-06 00:06:43.375 | INFO     | Backtest   | [回测 4/5] 模拟第 3361/4742 笔交易: 三友化工...
2026-05-06 00:06:43.560 | INFO     | Backtest   | [回测 4/5] 模拟第 3371/4742 笔交易: 王子新材...
2026-05-06 00:06:43.749 | INFO     | Backtest   | [回测 4/5] 模拟第 3381/4742 笔交易: 城投控股...
2026-05-06 00:06:43.961 | INFO     | Backtest   | [回测 4/5] 模拟第 3391/4742 笔交易: 北陆药业...
2026-05-06 00:06:44.117 | INFO     | Backtest   | [回测 4/5] 模拟第 3401/4742 笔交易: 广济药业...
2026-05-06 00:06:44.281 | INFO     | Backtest   | [回测 4/5] 模拟第 3411/4742 笔交易: 阳普医疗...
2026-05-06 00:06:44.513 | INFO     | Backtest   | [回测 4/5] 模拟第 3421/4742 笔交易: 豪江智能...
2026-05-06 00:06:44.734 | INFO     | Backtest   | [回测 4/5] 模拟第 3431/4742 笔交易: 东来技术...
2026-05-06 00:06:44.924 | INFO     | Backtest   | [回测 4/5] 模拟第 3441/4742 笔交易: 博汇科技...
2026-05-06 00:06:45.146 | INFO     | Backtest   | [回测 4/5] 模拟第 3451/4742 笔交易: 康德莱...
2026-05-06 00:06:45.368 | INFO     | Backtest   | [回测 4/5] 模拟第 3461/4742 笔交易: 上海建科...
2026-05-06 00:06:45.589 | INFO     | Backtest   | [回测 4/5] 模拟第 3471/4742 笔交易: 普门科技...
2026-05-06 00:06:45.830 | INFO     | Backtest   | [回测 4/5] 模拟第 3481/4742 笔交易: 沃森生物...
2026-05-06 00:06:46.056 | INFO     | Backtest   | [回测 4/5] 模拟第 3491/4742 笔交易: 晨光生物...
2026-05-06 00:06:46.245 | INFO     | Backtest   | [回测 4/5] 模拟第 3501/4742 笔交易: 保龄宝...
2026-05-06 00:06:46.477 | INFO     | Backtest   | [回测 4/5] 模拟第 3511/4742 笔交易: 万安科技...
2026-05-06 00:06:46.671 | INFO     | Backtest   | [回测 4/5] 模拟第 3521/4742 笔交易: 云意电气...
2026-05-06 00:06:46.862 | INFO     | Backtest   | [回测 4/5] 模拟第 3531/4742 笔交易: 节能铁汉...
2026-05-06 00:06:47.091 | INFO     | Backtest   | [回测 4/5] 模拟第 3541/4742 笔交易: 金鹰重工...
2026-05-06 00:06:47.351 | INFO     | Backtest   | [回测 4/5] 模拟第 3551/4742 笔交易: 华塑股份...
2026-05-06 00:06:47.565 | INFO     | Backtest   | [回测 4/5] 模拟第 3561/4742 笔交易: 西部证券...
2026-05-06 00:06:47.800 | INFO     | Backtest   | [回测 4/5] 模拟第 3571/4742 笔交易: 皖维高新...
2026-05-06 00:06:48.037 | INFO     | Backtest   | [回测 4/5] 模拟第 3581/4742 笔交易: 黑猫股份...
2026-05-06 00:06:48.229 | INFO     | Backtest   | [回测 4/5] 模拟第 3591/4742 笔交易: 海伦哲...
2026-05-06 00:06:48.403 | INFO     | Backtest   | [回测 4/5] 模拟第 3601/4742 笔交易: 亨通股份...
2026-05-06 00:06:48.637 | INFO     | Backtest   | [回测 4/5] 模拟第 3611/4742 笔交易: 岱勒新材...
2026-05-06 00:06:48.813 | INFO     | Backtest   | [回测 4/5] 模拟第 3621/4742 笔交易: 天奥电子...
2026-05-06 00:06:49.006 | INFO     | Backtest   | [回测 4/5] 模拟第 3631/4742 笔交易: 凯龙高科...
2026-05-06 00:06:49.236 | INFO     | Backtest   | [回测 4/5] 模拟第 3641/4742 笔交易: 华强科技...
2026-05-06 00:06:49.466 | INFO     | Backtest   | [回测 4/5] 模拟第 3651/4742 笔交易: 天晟新材...
2026-05-06 00:06:49.670 | INFO     | Backtest   | [回测 4/5] 模拟第 3661/4742 笔交易: 易成新能...
2026-05-06 00:06:49.881 | INFO     | Backtest   | [回测 4/5] 模拟第 3671/4742 笔交易: 豆神教育...
2026-05-06 00:06:50.124 | INFO     | Backtest   | [回测 4/5] 模拟第 3681/4742 笔交易: 维业股份...
2026-05-06 00:06:50.347 | INFO     | Backtest   | [回测 4/5] 模拟第 3691/4742 笔交易: 建研设计...
2026-05-06 00:06:50.571 | INFO     | Backtest   | [回测 4/5] 模拟第 3701/4742 笔交易: 辉煌科技...
2026-05-06 00:06:50.746 | INFO     | Backtest   | [回测 4/5] 模拟第 3711/4742 笔交易: 和仁科技...
2026-05-06 00:06:50.939 | INFO     | Backtest   | [回测 4/5] 模拟第 3721/4742 笔交易: 麦迪科技...
2026-05-06 00:06:51.125 | INFO     | Backtest   | [回测 4/5] 模拟第 3731/4742 笔交易: 仁东控股...
2026-05-06 00:06:51.341 | INFO     | Backtest   | [回测 4/5] 模拟第 3741/4742 笔交易: 胜利精密...
2026-05-06 00:06:51.533 | INFO     | Backtest   | [回测 4/5] 模拟第 3751/4742 笔交易: 长城证券...
2026-05-06 00:06:51.717 | INFO     | Backtest   | [回测 4/5] 模拟第 3761/4742 笔交易: 史丹利...
2026-05-06 00:06:51.914 | INFO     | Backtest   | [回测 4/5] 模拟第 3771/4742 笔交易: 双星新材...
2026-05-06 00:06:52.142 | INFO     | Backtest   | [回测 4/5] 模拟第 3781/4742 笔交易: 中材节能...
2026-05-06 00:06:52.344 | INFO     | Backtest   | [回测 4/5] 模拟第 3791/4742 笔交易: 菲达环保...
2026-05-06 00:06:52.577 | INFO     | Backtest   | [回测 4/5] 模拟第 3801/4742 笔交易: 海利尔...
2026-05-06 00:06:52.827 | INFO     | Backtest   | [回测 4/5] 模拟第 3811/4742 笔交易: 湖南投资...
2026-05-06 00:06:53.044 | INFO     | Backtest   | [回测 4/5] 模拟第 3821/4742 笔交易: 民丰特纸...
2026-05-06 00:06:53.253 | INFO     | Backtest   | [回测 4/5] 模拟第 3831/4742 笔交易: 综艺股份...
2026-05-06 00:06:53.444 | INFO     | Backtest   | [回测 4/5] 模拟第 3841/4742 笔交易: 新开源...
2026-05-06 00:06:53.628 | INFO     | Backtest   | [回测 4/5] 模拟第 3851/4742 笔交易: 新美星...
2026-05-06 00:06:53.773 | INFO     | Backtest   | [回测 4/5] 模拟第 3861/4742 笔交易: 三友医疗...
2026-05-06 00:06:53.944 | INFO     | Backtest   | [回测 4/5] 模拟第 3871/4742 笔交易: 漱玉平民...
2026-05-06 00:06:54.098 | INFO     | Backtest   | [回测 4/5] 模拟第 3881/4742 笔交易: 电声股份...
2026-05-06 00:06:54.265 | INFO     | Backtest   | [回测 4/5] 模拟第 3891/4742 笔交易: 京运通...
2026-05-06 00:06:54.401 | INFO     | Backtest   | [回测 4/5] 模拟第 3901/4742 笔交易: 兴业股份...
2026-05-06 00:06:54.524 | INFO     | Backtest   | [回测 4/5] 模拟第 3911/4742 笔交易: 亚虹医药-U...
2026-05-06 00:06:54.652 | INFO     | Backtest   | [回测 4/5] 模拟第 3921/4742 笔交易: 宝丰能源...
2026-05-06 00:06:54.786 | INFO     | Backtest   | [回测 4/5] 模拟第 3931/4742 笔交易: 吉华集团...
2026-05-06 00:06:54.956 | INFO     | Backtest   | [回测 4/5] 模拟第 3941/4742 笔交易: 峨眉山Ａ...
2026-05-06 00:06:55.145 | INFO     | Backtest   | [回测 4/5] 模拟第 3951/4742 笔交易: 美迪凯...
2026-05-06 00:06:55.326 | INFO     | Backtest   | [回测 4/5] 模拟第 3961/4742 笔交易: 桂冠电力...
2026-05-06 00:06:55.531 | INFO     | Backtest   | [回测 4/5] 模拟第 3971/4742 笔交易: 贵绳股份...
2026-05-06 00:06:55.763 | INFO     | Backtest   | [回测 4/5] 模拟第 3981/4742 笔交易: 本立科技...
2026-05-06 00:06:56.000 | INFO     | Backtest   | [回测 4/5] 模拟第 3991/4742 笔交易: 华康股份...
2026-05-06 00:06:56.185 | INFO     | Backtest   | [回测 4/5] 模拟第 4001/4742 笔交易: 尤夫股份...
2026-05-06 00:06:56.345 | INFO     | Backtest   | [回测 4/5] 模拟第 4011/4742 笔交易: 开山股份...
2026-05-06 00:06:56.557 | INFO     | Backtest   | [回测 4/5] 模拟第 4021/4742 笔交易: 大连热电...
2026-05-06 00:06:56.771 | INFO     | Backtest   | [回测 4/5] 模拟第 4031/4742 笔交易: 浙江交科...
2026-05-06 00:06:56.990 | INFO     | Backtest   | [回测 4/5] 模拟第 4041/4742 笔交易: 嘉美包装...
2026-05-06 00:06:57.164 | INFO     | Backtest   | [回测 4/5] 模拟第 4051/4742 笔交易: 浩云科技...
2026-05-06 00:06:57.337 | INFO     | Backtest   | [回测 4/5] 模拟第 4061/4742 笔交易: 金牛化工...
2026-05-06 00:06:57.491 | INFO     | Backtest   | [回测 4/5] 模拟第 4071/4742 笔交易: 新疆天业...
2026-05-06 00:06:57.660 | INFO     | Backtest   | [回测 4/5] 模拟第 4081/4742 笔交易: 瀛通通讯...
2026-05-06 00:06:57.898 | INFO     | Backtest   | [回测 4/5] 模拟第 4091/4742 笔交易: 佳力图...
2026-05-06 00:06:58.078 | INFO     | Backtest   | [回测 4/5] 模拟第 4101/4742 笔交易: 博瑞传播...
2026-05-06 00:06:58.265 | INFO     | Backtest   | [回测 4/5] 模拟第 4111/4742 笔交易: 濮阳惠成...
2026-05-06 00:06:58.466 | INFO     | Backtest   | [回测 4/5] 模拟第 4121/4742 笔交易: 城投控股...
2026-05-06 00:06:58.654 | INFO     | Backtest   | [回测 4/5] 模拟第 4131/4742 笔交易: 永东股份...
2026-05-06 00:06:58.804 | INFO     | Backtest   | [回测 4/5] 模拟第 4141/4742 笔交易: 南京熊猫...
2026-05-06 00:06:58.943 | INFO     | Backtest   | [回测 4/5] 模拟第 4151/4742 笔交易: 南宁百货...
2026-05-06 00:06:59.085 | INFO     | Backtest   | [回测 4/5] 模拟第 4161/4742 笔交易: 中衡设计...
2026-05-06 00:06:59.207 | INFO     | Backtest   | [回测 4/5] 模拟第 4171/4742 笔交易: 惠威科技...
2026-05-06 00:06:59.349 | INFO     | Backtest   | [回测 4/5] 模拟第 4181/4742 笔交易: 东方材料...
2026-05-06 00:06:59.468 | INFO     | Backtest   | [回测 4/5] 模拟第 4191/4742 笔交易: 南方泵业...
2026-05-06 00:06:59.606 | INFO     | Backtest   | [回测 4/5] 模拟第 4201/4742 笔交易: 动力源...
2026-05-06 00:06:59.771 | INFO     | Backtest   | [回测 4/5] 模拟第 4211/4742 笔交易: 安徽合力...
2026-05-06 00:06:59.962 | INFO     | Backtest   | [回测 4/5] 模拟第 4221/4742 笔交易: 海正药业...
2026-05-06 00:07:00.106 | INFO     | Backtest   | [回测 4/5] 模拟第 4231/4742 笔交易: 创力集团...
2026-05-06 00:07:00.239 | INFO     | Backtest   | [回测 4/5] 模拟第 4241/4742 笔交易: 中洲特材...
2026-05-06 00:07:00.411 | INFO     | Backtest   | [回测 4/5] 模拟第 4251/4742 笔交易: 钢研高纳...
2026-05-06 00:07:00.602 | INFO     | Backtest   | [回测 4/5] 模拟第 4261/4742 笔交易: 力生制药...
2026-05-06 00:07:00.733 | INFO     | Backtest   | [回测 4/5] 模拟第 4271/4742 笔交易: 铁科轨道...
2026-05-06 00:07:00.879 | INFO     | Backtest   | [回测 4/5] 模拟第 4281/4742 笔交易: 中盐化工...
2026-05-06 00:07:01.047 | INFO     | Backtest   | [回测 4/5] 模拟第 4291/4742 笔交易: 湖北能源...
2026-05-06 00:07:01.201 | INFO     | Backtest   | [回测 4/5] 模拟第 4301/4742 笔交易: 鲁北化工...
2026-05-06 00:07:01.322 | INFO     | Backtest   | [回测 4/5] 模拟第 4311/4742 笔交易: 迪森股份...
2026-05-06 00:07:01.474 | INFO     | Backtest   | [回测 4/5] 模拟第 4321/4742 笔交易: 龙源电力...
2026-05-06 00:07:01.624 | INFO     | Backtest   | [回测 4/5] 模拟第 4331/4742 笔交易: 尤洛卡...
2026-05-06 00:07:01.774 | INFO     | Backtest   | [回测 4/5] 模拟第 4341/4742 笔交易: 惠天热电...
2026-05-06 00:07:01.927 | INFO     | Backtest   | [回测 4/5] 模拟第 4351/4742 笔交易: 珠海港...
2026-05-06 00:07:02.109 | INFO     | Backtest   | [回测 4/5] 模拟第 4361/4742 笔交易: 秦港股份...
2026-05-06 00:07:02.281 | INFO     | Backtest   | [回测 4/5] 模拟第 4371/4742 笔交易: 日照港...
2026-05-06 00:07:02.479 | INFO     | Backtest   | [回测 4/5] 模拟第 4381/4742 笔交易: 盐田港...
2026-05-06 00:07:02.664 | INFO     | Backtest   | [回测 4/5] 模拟第 4391/4742 笔交易: 开能健康...
2026-05-06 00:07:02.850 | INFO     | Backtest   | [回测 4/5] 模拟第 4401/4742 笔交易: 奥美医疗...
2026-05-06 00:07:03.031 | INFO     | Backtest   | [回测 4/5] 模拟第 4411/4742 笔交易: 先导基电...
2026-05-06 00:07:03.188 | INFO     | Backtest   | [回测 4/5] 模拟第 4421/4742 笔交易: 阿拉丁...
2026-05-06 00:07:03.366 | INFO     | Backtest   | [回测 4/5] 模拟第 4431/4742 笔交易: 海波重科...
2026-05-06 00:07:03.562 | INFO     | Backtest   | [回测 4/5] 模拟第 4441/4742 笔交易: 浙江力诺...
2026-05-06 00:07:03.717 | INFO     | Backtest   | [回测 4/5] 模拟第 4451/4742 笔交易: 恒盛能源...
2026-05-06 00:07:03.903 | INFO     | Backtest   | [回测 4/5] 模拟第 4461/4742 笔交易: 智光电气...
2026-05-06 00:07:04.105 | INFO     | Backtest   | [回测 4/5] 模拟第 4471/4742 笔交易: 艾隆科技...
2026-05-06 00:07:04.298 | INFO     | Backtest   | [回测 4/5] 模拟第 4481/4742 笔交易: 福石控股...
2026-05-06 00:07:04.504 | INFO     | Backtest   | [回测 4/5] 模拟第 4491/4742 笔交易: 宜宾纸业...
2026-05-06 00:07:04.708 | INFO     | Backtest   | [回测 4/5] 模拟第 4501/4742 笔交易: 中天服务...
2026-05-06 00:07:04.896 | INFO     | Backtest   | [回测 4/5] 模拟第 4511/4742 笔交易: 万丰股份...
2026-05-06 00:07:05.087 | INFO     | Backtest   | [回测 4/5] 模拟第 4521/4742 笔交易: 红蜻蜓...
2026-05-06 00:07:05.276 | INFO     | Backtest   | [回测 4/5] 模拟第 4531/4742 笔交易: 凌霄泵业...
2026-05-06 00:07:05.494 | INFO     | Backtest   | [回测 4/5] 模拟第 4541/4742 笔交易: 山推股份...
2026-05-06 00:07:05.678 | INFO     | Backtest   | [回测 4/5] 模拟第 4551/4742 笔交易: 杭州高新...
2026-05-06 00:07:05.870 | INFO     | Backtest   | [回测 4/5] 模拟第 4561/4742 笔交易: 鸥玛软件...
2026-05-06 00:07:06.077 | INFO     | Backtest   | [回测 4/5] 模拟第 4571/4742 笔交易: 弘亚数控...
2026-05-06 00:07:06.267 | INFO     | Backtest   | [回测 4/5] 模拟第 4581/4742 笔交易: 新宝股份...
2026-05-06 00:07:06.460 | INFO     | Backtest   | [回测 4/5] 模拟第 4591/4742 笔交易: 必创科技...
2026-05-06 00:07:06.674 | INFO     | Backtest   | [回测 4/5] 模拟第 4601/4742 笔交易: 维维股份...
2026-05-06 00:07:06.841 | INFO     | Backtest   | [回测 4/5] 模拟第 4611/4742 笔交易: 鹏欣资源...
2026-05-06 00:07:07.019 | INFO     | Backtest   | [回测 4/5] 模拟第 4621/4742 笔交易: 凤凰航运...
2026-05-06 00:07:07.173 | INFO     | Backtest   | [回测 4/5] 模拟第 4631/4742 笔交易: 西藏天路...
2026-05-06 00:07:07.309 | INFO     | Backtest   | [回测 4/5] 模拟第 4641/4742 笔交易: 通光线缆...
2026-05-06 00:07:07.418 | INFO     | Backtest   | [回测 4/5] 模拟第 4651/4742 笔交易: 天地数码...
2026-05-06 00:07:07.585 | INFO     | Backtest   | [回测 4/5] 模拟第 4661/4742 笔交易: 惠泉啤酒...
2026-05-06 00:07:07.749 | INFO     | Backtest   | [回测 4/5] 模拟第 4671/4742 笔交易: 华泰股份...
2026-05-06 00:07:07.924 | INFO     | Backtest   | [回测 4/5] 模拟第 4681/4742 笔交易: 东方铁塔...
2026-05-06 00:07:08.036 | INFO     | Backtest   | [回测 4/5] 模拟第 4691/4742 笔交易: 永创智能...
2026-05-06 00:07:08.165 | INFO     | Backtest   | [回测 4/5] 模拟第 4701/4742 笔交易: 新黄浦...
2026-05-06 00:07:08.279 | INFO     | Backtest   | [回测 4/5] 模拟第 4711/4742 笔交易: 吴通控股...
2026-05-06 00:07:08.414 | INFO     | Backtest   | [回测 4/5] 模拟第 4721/4742 笔交易: 太极实业...
2026-05-06 00:07:08.544 | INFO     | Backtest   | [回测 4/5] 模拟第 4731/4742 笔交易: 龙腾光电...
2026-05-06 00:07:08.706 | INFO     | Backtest   | [回测 4/5] 模拟第 4741/4742 笔交易: 华脉科技...
2026-05-06 00:07:08.743 | INFO     | Backtest   | [回测 5/5] 回测任务完成: 1070笔(含0笔平手离场)
2026-05-06 00:16:33.132 | INFO     | DuckDB     | DuckDB | 所有核心表结构初始化完成 (含热点板块)
2026-05-06 00:16:33.133 | INFO     | DuckDB     | DuckDB 核心就绪: e:\1target\p9_project\quant-platform\scripts\..\data\meta\meta.db
2026-05-06 00:17:42.052 | INFO     | DuckDB     | DuckDB | 所有核心表结构初始化完成 (含热点板块)
2026-05-06 00:17:42.053 | INFO     | DuckDB     | DuckDB 核心就绪: e:\1target\p9_project\quant-platform\scripts\..\data\meta\meta.db
2026-05-06 00:18:45.773 | INFO     | DuckDB     | DuckDB | 所有核心表结构初始化完成 (含热点板块)
2026-05-06 00:18:45.774 | INFO     | DuckDB     | DuckDB 核心就绪: e:\1target\p9_project\quant-platform\scripts\..\data\meta\meta.db
2026-05-06 00:35:18.636 | INFO     | DuckDB     | DuckDB | 所有核心表结构初始化完成 (含热点板块)
2026-05-06 00:35:18.636 | INFO     | DuckDB     | DuckDB 核心就绪: e:\1target\p9_project\quant-platform\scripts\..\data\meta\meta.db
2026-05-06 01:41:28.719 | INFO     | DuckDB     | DuckDB | 所有核心表结构初始化完成 (含热点板块)
2026-05-06 01:41:28.719 | INFO     | DuckDB     | DuckDB 核心就绪: e:\1target\p9_project\quant-platform\scripts\..\data\meta\meta.db
2026-05-06 01:41:32.611 | WARNING  | DuckDB     | DuckDB | 数据库占用中，准备重试... (1/5)
2026-05-06 01:41:33.228 | WARNING  | DuckDB     | DuckDB | 数据库占用中，准备重试... (2/5)
2026-05-06 01:41:33.845 | WARNING  | DuckDB     | DuckDB | 数据库占用中，准备重试... (3/5)
2026-05-06 01:41:34.480 | WARNING  | DuckDB     | DuckDB | 数据库占用中，准备重试... (4/5)
2026-05-06 01:41:35.101 | ERROR    | DuckDB     | DuckDB | 无法连接到数据库: IO Error: Cannot open file "E:\1target\p9_project\quant-platform\data\meta\meta.db": 另一个程序正在使用此文件，进程无法访问。

File is already open in 
D:\Program Files\Python313\python.exe (PID 63856)
2026-05-06 01:41:35.102 | ERROR    | DuckDB     | DuckDB | 初始化表结构失败: IO Error: Cannot open file "E:\1target\p9_project\quant-platform\data\meta\meta.db": 另一个程序正在使用此文件，进程无法访问。

File is already open in 
D:\Program Files\Python313\python.exe (PID 63856)
2026-05-06 01:42:44.089 | INFO     | DuckDB     | DuckDB | 所有核心表结构初始化完成 (含热点板块)
2026-05-06 01:42:44.090 | INFO     | DuckDB     | DuckDB 核心就绪: e:\1target\p9_project\quant-platform\scripts\..\data\meta\meta.db
2026-05-06 02:02:59.986 | INFO     | DuckDB     | DuckDB | 所有核心表结构初始化完成 (含热点板块)
2026-05-06 02:02:59.986 | INFO     | DuckDB     | DuckDB 核心就绪: e:\1target\p9_project\quant-platform\scripts\..\data\meta\meta.db
2026-05-06 02:32:19.859 | INFO     | DuckDB     | DuckDB | 所有核心表结构初始化完成 (含热点板块)
2026-05-06 02:32:19.860 | INFO     | DuckDB     | DuckDB 核心就绪: e:\1target\p9_project\quant-platform\scripts\..\data\meta\meta.db
2026-05-06 03:01:10.454 | INFO     | DuckDB     | DuckDB | 所有核心表结构初始化完成 (含热点板块)
2026-05-06 03:01:10.454 | INFO     | DuckDB     | DuckDB 核心就绪: E:\1target\p9_project\quant-platform\app\sim_trader\..\..\data\meta\meta.db
2026-05-06 03:07:35.435 | INFO     | DuckDB     | DuckDB | 所有核心表结构初始化完成 (含热点板块)
2026-05-06 03:07:35.436 | INFO     | DuckDB     | DuckDB 核心就绪: E:\1target\p9_project\quant-platform\app\sim_trader\..\..\data\meta\meta.db
2026-05-06 03:19:44.903 | INFO     | DuckDB     | DuckDB | 所有核心表结构初始化完成 (含热点板块)
2026-05-06 03:19:44.904 | INFO     | DuckDB     | DuckDB 核心就绪: E:\1target\p9_project\quant-platform\app\sim_trader\..\..\data\meta\meta.db
2026-05-06 03:24:06.383 | INFO     | DuckDB     | DuckDB | 所有核心表结构初始化完成 (含热点板块)
2026-05-06 03:24:06.383 | INFO     | DuckDB     | DuckDB 核心就绪: E:\1target\p9_project\quant-platform\app\sim_trader\..\..\data\meta\meta.db
2026-05-06 03:43:13.605 | INFO     | DuckDB     | DuckDB | 所有核心表结构初始化完成 (含热点板块)
2026-05-06 03:43:13.605 | INFO     | DuckDB     | DuckDB 核心就绪: E:\1target\p9_project\quant-platform\data\meta\meta.db
2026-05-06 03:50:54.742 | INFO     | DuckDB     | DuckDB | 所有核心表结构初始化完成 (含热点板块)
2026-05-06 03:50:54.742 | INFO     | DuckDB     | DuckDB 核心就绪: E:\1target\p9_project\quant-platform\data\meta\meta.db
2026-05-06 03:51:23.369 | INFO     | DuckDB     | DuckDB | 所有核心表结构初始化完成 (含热点板块)
2026-05-06 03:51:23.369 | INFO     | DuckDB     | DuckDB 核心就绪: E:\1target\p9_project\quant-platform\data\meta\meta.db
2026-05-06 03:51:24.104 | INFO     | API-Server | P9 Quant Platform Background Tasks Startup...
2026-05-06 03:51:24.108 | INFO     | CronScheduler | CronScheduler | 每日数据收割机被安排在每个工作日的 08:30 执行。
2026-05-06 03:51:24.109 | INFO     | CronScheduler | CronScheduler | 每日数据收割机被安排在每个工作日的 17:30 执行。
2026-05-06 03:51:24.110 | INFO     | CronScheduler | CronScheduler | Redis→DuckDB 收割机已安排在每个工作日 15:30 执行。
2026-05-06 03:51:24.110 | INFO     | CronScheduler | CronScheduler | 概念数据同步已安排在每日 09:00 执行。
2026-05-06 03:51:24.110 | INFO     | CronScheduler | CronScheduler | 板块热度重算已安排在每个交易日 5 分钟/次。
2026-05-06 03:51:24.110 | INFO     | CronScheduler | CronScheduler | 收盘热度终版快照已安排在 15:30 执行。
2026-05-06 03:51:24.110 | INFO     | CronScheduler | CronScheduler | 自动调度服务(APScheduler) 已启动。
2026-05-06 03:51:29.125 | INFO     | ParquetPipeline | ParquetPipeline | Fetching daily k-lines from 20260426 to 20260506...
2026-05-06 03:51:29.296 | INFO     | ParquetPipeline | ParquetPipeline | Pulling market for 20260506...
2026-05-06 03:51:29.513 | INFO     | ParquetPipeline | ParquetPipeline | Pulling market for 20260430...
2026-05-06 03:51:30.775 | INFO     | ParquetPipeline | ParquetPipeline | Pulling market for 20260429...
2026-05-06 03:51:31.599 | INFO     | ParquetPipeline | ParquetPipeline | Pulling market for 20260428...
2026-05-06 03:51:32.605 | INFO     | ParquetPipeline | ParquetPipeline | Pulling market for 20260427...
2026-05-06 03:51:33.526 | INFO     | ParquetPipeline | ParquetPipeline | Writing 5507 stocks to Parquet...
2026-05-06 03:53:06.499 | INFO     | DuckDB     | DuckDB | 创建虚拟视图成功: kline_daily_view -> E:/1target/p9_project/quant-platform/data/parquet/daily/*.parquet
2026-05-06 03:53:06.499 | INFO     | ParquetPipeline | ParquetPipeline | Daily K-lines fully synced.
2026-05-06 03:59:24.695 | INFO     | DuckDB     | DuckDB | 所有核心表结构初始化完成 (含热点板块)
2026-05-06 03:59:24.696 | INFO     | DuckDB     | DuckDB 核心就绪: E:\1target\p9_project\quant-platform\data\meta\meta.db
2026-05-06 03:59:27.474 | INFO     | API-Server | P9 Quant Platform Background Tasks Startup...
2026-05-06 03:59:27.477 | INFO     | CronScheduler | CronScheduler | 每日数据收割机被安排在每个工作日的 08:30 执行。
2026-05-06 03:59:27.477 | INFO     | CronScheduler | CronScheduler | 每日数据收割机被安排在每个工作日的 17:30 执行。
2026-05-06 03:59:27.478 | INFO     | CronScheduler | CronScheduler | Redis→DuckDB 收割机已安排在每个工作日 15:30 执行。
2026-05-06 03:59:27.478 | INFO     | CronScheduler | CronScheduler | 概念数据同步已安排在每日 09:00 执行。
2026-05-06 03:59:27.478 | INFO     | CronScheduler | CronScheduler | 板块热度重算已安排在每个交易日 5 分钟/次。
2026-05-06 03:59:27.478 | INFO     | CronScheduler | CronScheduler | 收盘热度终版快照已安排在 15:30 执行。
2026-05-06 03:59:27.479 | INFO     | CronScheduler | CronScheduler | 模拟盘尾盘交易已安排在 14:52 执行。
2026-05-06 03:59:27.479 | INFO     | CronScheduler | CronScheduler | 自动调度服务(APScheduler) 已启动。
2026-05-06 03:59:32.492 | INFO     | ParquetPipeline | ParquetPipeline | Fetching daily k-lines from 20260426 to 20260506...
2026-05-06 03:59:32.620 | INFO     | ParquetPipeline | ParquetPipeline | Pulling market for 20260506...
2026-05-06 03:59:32.782 | INFO     | ParquetPipeline | ParquetPipeline | Pulling market for 20260430...
2026-05-06 03:59:33.543 | INFO     | ParquetPipeline | ParquetPipeline | Pulling market for 20260429...
2026-05-06 03:59:34.308 | INFO     | ParquetPipeline | ParquetPipeline | Pulling market for 20260428...
2026-05-06 03:59:35.125 | INFO     | ParquetPipeline | ParquetPipeline | Pulling market for 20260427...
2026-05-06 03:59:35.910 | INFO     | ParquetPipeline | ParquetPipeline | Writing 5507 stocks to Parquet...
2026-05-06 04:00:41.688 | ERROR    | DuckDB     | DuckDB | 批量加载 K 线失败: IO Error: Could not read file "E:\1target\p9_project\quant-platform\data\parquet\daily\600396.parquet" (error in ReadFile(location: 215326, nr_bytes: 18559)): 已到文件结尾。


LINE 3:             FROM read_parquet('E:\1target\p9_project\quant-platform\data...
                         ^
2026-05-06 04:01:13.537 | INFO     | DuckDB     | DuckDB | 创建虚拟视图成功: kline_daily_view -> E:/1target/p9_project/quant-platform/data/parquet/daily/*.parquet
2026-05-06 04:01:13.538 | INFO     | ParquetPipeline | ParquetPipeline | Daily K-lines fully synced.
2026-05-06 04:11:29.742 | INFO     | DuckDB     | DuckDB | 所有核心表结构初始化完成 (含热点板块)
2026-05-06 04:11:29.742 | INFO     | DuckDB     | DuckDB 核心就绪: E:\1target\p9_project\quant-platform\data\meta\meta.db
2026-05-06 04:11:30.329 | INFO     | API-Server | P9 Quant Platform Background Tasks Startup...
2026-05-06 04:11:30.332 | INFO     | CronScheduler | CronScheduler | 每日数据收割机被安排在每个工作日的 08:30 执行。
2026-05-06 04:11:30.342 | INFO     | CronScheduler | CronScheduler | 每日数据收割机被安排在每个工作日的 17:30 执行。
2026-05-06 04:11:30.342 | INFO     | CronScheduler | CronScheduler | Redis→DuckDB 收割机已安排在每个工作日 15:30 执行。
2026-05-06 04:11:30.343 | INFO     | CronScheduler | CronScheduler | 概念数据同步已安排在每日 09:00 执行。
2026-05-06 04:11:30.343 | INFO     | CronScheduler | CronScheduler | 板块热度重算已安排在每个交易日 5 分钟/次。
2026-05-06 04:11:30.343 | INFO     | CronScheduler | CronScheduler | 收盘热度终版快照已安排在 15:30 执行。
2026-05-06 04:11:30.344 | INFO     | CronScheduler | CronScheduler | 模拟盘尾盘交易已安排在 14:52 执行。
2026-05-06 04:11:30.344 | INFO     | CronScheduler | CronScheduler | 自动调度服务(APScheduler) 已启动。
2026-05-06 04:11:35.359 | INFO     | ParquetPipeline | ParquetPipeline | Fetching daily k-lines from 20260426 to 20260506...
2026-05-06 04:11:35.496 | INFO     | ParquetPipeline | ParquetPipeline | Pulling market for 20260506...
2026-05-06 04:11:35.597 | INFO     | ParquetPipeline | ParquetPipeline | Pulling market for 20260430...
2026-05-06 04:11:36.323 | INFO     | ParquetPipeline | ParquetPipeline | Pulling market for 20260429...
2026-05-06 04:11:37.068 | INFO     | ParquetPipeline | ParquetPipeline | Pulling market for 20260428...
2026-05-06 04:11:37.801 | INFO     | ParquetPipeline | ParquetPipeline | Pulling market for 20260427...
2026-05-06 04:11:38.562 | INFO     | ParquetPipeline | ParquetPipeline | Writing 5507 stocks to Parquet...
2026-05-06 04:11:55.753 | ERROR    | DuckDB     | DuckDB | 批量加载 K 线失败: Prefetch registered for bytes outside file: E:\1target\p9_project\quant-platform\data\parquet\daily\003003.parquet, attempted range: [108990, 109246), file size: 0
2026-05-06 04:12:55.030 | INFO     | DuckDB     | DuckDB | 所有核心表结构初始化完成 (含热点板块)
2026-05-06 04:12:55.031 | INFO     | DuckDB     | DuckDB 核心就绪: E:\1target\p9_project\quant-platform\data\meta\meta.db
2026-05-06 04:12:55.629 | INFO     | API-Server | P9 Quant Platform Background Tasks Startup...
2026-05-06 04:12:55.633 | INFO     | CronScheduler | CronScheduler | 每日数据收割机被安排在每个工作日的 08:30 执行。
2026-05-06 04:12:55.643 | INFO     | CronScheduler | CronScheduler | 每日数据收割机被安排在每个工作日的 17:30 执行。
2026-05-06 04:12:55.643 | INFO     | CronScheduler | CronScheduler | Redis→DuckDB 收割机已安排在每个工作日 15:30 执行。
2026-05-06 04:12:55.643 | INFO     | CronScheduler | CronScheduler | 概念数据同步已安排在每日 09:00 执行。
2026-05-06 04:12:55.644 | INFO     | CronScheduler | CronScheduler | 板块热度重算已安排在每个交易日 5 分钟/次。
2026-05-06 04:12:55.644 | INFO     | CronScheduler | CronScheduler | 收盘热度终版快照已安排在 15:30 执行。
2026-05-06 04:12:55.644 | INFO     | CronScheduler | CronScheduler | 模拟盘尾盘交易已安排在 14:52 执行。
2026-05-06 04:12:55.644 | INFO     | CronScheduler | CronScheduler | 自动调度服务(APScheduler) 已启动。
2026-05-06 04:13:00.653 | INFO     | ParquetPipeline | ParquetPipeline | Fetching daily k-lines from 20260426 to 20260506...
2026-05-06 04:13:00.847 | INFO     | ParquetPipeline | ParquetPipeline | Pulling market for 20260506...
2026-05-06 04:13:00.967 | INFO     | ParquetPipeline | ParquetPipeline | Pulling market for 20260430...
2026-05-06 04:13:01.778 | INFO     | ParquetPipeline | ParquetPipeline | Pulling market for 20260429...
2026-05-06 04:13:02.858 | INFO     | ParquetPipeline | ParquetPipeline | Pulling market for 20260428...
2026-05-06 04:13:03.705 | INFO     | ParquetPipeline | ParquetPipeline | Pulling market for 20260427...
2026-05-06 04:13:04.470 | INFO     | ParquetPipeline | ParquetPipeline | Writing 5507 stocks to Parquet...
2026-05-06 04:14:04.295 | ERROR    | DuckDB     | DuckDB | 批量加载 K 线失败: Invalid Input Error: No magic bytes found at end of file 'E:\1target\p9_project\quant-platform\data\parquet\daily\301219.parquet'

LINE 3:             FROM read_parquet('E:\1target\p9_project\quant-platform\data...
                         ^
2026-05-06 04:14:04.715 | ERROR    | DuckDB     | DuckDB | 批量加载 K 线失败: Invalid Input Error: No magic bytes found at end of file 'E:\1target\p9_project\quant-platform\data\parquet\daily\301236.parquet'

LINE 3:             FROM read_parquet('E:\1target\p9_project\quant-platform\data...
                         ^
2026-05-06 04:14:44.040 | INFO     | DuckDB     | DuckDB | 创建虚拟视图成功: kline_daily_view -> E:/1target/p9_project/quant-platform/data/parquet/daily/*.parquet
2026-05-06 04:14:44.042 | INFO     | ParquetPipeline | ParquetPipeline | Daily K-lines fully synced.
2026-05-06 04:21:20.917 | INFO     | DuckDB     | DuckDB | 所有核心表结构初始化完成 (含热点板块)
2026-05-06 04:21:20.918 | INFO     | DuckDB     | DuckDB 核心就绪: E:\1target\p9_project\quant-platform\data\meta\meta.db
2026-05-06 04:21:21.480 | INFO     | API-Server | P9 Quant Platform Background Tasks Startup...
2026-05-06 04:21:21.483 | INFO     | CronScheduler | CronScheduler | 每日数据收割机被安排在每个工作日的 08:30 执行。
2026-05-06 04:21:21.494 | INFO     | CronScheduler | CronScheduler | 每日数据收割机被安排在每个工作日的 17:30 执行。
2026-05-06 04:21:21.494 | INFO     | CronScheduler | CronScheduler | Redis→DuckDB 收割机已安排在每个工作日 15:30 执行。
2026-05-06 04:21:21.494 | INFO     | CronScheduler | CronScheduler | 概念数据同步已安排在每日 09:00 执行。
2026-05-06 04:21:21.495 | INFO     | CronScheduler | CronScheduler | 板块热度重算已安排在每个交易日 5 分钟/次。
2026-05-06 04:21:21.495 | INFO     | CronScheduler | CronScheduler | 收盘热度终版快照已安排在 15:30 执行。
2026-05-06 04:21:21.495 | INFO     | CronScheduler | CronScheduler | 模拟盘尾盘交易已安排在 14:52 执行。
2026-05-06 04:21:21.495 | INFO     | CronScheduler | CronScheduler | 自动调度服务(APScheduler) 已启动。
2026-05-06 04:21:26.505 | INFO     | ParquetPipeline | ParquetPipeline | Fetching daily k-lines from 20260426 to 20260506...
2026-05-06 04:21:26.650 | INFO     | ParquetPipeline | ParquetPipeline | Pulling market for 20260506...
2026-05-06 04:21:26.784 | INFO     | ParquetPipeline | ParquetPipeline | Pulling market for 20260430...
2026-05-06 04:21:27.512 | INFO     | ParquetPipeline | ParquetPipeline | Pulling market for 20260429...
2026-05-06 04:21:28.420 | INFO     | ParquetPipeline | ParquetPipeline | Pulling market for 20260428...
2026-05-06 04:21:29.262 | INFO     | ParquetPipeline | ParquetPipeline | Pulling market for 20260427...
2026-05-06 04:21:29.981 | INFO     | ParquetPipeline | ParquetPipeline | Writing 5507 stocks to Parquet...
2026-05-06 04:22:53.618 | WARNING  | DuckDB     | DuckDB | 数据库占用中，准备重试... (1/5)
2026-05-06 04:22:54.233 | WARNING  | DuckDB     | DuckDB | 数据库占用中，准备重试... (2/5)
2026-05-06 04:22:54.847 | WARNING  | DuckDB     | DuckDB | 数据库占用中，准备重试... (3/5)
2026-05-06 04:22:55.468 | WARNING  | DuckDB     | DuckDB | 数据库占用中，准备重试... (4/5)
2026-05-06 04:22:56.106 | ERROR    | DuckDB     | DuckDB | 无法连接到数据库: IO Error: Cannot open file "E:\1target\p9_project\quant-platform\data\meta\meta.db": 另一个程序正在使用此文件，进程无法访问。

File is already open in 
C:\Python314\python.exe (PID 37008)
2026-05-06 04:22:56.106 | ERROR    | DuckDB     | DuckDB | 初始化表结构失败: IO Error: Cannot open file "E:\1target\p9_project\quant-platform\data\meta\meta.db": 另一个程序正在使用此文件，进程无法访问。

File is already open in 
C:\Python314\python.exe (PID 37008)
2026-05-06 04:23:02.858 | INFO     | DuckDB     | DuckDB | 创建虚拟视图成功: kline_daily_view -> E:/1target/p9_project/quant-platform/data/parquet/daily/*.parquet
2026-05-06 04:23:02.860 | INFO     | ParquetPipeline | ParquetPipeline | Daily K-lines fully synced.
2026-05-06 04:23:28.572 | INFO     | DuckDB     | DuckDB | 所有核心表结构初始化完成 (含热点板块)
2026-05-06 04:23:28.572 | INFO     | DuckDB     | DuckDB 核心就绪: E:\1target\p9_project\quant-platform\scripts\..\data\meta\meta.db
2026-05-06 04:24:49.737 | INFO     | DuckDB     | DuckDB | 所有核心表结构初始化完成 (含热点板块)
2026-05-06 04:24:49.738 | INFO     | DuckDB     | DuckDB 核心就绪: E:\1target\p9_project\quant-platform\data\meta\meta.db
2026-05-06 04:24:50.301 | INFO     | API-Server | P9 Quant Platform Background Tasks Startup...
2026-05-06 04:24:50.304 | INFO     | CronScheduler | CronScheduler | 每日数据收割机被安排在每个工作日的 08:30 执行。
2026-05-06 04:24:50.314 | INFO     | CronScheduler | CronScheduler | 每日数据收割机被安排在每个工作日的 17:30 执行。
2026-05-06 04:24:50.315 | INFO     | CronScheduler | CronScheduler | Redis→DuckDB 收割机已安排在每个工作日 15:30 执行。
2026-05-06 04:24:50.315 | INFO     | CronScheduler | CronScheduler | 概念数据同步已安排在每日 09:00 执行。
2026-05-06 04:24:50.315 | INFO     | CronScheduler | CronScheduler | 板块热度重算已安排在每个交易日 5 分钟/次。
2026-05-06 04:24:50.315 | INFO     | CronScheduler | CronScheduler | 收盘热度终版快照已安排在 15:30 执行。
2026-05-06 04:24:50.316 | INFO     | CronScheduler | CronScheduler | 模拟盘尾盘交易已安排在 14:52 执行。
2026-05-06 04:24:50.316 | INFO     | CronScheduler | CronScheduler | 自动调度服务(APScheduler) 已启动。
2026-05-06 04:25:32.328 | INFO     | ParquetPipeline | ParquetPipeline | Fetching daily k-lines from 20260426 to 20260506...
2026-05-06 04:25:32.614 | INFO     | ParquetPipeline | ParquetPipeline | Pulling market for 20260506...
2026-05-06 04:25:32.764 | INFO     | ParquetPipeline | ParquetPipeline | Pulling market for 20260430...
2026-05-06 04:25:33.585 | INFO     | ParquetPipeline | ParquetPipeline | Pulling market for 20260429...
2026-05-06 04:25:34.314 | INFO     | ParquetPipeline | ParquetPipeline | Pulling market for 20260428...
2026-05-06 04:25:35.120 | INFO     | ParquetPipeline | ParquetPipeline | Pulling market for 20260427...
2026-05-06 04:25:35.899 | INFO     | ParquetPipeline | ParquetPipeline | Writing 5507 stocks to Parquet...
2026-05-06 04:26:40.510 | INFO     | DuckDB     | DuckDB | 创建虚拟视图成功: kline_daily_view -> E:/1target/p9_project/quant-platform/data/parquet/daily/*.parquet
2026-05-06 04:26:40.511 | INFO     | ParquetPipeline | ParquetPipeline | Daily K-lines fully synced.
2026-05-06 08:30:00.011 | INFO     | CronScheduler | CronScheduler ========= [全自动日线/面料收取管道] 起步 =========
2026-05-06 08:30:02.059 | ERROR    | System     | QMTGateway | 获取股票列表异常: HTTPConnectionPool(host='127.0.0.1', port=8081): Max retries exceeded with url: /api/stocklist?details=false (Caused by NewConnectionError("HTTPConnection(host='127.0.0.1', port=8081): Failed to establish a new connection: [WinError 10061] 由于目标计算机积极拒绝，无法连接。"))
2026-05-06 08:30:02.060 | INFO     | TushareSync | Fetching stock basics from Tushare...
2026-05-06 08:30:02.898 | INFO     | DuckDB     | 更新股票元数据: 5512 条
2026-05-06 08:30:02.898 | INFO     | TushareSync | Successfully synced 5512 stock basics.
2026-05-06 08:30:02.900 | INFO     | TushareSync | Fetching daily basics snapshot from Tushare (Date: Latest)...
2026-05-06 08:30:04.354 | WARNING  | TushareSync | No daily basic data found.
2026-05-06 08:30:04.355 | INFO     | ParquetPipeline | ParquetPipeline | Fetching daily k-lines from 20260429 to 20260506...
2026-05-06 08:30:04.498 | INFO     | ParquetPipeline | ParquetPipeline | Pulling market for 20260506...
2026-05-06 08:30:04.630 | INFO     | ParquetPipeline | ParquetPipeline | Pulling market for 20260430...
2026-05-06 08:30:05.709 | INFO     | ParquetPipeline | ParquetPipeline | Pulling market for 20260429...
2026-05-06 08:30:06.527 | INFO     | ParquetPipeline | ParquetPipeline | Writing 5504 stocks to Parquet...
2026-05-06 08:31:23.710 | INFO     | DuckDB     | DuckDB | 创建虚拟视图成功: kline_daily_view -> E:/1target/p9_project/quant-platform/data/parquet/daily/*.parquet
2026-05-06 08:31:23.711 | INFO     | ParquetPipeline | ParquetPipeline | Daily K-lines fully synced.
2026-05-06 08:31:23.836 | INFO     | CronScheduler | CronScheduler ========= [收取管道] 完美结束 =========
2026-05-06 09:00:00.015 | INFO     | CronScheduler | CronScheduler | [概念同步] 开始同步 Tushare 概念数据...
2026-05-06 09:00:00.016 | INFO     | CronScheduler | CronScheduler | [热度计算] 开始刷新板块热度...
2026-05-06 09:00:00.178 | INFO     | ConceptSync | concept: 获取到 879 个概念分类
2026-05-06 09:00:18.267 | INFO     | HeatCalc   | 加载了 5525 只股票的最近日线数据
2026-05-06 09:00:30.742 | INFO     | HeatCalc   | 热度计算完成: 873 概念, 110 板块
2026-05-06 09:00:53.482 | ERROR    | RedisManager | Redis 连接失败 (localhost:6379): Error 10061 connecting to localhost:6379. 由于目标计算机积极拒绝，无法连接。.
2026-05-06 09:01:08.858 | INFO     | DuckDB     | DuckDB | 所有核心表结构初始化完成 (含热点板块)
2026-05-06 09:01:08.858 | INFO     | DuckDB     | DuckDB 核心就绪: E:\1target\p9_project\quant-platform\data\meta\meta.db
2026-05-06 09:01:11.640 | INFO     | API-Server | P9 Quant Platform Background Tasks Startup...
2026-05-06 09:01:11.643 | INFO     | CronScheduler | CronScheduler | 每日数据收割机被安排在每个工作日的 08:30 执行。
2026-05-06 09:01:11.644 | INFO     | CronScheduler | CronScheduler | 每日数据收割机被安排在每个工作日的 17:30 执行。
2026-05-06 09:01:11.645 | INFO     | CronScheduler | CronScheduler | Redis→DuckDB 收割机已安排在每个工作日 15:30 执行。
2026-05-06 09:01:11.645 | INFO     | CronScheduler | CronScheduler | 概念数据同步已安排在每日 09:00 执行。
2026-05-06 09:01:11.645 | INFO     | CronScheduler | CronScheduler | 板块热度重算已安排在每个交易日 5 分钟/次。
2026-05-06 09:01:11.646 | INFO     | CronScheduler | CronScheduler | 收盘热度终版快照已安排在 15:30 执行。
2026-05-06 09:01:11.646 | INFO     | CronScheduler | CronScheduler | 模拟盘尾盘交易已安排在 14:52 执行。
2026-05-06 09:01:11.646 | INFO     | CronScheduler | CronScheduler | 自动调度服务(APScheduler) 已启动。
2026-05-06 09:01:16.655 | INFO     | ParquetPipeline | ParquetPipeline | Fetching daily k-lines from 20260426 to 20260506...
2026-05-06 09:01:16.764 | INFO     | ParquetPipeline | ParquetPipeline | Pulling market for 20260506...
2026-05-06 09:01:16.874 | INFO     | ParquetPipeline | ParquetPipeline | Pulling market for 20260430...
2026-05-06 09:01:17.617 | INFO     | ParquetPipeline | ParquetPipeline | Pulling market for 20260429...
2026-05-06 09:01:18.348 | INFO     | ParquetPipeline | ParquetPipeline | Pulling market for 20260428...
2026-05-06 09:01:19.071 | INFO     | ParquetPipeline | ParquetPipeline | Pulling market for 20260427...
2026-05-06 09:01:19.224 | INFO     | API-SimTrader | 模拟盘策略已切换为: macd
2026-05-06 09:01:19.797 | INFO     | ParquetPipeline | ParquetPipeline | Writing 5507 stocks to Parquet...
2026-05-06 09:01:45.650 | INFO     | API-SimTrader | 模拟盘策略已切换为: ma5_angle
2026-05-06 09:02:15.865 | INFO     | DuckDB     | DuckDB | 创建虚拟视图成功: kline_daily_view -> E:/1target/p9_project/quant-platform/data/parquet/daily/*.parquet
2026-05-06 09:02:15.866 | INFO     | ParquetPipeline | ParquetPipeline | Daily K-lines fully synced.
2026-05-06 09:05:00.013 | INFO     | CronScheduler | CronScheduler | [热度计算] 开始刷新板块热度...
2026-05-06 09:05:10.813 | INFO     | HeatCalc   | 加载了 5525 只股票的最近日线数据
2026-05-06 09:05:20.421 | INFO     | HeatCalc   | 热度计算完成: 873 概念, 110 板块
2026-05-06 09:05:45.337 | ERROR    | RedisManager | Redis 连接失败 (localhost:6379): Error 10061 connecting to localhost:6379. 由于目标计算机积极拒绝，无法连接。.
2026-05-06 09:06:29.150 | INFO     | CronScheduler | CronScheduler | [热度计算] 完成: {'concepts_processed': 873, 'sectors_processed': 110, 'trade_date': '2026-05-06'}
2026-05-06 09:10:00.009 | INFO     | CronScheduler | CronScheduler | [热度计算] 开始刷新板块热度...
2026-05-06 09:10:16.125 | INFO     | HeatCalc   | 加载了 5525 只股票的最近日线数据
2026-05-06 09:10:33.317 | INFO     | HeatCalc   | 热度计算完成: 873 概念, 110 板块
2026-05-06 09:11:17.243 | INFO     | CronScheduler | CronScheduler | [热度计算] 完成: {'concepts_processed': 873, 'sectors_processed': 110, 'trade_date': '2026-05-06'}
2026-05-06 09:15:00.006 | INFO     | CronScheduler | CronScheduler | [热度计算] 开始刷新板块热度...
2026-05-06 09:15:14.376 | INFO     | HeatCalc   | 加载了 5525 只股票的最近日线数据
2026-05-06 09:15:35.357 | INFO     | HeatCalc   | 热度计算完成: 873 概念, 110 板块
2026-05-06 09:16:19.235 | INFO     | CronScheduler | CronScheduler | [热度计算] 完成: {'concepts_processed': 873, 'sectors_processed': 110, 'trade_date': '2026-05-06'}
2026-05-06 09:20:00.013 | INFO     | CronScheduler | CronScheduler | [热度计算] 开始刷新板块热度...
2026-05-06 09:20:17.020 | INFO     | HeatCalc   | 加载了 5525 只股票的最近日线数据
2026-05-06 09:20:41.049 | INFO     | HeatCalc   | 热度计算完成: 873 概念, 110 板块
2026-05-06 09:21:26.724 | INFO     | CronScheduler | CronScheduler | [热度计算] 完成: {'concepts_processed': 873, 'sectors_processed': 110, 'trade_date': '2026-05-06'}
2026-05-06 09:25:00.010 | INFO     | CronScheduler | CronScheduler | [热度计算] 开始刷新板块热度...
2026-05-06 09:25:17.667 | INFO     | HeatCalc   | 加载了 5525 只股票的最近日线数据
2026-05-06 09:25:44.244 | INFO     | HeatCalc   | 热度计算完成: 873 概念, 110 板块
2026-05-06 09:26:29.870 | INFO     | CronScheduler | CronScheduler | [热度计算] 完成: {'concepts_processed': 873, 'sectors_processed': 110, 'trade_date': '2026-05-06'}
2026-05-06 09:30:00.011 | INFO     | CronScheduler | CronScheduler | [热度计算] 开始刷新板块热度...
2026-05-06 09:30:17.303 | INFO     | HeatCalc   | 加载了 5525 只股票的最近日线数据
2026-05-06 09:30:44.457 | INFO     | HeatCalc   | 热度计算完成: 873 概念, 110 板块
2026-05-06 09:31:23.817 | INFO     | CronScheduler | CronScheduler | [热度计算] 完成: {'concepts_processed': 873, 'sectors_processed': 110, 'trade_date': '2026-05-06'}
2026-05-06 09:35:00.016 | INFO     | CronScheduler | CronScheduler | [热度计算] 开始刷新板块热度...
2026-05-06 09:35:17.401 | INFO     | HeatCalc   | 加载了 5525 只股票的最近日线数据
2026-05-06 09:35:47.607 | INFO     | HeatCalc   | 热度计算完成: 873 概念, 110 板块
2026-05-06 09:36:37.594 | INFO     | CronScheduler | CronScheduler | [热度计算] 完成: {'concepts_processed': 873, 'sectors_processed': 110, 'trade_date': '2026-05-06'}
2026-05-06 09:40:00.008 | INFO     | CronScheduler | CronScheduler | [热度计算] 开始刷新板块热度...
2026-05-06 09:40:16.340 | INFO     | HeatCalc   | 加载了 5525 只股票的最近日线数据
2026-05-06 09:40:29.581 | INFO     | DuckDB     | DuckDB | 所有核心表结构初始化完成 (含热点板块)
2026-05-06 09:40:29.581 | INFO     | DuckDB     | DuckDB 核心就绪: E:\1target\p9_project\quant-platform\data\meta\meta.db
2026-05-06 09:40:30.152 | INFO     | API-Server | P9 Quant Platform Background Tasks Startup...
2026-05-06 09:40:30.156 | INFO     | CronScheduler | CronScheduler | 每日数据收割机被安排在每个工作日的 08:30 执行。
2026-05-06 09:40:30.157 | INFO     | CronScheduler | CronScheduler | 每日数据收割机被安排在每个工作日的 17:30 执行。
2026-05-06 09:40:30.157 | INFO     | CronScheduler | CronScheduler | Redis→DuckDB 收割机已安排在每个工作日 15:30 执行。
2026-05-06 09:40:30.157 | INFO     | CronScheduler | CronScheduler | 概念数据同步已安排在每日 09:00 执行。
2026-05-06 09:40:30.157 | INFO     | CronScheduler | CronScheduler | 板块热度重算已安排在每个交易日 5 分钟/次。
2026-05-06 09:40:30.158 | INFO     | CronScheduler | CronScheduler | 收盘热度终版快照已安排在 15:30 执行。
2026-05-06 09:40:30.158 | INFO     | CronScheduler | CronScheduler | 模拟盘尾盘交易已安排在 14:52 执行。
2026-05-06 09:40:30.158 | INFO     | CronScheduler | CronScheduler | 盘中监控全量扫描已安排（每分钟，兜底）。
2026-05-06 09:40:30.158 | INFO     | CronScheduler | CronScheduler | 自动调度服务(APScheduler) 已启动。
2026-05-06 09:40:35.173 | INFO     | ParquetPipeline | ParquetPipeline | Fetching daily k-lines from 20260426 to 20260506...
2026-05-06 09:40:35.316 | INFO     | ParquetPipeline | ParquetPipeline | Pulling market for 20260506...
2026-05-06 09:40:35.420 | INFO     | ParquetPipeline | ParquetPipeline | Pulling market for 20260430...
2026-05-06 09:40:36.145 | INFO     | ParquetPipeline | ParquetPipeline | Pulling market for 20260429...
2026-05-06 09:40:36.882 | INFO     | ParquetPipeline | ParquetPipeline | Pulling market for 20260428...
2026-05-06 09:40:37.734 | INFO     | ParquetPipeline | ParquetPipeline | Pulling market for 20260427...
2026-05-06 09:40:38.501 | INFO     | ParquetPipeline | ParquetPipeline | Writing 5507 stocks to Parquet...
2026-05-06 09:40:40.913 | INFO     | IntradayMonitor | 盘中监控已开启，模式: intraday
2026-05-06 09:40:40.913 | INFO     | API-SimTrader | 模拟盘监控已开启，模式: intraday
2026-05-06 09:40:49.902 | INFO     | IntradayMonitor | 盘中监控已关闭
2026-05-06 09:40:49.902 | INFO     | API-SimTrader | 模拟盘监控已关闭
2026-05-06 09:41:06.363 | ERROR    | DuckDB     | DuckDB | 批量加载 K 线失败: Prefetch registered for bytes outside file: E:\1target\p9_project\quant-platform\data\parquet\daily\300890.parquet, attempted range: [4, 260), file size: 0
2026-05-06 09:41:45.220 | INFO     | DuckDB     | DuckDB | 创建虚拟视图成功: kline_daily_view -> E:/1target/p9_project/quant-platform/data/parquet/daily/*.parquet
2026-05-06 09:41:45.222 | INFO     | ParquetPipeline | ParquetPipeline | Daily K-lines fully synced.
2026-05-06 09:45:00.013 | INFO     | CronScheduler | CronScheduler | [热度计算] 开始刷新板块热度...
2026-05-06 09:45:11.765 | INFO     | HeatCalc   | 加载了 5525 只股票的最近日线数据
2026-05-06 09:45:21.696 | INFO     | HeatCalc   | 热度计算完成: 873 概念, 110 板块
2026-05-06 09:45:48.762 | ERROR    | RedisManager | Redis 连接失败 (localhost:6379): Error 10061 connecting to localhost:6379. 由于目标计算机积极拒绝，无法连接。.
2026-05-06 09:46:29.052 | INFO     | CronScheduler | CronScheduler | [热度计算] 完成: {'concepts_processed': 873, 'sectors_processed': 110, 'trade_date': '2026-05-06'}
2026-05-06 09:50:00.011 | INFO     | CronScheduler | CronScheduler | [热度计算] 开始刷新板块热度...
2026-05-06 09:50:16.401 | INFO     | HeatCalc   | 加载了 5525 只股票的最近日线数据
2026-05-06 09:50:34.779 | INFO     | HeatCalc   | 热度计算完成: 873 概念, 110 板块
2026-05-06 09:51:17.522 | INFO     | CronScheduler | CronScheduler | [热度计算] 完成: {'concepts_processed': 873, 'sectors_processed': 110, 'trade_date': '2026-05-06'}
2026-05-06 09:55:00.009 | INFO     | CronScheduler | CronScheduler | [热度计算] 开始刷新板块热度...
2026-05-06 09:55:14.421 | INFO     | HeatCalc   | 加载了 5525 只股票的最近日线数据
2026-05-06 09:55:33.102 | INFO     | HeatCalc   | 热度计算完成: 873 概念, 110 板块
2026-05-06 09:56:22.116 | INFO     | CronScheduler | CronScheduler | [热度计算] 完成: {'concepts_processed': 873, 'sectors_processed': 110, 'trade_date': '2026-05-06'}
2026-05-06 10:00:00.011 | INFO     | CronScheduler | CronScheduler | [热度计算] 开始刷新板块热度...
2026-05-06 10:00:14.840 | INFO     | HeatCalc   | 加载了 5525 只股票的最近日线数据
2026-05-06 10:00:37.176 | INFO     | HeatCalc   | 热度计算完成: 873 概念, 110 板块
2026-05-06 10:01:24.547 | INFO     | CronScheduler | CronScheduler | [热度计算] 完成: {'concepts_processed': 873, 'sectors_processed': 110, 'trade_date': '2026-05-06'}
2026-05-06 10:05:00.009 | INFO     | CronScheduler | CronScheduler | [热度计算] 开始刷新板块热度...
2026-05-06 10:05:14.870 | INFO     | HeatCalc   | 加载了 5525 只股票的最近日线数据
2026-05-06 10:05:37.871 | INFO     | HeatCalc   | 热度计算完成: 873 概念, 110 板块
2026-05-06 10:06:22.861 | INFO     | CronScheduler | CronScheduler | [热度计算] 完成: {'concepts_processed': 873, 'sectors_processed': 110, 'trade_date': '2026-05-06'}
2026-05-06 10:10:00.013 | INFO     | CronScheduler | CronScheduler | [热度计算] 开始刷新板块热度...
2026-05-06 10:10:15.433 | INFO     | HeatCalc   | 加载了 5525 只股票的最近日线数据
2026-05-06 10:10:39.653 | INFO     | HeatCalc   | 热度计算完成: 873 概念, 110 板块
2026-05-06 10:11:30.663 | INFO     | CronScheduler | CronScheduler | [热度计算] 完成: {'concepts_processed': 873, 'sectors_processed': 110, 'trade_date': '2026-05-06'}
2026-05-06 10:15:00.010 | INFO     | CronScheduler | CronScheduler | [热度计算] 开始刷新板块热度...
2026-05-06 10:15:15.519 | INFO     | HeatCalc   | 加载了 5525 只股票的最近日线数据
2026-05-06 10:15:39.972 | INFO     | HeatCalc   | 热度计算完成: 873 概念, 110 板块
2026-05-06 10:16:24.859 | INFO     | CronScheduler | CronScheduler | [热度计算] 完成: {'concepts_processed': 873, 'sectors_processed': 110, 'trade_date': '2026-05-06'}
2026-05-06 10:20:00.008 | INFO     | CronScheduler | CronScheduler | [热度计算] 开始刷新板块热度...
2026-05-06 10:20:15.333 | INFO     | HeatCalc   | 加载了 5525 只股票的最近日线数据
2026-05-06 10:20:40.154 | INFO     | HeatCalc   | 热度计算完成: 873 概念, 110 板块
2026-05-06 10:21:28.222 | INFO     | CronScheduler | CronScheduler | [热度计算] 完成: {'concepts_processed': 873, 'sectors_processed': 110, 'trade_date': '2026-05-06'}
2026-05-06 10:25:00.004 | INFO     | CronScheduler | CronScheduler | [热度计算] 开始刷新板块热度...
2026-05-06 10:25:15.752 | INFO     | HeatCalc   | 加载了 5525 只股票的最近日线数据
2026-05-06 10:25:41.526 | INFO     | HeatCalc   | 热度计算完成: 873 概念, 110 板块
2026-05-06 10:26:25.594 | INFO     | CronScheduler | CronScheduler | [热度计算] 完成: {'concepts_processed': 873, 'sectors_processed': 110, 'trade_date': '2026-05-06'}
2026-05-06 10:30:00.012 | INFO     | CronScheduler | CronScheduler | [热度计算] 开始刷新板块热度...
2026-05-06 10:30:15.893 | INFO     | HeatCalc   | 加载了 5525 只股票的最近日线数据
2026-05-06 10:30:42.920 | INFO     | HeatCalc   | 热度计算完成: 873 概念, 110 板块
2026-05-06 10:31:29.861 | INFO     | CronScheduler | CronScheduler | [热度计算] 完成: {'concepts_processed': 873, 'sectors_processed': 110, 'trade_date': '2026-05-06'}
2026-05-06 10:35:00.011 | INFO     | CronScheduler | CronScheduler | [热度计算] 开始刷新板块热度...
2026-05-06 10:35:15.824 | INFO     | HeatCalc   | 加载了 5525 只股票的最近日线数据
2026-05-06 10:35:45.044 | INFO     | HeatCalc   | 热度计算完成: 873 概念, 110 板块
2026-05-06 10:36:25.325 | INFO     | CronScheduler | CronScheduler | [热度计算] 完成: {'concepts_processed': 873, 'sectors_processed': 110, 'trade_date': '2026-05-06'}
2026-05-06 10:40:00.004 | INFO     | CronScheduler | CronScheduler | [热度计算] 开始刷新板块热度...
2026-05-06 10:40:16.116 | INFO     | HeatCalc   | 加载了 5525 只股票的最近日线数据
2026-05-06 10:40:46.443 | INFO     | HeatCalc   | 热度计算完成: 873 概念, 110 板块
2026-05-06 10:41:35.085 | INFO     | CronScheduler | CronScheduler | [热度计算] 完成: {'concepts_processed': 873, 'sectors_processed': 110, 'trade_date': '2026-05-06'}
2026-05-06 10:45:00.015 | INFO     | CronScheduler | CronScheduler | [热度计算] 开始刷新板块热度...
2026-05-06 10:45:16.610 | INFO     | HeatCalc   | 加载了 5525 只股票的最近日线数据
2026-05-06 10:45:48.335 | INFO     | HeatCalc   | 热度计算完成: 873 概念, 110 板块
2026-05-06 10:46:40.948 | INFO     | CronScheduler | CronScheduler | [热度计算] 完成: {'concepts_processed': 873, 'sectors_processed': 110, 'trade_date': '2026-05-06'}
2026-05-06 10:50:00.012 | INFO     | CronScheduler | CronScheduler | [热度计算] 开始刷新板块热度...
2026-05-06 10:50:17.018 | INFO     | HeatCalc   | 加载了 5525 只股票的最近日线数据
2026-05-06 10:50:49.065 | INFO     | HeatCalc   | 热度计算完成: 873 概念, 110 板块
2026-05-06 10:51:38.997 | INFO     | CronScheduler | CronScheduler | [热度计算] 完成: {'concepts_processed': 873, 'sectors_processed': 110, 'trade_date': '2026-05-06'}
2026-05-06 10:55:00.010 | INFO     | CronScheduler | CronScheduler | [热度计算] 开始刷新板块热度...
2026-05-06 10:55:16.757 | INFO     | HeatCalc   | 加载了 5525 只股票的最近日线数据
2026-05-06 10:55:49.892 | INFO     | HeatCalc   | 热度计算完成: 873 概念, 110 板块
2026-05-06 10:56:34.518 | INFO     | CronScheduler | CronScheduler | [热度计算] 完成: {'concepts_processed': 873, 'sectors_processed': 110, 'trade_date': '2026-05-06'}
2026-05-06 11:00:00.008 | INFO     | CronScheduler | CronScheduler | [热度计算] 开始刷新板块热度...
2026-05-06 11:00:16.989 | INFO     | HeatCalc   | 加载了 5525 只股票的最近日线数据
2026-05-06 11:00:50.392 | INFO     | HeatCalc   | 热度计算完成: 873 概念, 110 板块
2026-05-06 11:01:39.589 | INFO     | CronScheduler | CronScheduler | [热度计算] 完成: {'concepts_processed': 873, 'sectors_processed': 110, 'trade_date': '2026-05-06'}
2026-05-06 11:05:44.215 | INFO     | IntradayMonitor | 盘中监控已开启，模式: intraday
2026-05-06 11:05:44.215 | INFO     | API-SimTrader | 模拟盘监控已开启，模式: intraday
2026-05-06 11:05:44.215 | INFO     | IntradayMonitor | 盘中监控已关闭
2026-05-06 11:05:44.215 | INFO     | API-SimTrader | 模拟盘监控已关闭
2026-05-06 11:08:00.827 | INFO     | IntradayMonitor | 盘中监控已开启，模式: intraday
2026-05-06 11:08:00.827 | INFO     | API-SimTrader | 模拟盘监控已开启，模式: intraday
2026-05-06 11:10:00.009 | INFO     | CronScheduler | CronScheduler | [热度计算] 开始刷新板块热度...
2026-05-06 11:10:14.997 | INFO     | HeatCalc   | 加载了 5525 只股票的最近日线数据
2026-05-06 11:10:45.842 | INFO     | HeatCalc   | 热度计算完成: 873 概念, 110 板块
2026-05-06 11:11:29.694 | INFO     | DuckDB     | DuckDB | 所有核心表结构初始化完成 (含热点板块)
2026-05-06 11:11:29.694 | INFO     | DuckDB     | DuckDB 核心就绪: E:\1target\p9_project\quant-platform\data\meta\meta.db
2026-05-06 11:11:30.301 | INFO     | API-Server | P9 Quant Platform Background Tasks Startup...
2026-05-06 11:11:30.303 | INFO     | CronScheduler | CronScheduler | 每日数据收割机被安排在每个工作日的 08:30 执行。
2026-05-06 11:11:30.304 | INFO     | CronScheduler | CronScheduler | 每日数据收割机被安排在每个工作日的 17:30 执行。
2026-05-06 11:11:30.304 | INFO     | CronScheduler | CronScheduler | Redis→DuckDB 收割机已安排在每个工作日 15:30 执行。
2026-05-06 11:11:30.305 | INFO     | CronScheduler | CronScheduler | 概念数据同步已安排在每日 09:00 执行。
2026-05-06 11:11:30.305 | INFO     | CronScheduler | CronScheduler | 板块热度重算已安排在每个交易日 5 分钟/次。
2026-05-06 11:11:30.305 | INFO     | CronScheduler | CronScheduler | 收盘热度终版快照已安排在 15:30 执行。
2026-05-06 11:11:30.305 | INFO     | CronScheduler | CronScheduler | 模拟盘尾盘交易已安排在 14:52 执行。
2026-05-06 11:11:30.305 | INFO     | CronScheduler | CronScheduler | 盘中监控全量扫描已安排（每分钟，兜底）。
2026-05-06 11:11:30.306 | INFO     | CronScheduler | CronScheduler | 自动调度服务(APScheduler) 已启动。
2026-05-06 11:11:35.315 | INFO     | ParquetPipeline | ParquetPipeline | Fetching daily k-lines from 20260426 to 20260506...
2026-05-06 11:11:35.460 | INFO     | ParquetPipeline | ParquetPipeline | Pulling market for 20260506...
2026-05-06 11:11:35.685 | INFO     | ParquetPipeline | ParquetPipeline | Pulling market for 20260430...
2026-05-06 11:11:36.765 | INFO     | ParquetPipeline | ParquetPipeline | Pulling market for 20260429...
2026-05-06 11:11:37.536 | INFO     | ParquetPipeline | ParquetPipeline | Pulling market for 20260428...
2026-05-06 11:11:38.369 | INFO     | ParquetPipeline | ParquetPipeline | Pulling market for 20260427...
2026-05-06 11:11:39.112 | INFO     | ParquetPipeline | ParquetPipeline | Writing 5507 stocks to Parquet...
2026-05-06 11:12:33.923 | INFO     | DuckDB     | DuckDB | 创建虚拟视图成功: kline_daily_view -> E:/1target/p9_project/quant-platform/data/parquet/daily/*.parquet
2026-05-06 11:12:33.925 | INFO     | ParquetPipeline | ParquetPipeline | Daily K-lines fully synced.
2026-05-06 11:15:00.011 | INFO     | CronScheduler | CronScheduler | [热度计算] 开始刷新板块热度...
2026-05-06 11:15:10.676 | INFO     | HeatCalc   | 加载了 5525 只股票的最近日线数据
2026-05-06 11:15:20.369 | INFO     | HeatCalc   | 热度计算完成: 873 概念, 110 板块
2026-05-06 11:15:41.768 | ERROR    | RedisManager | Redis 连接失败 (localhost:6379): Error 10061 connecting to localhost:6379. 由于目标计算机积极拒绝，无法连接。.
2026-05-06 11:16:25.823 | INFO     | CronScheduler | CronScheduler | [热度计算] 完成: {'concepts_processed': 873, 'sectors_processed': 110, 'trade_date': '2026-05-06'}
2026-05-06 11:20:00.008 | INFO     | CronScheduler | CronScheduler | [热度计算] 开始刷新板块热度...
2026-05-06 11:20:16.945 | INFO     | HeatCalc   | 加载了 5525 只股票的最近日线数据
2026-05-06 11:20:32.683 | INFO     | HeatCalc   | 热度计算完成: 873 概念, 110 板块
2026-05-06 11:21:25.410 | INFO     | CronScheduler | CronScheduler | [热度计算] 完成: {'concepts_processed': 873, 'sectors_processed': 110, 'trade_date': '2026-05-06'}
2026-05-06 11:25:00.000 | INFO     | CronScheduler | CronScheduler | [热度计算] 开始刷新板块热度...
2026-05-06 11:25:16.556 | INFO     | HeatCalc   | 加载了 5525 只股票的最近日线数据
2026-05-06 11:25:34.777 | INFO     | HeatCalc   | 热度计算完成: 873 概念, 110 板块
2026-05-06 11:26:25.783 | INFO     | CronScheduler | CronScheduler | [热度计算] 完成: {'concepts_processed': 873, 'sectors_processed': 110, 'trade_date': '2026-05-06'}
2026-05-06 11:30:00.004 | INFO     | CronScheduler | CronScheduler | [热度计算] 开始刷新板块热度...
2026-05-06 11:30:15.437 | INFO     | HeatCalc   | 加载了 5525 只股票的最近日线数据
2026-05-06 11:30:37.894 | INFO     | HeatCalc   | 热度计算完成: 873 概念, 110 板块
2026-05-06 11:31:25.452 | INFO     | CronScheduler | CronScheduler | [热度计算] 完成: {'concepts_processed': 873, 'sectors_processed': 110, 'trade_date': '2026-05-06'}
2026-05-06 11:35:00.010 | INFO     | CronScheduler | CronScheduler | [热度计算] 开始刷新板块热度...
2026-05-06 11:35:15.095 | INFO     | HeatCalc   | 加载了 5525 只股票的最近日线数据
2026-05-06 11:35:37.934 | INFO     | HeatCalc   | 热度计算完成: 873 概念, 110 板块
2026-05-06 11:36:25.482 | INFO     | CronScheduler | CronScheduler | [热度计算] 完成: {'concepts_processed': 873, 'sectors_processed': 110, 'trade_date': '2026-05-06'}
2026-05-06 11:40:00.010 | INFO     | CronScheduler | CronScheduler | [热度计算] 开始刷新板块热度...
2026-05-06 11:40:15.070 | INFO     | HeatCalc   | 加载了 5525 只股票的最近日线数据
2026-05-06 11:40:39.285 | INFO     | HeatCalc   | 热度计算完成: 873 概念, 110 板块
2026-05-06 11:41:25.887 | INFO     | CronScheduler | CronScheduler | [热度计算] 完成: {'concepts_processed': 873, 'sectors_processed': 110, 'trade_date': '2026-05-06'}
2026-05-06 11:45:00.015 | INFO     | CronScheduler | CronScheduler | [热度计算] 开始刷新板块热度...
2026-05-06 11:45:15.086 | INFO     | HeatCalc   | 加载了 5525 只股票的最近日线数据
2026-05-06 11:45:40.530 | INFO     | HeatCalc   | 热度计算完成: 873 概念, 110 板块
2026-05-06 11:46:31.328 | INFO     | CronScheduler | CronScheduler | [热度计算] 完成: {'concepts_processed': 873, 'sectors_processed': 110, 'trade_date': '2026-05-06'}
2026-05-06 11:50:00.010 | INFO     | CronScheduler | CronScheduler | [热度计算] 开始刷新板块热度...
2026-05-06 11:50:14.940 | INFO     | HeatCalc   | 加载了 5525 只股票的最近日线数据
2026-05-06 11:50:40.749 | INFO     | HeatCalc   | 热度计算完成: 873 概念, 110 板块
2026-05-06 11:51:33.987 | INFO     | CronScheduler | CronScheduler | [热度计算] 完成: {'concepts_processed': 873, 'sectors_processed': 110, 'trade_date': '2026-05-06'}
2026-05-06 11:55:00.013 | INFO     | CronScheduler | CronScheduler | [热度计算] 开始刷新板块热度...
2026-05-06 11:55:15.476 | INFO     | HeatCalc   | 加载了 5525 只股票的最近日线数据
2026-05-06 11:55:43.710 | INFO     | HeatCalc   | 热度计算完成: 873 概念, 110 板块
2026-05-06 11:56:31.203 | INFO     | CronScheduler | CronScheduler | [热度计算] 完成: {'concepts_processed': 873, 'sectors_processed': 110, 'trade_date': '2026-05-06'}
2026-05-06 12:00:00.004 | INFO     | CronScheduler | CronScheduler | [热度计算] 开始刷新板块热度...
2026-05-06 12:00:20.421 | INFO     | HeatCalc   | 加载了 5525 只股票的最近日线数据
2026-05-06 12:00:34.604 | INFO     | HeatCalc   | 热度计算完成: 873 概念, 110 板块
2026-05-06 12:01:17.252 | INFO     | CronScheduler | CronScheduler | [热度计算] 完成: {'concepts_processed': 873, 'sectors_processed': 110, 'trade_date': '2026-05-06'}
2026-05-06 12:05:00.000 | INFO     | CronScheduler | CronScheduler | [热度计算] 开始刷新板块热度...
2026-05-06 12:05:14.425 | INFO     | HeatCalc   | 加载了 5525 只股票的最近日线数据
2026-05-06 12:05:33.038 | INFO     | HeatCalc   | 热度计算完成: 873 概念, 110 板块
2026-05-06 12:06:25.576 | INFO     | CronScheduler | CronScheduler | [热度计算] 完成: {'concepts_processed': 873, 'sectors_processed': 110, 'trade_date': '2026-05-06'}
2026-05-06 12:10:00.009 | INFO     | CronScheduler | CronScheduler | [热度计算] 开始刷新板块热度...
2026-05-06 12:10:14.120 | INFO     | HeatCalc   | 加载了 5525 只股票的最近日线数据
2026-05-06 12:10:31.976 | INFO     | HeatCalc   | 热度计算完成: 873 概念, 110 板块
2026-05-06 12:11:25.489 | INFO     | CronScheduler | CronScheduler | [热度计算] 完成: {'concepts_processed': 873, 'sectors_processed': 110, 'trade_date': '2026-05-06'}
2026-05-06 12:13:44.509 | INFO     | DuckDB     | DuckDB | 所有核心表结构初始化完成 (含热点板块)
2026-05-06 12:13:44.510 | INFO     | DuckDB     | DuckDB 核心就绪: E:\1target\p9_project\quant-platform\data\meta\meta.db
2026-05-06 12:13:46.216 | INFO     | API-Server | P9 Quant Platform Background Tasks Startup...
2026-05-06 12:13:46.224 | INFO     | CronScheduler | CronScheduler | 每日数据收割机被安排在每个工作日的 08:30 执行。
2026-05-06 12:13:46.225 | INFO     | CronScheduler | CronScheduler | 每日数据收割机被安排在每个工作日的 17:30 执行。
2026-05-06 12:13:46.227 | INFO     | CronScheduler | CronScheduler | Redis→DuckDB 收割机已安排在每个工作日 15:30 执行。
2026-05-06 12:13:46.228 | INFO     | CronScheduler | CronScheduler | 概念数据同步已安排在每日 09:00 执行。
2026-05-06 12:13:46.229 | INFO     | CronScheduler | CronScheduler | 板块热度重算已安排在每个交易日 5 分钟/次。
2026-05-06 12:13:46.231 | INFO     | CronScheduler | CronScheduler | 收盘热度终版快照已安排在 15:30 执行。
2026-05-06 12:13:46.232 | INFO     | CronScheduler | CronScheduler | 模拟盘尾盘交易已安排在 14:52 执行。
2026-05-06 12:13:46.238 | INFO     | CronScheduler | CronScheduler | 盘中监控全量扫描已安排（每分钟，兜底）。
2026-05-06 12:13:46.238 | INFO     | CronScheduler | CronScheduler | 自动调度服务(APScheduler) 已启动。
2026-05-06 12:16:15.639 | INFO     | ParquetPipeline | ParquetPipeline | Fetching daily k-lines from 20260426 to 20260506...
2026-05-06 12:16:15.747 | INFO     | IntradayMonitor | 盘中监控已开启，模式: intraday
2026-05-06 12:16:15.748 | INFO     | API-SimTrader | 模拟盘监控已开启，模式: intraday
2026-05-06 12:16:15.749 | INFO     | IntradayMonitor | 盘中监控已关闭
2026-05-06 12:16:15.749 | INFO     | API-SimTrader | 模拟盘监控已关闭
2026-05-06 12:16:15.792 | INFO     | ParquetPipeline | ParquetPipeline | Pulling market for 20260506...
2026-05-06 12:16:15.903 | INFO     | ParquetPipeline | ParquetPipeline | Pulling market for 20260430...
2026-05-06 12:16:16.862 | INFO     | ParquetPipeline | ParquetPipeline | Pulling market for 20260429...
2026-05-06 12:16:17.821 | INFO     | ParquetPipeline | ParquetPipeline | Pulling market for 20260428...
2026-05-06 12:16:18.767 | INFO     | ParquetPipeline | ParquetPipeline | Pulling market for 20260427...
2026-05-06 12:16:19.844 | INFO     | ParquetPipeline | ParquetPipeline | Writing 5507 stocks to Parquet...
2026-05-06 12:19:30.855 | INFO     | DuckDB     | DuckDB | 所有核心表结构初始化完成 (含热点板块)
2026-05-06 12:19:30.855 | INFO     | DuckDB     | DuckDB 核心就绪: E:\1target\p9_project\quant-platform\data\meta\meta.db
2026-05-06 12:19:31.451 | INFO     | API-Server | P9 Quant Platform Background Tasks Startup...
2026-05-06 12:19:31.454 | INFO     | CronScheduler | CronScheduler | 每日数据收割机被安排在每个工作日的 08:30 执行。
2026-05-06 12:19:31.463 | INFO     | CronScheduler | CronScheduler | 每日数据收割机被安排在每个工作日的 17:30 执行。
2026-05-06 12:19:31.463 | INFO     | CronScheduler | CronScheduler | Redis→DuckDB 收割机已安排在每个工作日 15:30 执行。
2026-05-06 12:19:31.464 | INFO     | CronScheduler | CronScheduler | 概念数据同步已安排在每日 09:00 执行。
2026-05-06 12:19:31.464 | INFO     | CronScheduler | CronScheduler | 板块热度重算已安排在每个交易日 5 分钟/次。
2026-05-06 12:19:31.464 | INFO     | CronScheduler | CronScheduler | 收盘热度终版快照已安排在 15:30 执行。
2026-05-06 12:19:31.465 | INFO     | CronScheduler | CronScheduler | 模拟盘尾盘交易已安排在 14:52 执行。
2026-05-06 12:19:31.465 | INFO     | CronScheduler | CronScheduler | 盘中监控全量扫描已安排（每分钟，兜底）。
2026-05-06 12:19:31.465 | INFO     | CronScheduler | CronScheduler | 自动调度服务(APScheduler) 已启动。
2026-05-06 12:19:36.482 | INFO     | ParquetPipeline | ParquetPipeline | Fetching daily k-lines from 20260426 to 20260506...
2026-05-06 12:19:36.609 | INFO     | ParquetPipeline | ParquetPipeline | Pulling market for 20260506...
2026-05-06 12:19:36.723 | INFO     | ParquetPipeline | ParquetPipeline | Pulling market for 20260430...
2026-05-06 12:19:37.384 | INFO     | ParquetPipeline | ParquetPipeline | Pulling market for 20260429...
2026-05-06 12:19:38.128 | INFO     | ParquetPipeline | ParquetPipeline | Pulling market for 20260428...
2026-05-06 12:19:38.908 | INFO     | ParquetPipeline | ParquetPipeline | Pulling market for 20260427...
2026-05-06 12:19:39.640 | INFO     | ParquetPipeline | ParquetPipeline | Writing 5507 stocks to Parquet...
2026-05-06 12:20:00.011 | INFO     | CronScheduler | CronScheduler | [热度计算] 开始刷新板块热度...
2026-05-06 12:20:02.993 | ERROR    | DuckDB     | DuckDB | 批量加载 K 线失败: Prefetch registered for bytes outside file: E:\1target\p9_project\quant-platform\data\parquet\daily\002733.parquet, attempted range: [17418, 17674), file size: 17418
2026-05-06 12:20:02.993 | WARNING  | HeatCalc   | 无日线数据可用于热度计算
2026-05-06 12:20:23.914 | ERROR    | RedisManager | Redis 连接失败 (localhost:6379): Error 10061 connecting to localhost:6379. 由于目标计算机积极拒绝，无法连接。.
2026-05-06 12:21:00.631 | INFO     | DuckDB     | DuckDB | 创建虚拟视图成功: kline_daily_view -> E:/1target/p9_project/quant-platform/data/parquet/daily/*.parquet
2026-05-06 12:21:00.632 | INFO     | ParquetPipeline | ParquetPipeline | Daily K-lines fully synced.
2026-05-06 12:21:08.453 | INFO     | CronScheduler | CronScheduler | [热度计算] 完成: {'concepts_processed': 0, 'sectors_processed': 0, 'trade_date': '2026-05-06', 'error': '无日线数据'}
2026-05-06 12:30:00.014 | INFO     | CronScheduler | CronScheduler | [热度计算] 开始刷新板块热度...
2026-05-06 12:30:11.338 | INFO     | HeatCalc   | 加载了 5525 只股票的最近日线数据
2026-05-06 12:30:27.544 | INFO     | HeatCalc   | 热度计算完成: 873 概念, 110 板块
2026-05-06 12:31:08.112 | INFO     | CronScheduler | CronScheduler | [热度计算] 完成: {'concepts_processed': 873, 'sectors_processed': 110, 'trade_date': '2026-05-06'}
2026-05-06 12:35:00.011 | INFO     | CronScheduler | CronScheduler | [热度计算] 开始刷新板块热度...
2026-05-06 12:35:14.021 | INFO     | HeatCalc   | 加载了 5525 只股票的最近日线数据
2026-05-06 12:35:33.733 | INFO     | HeatCalc   | 热度计算完成: 873 概念, 110 板块
2026-05-06 12:36:12.240 | INFO     | CronScheduler | CronScheduler | [热度计算] 完成: {'concepts_processed': 873, 'sectors_processed': 110, 'trade_date': '2026-05-06'}
2026-05-06 12:40:00.003 | INFO     | CronScheduler | CronScheduler | [热度计算] 开始刷新板块热度...
2026-05-06 12:40:14.186 | INFO     | HeatCalc   | 加载了 5525 只股票的最近日线数据
2026-05-06 12:40:41.047 | INFO     | DuckDB     | DuckDB | 所有核心表结构初始化完成 (含热点板块)
2026-05-06 12:40:41.047 | INFO     | DuckDB     | DuckDB 核心就绪: E:\1target\p9_project\quant-platform\data\meta\meta.db
2026-05-06 12:40:43.684 | INFO     | API-Server | P9 Quant Platform Background Tasks Startup...
2026-05-06 12:40:43.686 | INFO     | CronScheduler | CronScheduler | 每日数据收割机被安排在每个工作日的 08:30 执行。
2026-05-06 12:40:43.687 | INFO     | CronScheduler | CronScheduler | 每日数据收割机被安排在每个工作日的 17:30 执行。
2026-05-06 12:40:43.688 | INFO     | CronScheduler | CronScheduler | Redis→DuckDB 收割机已安排在每个工作日 15:30 执行。
2026-05-06 12:40:43.688 | INFO     | CronScheduler | CronScheduler | 概念数据同步已安排在每日 09:00 执行。
2026-05-06 12:40:43.688 | INFO     | CronScheduler | CronScheduler | 板块热度重算已安排在每个交易日 5 分钟/次。
2026-05-06 12:40:43.688 | INFO     | CronScheduler | CronScheduler | 收盘热度终版快照已安排在 15:30 执行。
2026-05-06 12:40:43.688 | INFO     | CronScheduler | CronScheduler | 模拟盘尾盘交易已安排在 14:52 执行。
2026-05-06 12:40:43.689 | INFO     | CronScheduler | CronScheduler | 盘中监控全量扫描已安排（每分钟，兜底）。
2026-05-06 12:40:43.689 | INFO     | CronScheduler | CronScheduler | 自动调度服务(APScheduler) 已启动。
2026-05-06 12:40:48.693 | INFO     | ParquetPipeline | ParquetPipeline | Fetching daily k-lines from 20260426 to 20260506...
2026-05-06 12:40:48.833 | INFO     | ParquetPipeline | ParquetPipeline | Pulling market for 20260506...
2026-05-06 12:40:48.963 | INFO     | ParquetPipeline | ParquetPipeline | Pulling market for 20260430...
2026-05-06 12:40:49.657 | INFO     | ParquetPipeline | ParquetPipeline | Pulling market for 20260429...
2026-05-06 12:40:50.409 | INFO     | ParquetPipeline | ParquetPipeline | Pulling market for 20260428...
2026-05-06 12:40:51.203 | INFO     | ParquetPipeline | ParquetPipeline | Pulling market for 20260427...
2026-05-06 12:40:51.918 | INFO     | ParquetPipeline | ParquetPipeline | Writing 5507 stocks to Parquet...
2026-05-06 12:41:47.575 | INFO     | DuckDB     | DuckDB | 创建虚拟视图成功: kline_daily_view -> E:/1target/p9_project/quant-platform/data/parquet/daily/*.parquet
2026-05-06 12:41:47.577 | INFO     | ParquetPipeline | ParquetPipeline | Daily K-lines fully synced.
2026-05-06 12:45:00.004 | INFO     | CronScheduler | CronScheduler | [热度计算] 开始刷新板块热度...
2026-05-06 12:45:11.581 | INFO     | HeatCalc   | 加载了 5525 只股票的最近日线数据
2026-05-06 12:45:24.315 | INFO     | HeatCalc   | 热度计算完成: 873 概念, 110 板块
2026-05-06 12:45:45.878 | ERROR    | RedisManager | Redis 连接失败 (localhost:6379): Error 10061 connecting to localhost:6379. 由于目标计算机积极拒绝，无法连接。.
2026-05-06 12:46:38.796 | INFO     | CronScheduler | CronScheduler | [热度计算] 完成: {'concepts_processed': 873, 'sectors_processed': 110, 'trade_date': '2026-05-06'}
2026-05-06 12:47:19.130 | INFO     | DuckDB     | DuckDB | 所有核心表结构初始化完成 (含热点板块)
2026-05-06 12:47:19.131 | INFO     | DuckDB     | DuckDB 核心就绪: E:\1target\p9_project\quant-platform\data\meta\meta.db
2026-05-06 12:47:19.726 | INFO     | API-Server | P9 Quant Platform Background Tasks Startup...
2026-05-06 12:47:19.729 | INFO     | CronScheduler | CronScheduler | 每日数据收割机被安排在每个工作日的 08:30 执行。
2026-05-06 12:47:19.738 | INFO     | CronScheduler | CronScheduler | 每日数据收割机被安排在每个工作日的 17:30 执行。
2026-05-06 12:47:19.738 | INFO     | CronScheduler | CronScheduler | Redis→DuckDB 收割机已安排在每个工作日 15:30 执行。
2026-05-06 12:47:19.739 | INFO     | CronScheduler | CronScheduler | 概念数据同步已安排在每日 09:00 执行。
2026-05-06 12:47:19.739 | INFO     | CronScheduler | CronScheduler | 板块热度重算已安排在每个交易日 5 分钟/次。
2026-05-06 12:47:19.739 | INFO     | CronScheduler | CronScheduler | 收盘热度终版快照已安排在 15:30 执行。
2026-05-06 12:47:19.740 | INFO     | CronScheduler | CronScheduler | 模拟盘尾盘交易已安排在 14:52 执行。
2026-05-06 12:47:19.740 | INFO     | CronScheduler | CronScheduler | 盘中监控全量扫描已安排（每分钟，兜底）。
2026-05-06 12:47:19.740 | INFO     | CronScheduler | CronScheduler | 自动调度服务(APScheduler) 已启动。
2026-05-06 12:47:24.757 | INFO     | ParquetPipeline | ParquetPipeline | Fetching daily k-lines from 20260426 to 20260506...
2026-05-06 12:47:24.922 | INFO     | ParquetPipeline | ParquetPipeline | Pulling market for 20260506...
2026-05-06 12:47:25.056 | INFO     | ParquetPipeline | ParquetPipeline | Pulling market for 20260430...
2026-05-06 12:47:25.786 | INFO     | ParquetPipeline | ParquetPipeline | Pulling market for 20260429...
2026-05-06 12:47:26.548 | INFO     | ParquetPipeline | ParquetPipeline | Pulling market for 20260428...
2026-05-06 12:47:27.298 | INFO     | ParquetPipeline | ParquetPipeline | Pulling market for 20260427...
2026-05-06 12:47:28.039 | INFO     | ParquetPipeline | ParquetPipeline | Writing 5507 stocks to Parquet...
2026-05-06 12:48:23.061 | INFO     | DuckDB     | DuckDB | 创建虚拟视图成功: kline_daily_view -> E:/1target/p9_project/quant-platform/data/parquet/daily/*.parquet
2026-05-06 12:48:23.061 | INFO     | ParquetPipeline | ParquetPipeline | Daily K-lines fully synced.
2026-05-06 12:50:00.017 | INFO     | CronScheduler | CronScheduler | [热度计算] 开始刷新板块热度...
2026-05-06 12:50:11.157 | INFO     | HeatCalc   | 加载了 5525 只股票的最近日线数据
2026-05-06 12:50:21.131 | INFO     | HeatCalc   | 热度计算完成: 873 概念, 110 板块
2026-05-06 12:50:41.600 | ERROR    | RedisManager | Redis 连接失败 (localhost:6379): Error 10061 connecting to localhost:6379. 由于目标计算机积极拒绝，无法连接。.
2026-05-06 12:51:28.616 | INFO     | CronScheduler | CronScheduler | [热度计算] 完成: {'concepts_processed': 873, 'sectors_processed': 110, 'trade_date': '2026-05-06'}
2026-05-06 12:55:00.003 | INFO     | CronScheduler | CronScheduler | [热度计算] 开始刷新板块热度...
2026-05-06 12:55:18.368 | INFO     | HeatCalc   | 加载了 5525 只股票的最近日线数据
2026-05-06 12:55:35.185 | INFO     | HeatCalc   | 热度计算完成: 873 概念, 110 板块
2026-05-06 12:56:20.363 | INFO     | CronScheduler | CronScheduler | [热度计算] 完成: {'concepts_processed': 873, 'sectors_processed': 110, 'trade_date': '2026-05-06'}
2026-05-06 13:00:00.005 | INFO     | CronScheduler | CronScheduler | [热度计算] 开始刷新板块热度...
2026-05-06 13:00:17.914 | INFO     | HeatCalc   | 加载了 5525 只股票的最近日线数据
2026-05-06 13:00:39.079 | INFO     | HeatCalc   | 热度计算完成: 873 概念, 110 板块
2026-05-06 13:01:26.689 | INFO     | CronScheduler | CronScheduler | [热度计算] 完成: {'concepts_processed': 873, 'sectors_processed': 110, 'trade_date': '2026-05-06'}
2026-05-06 13:01:44.209 | WARNING  | DuckDB     | DuckDB | 数据库占用中，准备重试... (1/5)
2026-05-06 13:01:44.827 | WARNING  | DuckDB     | DuckDB | 数据库占用中，准备重试... (2/5)
2026-05-06 13:01:45.455 | WARNING  | DuckDB     | DuckDB | 数据库占用中，准备重试... (3/5)
2026-05-06 13:01:46.082 | WARNING  | DuckDB     | DuckDB | 数据库占用中，准备重试... (4/5)
2026-05-06 13:01:46.714 | ERROR    | DuckDB     | DuckDB | 无法连接到数据库: IO Error: Cannot open file "E:\1target\p9_project\quant-platform\data\meta\meta.db": 另一个程序正在使用此文件，进程无法访问。

File is already open in 
C:\Python314\python.exe (PID 70796)
2026-05-06 13:01:46.724 | ERROR    | DuckDB     | DuckDB | 初始化表结构失败: IO Error: Cannot open file "E:\1target\p9_project\quant-platform\data\meta\meta.db": 另一个程序正在使用此文件，进程无法访问。

File is already open in 
C:\Python314\python.exe (PID 70796)
2026-05-06 13:02:01.874 | INFO     | DuckDB     | DuckDB | 所有核心表结构初始化完成 (含热点板块)
2026-05-06 13:02:01.874 | INFO     | DuckDB     | DuckDB 核心就绪: E:\1target\p9_project\quant-platform\data\meta\meta.db
2026-05-06 13:02:02.488 | INFO     | API-Server | P9 Quant Platform Background Tasks Startup...
2026-05-06 13:02:02.491 | INFO     | CronScheduler | CronScheduler | 每日数据收割机被安排在每个工作日的 08:30 执行。
2026-05-06 13:02:02.491 | INFO     | CronScheduler | CronScheduler | 每日数据收割机被安排在每个工作日的 17:30 执行。
2026-05-06 13:02:02.492 | INFO     | CronScheduler | CronScheduler | Redis→DuckDB 收割机已安排在每个工作日 15:30 执行。
2026-05-06 13:02:02.492 | INFO     | CronScheduler | CronScheduler | 概念数据同步已安排在每日 09:00 执行。
2026-05-06 13:02:02.493 | INFO     | CronScheduler | CronScheduler | 板块热度重算已安排在每个交易日 5 分钟/次。
2026-05-06 13:02:02.493 | INFO     | CronScheduler | CronScheduler | 收盘热度终版快照已安排在 15:30 执行。
2026-05-06 13:02:02.493 | INFO     | CronScheduler | CronScheduler | 模拟盘尾盘交易已安排在 14:52 执行。
2026-05-06 13:02:02.494 | INFO     | CronScheduler | CronScheduler | 盘中监控全量扫描已安排（每分钟，兜底）。
2026-05-06 13:02:02.494 | INFO     | CronScheduler | CronScheduler | 自动调度服务(APScheduler) 已启动。
2026-05-06 13:02:07.508 | INFO     | ParquetPipeline | ParquetPipeline | Fetching daily k-lines from 20260426 to 20260506...
2026-05-06 13:02:07.631 | INFO     | ParquetPipeline | ParquetPipeline | Pulling market for 20260506...
2026-05-06 13:02:07.764 | INFO     | ParquetPipeline | ParquetPipeline | Pulling market for 20260430...
2026-05-06 13:02:08.719 | INFO     | ParquetPipeline | ParquetPipeline | Pulling market for 20260429...
2026-05-06 13:02:09.558 | INFO     | ParquetPipeline | ParquetPipeline | Pulling market for 20260428...
2026-05-06 13:02:10.342 | INFO     | ParquetPipeline | ParquetPipeline | Pulling market for 20260427...
2026-05-06 13:02:11.100 | INFO     | ParquetPipeline | ParquetPipeline | Writing 5507 stocks to Parquet...
2026-05-06 13:02:19.392 | INFO     | IntradayMonitor | 盘中监控器已就绪（默认仅告警模式）
2026-05-06 13:02:19.392 | INFO     | IntradayMonitor | 监控模式: 执行=否 时机=close
2026-05-06 13:02:19.392 | INFO     | API-SimTrader | 监控: 执行=否 时机=close
2026-05-06 13:02:19.650 | INFO     | IntradayMonitor | 监控模式: 执行=是 时机=intraday
2026-05-06 13:02:19.651 | INFO     | API-SimTrader | 监控: 执行=是 时机=intraday
2026-05-06 13:02:19.884 | INFO     | IntradayMonitor | 监控模式: 执行=是 时机=close
2026-05-06 13:02:19.884 | INFO     | API-SimTrader | 监控: 执行=是 时机=close
2026-05-06 13:02:20.477 | ERROR    | DuckDB     | DuckDB | 批量加载 K 线失败: Invalid Input Error: No magic bytes found at end of file 'E:\1target\p9_project\quant-platform\data\parquet\daily\002327.parquet'

LINE 3:             FROM read_parquet('E:\1target\p9_project\quant-platform\data...
                         ^
2026-05-06 13:03:15.570 | INFO     | DuckDB     | DuckDB | 创建虚拟视图成功: kline_daily_view -> E:/1target/p9_project/quant-platform/data/parquet/daily/*.parquet
2026-05-06 13:03:15.571 | INFO     | ParquetPipeline | ParquetPipeline | Daily K-lines fully synced.
2026-05-06 13:04:20.828 | INFO     | IntradayMonitor | 监控模式: 执行=是 时机=intraday
2026-05-06 13:04:20.828 | INFO     | API-SimTrader | 监控: 执行=是 时机=intraday
2026-05-06 13:04:20.829 | INFO     | IntradayMonitor | 监控模式: 执行=否 时机=intraday
2026-05-06 13:04:20.829 | INFO     | API-SimTrader | 监控: 执行=否 时机=intraday
2026-05-06 13:04:20.829 | INFO     | IntradayMonitor | 监控模式: 执行=是 时机=intraday
2026-05-06 13:04:20.829 | INFO     | API-SimTrader | 监控: 执行=是 时机=intraday
2026-05-06 13:04:20.829 | INFO     | IntradayMonitor | 监控模式: 执行=是 时机=close
2026-05-06 13:04:20.829 | INFO     | API-SimTrader | 监控: 执行=是 时机=close
2026-05-06 13:05:00.013 | INFO     | CronScheduler | CronScheduler | [热度计算] 开始刷新板块热度...
2026-05-06 13:05:12.487 | INFO     | HeatCalc   | 加载了 5525 只股票的最近日线数据
2026-05-06 13:05:27.073 | INFO     | HeatCalc   | 热度计算完成: 873 概念, 110 板块
2026-05-06 13:05:53.812 | ERROR    | RedisManager | Redis 连接失败 (localhost:6379): Error 10061 connecting to localhost:6379. 由于目标计算机积极拒绝，无法连接。.
2026-05-06 13:06:42.500 | INFO     | CronScheduler | CronScheduler | [热度计算] 完成: {'concepts_processed': 873, 'sectors_processed': 110, 'trade_date': '2026-05-06'}
2026-05-06 13:07:26.528 | INFO     | DuckDB     | DuckDB | 所有核心表结构初始化完成 (含热点板块)
2026-05-06 13:07:26.529 | INFO     | DuckDB     | DuckDB 核心就绪: E:\1target\p9_project\quant-platform\data\meta\meta.db
2026-05-06 13:07:27.103 | INFO     | API-Server | P9 Quant Platform Background Tasks Startup...
2026-05-06 13:07:27.106 | INFO     | CronScheduler | CronScheduler | 每日数据收割机被安排在每个工作日的 08:30 执行。
2026-05-06 13:07:27.115 | INFO     | CronScheduler | CronScheduler | 每日数据收割机被安排在每个工作日的 17:30 执行。
2026-05-06 13:07:27.116 | INFO     | CronScheduler | CronScheduler | Redis→DuckDB 收割机已安排在每个工作日 15:30 执行。
2026-05-06 13:07:27.116 | INFO     | CronScheduler | CronScheduler | 概念数据同步已安排在每日 09:00 执行。
2026-05-06 13:07:27.116 | INFO     | CronScheduler | CronScheduler | 板块热度重算已安排在每个交易日 5 分钟/次。
2026-05-06 13:07:27.116 | INFO     | CronScheduler | CronScheduler | 收盘热度终版快照已安排在 15:30 执行。
2026-05-06 13:07:27.117 | INFO     | CronScheduler | CronScheduler | 模拟盘尾盘交易已安排在 14:52 执行。
2026-05-06 13:07:27.117 | INFO     | CronScheduler | CronScheduler | 盘中监控全量扫描已安排（每分钟，兜底）。
2026-05-06 13:07:27.117 | INFO     | CronScheduler | CronScheduler | 自动调度服务(APScheduler) 已启动。
2026-05-06 13:07:32.129 | INFO     | ParquetPipeline | ParquetPipeline | Fetching daily k-lines from 20260426 to 20260506...
2026-05-06 13:07:32.282 | INFO     | ParquetPipeline | ParquetPipeline | Pulling market for 20260506...
2026-05-06 13:07:32.421 | INFO     | ParquetPipeline | ParquetPipeline | Pulling market for 20260430...
2026-05-06 13:07:33.187 | INFO     | ParquetPipeline | ParquetPipeline | Pulling market for 20260429...
2026-05-06 13:07:33.945 | INFO     | ParquetPipeline | ParquetPipeline | Pulling market for 20260428...
2026-05-06 13:07:34.717 | INFO     | ParquetPipeline | ParquetPipeline | Pulling market for 20260427...
2026-05-06 13:07:35.507 | INFO     | ParquetPipeline | ParquetPipeline | Writing 5507 stocks to Parquet...
2026-05-06 13:08:34.074 | ERROR    | DuckDB     | DuckDB | 批量加载 K 线失败: Invalid Input Error: No magic bytes found at end of file 'E:\1target\p9_project\quant-platform\data\parquet\daily\300494.parquet'

LINE 3:             FROM read_parquet('E:\1target\p9_project\quant-platform\data...
                         ^
2026-05-06 13:08:34.109 | INFO     | IntradayMonitor | 盘中监控器已就绪（默认仅告警模式）
2026-05-06 13:08:34.110 | INFO     | IntradayMonitor | 监控模式: 执行=是 时机=close
2026-05-06 13:08:34.110 | INFO     | API-SimTrader | 监控: 执行=是 时机=close
2026-05-06 13:08:34.110 | INFO     | IntradayMonitor | 监控模式: 执行=否 时机=close
2026-05-06 13:08:34.111 | INFO     | API-SimTrader | 监控: 执行=否 时机=close
2026-05-06 13:08:34.111 | INFO     | IntradayMonitor | 监控模式: 执行=是 时机=close
2026-05-06 13:08:34.111 | INFO     | API-SimTrader | 监控: 执行=是 时机=close
2026-05-06 13:09:18.625 | INFO     | DuckDB     | DuckDB | 创建虚拟视图成功: kline_daily_view -> E:/1target/p9_project/quant-platform/data/parquet/daily/*.parquet
2026-05-06 13:09:18.626 | INFO     | ParquetPipeline | ParquetPipeline | Daily K-lines fully synced.
2026-05-06 13:10:00.002 | INFO     | CronScheduler | CronScheduler | [热度计算] 开始刷新板块热度...
2026-05-06 13:10:13.408 | INFO     | HeatCalc   | 加载了 5525 只股票的最近日线数据
2026-05-06 13:10:29.784 | INFO     | HeatCalc   | 热度计算完成: 873 概念, 110 板块
2026-05-06 13:10:55.693 | ERROR    | RedisManager | Redis 连接失败 (localhost:6379): Error 10061 connecting to localhost:6379. 由于目标计算机积极拒绝，无法连接。.
2026-05-06 13:11:16.804 | INFO     | IntradayMonitor | 监控模式: 执行=是 时机=close
2026-05-06 13:11:16.804 | INFO     | API-SimTrader | 监控: 执行=是 时机=close
2026-05-06 13:11:16.804 | INFO     | IntradayMonitor | 监控模式: 执行=否 时机=close
2026-05-06 13:11:16.804 | INFO     | API-SimTrader | 监控: 执行=否 时机=close
2026-05-06 13:11:16.804 | INFO     | IntradayMonitor | 监控模式: 执行=是 时机=close
2026-05-06 13:11:16.805 | INFO     | API-SimTrader | 监控: 执行=是 时机=close
2026-05-06 13:11:43.818 | INFO     | CronScheduler | CronScheduler | [热度计算] 完成: {'concepts_processed': 873, 'sectors_processed': 110, 'trade_date': '2026-05-06'}
2026-05-06 13:12:39.327 | INFO     | DuckDB     | DuckDB | 所有核心表结构初始化完成 (含热点板块)
2026-05-06 13:12:39.327 | INFO     | DuckDB     | DuckDB 核心就绪: E:\1target\p9_project\quant-platform\data\meta\meta.db
2026-05-06 13:12:39.912 | INFO     | API-Server | P9 Quant Platform Background Tasks Startup...
2026-05-06 13:12:39.915 | INFO     | CronScheduler | CronScheduler | 每日数据收割机被安排在每个工作日的 08:30 执行。
2026-05-06 13:12:39.916 | INFO     | CronScheduler | CronScheduler | 每日数据收割机被安排在每个工作日的 17:30 执行。
2026-05-06 13:12:39.916 | INFO     | CronScheduler | CronScheduler | Redis→DuckDB 收割机已安排在每个工作日 15:30 执行。
2026-05-06 13:12:39.916 | INFO     | CronScheduler | CronScheduler | 概念数据同步已安排在每日 09:00 执行。
2026-05-06 13:12:39.917 | INFO     | CronScheduler | CronScheduler | 板块热度重算已安排在每个交易日 5 分钟/次。
2026-05-06 13:12:39.917 | INFO     | CronScheduler | CronScheduler | 收盘热度终版快照已安排在 15:30 执行。
2026-05-06 13:12:39.917 | INFO     | CronScheduler | CronScheduler | 模拟盘尾盘交易已安排在 14:52 执行。
2026-05-06 13:12:39.918 | INFO     | CronScheduler | CronScheduler | 盘中监控全量扫描已安排（每分钟，兜底）。
2026-05-06 13:12:39.918 | INFO     | CronScheduler | CronScheduler | 自动调度服务(APScheduler) 已启动。
2026-05-06 13:12:44.935 | INFO     | ParquetPipeline | ParquetPipeline | Fetching daily k-lines from 20260426 to 20260506...
2026-05-06 13:12:45.073 | INFO     | ParquetPipeline | ParquetPipeline | Pulling market for 20260506...
2026-05-06 13:12:45.203 | INFO     | ParquetPipeline | ParquetPipeline | Pulling market for 20260430...
2026-05-06 13:12:46.001 | INFO     | ParquetPipeline | ParquetPipeline | Pulling market for 20260429...
2026-05-06 13:12:46.902 | INFO     | ParquetPipeline | ParquetPipeline | Pulling market for 20260428...
2026-05-06 13:12:47.672 | INFO     | ParquetPipeline | ParquetPipeline | Pulling market for 20260427...
2026-05-06 13:12:48.394 | INFO     | ParquetPipeline | ParquetPipeline | Writing 5507 stocks to Parquet...
2026-05-06 13:14:05.538 | INFO     | DuckDB     | DuckDB | 创建虚拟视图成功: kline_daily_view -> E:/1target/p9_project/quant-platform/data/parquet/daily/*.parquet
2026-05-06 13:14:05.538 | INFO     | ParquetPipeline | ParquetPipeline | Daily K-lines fully synced.
2026-05-06 13:14:47.783 | INFO     | IntradayMonitor | 盘中监控器已就绪（默认仅告警模式）
2026-05-06 13:14:47.783 | INFO     | IntradayMonitor | 监控模式: 执行=是 时机=intraday
2026-05-06 13:14:47.783 | INFO     | API-SimTrader | 监控: 执行=是 时机=intraday
2026-05-06 13:14:47.784 | INFO     | IntradayMonitor | 监控模式: 执行=否 时机=intraday
2026-05-06 13:14:47.784 | INFO     | API-SimTrader | 监控: 执行=否 时机=intraday
2026-05-06 13:14:47.784 | INFO     | IntradayMonitor | 监控模式: 执行=是 时机=intraday
2026-05-06 13:14:47.784 | INFO     | API-SimTrader | 监控: 执行=是 时机=intraday
2026-05-06 13:15:00.015 | INFO     | CronScheduler | CronScheduler | [热度计算] 开始刷新板块热度...
2026-05-06 13:15:13.263 | INFO     | HeatCalc   | 加载了 5525 只股票的最近日线数据
2026-05-06 13:15:27.577 | INFO     | HeatCalc   | 热度计算完成: 873 概念, 110 板块
2026-05-06 13:15:53.625 | ERROR    | RedisManager | Redis 连接失败 (localhost:6379): Error 10061 connecting to localhost:6379. 由于目标计算机积极拒绝，无法连接。.
2026-05-06 13:16:29.900 | INFO     | DuckDB     | DuckDB | 所有核心表结构初始化完成 (含热点板块)
2026-05-06 13:16:29.900 | INFO     | DuckDB     | DuckDB 核心就绪: E:\1target\p9_project\quant-platform\data\meta\meta.db
2026-05-06 13:16:30.494 | INFO     | API-Server | P9 Quant Platform Background Tasks Startup...
2026-05-06 13:16:30.498 | INFO     | CronScheduler | CronScheduler | 每日数据收割机被安排在每个工作日的 08:30 执行。
2026-05-06 13:16:30.507 | INFO     | CronScheduler | CronScheduler | 每日数据收割机被安排在每个工作日的 17:30 执行。
2026-05-06 13:16:30.507 | INFO     | CronScheduler | CronScheduler | Redis→DuckDB 收割机已安排在每个工作日 15:30 执行。
2026-05-06 13:16:30.507 | INFO     | CronScheduler | CronScheduler | 概念数据同步已安排在每日 09:00 执行。
2026-05-06 13:16:30.507 | INFO     | CronScheduler | CronScheduler | 板块热度重算已安排在每个交易日 5 分钟/次。
2026-05-06 13:16:30.508 | INFO     | CronScheduler | CronScheduler | 收盘热度终版快照已安排在 15:30 执行。
2026-05-06 13:16:30.508 | INFO     | CronScheduler | CronScheduler | 模拟盘尾盘交易已安排在 14:52 执行。
2026-05-06 13:16:30.508 | INFO     | CronScheduler | CronScheduler | 盘中监控全量扫描已安排（每分钟，兜底）。
2026-05-06 13:16:30.508 | INFO     | CronScheduler | CronScheduler | 自动调度服务(APScheduler) 已启动。
2026-05-06 13:16:35.524 | INFO     | ParquetPipeline | ParquetPipeline | Fetching daily k-lines from 20260426 to 20260506...
2026-05-06 13:16:35.648 | INFO     | ParquetPipeline | ParquetPipeline | Pulling market for 20260506...
2026-05-06 13:16:35.772 | INFO     | ParquetPipeline | ParquetPipeline | Pulling market for 20260430...
2026-05-06 13:16:36.451 | INFO     | ParquetPipeline | ParquetPipeline | Pulling market for 20260429...
2026-05-06 13:16:37.206 | INFO     | ParquetPipeline | ParquetPipeline | Pulling market for 20260428...
2026-05-06 13:16:37.935 | INFO     | ParquetPipeline | ParquetPipeline | Pulling market for 20260427...
2026-05-06 13:16:38.642 | INFO     | ParquetPipeline | ParquetPipeline | Writing 5507 stocks to Parquet...
2026-05-06 13:17:34.060 | INFO     | DuckDB     | DuckDB | 创建虚拟视图成功: kline_daily_view -> E:/1target/p9_project/quant-platform/data/parquet/daily/*.parquet
2026-05-06 13:17:34.060 | INFO     | ParquetPipeline | ParquetPipeline | Daily K-lines fully synced.
2026-05-06 13:20:00.013 | INFO     | CronScheduler | CronScheduler | [热度计算] 开始刷新板块热度...
2026-05-06 13:20:11.159 | INFO     | HeatCalc   | 加载了 5525 只股票的最近日线数据
2026-05-06 13:20:20.825 | INFO     | HeatCalc   | 热度计算完成: 873 概念, 110 板块
2026-05-06 13:20:45.937 | ERROR    | RedisManager | Redis 连接失败 (localhost:6379): Error 10061 connecting to localhost:6379. 由于目标计算机积极拒绝，无法连接。.
2026-05-06 13:21:28.860 | INFO     | CronScheduler | CronScheduler | [热度计算] 完成: {'concepts_processed': 873, 'sectors_processed': 110, 'trade_date': '2026-05-06'}
2026-05-06 13:25:00.013 | INFO     | CronScheduler | CronScheduler | [热度计算] 开始刷新板块热度...
2026-05-06 13:25:17.089 | INFO     | HeatCalc   | 加载了 5525 只股票的最近日线数据
2026-05-06 13:25:33.710 | INFO     | HeatCalc   | 热度计算完成: 873 概念, 110 板块
2026-05-06 13:26:20.242 | INFO     | CronScheduler | CronScheduler | [热度计算] 完成: {'concepts_processed': 873, 'sectors_processed': 110, 'trade_date': '2026-05-06'}
2026-05-06 13:30:00.011 | INFO     | CronScheduler | CronScheduler | [热度计算] 开始刷新板块热度...
2026-05-06 13:30:17.125 | INFO     | HeatCalc   | 加载了 5525 只股票的最近日线数据
2026-05-06 13:30:36.686 | INFO     | HeatCalc   | 热度计算完成: 873 概念, 110 板块
2026-05-06 13:31:18.019 | INFO     | CronScheduler | CronScheduler | [热度计算] 完成: {'concepts_processed': 873, 'sectors_processed': 110, 'trade_date': '2026-05-06'}
2026-05-06 13:35:00.003 | INFO     | CronScheduler | CronScheduler | [热度计算] 开始刷新板块热度...
2026-05-06 13:35:16.644 | INFO     | HeatCalc   | 加载了 5525 只股票的最近日线数据
2026-05-06 13:35:37.990 | INFO     | HeatCalc   | 热度计算完成: 873 概念, 110 板块
2026-05-06 13:36:26.793 | INFO     | CronScheduler | CronScheduler | [热度计算] 完成: {'concepts_processed': 873, 'sectors_processed': 110, 'trade_date': '2026-05-06'}
2026-05-06 13:40:00.016 | INFO     | CronScheduler | CronScheduler | [热度计算] 开始刷新板块热度...
2026-05-06 13:40:15.489 | INFO     | HeatCalc   | 加载了 5525 只股票的最近日线数据
2026-05-06 13:40:38.649 | INFO     | HeatCalc   | 热度计算完成: 873 概念, 110 板块
2026-05-06 13:41:28.492 | INFO     | CronScheduler | CronScheduler | [热度计算] 完成: {'concepts_processed': 873, 'sectors_processed': 110, 'trade_date': '2026-05-06'}
2026-05-06 13:45:00.014 | INFO     | CronScheduler | CronScheduler | [热度计算] 开始刷新板块热度...
2026-05-06 13:45:15.883 | INFO     | HeatCalc   | 加载了 5525 只股票的最近日线数据
2026-05-06 13:45:40.103 | INFO     | HeatCalc   | 热度计算完成: 873 概念, 110 板块
2026-05-06 13:46:21.481 | INFO     | CronScheduler | CronScheduler | [热度计算] 完成: {'concepts_processed': 873, 'sectors_processed': 110, 'trade_date': '2026-05-06'}
2026-05-06 13:50:00.012 | INFO     | CronScheduler | CronScheduler | [热度计算] 开始刷新板块热度...
2026-05-06 13:50:15.580 | INFO     | HeatCalc   | 加载了 5525 只股票的最近日线数据
2026-05-06 13:50:41.474 | INFO     | HeatCalc   | 热度计算完成: 873 概念, 110 板块
2026-05-06 13:51:24.318 | INFO     | CronScheduler | CronScheduler | [热度计算] 完成: {'concepts_processed': 873, 'sectors_processed': 110, 'trade_date': '2026-05-06'}
2026-05-06 13:55:00.008 | INFO     | CronScheduler | CronScheduler | [热度计算] 开始刷新板块热度...
2026-05-06 13:55:16.240 | INFO     | HeatCalc   | 加载了 5525 只股票的最近日线数据
2026-05-06 13:55:44.677 | INFO     | HeatCalc   | 热度计算完成: 873 概念, 110 板块
2026-05-06 13:56:27.567 | INFO     | CronScheduler | CronScheduler | [热度计算] 完成: {'concepts_processed': 873, 'sectors_processed': 110, 'trade_date': '2026-05-06'}
2026-05-06 14:00:00.002 | INFO     | CronScheduler | CronScheduler | [热度计算] 开始刷新板块热度...
2026-05-06 14:00:15.698 | INFO     | HeatCalc   | 加载了 5525 只股票的最近日线数据
2026-05-06 14:00:45.343 | INFO     | HeatCalc   | 热度计算完成: 873 概念, 110 板块
2026-05-06 14:01:34.689 | INFO     | CronScheduler | CronScheduler | [热度计算] 完成: {'concepts_processed': 873, 'sectors_processed': 110, 'trade_date': '2026-05-06'}
2026-05-06 14:05:00.001 | INFO     | CronScheduler | CronScheduler | [热度计算] 开始刷新板块热度...
2026-05-06 14:05:16.304 | INFO     | HeatCalc   | 加载了 5525 只股票的最近日线数据
2026-05-06 14:05:47.023 | INFO     | HeatCalc   | 热度计算完成: 873 概念, 110 板块
2026-05-06 14:06:39.416 | INFO     | CronScheduler | CronScheduler | [热度计算] 完成: {'concepts_processed': 873, 'sectors_processed': 110, 'trade_date': '2026-05-06'}
2026-05-06 14:10:00.015 | INFO     | CronScheduler | CronScheduler | [热度计算] 开始刷新板块热度...
2026-05-06 14:10:16.541 | INFO     | HeatCalc   | 加载了 5525 只股票的最近日线数据
2026-05-06 14:10:48.607 | INFO     | HeatCalc   | 热度计算完成: 873 概念, 110 板块
2026-05-06 14:11:29.303 | INFO     | CronScheduler | CronScheduler | [热度计算] 完成: {'concepts_processed': 873, 'sectors_processed': 110, 'trade_date': '2026-05-06'}
2026-05-06 14:15:00.014 | INFO     | CronScheduler | CronScheduler | [热度计算] 开始刷新板块热度...
2026-05-06 14:15:16.497 | INFO     | HeatCalc   | 加载了 5525 只股票的最近日线数据
2026-05-06 14:15:48.553 | INFO     | HeatCalc   | 热度计算完成: 873 概念, 110 板块
2026-05-06 14:16:36.408 | INFO     | CronScheduler | CronScheduler | [热度计算] 完成: {'concepts_processed': 873, 'sectors_processed': 110, 'trade_date': '2026-05-06'}
2026-05-06 14:20:00.004 | INFO     | CronScheduler | CronScheduler | [热度计算] 开始刷新板块热度...
2026-05-06 14:20:16.754 | INFO     | HeatCalc   | 加载了 5525 只股票的最近日线数据
2026-05-06 14:20:49.789 | INFO     | HeatCalc   | 热度计算完成: 873 概念, 110 板块
2026-05-06 14:21:34.344 | INFO     | CronScheduler | CronScheduler | [热度计算] 完成: {'concepts_processed': 873, 'sectors_processed': 110, 'trade_date': '2026-05-06'}
2026-05-06 14:25:00.012 | INFO     | CronScheduler | CronScheduler | [热度计算] 开始刷新板块热度...
2026-05-06 14:25:17.268 | INFO     | HeatCalc   | 加载了 5525 只股票的最近日线数据
2026-05-06 14:25:51.939 | INFO     | HeatCalc   | 热度计算完成: 873 概念, 110 板块
2026-05-06 14:26:43.131 | INFO     | CronScheduler | CronScheduler | [热度计算] 完成: {'concepts_processed': 873, 'sectors_processed': 110, 'trade_date': '2026-05-06'}
2026-05-06 14:30:00.003 | INFO     | CronScheduler | CronScheduler | [热度计算] 开始刷新板块热度...
2026-05-06 14:30:17.779 | INFO     | HeatCalc   | 加载了 5525 只股票的最近日线数据
2026-05-06 14:30:53.274 | INFO     | HeatCalc   | 热度计算完成: 873 概念, 110 板块
2026-05-06 14:31:38.018 | INFO     | CronScheduler | CronScheduler | [热度计算] 完成: {'concepts_processed': 873, 'sectors_processed': 110, 'trade_date': '2026-05-06'}
2026-05-06 14:35:00.013 | INFO     | CronScheduler | CronScheduler | [热度计算] 开始刷新板块热度...
2026-05-06 14:35:17.239 | INFO     | HeatCalc   | 加载了 5525 只股票的最近日线数据
2026-05-06 14:35:53.188 | INFO     | HeatCalc   | 热度计算完成: 873 概念, 110 板块
2026-05-06 14:36:46.599 | INFO     | CronScheduler | CronScheduler | [热度计算] 完成: {'concepts_processed': 873, 'sectors_processed': 110, 'trade_date': '2026-05-06'}
2026-05-06 14:40:00.015 | INFO     | CronScheduler | CronScheduler | [热度计算] 开始刷新板块热度...
2026-05-06 14:40:17.647 | INFO     | HeatCalc   | 加载了 5525 只股票的最近日线数据
2026-05-06 14:40:53.901 | INFO     | HeatCalc   | 热度计算完成: 873 概念, 110 板块
2026-05-06 14:41:41.744 | INFO     | CronScheduler | CronScheduler | [热度计算] 完成: {'concepts_processed': 873, 'sectors_processed': 110, 'trade_date': '2026-05-06'}
2026-05-06 14:45:00.014 | INFO     | CronScheduler | CronScheduler | [热度计算] 开始刷新板块热度...
2026-05-06 14:45:17.621 | INFO     | HeatCalc   | 加载了 5525 只股票的最近日线数据
2026-05-06 14:45:54.825 | INFO     | HeatCalc   | 热度计算完成: 873 概念, 110 板块
2026-05-06 14:46:41.059 | INFO     | CronScheduler | CronScheduler | [热度计算] 完成: {'concepts_processed': 873, 'sectors_processed': 110, 'trade_date': '2026-05-06'}
2026-05-06 14:50:00.001 | INFO     | CronScheduler | CronScheduler | [热度计算] 开始刷新板块热度...
2026-05-06 14:50:17.757 | INFO     | HeatCalc   | 加载了 5525 只股票的最近日线数据
2026-05-06 14:50:55.556 | INFO     | HeatCalc   | 热度计算完成: 873 概念, 110 板块
2026-05-06 14:51:39.681 | INFO     | CronScheduler | CronScheduler | [热度计算] 完成: {'concepts_processed': 873, 'sectors_processed': 110, 'trade_date': '2026-05-06'}
2026-05-06 14:52:00.006 | INFO     | CronScheduler | CronScheduler | [模拟盘] 14:52 开始执行尾盘交易: 2026-05-06
2026-05-06 14:52:45.571 | INFO     | CronScheduler | CronScheduler | [模拟盘] 2026-05-06 非交易日，跳过
2026-05-06 14:55:00.007 | INFO     | CronScheduler | CronScheduler | [热度计算] 开始刷新板块热度...
2026-05-06 14:55:16.795 | INFO     | HeatCalc   | 加载了 5525 只股票的最近日线数据
2026-05-06 14:55:52.994 | INFO     | HeatCalc   | 热度计算完成: 873 概念, 110 板块
2026-05-06 14:56:39.735 | INFO     | CronScheduler | CronScheduler | [热度计算] 完成: {'concepts_processed': 873, 'sectors_processed': 110, 'trade_date': '2026-05-06'}
2026-05-06 15:30:00.005 | INFO     | CronScheduler | CronScheduler | [热度终版] 开始执行收盘快照...
2026-05-06 15:30:00.005 | INFO     | CronScheduler | CronScheduler | [Redis收割] 开始将盘中最高价缓存同步回 DuckDB...
2026-05-06 15:30:17.747 | INFO     | HeatCalc   | 加载了 5525 只股票的最近日线数据
2026-05-06 15:30:25.263 | ERROR    | CronScheduler | CronScheduler | [Redis收割] 严重异常: Error 10061 connecting to localhost:6379. 由于目标计算机积极拒绝，无法连接。.
2026-05-06 15:30:54.949 | INFO     | HeatCalc   | 热度计算完成: 873 概念, 110 板块
2026-05-06 15:31:34.204 | INFO     | CronScheduler | CronScheduler | [热度终版] 完成: {'concepts_processed': 873, 'sectors_processed': 110, 'trade_date': '2026-05-06'}
2026-05-06 15:59:32.057 | INFO     | DuckDB     | DuckDB | 所有核心表结构初始化完成 (含热点板块)
2026-05-06 15:59:32.065 | INFO     | DuckDB     | DuckDB 核心就绪: E:\1target\p9_project\quant-platform\data\meta\meta.db
2026-05-06 15:59:34.344 | INFO     | API-Server | P9 Quant Platform Background Tasks Startup...
2026-05-06 15:59:34.355 | INFO     | CronScheduler | CronScheduler | 每日数据收割机被安排在每个工作日的 08:30 执行。
2026-05-06 15:59:34.357 | INFO     | CronScheduler | CronScheduler | 每日数据收割机被安排在每个工作日的 17:30 执行。
2026-05-06 15:59:34.358 | INFO     | CronScheduler | CronScheduler | Redis→DuckDB 收割机已安排在每个工作日 15:30 执行。
2026-05-06 15:59:34.360 | INFO     | CronScheduler | CronScheduler | 概念数据同步已安排在每日 09:00 执行。
2026-05-06 15:59:34.361 | INFO     | CronScheduler | CronScheduler | 板块热度重算已安排在每个交易日 5 分钟/次。
2026-05-06 15:59:34.362 | INFO     | CronScheduler | CronScheduler | 收盘热度终版快照已安排在 15:30 执行。
2026-05-06 15:59:34.364 | INFO     | CronScheduler | CronScheduler | 模拟盘尾盘交易已安排在 14:52 执行。
2026-05-06 15:59:34.369 | INFO     | CronScheduler | CronScheduler | 盘中监控全量扫描已安排（每分钟，兜底）。
2026-05-06 15:59:34.370 | INFO     | CronScheduler | CronScheduler | 自动调度服务(APScheduler) 已启动。
2026-05-06 15:59:39.381 | INFO     | ParquetPipeline | ParquetPipeline | Fetching daily k-lines from 20260426 to 20260506...
2026-05-06 15:59:39.511 | INFO     | ParquetPipeline | ParquetPipeline | Pulling market for 20260506...
2026-05-06 15:59:39.631 | INFO     | ParquetPipeline | ParquetPipeline | Pulling market for 20260430...
2026-05-06 15:59:40.563 | INFO     | ParquetPipeline | ParquetPipeline | Pulling market for 20260429...
2026-05-06 15:59:41.663 | INFO     | ParquetPipeline | ParquetPipeline | Pulling market for 20260428...
2026-05-06 15:59:42.604 | INFO     | ParquetPipeline | ParquetPipeline | Pulling market for 20260427...
2026-05-06 15:59:43.390 | INFO     | ParquetPipeline | ParquetPipeline | Writing 5507 stocks to Parquet...
2026-05-06 15:59:53.205 | ERROR    | DuckDB     | DuckDB | 批量加载 K 线失败: Prefetch registered for bytes outside file: E:\1target\p9_project\quant-platform\data\parquet\daily\000027.parquet, attempted range: [82867, 83123), file size: 0
2026-05-06 16:00:03.831 | INFO     | IntradayMonitor | 盘中监控器已就绪（默认仅告警模式）
2026-05-06 16:00:03.831 | INFO     | IntradayMonitor | 监控模式: 执行=否 时机=intraday
2026-05-06 16:00:03.832 | INFO     | API-SimTrader | 监控: 执行=否 时机=intraday
2026-05-06 16:00:03.836 | INFO     | IntradayMonitor | 监控模式: 执行=否 时机=close
2026-05-06 16:00:03.837 | INFO     | API-SimTrader | 监控: 执行=否 时机=close
2026-05-06 16:00:03.841 | INFO     | IntradayMonitor | 监控模式: 执行=是 时机=close
2026-05-06 16:00:03.842 | INFO     | API-SimTrader | 监控: 执行=是 时机=close
2026-05-06 16:00:03.842 | INFO     | IntradayMonitor | 监控模式: 执行=是 时机=intraday
2026-05-06 16:00:03.844 | INFO     | API-SimTrader | 监控: 执行=是 时机=intraday
2026-05-06 16:00:03.850 | INFO     | IntradayMonitor | 监控模式: 执行=否 时机=close
2026-05-06 16:00:03.851 | INFO     | API-SimTrader | 监控: 执行=否 时机=close
2026-05-06 16:00:03.857 | INFO     | IntradayMonitor | 监控模式: 执行=是 时机=close
2026-05-06 16:00:03.858 | INFO     | API-SimTrader | 监控: 执行=是 时机=close
2026-05-06 16:00:09.959 | INFO     | IntradayMonitor | 监控模式: 执行=是 时机=intraday
2026-05-06 16:00:09.959 | INFO     | API-SimTrader | 监控: 执行=是 时机=intraday
2026-05-06 16:00:11.091 | INFO     | IntradayMonitor | 监控模式: 执行=是 时机=close
2026-05-06 16:00:11.091 | INFO     | API-SimTrader | 监控: 执行=是 时机=close
2026-05-06 16:00:12.224 | INFO     | IntradayMonitor | 监控模式: 执行=是 时机=intraday
2026-05-06 16:00:12.224 | INFO     | API-SimTrader | 监控: 执行=是 时机=intraday
2026-05-06 16:00:13.838 | INFO     | IntradayMonitor | 监控模式: 执行=否 时机=intraday
2026-05-06 16:00:13.839 | INFO     | API-SimTrader | 监控: 执行=否 时机=intraday
2026-05-06 16:00:16.758 | INFO     | IntradayMonitor | 监控模式: 执行=是 时机=intraday
2026-05-06 16:00:16.759 | INFO     | API-SimTrader | 监控: 执行=是 时机=intraday
2026-05-06 16:00:56.717 | INFO     | IntradayMonitor | 监控模式: 执行=否 时机=intraday
2026-05-06 16:00:56.717 | INFO     | API-SimTrader | 监控: 执行=否 时机=intraday
2026-05-06 16:00:58.865 | INFO     | IntradayMonitor | 监控模式: 执行=是 时机=intraday
2026-05-06 16:00:58.866 | INFO     | API-SimTrader | 监控: 执行=是 时机=intraday
2026-05-06 16:01:02.835 | INFO     | IntradayMonitor | 监控模式: 执行=是 时机=close
2026-05-06 16:01:02.836 | INFO     | API-SimTrader | 监控: 执行=是 时机=close
2026-05-06 16:03:53.431 | INFO     | DuckDB     | DuckDB | 创建虚拟视图成功: kline_daily_view -> E:/1target/p9_project/quant-platform/data/parquet/daily/*.parquet
2026-05-06 16:03:53.432 | INFO     | ParquetPipeline | ParquetPipeline | Daily K-lines fully synced.
2026-05-06 16:09:06.427 | INFO     | DuckDB     | DuckDB | 所有核心表结构初始化完成 (含热点板块)
2026-05-06 16:09:06.427 | INFO     | DuckDB     | DuckDB 核心就绪: E:\1target\p9_project\quant-platform\data\meta\meta.db
2026-05-06 16:09:07.009 | INFO     | API-Server | P9 Quant Platform Background Tasks Startup...
2026-05-06 16:09:07.013 | INFO     | CronScheduler | CronScheduler | 每日数据收割机被安排在每个工作日的 08:30 执行。
2026-05-06 16:09:07.023 | INFO     | CronScheduler | CronScheduler | 每日数据收割机被安排在每个工作日的 17:30 执行。
2026-05-06 16:09:07.023 | INFO     | CronScheduler | CronScheduler | Redis→DuckDB 收割机已安排在每个工作日 15:30 执行。
2026-05-06 16:09:07.023 | INFO     | CronScheduler | CronScheduler | 概念数据同步已安排在每日 09:00 执行。
2026-05-06 16:09:07.023 | INFO     | CronScheduler | CronScheduler | 板块热度重算已安排在每个交易日 5 分钟/次。
2026-05-06 16:09:07.024 | INFO     | CronScheduler | CronScheduler | 收盘热度终版快照已安排在 15:30 执行。
2026-05-06 16:09:07.024 | INFO     | CronScheduler | CronScheduler | 模拟盘尾盘交易已安排在 14:52 执行。
2026-05-06 16:09:07.024 | INFO     | CronScheduler | CronScheduler | 盘中监控全量扫描已安排（每分钟，兜底）。
2026-05-06 16:09:07.024 | INFO     | CronScheduler | CronScheduler | 自动调度服务(APScheduler) 已启动。
2026-05-06 16:09:12.009 | INFO     | API-SimTrader | 开关: 卖出=执行 选股=开 买入=不买
2026-05-06 16:09:12.041 | INFO     | ParquetPipeline | ParquetPipeline | Fetching daily k-lines from 20260426 to 20260506...
2026-05-06 16:09:12.252 | INFO     | ParquetPipeline | ParquetPipeline | Pulling market for 20260506...
2026-05-06 16:09:13.220 | INFO     | ParquetPipeline | ParquetPipeline | Pulling market for 20260430...
2026-05-06 16:09:13.976 | INFO     | ParquetPipeline | ParquetPipeline | Pulling market for 20260429...
2026-05-06 16:09:14.818 | INFO     | ParquetPipeline | ParquetPipeline | Pulling market for 20260428...
2026-05-06 16:09:15.544 | INFO     | ParquetPipeline | ParquetPipeline | Pulling market for 20260427...
2026-05-06 16:09:16.294 | INFO     | ParquetPipeline | ParquetPipeline | Writing 5507 stocks to Parquet...
2026-05-06 16:10:41.637 | INFO     | DuckDB     | DuckDB | 创建虚拟视图成功: kline_daily_view -> E:/1target/p9_project/quant-platform/data/parquet/daily/*.parquet
2026-05-06 16:10:41.639 | INFO     | ParquetPipeline | ParquetPipeline | Daily K-lines fully synced.
2026-05-06 16:30:08.352 | INFO     | API-DataSync | [Async] [QMT] Start Sync (Freq: 1m, Range: Last 15d)
2026-05-06 17:06:05.358 | SUCCESS  | API-DataSync | [Sync] 外部任务反馈同步完成: [Worker] 🎉 专线同步引擎 (1m) 全面告捷！物理存储已同步就绪。
2026-05-06 17:30:00.007 | INFO     | CronScheduler | CronScheduler ========= [全自动日线/面料收取管道] 起步 =========
2026-05-06 17:30:00.090 | INFO     | QMT-StockSync | QMT 返回 5202 只股票代码
2026-05-06 17:30:00.105 | WARNING  | QMT-StockSync | 检测到 311 只退市/摘牌股票，正在标记...
2026-05-06 17:30:00.129 | INFO     | DuckDB     | 标记退市: ['920592', '920821', '920121', '920946', '920833', '920030', '920100', '920087', '920249', '920792', '920953', '920237', '920177', '920748', '920508', '920207', '920263', '920068', '920735', '920961', '920751', '920086', '920580', '920493', '920022', '920012', '920101', '920099', '920856', '920029', '920504', '920116', '920125', '920230', '920642', '920720', '920002', '920826', '920427', '920007', '920003', '920167', '920050', '920703', '920057', '920469', '920185', '920271', '920943', '920768', '920091', '920128', '920571', '920247', '920415', '920579', '920374', '920066', '920045', '920656', '920974', '920575', '920870', '920159', '920001', '920299', '920199', '920753', '920809', '920006', '920665', '920118', '920139', '920950', '920496', '920526', '920183', '920802', '920169', '920195', '920191', '920082', '920414', '920000', '920876', '920149', '920363', '920438', '920028', '920570', '920693', '920523', '920885', '920790', '920378', '920033', '920445', '920008', '920394', '920699', '920634', '920779', '920225', '920260', '920108', '920020', '920266', '920726', '920181', '920407', '920706', '920942', '920300', '920261', '920640', '920123', '920425', '920976', '920060', '920392', '920111', '920429', '920026', '920476', '920180', '920418', '920145', '920786', '920146', '920242', '920978', '920046', '920925', '920982', '920119', '920027', '920171', '920305', '920522', '920273', '920964', '920985', '920694', '920578', '920204', '920368', '920685', '920541', '920914', '920088', '920906', '920090', '920895', '920931', '920186', '920765', '920075', '920351', '920478', '920346', '920403', '920553', '920221', '920663', '920208', '920866', '920670', '920187', '920970', '920227', '920489', '920284', '920076', '920056', '920367', '920014', '920160', '920239', '920036', '920556', '920436', '920262', '920304', '920527', '920019', '920106', '920078', '920130', '920252', '920433', '920267', '920179', '920770', '920018', '920005', '920089', '920576', '920015', '920896', '920011', '920892', '920396', '920156', '920682', '920505', '920077', '920069', '920062', '920639', '920855', '920510', '920857', '920717', '920158', '920627', '920174', '920509', '920608', '920718', '920839', '920701', '920370', '920122', '920679', '920371', '920599', '920675', '920879', '920278', '920021', '920662', '920166', '920152', '920395', '920223', '920810', '920375', '920533', '920992', '920339', '920566', '920837', '920098', '920009', '920092', '920112', '920035', '920132', '920055', '920188', '920198', '920873', '920039', '920270', '920781', '920924', '920190', '920275', '920274', '920491', '920010', '920245', '920641', '920799', '920080', '920357', '920454', '920405', '920212', '920806', '920932', '920719', '920819', '920725', '920175', '920058', '920808', '920651', '920124', '920017', '920344', '920419', '920037', '920593', '920926', '920471', '920971', '920016', '920023', '920163', '920422', '920402', '920455', '920168', '920690', '920689', '920519', '920110', '920047', '920981', '920807', '920871', '920061', '920957', '920834', '920547', '920729', '920564', '920832', '920475', '920184']
2026-05-06 17:30:00.130 | INFO     | QMT-StockSync | 股票同步完成: QMT 5202 只, DB活跃 5513 只, 新增 0, 退市 311
2026-05-06 17:30:00.132 | INFO     | CronScheduler | 股票列表同步: 新增 0, 退市 311
2026-05-06 17:30:00.133 | INFO     | TushareSync | Fetching stock basics from Tushare...
2026-05-06 17:30:00.550 | INFO     | DuckDB     | 更新股票元数据: 5512 条
2026-05-06 17:30:00.550 | INFO     | TushareSync | Successfully synced 5512 stock basics.
2026-05-06 17:30:00.551 | INFO     | TushareSync | Fetching daily basics snapshot from Tushare (Date: Latest)...
2026-05-06 17:30:01.236 | INFO     | TushareSync | Pulling more financial indicators (ROE, Margin) in chunks of 100...
2026-05-06 17:32:36.743 | INFO     | DuckDB     | 更新股票基本面数据: 5490 条
2026-05-06 17:32:36.743 | INFO     | TushareSync | Successfully synced 5490 fundamentals records with enhanced indicators.
2026-05-06 17:32:36.746 | INFO     | ParquetPipeline | ParquetPipeline | Fetching daily k-lines from 20260429 to 20260506...
2026-05-06 17:32:36.869 | INFO     | ParquetPipeline | ParquetPipeline | Pulling market for 20260506...
2026-05-06 17:32:37.639 | INFO     | ParquetPipeline | ParquetPipeline | Pulling market for 20260430...
2026-05-06 17:32:38.458 | INFO     | ParquetPipeline | ParquetPipeline | Pulling market for 20260429...
2026-05-06 17:32:39.255 | INFO     | ParquetPipeline | ParquetPipeline | Writing 5504 stocks to Parquet...
2026-05-06 17:35:20.806 | INFO     | DuckDB     | DuckDB | 创建虚拟视图成功: kline_daily_view -> E:/1target/p9_project/quant-platform/data/parquet/daily/*.parquet
2026-05-06 17:35:20.806 | INFO     | ParquetPipeline | ParquetPipeline | Daily K-lines fully synced.
2026-05-06 17:35:20.862 | INFO     | CronScheduler | CronScheduler ========= [收取管道] 完美结束 =========
2026-05-06 21:09:33.681 | WARNING  | DuckDB     | DuckDB | 数据库占用中，准备重试... (1/5)
2026-05-06 21:09:34.297 | WARNING  | DuckDB     | DuckDB | 数据库占用中，准备重试... (2/5)
2026-05-06 21:09:34.909 | WARNING  | DuckDB     | DuckDB | 数据库占用中，准备重试... (3/5)
2026-05-06 21:09:35.522 | WARNING  | DuckDB     | DuckDB | 数据库占用中，准备重试... (4/5)
2026-05-06 21:09:36.142 | ERROR    | DuckDB     | DuckDB | 无法连接到数据库: IO Error: Cannot open file "E:\1target\p9_project\quant-platform\data\meta\meta.db": 另一个程序正在使用此文件，进程无法访问。

File is already open in 
C:\Python314\python.exe (PID 17348)
2026-05-06 21:09:36.151 | ERROR    | DuckDB     | DuckDB | 初始化表结构失败: IO Error: Cannot open file "E:\1target\p9_project\quant-platform\data\meta\meta.db": 另一个程序正在使用此文件，进程无法访问。

File is already open in 
C:\Python314\python.exe (PID 17348)
