2026-05-05 00:18:53.314 | INFO     | DuckDB     | DuckDB | 所有核心表结构初始化完成 (含热点板块)
2026-05-05 00:18:53.314 | INFO     | DuckDB     | DuckDB 核心就绪: E:\1target\p9_project\quant-platform\data\meta\meta.db
2026-05-05 00:18:55.637 | INFO     | API-Server | P9 Quant Platform Background Tasks Startup...
2026-05-05 00:18:55.642 | INFO     | CronScheduler | CronScheduler | 每日数据收割机被安排在每个工作日的 08:30 执行。
2026-05-05 00:18:55.643 | INFO     | CronScheduler | CronScheduler | 每日数据收割机被安排在每个工作日的 17:30 执行。
2026-05-05 00:18:55.643 | INFO     | CronScheduler | CronScheduler | Redis→DuckDB 收割机已安排在每个工作日 15:30 执行。
2026-05-05 00:18:55.643 | INFO     | CronScheduler | CronScheduler | 概念数据同步已安排在每日 09:00 执行。
2026-05-05 00:18:55.644 | INFO     | CronScheduler | CronScheduler | 板块热度重算已安排在每个交易日 5 分钟/次。
2026-05-05 00:18:55.644 | INFO     | CronScheduler | CronScheduler | 收盘热度终版快照已安排在 15:30 执行。
2026-05-05 00:18:55.644 | INFO     | CronScheduler | CronScheduler | 自动调度服务(APScheduler) 已启动。
2026-05-05 00:19:00.655 | INFO     | ParquetPipeline | ParquetPipeline | Fetching daily k-lines from 20260425 to 20260505...
2026-05-05 00:19:00.786 | INFO     | ParquetPipeline | ParquetPipeline | Pulling market for 20260430...
2026-05-05 00:19:01.575 | INFO     | ParquetPipeline | ParquetPipeline | Pulling market for 20260429...
2026-05-05 00:19:02.352 | INFO     | ParquetPipeline | ParquetPipeline | Pulling market for 20260428...
2026-05-05 00:19:03.148 | INFO     | ParquetPipeline | ParquetPipeline | Pulling market for 20260427...
2026-05-05 00:19:03.883 | INFO     | ParquetPipeline | ParquetPipeline | Writing 5507 stocks to Parquet...
2026-05-05 00:19:58.529 | INFO     | DuckDB     | DuckDB | 所有核心表结构初始化完成 (含热点板块)
2026-05-05 00:19:58.529 | INFO     | DuckDB     | DuckDB 核心就绪: E:\1target\p9_project\quant-platform\data\meta\meta.db
2026-05-05 00:19:58.536 | INFO     | Backtest   | [回测 1/5] 筛选回测目标股票...
2026-05-05 00:19:58.546 | INFO     | Backtest   | [回测 2/5] 加载 4972 只股票的历史数据进行快速扫描...
2026-05-05 00:20:16.759 | INFO     | Backtest   | [回测 3/5] 计算策略信号 (基于日线信号库)...
2026-05-05 00:20:16.772 | INFO     | Screener   | 🧬 [Loader] 识别到类继承策略: MA5AngleOriginalStrategy
2026-05-05 00:20:21.087 | INFO     | Backtest   | [回测 4/5] 处理 4845 条信号，执行精细分钟线仿真...
2026-05-05 00:20:21.091 | INFO     | Backtest   | [回测 4/5] 模拟第 1/4845 笔交易: 升达林业...
2026-05-05 00:20:21.360 | INFO     | Backtest   | [回测 4/5] 模拟第 11/4845 笔交易: 万丰股份...
2026-05-05 00:20:21.657 | INFO     | Backtest   | [回测 4/5] 模拟第 21/4845 笔交易: 恒誉环保...
2026-05-05 00:20:21.954 | INFO     | Backtest   | [回测 4/5] 模拟第 31/4845 笔交易: 锦鸡股份...
2026-05-05 00:20:22.284 | INFO     | Backtest   | [回测 4/5] 模拟第 41/4845 笔交易: 君正集团...
2026-05-05 00:20:22.605 | INFO     | Backtest   | [回测 4/5] 模拟第 51/4845 笔交易: 海洋王...
2026-05-05 00:20:22.898 | INFO     | Backtest   | [回测 4/5] 模拟第 61/4845 笔交易: 三雄极光...
2026-05-05 00:20:23.193 | INFO     | Backtest   | [回测 4/5] 模拟第 71/4845 笔交易: 世名科技...
2026-05-05 00:20:23.471 | INFO     | Backtest   | [回测 4/5] 模拟第 81/4845 笔交易: 朝阳科技...
2026-05-05 00:20:23.773 | INFO     | Backtest   | [回测 4/5] 模拟第 91/4845 笔交易: 生意宝...
2026-05-05 00:20:24.062 | INFO     | Backtest   | [回测 4/5] 模拟第 101/4845 笔交易: 联建光电...
2026-05-05 00:20:24.403 | INFO     | Backtest   | [回测 4/5] 模拟第 111/4845 笔交易: 众源新材...
2026-05-05 00:20:24.737 | INFO     | Backtest   | [回测 4/5] 模拟第 121/4845 笔交易: 遥望科技...
2026-05-05 00:20:25.054 | INFO     | Backtest   | [回测 4/5] 模拟第 131/4845 笔交易: 歌尔股份...
2026-05-05 00:20:25.361 | INFO     | Backtest   | [回测 4/5] 模拟第 141/4845 笔交易: 激智科技...
2026-05-05 00:20:25.667 | INFO     | Backtest   | [回测 4/5] 模拟第 151/4845 笔交易: 方正科技...
2026-05-05 00:20:26.004 | INFO     | Backtest   | [回测 4/5] 模拟第 161/4845 笔交易: 烽火通信...
2026-05-05 00:20:26.316 | INFO     | Backtest   | [回测 4/5] 模拟第 171/4845 笔交易: 凯恩股份...
2026-05-05 00:20:26.646 | INFO     | Backtest   | [回测 4/5] 模拟第 181/4845 笔交易: 龙韵股份...
2026-05-05 00:20:26.951 | INFO     | Backtest   | [回测 4/5] 模拟第 191/4845 笔交易: 国安股份...
2026-05-05 00:20:27.276 | INFO     | Backtest   | [回测 4/5] 模拟第 201/4845 笔交易: 柏诚股份...
2026-05-05 00:20:27.627 | INFO     | Backtest   | [回测 4/5] 模拟第 211/4845 笔交易: 物产金轮...
2026-05-05 00:20:27.967 | INFO     | Backtest   | [回测 4/5] 模拟第 221/4845 笔交易: 星源材质...
2026-05-05 00:20:28.286 | INFO     | Backtest   | [回测 4/5] 模拟第 231/4845 笔交易: 深纺织Ａ...
2026-05-05 00:20:28.613 | INFO     | Backtest   | [回测 4/5] 模拟第 241/4845 笔交易: 神思电子...
2026-05-05 00:20:28.935 | INFO     | Backtest   | [回测 4/5] 模拟第 251/4845 笔交易: 道明光学...
2026-05-05 00:20:29.274 | INFO     | Backtest   | [回测 4/5] 模拟第 261/4845 笔交易: 清源股份...
2026-05-05 00:20:29.577 | INFO     | Backtest   | [回测 4/5] 模拟第 271/4845 笔交易: 南矿集团...
2026-05-05 00:20:29.929 | INFO     | Backtest   | [回测 4/5] 模拟第 281/4845 笔交易: 蒙草生态...
2026-05-05 00:20:30.278 | INFO     | Backtest   | [回测 4/5] 模拟第 291/4845 笔交易: 金石亚药...
2026-05-05 00:20:30.613 | INFO     | Backtest   | [回测 4/5] 模拟第 301/4845 笔交易: 贵绳股份...
2026-05-05 00:20:30.954 | INFO     | Backtest   | [回测 4/5] 模拟第 311/4845 笔交易: 有研硅...
2026-05-05 00:20:31.298 | INFO     | Backtest   | [回测 4/5] 模拟第 321/4845 笔交易: 四川双马...
2026-05-05 00:20:31.633 | INFO     | Backtest   | [回测 4/5] 模拟第 331/4845 笔交易: 名臣健康...
2026-05-05 00:20:31.962 | INFO     | Backtest   | [回测 4/5] 模拟第 341/4845 笔交易: 红塔证券...
2026-05-05 00:20:32.278 | INFO     | Backtest   | [回测 4/5] 模拟第 351/4845 笔交易: 爱朋医疗...
2026-05-05 00:20:32.604 | INFO     | Backtest   | [回测 4/5] 模拟第 361/4845 笔交易: 起帆电缆...
2026-05-05 00:20:32.957 | INFO     | Backtest   | [回测 4/5] 模拟第 371/4845 笔交易: 兴业股份...
2026-05-05 00:20:33.292 | INFO     | Backtest   | [回测 4/5] 模拟第 381/4845 笔交易: 赛维时代...
2026-05-05 00:20:33.612 | INFO     | Backtest   | [回测 4/5] 模拟第 391/4845 笔交易: 三态股份...
2026-05-05 00:20:33.930 | INFO     | Backtest   | [回测 4/5] 模拟第 401/4845 笔交易: 兴欣新材...
2026-05-05 00:20:34.256 | INFO     | Backtest   | [回测 4/5] 模拟第 411/4845 笔交易: 云南能投...
2026-05-05 00:20:34.597 | INFO     | Backtest   | [回测 4/5] 模拟第 421/4845 笔交易: 艾比森...
2026-05-05 00:20:34.906 | INFO     | Backtest   | [回测 4/5] 模拟第 431/4845 笔交易: 国旅联合...
2026-05-05 00:20:35.216 | INFO     | Backtest   | [回测 4/5] 模拟第 441/4845 笔交易: 森远股份...
2026-05-05 00:20:35.487 | INFO     | Backtest   | [回测 4/5] 模拟第 451/4845 笔交易: 正虹科技...
2026-05-05 00:20:35.782 | INFO     | Backtest   | [回测 4/5] 模拟第 461/4845 笔交易: 荣盛发展...
2026-05-05 00:20:36.082 | INFO     | Backtest   | [回测 4/5] 模拟第 471/4845 笔交易: 宝立食品...
2026-05-05 00:20:36.408 | INFO     | Backtest   | [回测 4/5] 模拟第 481/4845 笔交易: 青岛食品...
2026-05-05 00:20:36.742 | INFO     | Backtest   | [回测 4/5] 模拟第 491/4845 笔交易: 安阳钢铁...
2026-05-05 00:20:37.081 | INFO     | Backtest   | [回测 4/5] 模拟第 501/4845 笔交易: 一心堂...
2026-05-05 00:20:37.371 | INFO     | Backtest   | [回测 4/5] 模拟第 511/4845 笔交易: 高乐股份...
2026-05-05 00:20:37.643 | INFO     | Backtest   | [回测 4/5] 模拟第 521/4845 笔交易: 海伦钢琴...
2026-05-05 00:20:37.911 | INFO     | Backtest   | [回测 4/5] 模拟第 531/4845 笔交易: 李子园...
2026-05-05 00:20:38.231 | INFO     | Backtest   | [回测 4/5] 模拟第 541/4845 笔交易: 崧盛股份...
2026-05-05 00:20:38.576 | INFO     | Backtest   | [回测 4/5] 模拟第 551/4845 笔交易: 恒尚节能...
2026-05-05 00:20:38.845 | INFO     | Backtest   | [回测 4/5] 模拟第 561/4845 笔交易: 明阳电路...
2026-05-05 00:20:39.136 | INFO     | Backtest   | [回测 4/5] 模拟第 571/4845 笔交易: 电工合金...
2026-05-05 00:20:39.437 | INFO     | Backtest   | [回测 4/5] 模拟第 581/4845 笔交易: 瀛通通讯...
2026-05-05 00:20:39.709 | INFO     | Backtest   | [回测 4/5] 模拟第 591/4845 笔交易: 华夏航空...
2026-05-05 00:20:40.014 | INFO     | Backtest   | [回测 4/5] 模拟第 601/4845 笔交易: 中兰环保...
2026-05-05 00:20:40.286 | INFO     | Backtest   | [回测 4/5] 模拟第 611/4845 笔交易: 浙江东日...
2026-05-05 00:20:40.610 | INFO     | Backtest   | [回测 4/5] 模拟第 621/4845 笔交易: 汉王科技...
2026-05-05 00:20:40.923 | INFO     | Backtest   | [回测 4/5] 模拟第 631/4845 笔交易: 创维数字...
2026-05-05 00:20:41.240 | INFO     | Backtest   | [回测 4/5] 模拟第 641/4845 笔交易: 晨曦航空...
2026-05-05 00:20:41.447 | INFO     | Backtest   | [回测 4/5] 模拟第 651/4845 笔交易: 山子高科...
2026-05-05 00:20:41.737 | INFO     | Backtest   | [回测 4/5] 模拟第 661/4845 笔交易: 尤安设计...
2026-05-05 00:20:42.049 | INFO     | Backtest   | [回测 4/5] 模拟第 671/4845 笔交易: 赫美集团...
2026-05-05 00:20:42.342 | INFO     | Backtest   | [回测 4/5] 模拟第 681/4845 笔交易: 诚达药业...
2026-05-05 00:20:42.677 | INFO     | Backtest   | [回测 4/5] 模拟第 691/4845 笔交易: 森泰股份...
2026-05-05 00:20:42.999 | INFO     | Backtest   | [回测 4/5] 模拟第 701/4845 笔交易: 一彬科技...
2026-05-05 00:20:43.340 | INFO     | Backtest   | [回测 4/5] 模拟第 711/4845 笔交易: 溢多利...
2026-05-05 00:20:43.680 | INFO     | Backtest   | [回测 4/5] 模拟第 721/4845 笔交易: 博晖创新...
2026-05-05 00:20:44.020 | INFO     | Backtest   | [回测 4/5] 模拟第 731/4845 笔交易: 和顺科技...
2026-05-05 00:20:44.357 | INFO     | Backtest   | [回测 4/5] 模拟第 741/4845 笔交易: 宣亚国际...
2026-05-05 00:20:44.678 | INFO     | Backtest   | [回测 4/5] 模拟第 751/4845 笔交易: 浩物股份...
2026-05-05 00:20:44.999 | INFO     | Backtest   | [回测 4/5] 模拟第 761/4845 笔交易: 秦川物联...
2026-05-05 00:20:45.308 | INFO     | Backtest   | [回测 4/5] 模拟第 771/4845 笔交易: 银信科技...
2026-05-05 00:20:45.641 | INFO     | Backtest   | [回测 4/5] 模拟第 781/4845 笔交易: 欧科亿...
2026-05-05 00:20:45.981 | INFO     | Backtest   | [回测 4/5] 模拟第 791/4845 笔交易: 维业股份...
2026-05-05 00:20:46.300 | INFO     | Backtest   | [回测 4/5] 模拟第 801/4845 笔交易: 智动力...
2026-05-05 00:20:46.622 | INFO     | Backtest   | [回测 4/5] 模拟第 811/4845 笔交易: 读者传媒...
2026-05-05 00:20:46.972 | INFO     | Backtest   | [回测 4/5] 模拟第 821/4845 笔交易: 方盛制药...
2026-05-05 00:20:47.293 | INFO     | Backtest   | [回测 4/5] 模拟第 831/4845 笔交易: 三诺生物...
2026-05-05 00:20:47.560 | INFO     | Backtest   | [回测 4/5] 模拟第 841/4845 笔交易: 北化股份...
2026-05-05 00:20:47.848 | INFO     | Backtest   | [回测 4/5] 模拟第 851/4845 笔交易: 迅捷兴...
2026-05-05 00:20:48.165 | INFO     | Backtest   | [回测 4/5] 模拟第 861/4845 笔交易: 源飞宠物...
2026-05-05 00:20:48.436 | INFO     | Backtest   | [回测 4/5] 模拟第 871/4845 笔交易: 横店影视...
2026-05-05 00:20:48.734 | INFO     | Backtest   | [回测 4/5] 模拟第 881/4845 笔交易: 蓝科高新...
2026-05-05 00:20:49.018 | INFO     | Backtest   | [回测 4/5] 模拟第 891/4845 笔交易: 德新科技...
2026-05-05 00:20:49.289 | INFO     | Backtest   | [回测 4/5] 模拟第 901/4845 笔交易: 湘电股份...
2026-05-05 00:20:49.577 | INFO     | Backtest   | [回测 4/5] 模拟第 911/4845 笔交易: 阿石创...
2026-05-05 00:20:49.879 | INFO     | Backtest   | [回测 4/5] 模拟第 921/4845 笔交易: 创元科技...
2026-05-05 00:20:50.162 | INFO     | Backtest   | [回测 4/5] 模拟第 931/4845 笔交易: 西上海...
2026-05-05 00:20:50.391 | INFO     | Backtest   | [回测 4/5] 模拟第 941/4845 笔交易: 电子城...
2026-05-05 00:20:50.660 | INFO     | Backtest   | [回测 4/5] 模拟第 951/4845 笔交易: 安科生物...
2026-05-05 00:20:50.893 | INFO     | Backtest   | [回测 4/5] 模拟第 961/4845 笔交易: 北大医药...
2026-05-05 00:20:51.151 | INFO     | Backtest   | [回测 4/5] 模拟第 971/4845 笔交易: 美腾科技...
2026-05-05 00:20:51.397 | INFO     | Backtest   | [回测 4/5] 模拟第 981/4845 笔交易: 标准股份...
2026-05-05 00:20:51.672 | INFO     | Backtest   | [回测 4/5] 模拟第 991/4845 笔交易: 清水源...
2026-05-05 00:20:51.889 | INFO     | Backtest   | [回测 4/5] 模拟第 1001/4845 笔交易: 景兴纸业...
2026-05-05 00:20:52.174 | INFO     | Backtest   | [回测 4/5] 模拟第 1011/4845 笔交易: 中瑞股份...
2026-05-05 00:20:52.460 | INFO     | Backtest   | [回测 4/5] 模拟第 1021/4845 笔交易: 新化股份...
2026-05-05 00:20:52.741 | INFO     | Backtest   | [回测 4/5] 模拟第 1031/4845 笔交易: 合金投资...
2026-05-05 00:20:53.038 | INFO     | Backtest   | [回测 4/5] 模拟第 1041/4845 笔交易: 奥联电子...
2026-05-05 00:20:53.311 | INFO     | Backtest   | [回测 4/5] 模拟第 1051/4845 笔交易: 中银证券...
2026-05-05 00:20:53.611 | INFO     | Backtest   | [回测 4/5] 模拟第 1061/4845 笔交易: 国统股份...
2026-05-05 00:20:53.918 | INFO     | Backtest   | [回测 4/5] 模拟第 1071/4845 笔交易: 艾隆科技...
2026-05-05 00:20:54.243 | INFO     | Backtest   | [回测 4/5] 模拟第 1081/4845 笔交易: 光云科技...
2026-05-05 00:20:54.510 | INFO     | Backtest   | [回测 4/5] 模拟第 1091/4845 笔交易: 壹石通...
2026-05-05 00:20:54.806 | INFO     | Backtest   | [回测 4/5] 模拟第 1101/4845 笔交易: 热威股份...
2026-05-05 00:20:55.108 | INFO     | Backtest   | [回测 4/5] 模拟第 1111/4845 笔交易: 依米康...
2026-05-05 00:20:55.442 | INFO     | Backtest   | [回测 4/5] 模拟第 1121/4845 笔交易: 首创证券...
2026-05-05 00:20:55.757 | INFO     | Backtest   | [回测 4/5] 模拟第 1131/4845 笔交易: 出版传媒...
2026-05-05 00:20:56.078 | INFO     | Backtest   | [回测 4/5] 模拟第 1141/4845 笔交易: 英威腾...
2026-05-05 00:20:56.395 | INFO     | Backtest   | [回测 4/5] 模拟第 1151/4845 笔交易: 合康新能...
2026-05-05 00:20:56.706 | INFO     | Backtest   | [回测 4/5] 模拟第 1161/4845 笔交易: 万得凯...
2026-05-05 00:20:57.020 | INFO     | Backtest   | [回测 4/5] 模拟第 1171/4845 笔交易: 莱美药业...
2026-05-05 00:20:57.312 | INFO     | Backtest   | [回测 4/5] 模拟第 1181/4845 笔交易: 信雅达...
2026-05-05 00:20:57.585 | INFO     | Backtest   | [回测 4/5] 模拟第 1191/4845 笔交易: 中航重机...
2026-05-05 00:20:57.854 | INFO     | Backtest   | [回测 4/5] 模拟第 1201/4845 笔交易: 华东重机...
2026-05-05 00:20:58.076 | INFO     | Backtest   | [回测 4/5] 模拟第 1211/4845 笔交易: 沃格光电...
2026-05-05 00:20:58.350 | INFO     | Backtest   | [回测 4/5] 模拟第 1221/4845 笔交易: 南极光...
2026-05-05 00:20:58.611 | INFO     | Backtest   | [回测 4/5] 模拟第 1231/4845 笔交易: 福然德...
2026-05-05 00:20:58.900 | INFO     | Backtest   | [回测 4/5] 模拟第 1241/4845 笔交易: 晨化股份...
2026-05-05 00:20:59.187 | INFO     | Backtest   | [回测 4/5] 模拟第 1251/4845 笔交易: 悦达投资...
2026-05-05 00:20:59.444 | INFO     | Backtest   | [回测 4/5] 模拟第 1261/4845 笔交易: 仕净科技...
2026-05-05 00:20:59.698 | INFO     | Backtest   | [回测 4/5] 模拟第 1271/4845 笔交易: 中石科技...
2026-05-05 00:20:59.985 | INFO     | Backtest   | [回测 4/5] 模拟第 1281/4845 笔交易: 长江材料...
2026-05-05 00:21:00.258 | INFO     | Backtest   | [回测 4/5] 模拟第 1291/4845 笔交易: 可立克...
2026-05-05 00:21:00.574 | INFO     | Backtest   | [回测 4/5] 模拟第 1301/4845 笔交易: 数据港...
2026-05-05 00:21:00.864 | INFO     | Backtest   | [回测 4/5] 模拟第 1311/4845 笔交易: 京泉华...
2026-05-05 00:21:01.191 | INFO     | Backtest   | [回测 4/5] 模拟第 1321/4845 笔交易: 广电计量...
2026-05-05 00:21:01.494 | INFO     | Backtest   | [回测 4/5] 模拟第 1331/4845 笔交易: 浙数文化...
2026-05-05 00:21:01.810 | INFO     | Backtest   | [回测 4/5] 模拟第 1341/4845 笔交易: 金圆股份...
2026-05-05 00:21:02.105 | INFO     | Backtest   | [回测 4/5] 模拟第 1351/4845 笔交易: 电科网安...
2026-05-05 00:21:02.397 | INFO     | Backtest   | [回测 4/5] 模拟第 1361/4845 笔交易: 英力特...
2026-05-05 00:21:02.612 | INFO     | Backtest   | [回测 4/5] 模拟第 1371/4845 笔交易: 山西焦化...
2026-05-05 00:21:02.928 | INFO     | Backtest   | [回测 4/5] 模拟第 1381/4845 笔交易: 亚邦股份...
2026-05-05 00:21:03.175 | INFO     | Backtest   | [回测 4/5] 模拟第 1391/4845 笔交易: 亿帆医药...
2026-05-05 00:21:03.502 | INFO     | Backtest   | [回测 4/5] 模拟第 1401/4845 笔交易: 大参林...
2026-05-05 00:21:03.788 | INFO     | Backtest   | [回测 4/5] 模拟第 1411/4845 笔交易: 海鸥股份...
2026-05-05 00:21:04.026 | INFO     | Backtest   | [回测 4/5] 模拟第 1421/4845 笔交易: 正裕工业...
2026-05-05 00:21:04.284 | INFO     | Backtest   | [回测 4/5] 模拟第 1431/4845 笔交易: 方盛制药...
2026-05-05 00:21:04.564 | INFO     | Backtest   | [回测 4/5] 模拟第 1441/4845 笔交易: 开开实业...
2026-05-05 00:21:04.852 | INFO     | Backtest   | [回测 4/5] 模拟第 1451/4845 笔交易: 神奇制药...
2026-05-05 00:21:05.144 | INFO     | Backtest   | [回测 4/5] 模拟第 1461/4845 笔交易: 亚宝药业...
2026-05-05 00:21:05.441 | INFO     | Backtest   | [回测 4/5] 模拟第 1471/4845 笔交易: 金海高科...
2026-05-05 00:21:05.717 | INFO     | Backtest   | [回测 4/5] 模拟第 1481/4845 笔交易: 山河药辅...
2026-05-05 00:21:05.944 | INFO     | Backtest   | [回测 4/5] 模拟第 1491/4845 笔交易: 江海股份...
2026-05-05 00:21:06.221 | INFO     | Backtest   | [回测 4/5] 模拟第 1501/4845 笔交易: 华培动力...
2026-05-05 00:21:06.501 | INFO     | Backtest   | [回测 4/5] 模拟第 1511/4845 笔交易: 法本信息...
2026-05-05 00:21:06.760 | INFO     | Backtest   | [回测 4/5] 模拟第 1521/4845 笔交易: 美思德...
2026-05-05 00:21:07.031 | INFO     | Backtest   | [回测 4/5] 模拟第 1531/4845 笔交易: 裕兴股份...
2026-05-05 00:21:07.255 | INFO     | Backtest   | [回测 4/5] 模拟第 1541/4845 笔交易: 国机重装...
2026-05-05 00:21:07.465 | INFO     | Backtest   | [回测 4/5] 模拟第 1551/4845 笔交易: 闽发铝业...
2026-05-05 00:21:07.672 | INFO     | Backtest   | [回测 4/5] 模拟第 1561/4845 笔交易: 华钰矿业...
2026-05-05 00:21:07.922 | INFO     | Backtest   | [回测 4/5] 模拟第 1571/4845 笔交易: 神火股份...
2026-05-05 00:21:08.172 | INFO     | Backtest   | [回测 4/5] 模拟第 1581/4845 笔交易: 新兴铸管...
2026-05-05 00:21:08.444 | INFO     | Backtest   | [回测 4/5] 模拟第 1591/4845 笔交易: 龙建股份...
2026-05-05 00:21:08.697 | INFO     | Backtest   | [回测 4/5] 模拟第 1601/4845 笔交易: 大西洋...
2026-05-05 00:21:08.953 | INFO     | Backtest   | [回测 4/5] 模拟第 1611/4845 笔交易: 北新路桥...
2026-05-05 00:21:09.182 | INFO     | Backtest   | [回测 4/5] 模拟第 1621/4845 笔交易: 太阳纸业...
2026-05-05 00:21:09.466 | INFO     | Backtest   | [回测 4/5] 模拟第 1631/4845 笔交易: 唐人神...
2026-05-05 00:21:09.767 | INFO     | Backtest   | [回测 4/5] 模拟第 1641/4845 笔交易: 腾达建设...
2026-05-05 00:21:10.047 | INFO     | Backtest   | [回测 4/5] 模拟第 1651/4845 笔交易: 兰花科创...
2026-05-05 00:21:10.305 | INFO     | Backtest   | [回测 4/5] 模拟第 1661/4845 笔交易: 通业科技...
2026-05-05 00:21:10.526 | INFO     | Backtest   | [回测 4/5] 模拟第 1671/4845 笔交易: 科新发展...
2026-05-05 00:21:10.790 | INFO     | Backtest   | [回测 4/5] 模拟第 1681/4845 笔交易: 滨化股份...
2026-05-05 00:21:11.063 | INFO     | Backtest   | [回测 4/5] 模拟第 1691/4845 笔交易: 京基智农...
2026-05-05 00:21:11.306 | INFO     | Backtest   | [回测 4/5] 模拟第 1701/4845 笔交易: 欣龙控股...
2026-05-05 00:21:11.571 | INFO     | Backtest   | [回测 4/5] 模拟第 1711/4845 笔交易: 康美药业...
2026-05-05 00:21:11.864 | INFO     | Backtest   | [回测 4/5] 模拟第 1721/4845 笔交易: 嘉诚国际...
2026-05-05 00:21:12.124 | INFO     | Backtest   | [回测 4/5] 模拟第 1731/4845 笔交易: 东阳光...
2026-05-05 00:21:12.398 | INFO     | Backtest   | [回测 4/5] 模拟第 1741/4845 笔交易: 翰宇药业...
2026-05-05 00:21:12.600 | INFO     | Backtest   | [回测 4/5] 模拟第 1751/4845 笔交易: 三力制药...
2026-05-05 00:21:12.858 | INFO     | Backtest   | [回测 4/5] 模拟第 1761/4845 笔交易: 凯撒旅业...
2026-05-05 00:21:13.080 | INFO     | Backtest   | [回测 4/5] 模拟第 1771/4845 笔交易: 开创国际...
2026-05-05 00:21:13.355 | INFO     | Backtest   | [回测 4/5] 模拟第 1781/4845 笔交易: 宇新股份...
2026-05-05 00:21:13.641 | INFO     | Backtest   | [回测 4/5] 模拟第 1791/4845 笔交易: 柘中股份...
2026-05-05 00:21:13.891 | INFO     | Backtest   | [回测 4/5] 模拟第 1801/4845 笔交易: 纽威数控...
2026-05-05 00:21:14.192 | INFO     | Backtest   | [回测 4/5] 模拟第 1811/4845 笔交易: 江南水务...
2026-05-05 00:21:14.449 | INFO     | Backtest   | [回测 4/5] 模拟第 1821/4845 笔交易: 国新能源...
2026-05-05 00:21:14.760 | INFO     | Backtest   | [回测 4/5] 模拟第 1831/4845 笔交易: 豪能股份...
2026-05-05 00:21:15.043 | INFO     | Backtest   | [回测 4/5] 模拟第 1841/4845 笔交易: 永创智能...
2026-05-05 00:21:15.354 | INFO     | Backtest   | [回测 4/5] 模拟第 1851/4845 笔交易: 璞源材料...
2026-05-05 00:21:15.644 | INFO     | Backtest   | [回测 4/5] 模拟第 1861/4845 笔交易: 秦川机床...
2026-05-05 00:21:15.891 | INFO     | Backtest   | [回测 4/5] 模拟第 1871/4845 笔交易: 科华生物...
2026-05-05 00:21:16.129 | INFO     | Backtest   | [回测 4/5] 模拟第 1881/4845 笔交易: 保立佳...
2026-05-05 00:21:16.384 | INFO     | Backtest   | [回测 4/5] 模拟第 1891/4845 笔交易: 常熟银行...
2026-05-05 00:21:16.694 | INFO     | Backtest   | [回测 4/5] 模拟第 1901/4845 笔交易: 密封科技...
2026-05-05 00:21:16.967 | INFO     | Backtest   | [回测 4/5] 模拟第 1911/4845 笔交易: 盛洋科技...
2026-05-05 00:21:17.265 | INFO     | Backtest   | [回测 4/5] 模拟第 1921/4845 笔交易: 广日股份...
2026-05-05 00:21:17.510 | INFO     | Backtest   | [回测 4/5] 模拟第 1931/4845 笔交易: 玉禾田...
2026-05-05 00:21:17.790 | INFO     | Backtest   | [回测 4/5] 模拟第 1941/4845 笔交易: 百联股份...
2026-05-05 00:21:18.067 | INFO     | Backtest   | [回测 4/5] 模拟第 1951/4845 笔交易: 首都在线...
2026-05-05 00:21:18.316 | INFO     | Backtest   | [回测 4/5] 模拟第 1961/4845 笔交易: 世茂能源...
2026-05-05 00:21:18.577 | INFO     | Backtest   | [回测 4/5] 模拟第 1971/4845 笔交易: 岭南控股...
2026-05-05 00:21:18.829 | INFO     | Backtest   | [回测 4/5] 模拟第 1981/4845 笔交易: 宏发股份...
2026-05-05 00:21:19.121 | INFO     | Backtest   | [回测 4/5] 模拟第 1991/4845 笔交易: 鸿合科技...
2026-05-05 00:21:19.383 | INFO     | Backtest   | [回测 4/5] 模拟第 2001/4845 笔交易: 凌志软件...
2026-05-05 00:21:19.655 | INFO     | Backtest   | [回测 4/5] 模拟第 2011/4845 笔交易: 扬子新材...
2026-05-05 00:21:19.880 | INFO     | Backtest   | [回测 4/5] 模拟第 2021/4845 笔交易: 冠昊生物...
2026-05-05 00:21:20.088 | INFO     | Backtest   | [回测 4/5] 模拟第 2031/4845 笔交易: 天创时尚...
2026-05-05 00:21:20.345 | INFO     | Backtest   | [回测 4/5] 模拟第 2041/4845 笔交易: 圣龙股份...
2026-05-05 00:21:20.614 | INFO     | Backtest   | [回测 4/5] 模拟第 2051/4845 笔交易: 盛屯矿业...
2026-05-05 00:21:20.871 | INFO     | Backtest   | [回测 4/5] 模拟第 2061/4845 笔交易: 高能环境...
2026-05-05 00:21:21.115 | INFO     | Backtest   | [回测 4/5] 模拟第 2071/4845 笔交易: 正泰电源...
2026-05-05 00:21:21.383 | INFO     | Backtest   | [回测 4/5] 模拟第 2081/4845 笔交易: 光峰科技...
2026-05-05 00:21:21.599 | INFO     | Backtest   | [回测 4/5] 模拟第 2091/4845 笔交易: 江阴银行...
2026-05-05 00:21:21.841 | INFO     | Backtest   | [回测 4/5] 模拟第 2101/4845 笔交易: 英飞特...
2026-05-05 00:21:22.116 | INFO     | Backtest   | [回测 4/5] 模拟第 2111/4845 笔交易: 尤夫股份...
2026-05-05 00:21:22.387 | INFO     | Backtest   | [回测 4/5] 模拟第 2121/4845 笔交易: 张家港行...
2026-05-05 00:21:22.592 | INFO     | Backtest   | [回测 4/5] 模拟第 2131/4845 笔交易: 三维化学...
2026-05-05 00:21:22.825 | INFO     | Backtest   | [回测 4/5] 模拟第 2141/4845 笔交易: 东风股份...
2026-05-05 00:21:23.112 | INFO     | Backtest   | [回测 4/5] 模拟第 2151/4845 笔交易: 安迪苏...
2026-05-05 00:21:23.388 | INFO     | Backtest   | [回测 4/5] 模拟第 2161/4845 笔交易: 富奥股份...
2026-05-05 00:21:23.627 | INFO     | Backtest   | [回测 4/5] 模拟第 2171/4845 笔交易: 天域生物...
2026-05-05 00:21:23.870 | INFO     | Backtest   | [回测 4/5] 模拟第 2181/4845 笔交易: 邦基科技...
2026-05-05 00:21:24.094 | INFO     | Backtest   | [回测 4/5] 模拟第 2191/4845 笔交易: 利民股份...
2026-05-05 00:21:24.326 | INFO     | Backtest   | [回测 4/5] 模拟第 2201/4845 笔交易: 北方铜业...
2026-05-05 00:21:24.546 | INFO     | Backtest   | [回测 4/5] 模拟第 2211/4845 笔交易: 金融街...
2026-05-05 00:21:24.798 | INFO     | Backtest   | [回测 4/5] 模拟第 2221/4845 笔交易: 华电科工...
2026-05-05 00:21:24.995 | INFO     | Backtest   | [回测 4/5] 模拟第 2231/4845 笔交易: 泰胜风能...
2026-05-05 00:21:25.176 | INFO     | Backtest   | [回测 4/5] 模拟第 2241/4845 笔交易: 凯美特气...
2026-05-05 00:21:25.392 | INFO     | Backtest   | [回测 4/5] 模拟第 2251/4845 笔交易: 利亚德...
2026-05-05 00:21:25.576 | INFO     | Backtest   | [回测 4/5] 模拟第 2261/4845 笔交易: 佳讯飞鸿...
2026-05-05 00:21:25.776 | INFO     | Backtest   | [回测 4/5] 模拟第 2271/4845 笔交易: 粤桂股份...
2026-05-05 00:21:25.981 | INFO     | Backtest   | [回测 4/5] 模拟第 2281/4845 笔交易: 海鸥股份...
2026-05-05 00:21:26.208 | INFO     | Backtest   | [回测 4/5] 模拟第 2291/4845 笔交易: 巨力索具...
2026-05-05 00:21:26.365 | INFO     | Backtest   | [回测 4/5] 模拟第 2301/4845 笔交易: 新开源...
2026-05-05 00:21:26.557 | INFO     | Backtest   | [回测 4/5] 模拟第 2311/4845 笔交易: 泰瑞机器...
2026-05-05 00:21:26.777 | INFO     | Backtest   | [回测 4/5] 模拟第 2321/4845 笔交易: 塔牌集团...
2026-05-05 00:21:27.011 | INFO     | Backtest   | [回测 4/5] 模拟第 2331/4845 笔交易: 广汇物流...
2026-05-05 00:21:27.244 | INFO     | Backtest   | [回测 4/5] 模拟第 2341/4845 笔交易: 利柏特...
2026-05-05 00:21:27.386 | INFO     | Backtest   | [回测 4/5] 模拟第 2351/4845 笔交易: 物产环能...
2026-05-05 00:21:27.582 | INFO     | Backtest   | [回测 4/5] 模拟第 2361/4845 笔交易: 方正科技...
2026-05-05 00:21:27.793 | INFO     | Backtest   | [回测 4/5] 模拟第 2371/4845 笔交易: 莱宝高科...
2026-05-05 00:21:28.013 | INFO     | Backtest   | [回测 4/5] 模拟第 2381/4845 笔交易: 智云股份...
2026-05-05 00:21:28.256 | INFO     | Backtest   | [回测 4/5] 模拟第 2391/4845 笔交易: 宁波精达...
2026-05-05 00:21:28.477 | INFO     | Backtest   | [回测 4/5] 模拟第 2401/4845 笔交易: 安科瑞...
2026-05-05 00:21:28.729 | INFO     | Backtest   | [回测 4/5] 模拟第 2411/4845 笔交易: 晋控电力...
2026-05-05 00:21:29.006 | INFO     | Backtest   | [回测 4/5] 模拟第 2421/4845 笔交易: 南京证券...
2026-05-05 00:21:29.242 | INFO     | Backtest   | [回测 4/5] 模拟第 2431/4845 笔交易: 中国国航...
2026-05-05 00:21:29.498 | INFO     | Backtest   | [回测 4/5] 模拟第 2441/4845 笔交易: 梅花生物...
2026-05-05 00:21:29.757 | INFO     | Backtest   | [回测 4/5] 模拟第 2451/4845 笔交易: 海航控股...
2026-05-05 00:21:30.015 | INFO     | Backtest   | [回测 4/5] 模拟第 2461/4845 笔交易: 北京利尔...
2026-05-05 00:21:30.252 | INFO     | Backtest   | [回测 4/5] 模拟第 2471/4845 笔交易: 日海智能...
2026-05-05 00:21:30.454 | INFO     | Backtest   | [回测 4/5] 模拟第 2481/4845 笔交易: 美亚光电...
2026-05-05 00:21:30.678 | INFO     | Backtest   | [回测 4/5] 模拟第 2491/4845 笔交易: 海信视像...
2026-05-05 00:21:30.841 | INFO     | Backtest   | [回测 4/5] 模拟第 2501/4845 笔交易: 中山公用...
2026-05-05 00:21:31.082 | INFO     | Backtest   | [回测 4/5] 模拟第 2511/4845 笔交易: 粤电力Ａ...
2026-05-05 00:21:31.318 | INFO     | Backtest   | [回测 4/5] 模拟第 2521/4845 笔交易: 宁波色母...
2026-05-05 00:21:31.487 | INFO     | Backtest   | [回测 4/5] 模拟第 2531/4845 笔交易: 力星股份...
2026-05-05 00:21:31.676 | INFO     | Backtest   | [回测 4/5] 模拟第 2541/4845 笔交易: 金房能源...
2026-05-05 00:21:31.902 | INFO     | Backtest   | [回测 4/5] 模拟第 2551/4845 笔交易: 金现代...
2026-05-05 00:21:32.113 | INFO     | Backtest   | [回测 4/5] 模拟第 2561/4845 笔交易: 濮阳惠成...
2026-05-05 00:21:32.339 | INFO     | Backtest   | [回测 4/5] 模拟第 2571/4845 笔交易: 京能热力...
2026-05-05 00:21:32.549 | INFO     | Backtest   | [回测 4/5] 模拟第 2581/4845 笔交易: 铜陵有色...
2026-05-05 00:21:32.748 | INFO     | Backtest   | [回测 4/5] 模拟第 2591/4845 笔交易: 盛天网络...
2026-05-05 00:21:32.930 | INFO     | Backtest   | [回测 4/5] 模拟第 2601/4845 笔交易: 中国中冶...
2026-05-05 00:21:33.138 | INFO     | Backtest   | [回测 4/5] 模拟第 2611/4845 笔交易: 德力股份...
2026-05-05 00:21:33.342 | INFO     | Backtest   | [回测 4/5] 模拟第 2621/4845 笔交易: 信达证券...
2026-05-05 00:21:33.543 | INFO     | Backtest   | [回测 4/5] 模拟第 2631/4845 笔交易: 仁智股份...
2026-05-05 00:21:33.730 | INFO     | Backtest   | [回测 4/5] 模拟第 2641/4845 笔交易: 中电港...
2026-05-05 00:21:33.890 | INFO     | Backtest   | [回测 4/5] 模拟第 2651/4845 笔交易: 科翔股份...
2026-05-05 00:21:34.102 | INFO     | Backtest   | [回测 4/5] 模拟第 2661/4845 笔交易: 上海建工...
2026-05-05 00:21:34.270 | INFO     | Backtest   | [回测 4/5] 模拟第 2671/4845 笔交易: 望变电气...
2026-05-05 00:21:34.414 | INFO     | Backtest   | [回测 4/5] 模拟第 2681/4845 笔交易: 东箭科技...
2026-05-05 00:21:34.619 | INFO     | Backtest   | [回测 4/5] 模拟第 2691/4845 笔交易: 神通科技...
2026-05-05 00:21:34.848 | INFO     | Backtest   | [回测 4/5] 模拟第 2701/4845 笔交易: 振华重工...
2026-05-05 00:21:35.067 | INFO     | Backtest   | [回测 4/5] 模拟第 2711/4845 笔交易: 出版传媒...
2026-05-05 00:21:35.304 | INFO     | Backtest   | [回测 4/5] 模拟第 2721/4845 笔交易: 泰山石油...
2026-05-05 00:21:35.545 | INFO     | Backtest   | [回测 4/5] 模拟第 2731/4845 笔交易: 宁波富邦...
2026-05-05 00:21:35.779 | INFO     | Backtest   | [回测 4/5] 模拟第 2741/4845 笔交易: 双环科技...
2026-05-05 00:21:36.029 | INFO     | Backtest   | [回测 4/5] 模拟第 2751/4845 笔交易: 中科软...
2026-05-05 00:21:36.275 | INFO     | Backtest   | [回测 4/5] 模拟第 2761/4845 笔交易: 浙江力诺...
2026-05-05 00:21:36.515 | INFO     | Backtest   | [回测 4/5] 模拟第 2771/4845 笔交易: 索宝蛋白...
2026-05-05 00:21:36.764 | INFO     | Backtest   | [回测 4/5] 模拟第 2781/4845 笔交易: 沈阳机床...
2026-05-05 00:21:36.941 | INFO     | Backtest   | [回测 4/5] 模拟第 2791/4845 笔交易: 京能电力...
2026-05-05 00:21:37.144 | INFO     | Backtest   | [回测 4/5] 模拟第 2801/4845 笔交易: 创业环保...
2026-05-05 00:21:37.356 | INFO     | Backtest   | [回测 4/5] 模拟第 2811/4845 笔交易: 华能国际...
2026-05-05 00:21:37.575 | INFO     | Backtest   | [回测 4/5] 模拟第 2821/4845 笔交易: 中洲特材...
2026-05-05 00:21:37.855 | INFO     | Backtest   | [回测 4/5] 模拟第 2831/4845 笔交易: 涪陵电力...
2026-05-05 00:21:38.113 | INFO     | Backtest   | [回测 4/5] 模拟第 2841/4845 笔交易: 航天智装...
2026-05-05 00:21:38.264 | INFO     | Backtest   | [回测 4/5] 模拟第 2851/4845 笔交易: 中创物流...
2026-05-05 00:21:38.485 | INFO     | Backtest   | [回测 4/5] 模拟第 2861/4845 笔交易: 贵航股份...
2026-05-05 00:21:38.680 | INFO     | Backtest   | [回测 4/5] 模拟第 2871/4845 笔交易: 万凯新材...
2026-05-05 00:21:38.884 | INFO     | Backtest   | [回测 4/5] 模拟第 2881/4845 笔交易: 合金投资...
2026-05-05 00:21:39.091 | INFO     | Backtest   | [回测 4/5] 模拟第 2891/4845 笔交易: 清水源...
2026-05-05 00:21:39.262 | INFO     | Backtest   | [回测 4/5] 模拟第 2901/4845 笔交易: 新集能源...
2026-05-05 00:21:39.488 | INFO     | Backtest   | [回测 4/5] 模拟第 2911/4845 笔交易: 誉衡药业...
2026-05-05 00:21:39.695 | INFO     | Backtest   | [回测 4/5] 模拟第 2921/4845 笔交易: 申昊科技...
2026-05-05 00:21:39.916 | INFO     | Backtest   | [回测 4/5] 模拟第 2931/4845 笔交易: 梅安森...
2026-05-05 00:21:40.155 | INFO     | Backtest   | [回测 4/5] 模拟第 2941/4845 笔交易: 泸天化...
2026-05-05 00:21:40.393 | INFO     | Backtest   | [回测 4/5] 模拟第 2951/4845 笔交易: 海利生物...
2026-05-05 00:21:40.570 | INFO     | Backtest   | [回测 4/5] 模拟第 2961/4845 笔交易: 海欣食品...
2026-05-05 00:21:40.834 | INFO     | Backtest   | [回测 4/5] 模拟第 2971/4845 笔交易: 银星能源...
2026-05-05 00:21:41.080 | INFO     | Backtest   | [回测 4/5] 模拟第 2981/4845 笔交易: 海伦哲...
2026-05-05 00:21:41.289 | INFO     | Backtest   | [回测 4/5] 模拟第 2991/4845 笔交易: 风华高科...
2026-05-05 00:21:41.501 | INFO     | Backtest   | [回测 4/5] 模拟第 3001/4845 笔交易: 亚威股份...
2026-05-05 00:21:41.681 | INFO     | Backtest   | [回测 4/5] 模拟第 3011/4845 笔交易: 长江证券...
2026-05-05 00:21:41.910 | INFO     | Backtest   | [回测 4/5] 模拟第 3021/4845 笔交易: 中国电建...
2026-05-05 00:21:42.107 | INFO     | Backtest   | [回测 4/5] 模拟第 3031/4845 笔交易: 美畅股份...
2026-05-05 00:21:42.293 | INFO     | Backtest   | [回测 4/5] 模拟第 3041/4845 笔交易: 会稽山...
2026-05-05 00:21:42.519 | INFO     | Backtest   | [回测 4/5] 模拟第 3051/4845 笔交易: 海信视像...
2026-05-05 00:21:42.748 | INFO     | Backtest   | [回测 4/5] 模拟第 3061/4845 笔交易: 诺唯赞...
2026-05-05 00:21:42.942 | INFO     | Backtest   | [回测 4/5] 模拟第 3071/4845 笔交易: 冠城新材...
2026-05-05 00:21:43.117 | INFO     | Backtest   | [回测 4/5] 模拟第 3081/4845 笔交易: 奥佳华...
2026-05-05 00:21:43.304 | INFO     | Backtest   | [回测 4/5] 模拟第 3091/4845 笔交易: 美联新材...
2026-05-05 00:21:43.469 | INFO     | Backtest   | [回测 4/5] 模拟第 3101/4845 笔交易: 硅宝科技...
2026-05-05 00:21:43.629 | INFO     | Backtest   | [回测 4/5] 模拟第 3111/4845 笔交易: 江航装备...
2026-05-05 00:21:43.792 | INFO     | Backtest   | [回测 4/5] 模拟第 3121/4845 笔交易: 茂业商业...
2026-05-05 00:21:43.960 | INFO     | Backtest   | [回测 4/5] 模拟第 3131/4845 笔交易: 飞乐音响...
2026-05-05 00:21:44.158 | INFO     | Backtest   | [回测 4/5] 模拟第 3141/4845 笔交易: 银邦股份...
2026-05-05 00:21:44.361 | INFO     | Backtest   | [回测 4/5] 模拟第 3151/4845 笔交易: 森马服饰...
2026-05-05 00:21:44.561 | INFO     | Backtest   | [回测 4/5] 模拟第 3161/4845 笔交易: 汇通集团...
2026-05-05 00:21:44.778 | INFO     | Backtest   | [回测 4/5] 模拟第 3171/4845 笔交易: 花园生物...
2026-05-05 00:21:45.003 | INFO     | Backtest   | [回测 4/5] 模拟第 3181/4845 笔交易: 滨海能源...
2026-05-05 00:21:45.144 | INFO     | Backtest   | [回测 4/5] 模拟第 3191/4845 笔交易: 东港股份...
2026-05-05 00:21:45.345 | INFO     | Backtest   | [回测 4/5] 模拟第 3201/4845 笔交易: 厦门国贸...
2026-05-05 00:21:45.510 | INFO     | Backtest   | [回测 4/5] 模拟第 3211/4845 笔交易: 海南海药...
2026-05-05 00:21:45.681 | INFO     | Backtest   | [回测 4/5] 模拟第 3221/4845 笔交易: 锦富技术...
2026-05-05 00:21:45.874 | INFO     | Backtest   | [回测 4/5] 模拟第 3231/4845 笔交易: 密封科技...
2026-05-05 00:21:46.018 | INFO     | Backtest   | [回测 4/5] 模拟第 3241/4845 笔交易: 瑞泰科技...
2026-05-05 00:21:46.171 | INFO     | Backtest   | [回测 4/5] 模拟第 3251/4845 笔交易: 鄂尔多斯...
2026-05-05 00:21:46.388 | INFO     | Backtest   | [回测 4/5] 模拟第 3261/4845 笔交易: 石化机械...
2026-05-05 00:21:46.581 | INFO     | Backtest   | [回测 4/5] 模拟第 3271/4845 笔交易: 浩通科技...
2026-05-05 00:21:46.761 | INFO     | Backtest   | [回测 4/5] 模拟第 3281/4845 笔交易: 飞鹿股份...
2026-05-05 00:21:46.963 | INFO     | Backtest   | [回测 4/5] 模拟第 3291/4845 笔交易: 高测股份...
2026-05-05 00:21:47.168 | INFO     | Backtest   | [回测 4/5] 模拟第 3301/4845 笔交易: 友好集团...
2026-05-05 00:21:47.363 | INFO     | Backtest   | [回测 4/5] 模拟第 3311/4845 笔交易: 金陵饭店...
2026-05-05 00:21:47.594 | INFO     | Backtest   | [回测 4/5] 模拟第 3321/4845 笔交易: 宏鑫科技...
2026-05-05 00:21:47.816 | INFO     | Backtest   | [回测 4/5] 模拟第 3331/4845 笔交易: 国药一致...
2026-05-05 00:21:48.020 | INFO     | Backtest   | [回测 4/5] 模拟第 3341/4845 笔交易: 凤凰航运...
2026-05-05 00:21:48.251 | INFO     | Backtest   | [回测 4/5] 模拟第 3351/4845 笔交易: 东珠生态...
2026-05-05 00:21:48.426 | INFO     | Backtest   | [回测 4/5] 模拟第 3361/4845 笔交易: 科捷智能...
2026-05-05 00:21:48.621 | INFO     | Backtest   | [回测 4/5] 模拟第 3371/4845 笔交易: 三安光电...
2026-05-05 00:21:48.819 | INFO     | Backtest   | [回测 4/5] 模拟第 3381/4845 笔交易: 中光防雷...
2026-05-05 00:21:49.000 | INFO     | Backtest   | [回测 4/5] 模拟第 3391/4845 笔交易: 信科移动-U...
2026-05-05 00:21:49.163 | INFO     | Backtest   | [回测 4/5] 模拟第 3401/4845 笔交易: 乐凯胶片...
2026-05-05 00:21:49.338 | INFO     | Backtest   | [回测 4/5] 模拟第 3411/4845 笔交易: 松原安全...
2026-05-05 00:21:49.485 | INFO     | Backtest   | [回测 4/5] 模拟第 3421/4845 笔交易: 平潭发展...
2026-05-05 00:21:49.662 | INFO     | Backtest   | [回测 4/5] 模拟第 3431/4845 笔交易: 顺灏股份...
2026-05-05 00:21:49.871 | INFO     | Backtest   | [回测 4/5] 模拟第 3441/4845 笔交易: 英特集团...
2026-05-05 00:21:50.056 | INFO     | Backtest   | [回测 4/5] 模拟第 3451/4845 笔交易: 喜悦智行...
2026-05-05 00:21:50.243 | INFO     | Backtest   | [回测 4/5] 模拟第 3461/4845 笔交易: 奥康国际...
2026-05-05 00:21:50.440 | INFO     | Backtest   | [回测 4/5] 模拟第 3471/4845 笔交易: 乐普医疗...
2026-05-05 00:21:50.592 | INFO     | Backtest   | [回测 4/5] 模拟第 3481/4845 笔交易: 悦康药业...
2026-05-05 00:21:50.744 | INFO     | Backtest   | [回测 4/5] 模拟第 3491/4845 笔交易: 光华股份...
2026-05-05 00:21:50.918 | INFO     | Backtest   | [回测 4/5] 模拟第 3501/4845 笔交易: 鼎汉技术...
2026-05-05 00:21:51.137 | INFO     | Backtest   | [回测 4/5] 模拟第 3511/4845 笔交易: 星球石墨...
2026-05-05 00:21:51.329 | INFO     | Backtest   | [回测 4/5] 模拟第 3521/4845 笔交易: 春立医疗...
2026-05-05 00:21:51.510 | INFO     | Backtest   | [回测 4/5] 模拟第 3531/4845 笔交易: 华海药业...
2026-05-05 00:21:51.732 | INFO     | Backtest   | [回测 4/5] 模拟第 3541/4845 笔交易: 千红制药...
2026-05-05 00:21:51.951 | INFO     | Backtest   | [回测 4/5] 模拟第 3551/4845 笔交易: 四川双马...
2026-05-05 00:21:52.149 | INFO     | Backtest   | [回测 4/5] 模拟第 3561/4845 笔交易: 洽洽食品...
2026-05-05 00:21:52.372 | INFO     | Backtest   | [回测 4/5] 模拟第 3571/4845 笔交易: 诚意药业...
2026-05-05 00:21:52.579 | INFO     | Backtest   | [回测 4/5] 模拟第 3581/4845 笔交易: 创力集团...
2026-05-05 00:21:52.780 | INFO     | Backtest   | [回测 4/5] 模拟第 3591/4845 笔交易: 氯碱化工...
2026-05-05 00:21:52.988 | INFO     | Backtest   | [回测 4/5] 模拟第 3601/4845 笔交易: 张小泉...
2026-05-05 00:21:53.204 | INFO     | Backtest   | [回测 4/5] 模拟第 3611/4845 笔交易: 海新能科...
2026-05-05 00:21:53.392 | INFO     | Backtest   | [回测 4/5] 模拟第 3621/4845 笔交易: 新联电子...
2026-05-05 00:21:53.647 | INFO     | Backtest   | [回测 4/5] 模拟第 3631/4845 笔交易: 长阳科技...
2026-05-05 00:21:53.830 | INFO     | Backtest   | [回测 4/5] 模拟第 3641/4845 笔交易: 天能重工...
2026-05-05 00:21:54.069 | INFO     | Backtest   | [回测 4/5] 模拟第 3651/4845 笔交易: 江南高纤...
2026-05-05 00:21:54.292 | INFO     | Backtest   | [回测 4/5] 模拟第 3661/4845 笔交易: 中国化学...
2026-05-05 00:21:54.502 | INFO     | Backtest   | [回测 4/5] 模拟第 3671/4845 笔交易: 锦江航运...
2026-05-05 00:21:54.645 | INFO     | Backtest   | [回测 4/5] 模拟第 3681/4845 笔交易: 兴瑞科技...
2026-05-05 00:21:54.826 | INFO     | Backtest   | [回测 4/5] 模拟第 3691/4845 笔交易: 宝泰隆...
2026-05-05 00:21:55.029 | INFO     | Backtest   | [回测 4/5] 模拟第 3701/4845 笔交易: 三和管桩...
2026-05-05 00:21:55.196 | INFO     | Backtest   | [回测 4/5] 模拟第 3711/4845 笔交易: 郑中设计...
2026-05-05 00:21:55.378 | INFO     | Backtest   | [回测 4/5] 模拟第 3721/4845 笔交易: 瀚川智能...
2026-05-05 00:21:55.607 | INFO     | Backtest   | [回测 4/5] 模拟第 3731/4845 笔交易: 路德科技...
2026-05-05 00:21:55.818 | INFO     | Backtest   | [回测 4/5] 模拟第 3741/4845 笔交易: 蓝盾光电...
2026-05-05 00:21:56.009 | INFO     | Backtest   | [回测 4/5] 模拟第 3751/4845 笔交易: 汇中股份...
2026-05-05 00:21:56.238 | INFO     | Backtest   | [回测 4/5] 模拟第 3761/4845 笔交易: 北方国际...
2026-05-05 00:21:56.448 | INFO     | Backtest   | [回测 4/5] 模拟第 3771/4845 笔交易: 华骐环保...
2026-05-05 00:21:56.658 | INFO     | Backtest   | [回测 4/5] 模拟第 3781/4845 笔交易: 洪汇新材...
2026-05-05 00:21:56.824 | INFO     | Backtest   | [回测 4/5] 模拟第 3791/4845 笔交易: 富祥药业...
2026-05-05 00:21:57.005 | INFO     | Backtest   | [回测 4/5] 模拟第 3801/4845 笔交易: 万通发展...
2026-05-05 00:21:57.180 | INFO     | Backtest   | [回测 4/5] 模拟第 3811/4845 笔交易: 海南华铁...
2026-05-05 00:21:57.349 | INFO     | Backtest   | [回测 4/5] 模拟第 3821/4845 笔交易: 福成股份...
2026-05-05 00:21:57.542 | INFO     | Backtest   | [回测 4/5] 模拟第 3831/4845 笔交易: 朗科智能...
2026-05-05 00:21:57.735 | INFO     | Backtest   | [回测 4/5] 模拟第 3841/4845 笔交易: 文科股份...
2026-05-05 00:21:57.888 | INFO     | Backtest   | [回测 4/5] 模拟第 3851/4845 笔交易: 延江股份...
2026-05-05 00:21:58.076 | INFO     | Backtest   | [回测 4/5] 模拟第 3861/4845 笔交易: 新黄浦...
2026-05-05 00:21:58.291 | INFO     | Backtest   | [回测 4/5] 模拟第 3871/4845 笔交易: 立新能源...
2026-05-05 00:21:58.486 | INFO     | Backtest   | [回测 4/5] 模拟第 3881/4845 笔交易: 博世科...
2026-05-05 00:21:58.704 | INFO     | Backtest   | [回测 4/5] 模拟第 3891/4845 笔交易: 紫江企业...
2026-05-05 00:21:58.920 | INFO     | Backtest   | [回测 4/5] 模拟第 3901/4845 笔交易: 岳阳林纸...
2026-05-05 00:21:59.137 | INFO     | Backtest   | [回测 4/5] 模拟第 3911/4845 笔交易: 中国重汽...
2026-05-05 00:21:59.327 | INFO     | Backtest   | [回测 4/5] 模拟第 3921/4845 笔交易: 卧龙新能...
2026-05-05 00:21:59.500 | INFO     | Backtest   | [回测 4/5] 模拟第 3931/4845 笔交易: 百达精工...
2026-05-05 00:21:59.654 | INFO     | Backtest   | [回测 4/5] 模拟第 3941/4845 笔交易: 太阳能...
2026-05-05 00:21:59.785 | INFO     | Backtest   | [回测 4/5] 模拟第 3951/4845 笔交易: 南方传媒...
2026-05-05 00:21:59.968 | INFO     | Backtest   | [回测 4/5] 模拟第 3961/4845 笔交易: 莱绅通灵...
2026-05-05 00:22:00.107 | INFO     | Backtest   | [回测 4/5] 模拟第 3971/4845 笔交易: 达意隆...
2026-05-05 00:22:00.250 | INFO     | Backtest   | [回测 4/5] 模拟第 3981/4845 笔交易: 维科技术...
2026-05-05 00:22:00.373 | INFO     | Backtest   | [回测 4/5] 模拟第 3991/4845 笔交易: 华林证券...
2026-05-05 00:22:00.499 | INFO     | Backtest   | [回测 4/5] 模拟第 4001/4845 笔交易: 爱慕股份...
2026-05-05 00:22:00.619 | INFO     | Backtest   | [回测 4/5] 模拟第 4011/4845 笔交易: 上海建工...
2026-05-05 00:22:00.766 | INFO     | Backtest   | [回测 4/5] 模拟第 4021/4845 笔交易: 万丰股份...
2026-05-05 00:22:00.927 | INFO     | Backtest   | [回测 4/5] 模拟第 4031/4845 笔交易: 峨眉山Ａ...
2026-05-05 00:22:01.088 | INFO     | Backtest   | [回测 4/5] 模拟第 4041/4845 笔交易: 美迪凯...
2026-05-05 00:22:01.258 | INFO     | Backtest   | [回测 4/5] 模拟第 4051/4845 笔交易: 桂冠电力...
2026-05-05 00:22:01.448 | INFO     | Backtest   | [回测 4/5] 模拟第 4061/4845 笔交易: 贵绳股份...
2026-05-05 00:22:01.660 | INFO     | Backtest   | [回测 4/5] 模拟第 4071/4845 笔交易: 本立科技...
2026-05-05 00:22:01.881 | INFO     | Backtest   | [回测 4/5] 模拟第 4081/4845 笔交易: 华康股份...
2026-05-05 00:22:02.058 | INFO     | Backtest   | [回测 4/5] 模拟第 4091/4845 笔交易: 尤夫股份...
2026-05-05 00:22:02.225 | INFO     | Backtest   | [回测 4/5] 模拟第 4101/4845 笔交易: 开山股份...
2026-05-05 00:22:02.408 | INFO     | Backtest   | [回测 4/5] 模拟第 4111/4845 笔交易: 大连热电...
2026-05-05 00:22:02.601 | INFO     | Backtest   | [回测 4/5] 模拟第 4121/4845 笔交易: 浙江交科...
2026-05-05 00:22:02.801 | INFO     | Backtest   | [回测 4/5] 模拟第 4131/4845 笔交易: 金富科技...
2026-05-05 00:22:02.971 | INFO     | Backtest   | [回测 4/5] 模拟第 4141/4845 笔交易: 章源钨业...
2026-05-05 00:22:03.121 | INFO     | Backtest   | [回测 4/5] 模拟第 4151/4845 笔交易: 浙江龙盛...
2026-05-05 00:22:03.277 | INFO     | Backtest   | [回测 4/5] 模拟第 4161/4845 笔交易: 望变电气...
2026-05-05 00:22:03.465 | INFO     | Backtest   | [回测 4/5] 模拟第 4171/4845 笔交易: 常宝股份...
2026-05-05 00:22:03.655 | INFO     | Backtest   | [回测 4/5] 模拟第 4181/4845 笔交易: 三六零...
2026-05-05 00:22:03.828 | INFO     | Backtest   | [回测 4/5] 模拟第 4191/4845 笔交易: 宝地矿业...
2026-05-05 00:22:03.994 | INFO     | Backtest   | [回测 4/5] 模拟第 4201/4845 笔交易: 银信科技...
2026-05-05 00:22:04.194 | INFO     | Backtest   | [回测 4/5] 模拟第 4211/4845 笔交易: 美克家居...
2026-05-05 00:22:04.345 | INFO     | Backtest   | [回测 4/5] 模拟第 4221/4845 笔交易: 上海沪工...
2026-05-05 00:22:04.516 | INFO     | Backtest   | [回测 4/5] 模拟第 4231/4845 笔交易: 标准股份...
2026-05-05 00:22:04.642 | INFO     | Backtest   | [回测 4/5] 模拟第 4241/4845 笔交易: 大东南...
2026-05-05 00:22:04.794 | INFO     | Backtest   | [回测 4/5] 模拟第 4251/4845 笔交易: 明志科技...
2026-05-05 00:22:04.894 | INFO     | Backtest   | [回测 4/5] 模拟第 4261/4845 笔交易: 广田集团...
2026-05-05 00:22:05.040 | INFO     | Backtest   | [回测 4/5] 模拟第 4271/4845 笔交易: 上海石化...
2026-05-05 00:22:05.167 | INFO     | Backtest   | [回测 4/5] 模拟第 4281/4845 笔交易: 可立克...
2026-05-05 00:22:05.283 | INFO     | Backtest   | [回测 4/5] 模拟第 4291/4845 笔交易: 交运股份...
2026-05-05 00:22:05.404 | INFO     | Backtest   | [回测 4/5] 模拟第 4301/4845 笔交易: 正丹股份...
2026-05-05 00:22:05.585 | INFO     | Backtest   | [回测 4/5] 模拟第 4311/4845 笔交易: 中炬高新...
2026-05-05 00:22:05.754 | INFO     | Backtest   | [回测 4/5] 模拟第 4321/4845 笔交易: 华瓷股份...
2026-05-05 00:22:05.872 | INFO     | Backtest   | [回测 4/5] 模拟第 4331/4845 笔交易: 博敏电子...
2026-05-05 00:22:06.046 | INFO     | Backtest   | [回测 4/5] 模拟第 4341/4845 笔交易: 中国通号...
2026-05-05 00:22:06.219 | INFO     | Backtest   | [回测 4/5] 模拟第 4351/4845 笔交易: 菲沃泰...
2026-05-05 00:22:06.358 | INFO     | Backtest   | [回测 4/5] 模拟第 4361/4845 笔交易: 运达科技...
2026-05-05 00:22:06.512 | INFO     | Backtest   | [回测 4/5] 模拟第 4371/4845 笔交易: 兴森科技...
2026-05-05 00:22:06.657 | INFO     | Backtest   | [回测 4/5] 模拟第 4381/4845 笔交易: 甘肃能化...
2026-05-05 00:22:06.808 | INFO     | Backtest   | [回测 4/5] 模拟第 4391/4845 笔交易: 惠云钛业...
2026-05-05 00:22:06.956 | INFO     | Backtest   | [回测 4/5] 模拟第 4401/4845 笔交易: 东杰智能...
2026-05-05 00:22:07.043 | INFO     | Backtest   | [回测 4/5] 模拟第 4411/4845 笔交易: 中南文化...
2026-05-05 00:22:07.176 | INFO     | Backtest   | [回测 4/5] 模拟第 4421/4845 笔交易: 凯盛新能...
2026-05-05 00:22:07.327 | INFO     | Backtest   | [回测 4/5] 模拟第 4431/4845 笔交易: 沙河股份...
2026-05-05 00:22:07.474 | INFO     | Backtest   | [回测 4/5] 模拟第 4441/4845 笔交易: 中赋科技...
2026-05-05 00:22:07.663 | INFO     | Backtest   | [回测 4/5] 模拟第 4451/4845 笔交易: 永兴股份...
2026-05-05 00:22:07.819 | INFO     | Backtest   | [回测 4/5] 模拟第 4461/4845 笔交易: 维科技术...
2026-05-05 00:22:07.981 | INFO     | Backtest   | [回测 4/5] 模拟第 4471/4845 笔交易: 福建高速...
2026-05-05 00:22:08.183 | INFO     | Backtest   | [回测 4/5] 模拟第 4481/4845 笔交易: 天津港...
2026-05-05 00:22:08.354 | INFO     | Backtest   | [回测 4/5] 模拟第 4491/4845 笔交易: 金正大...
2026-05-05 00:22:08.523 | INFO     | Backtest   | [回测 4/5] 模拟第 4501/4845 笔交易: 厦门银行...
2026-05-05 00:22:08.686 | INFO     | Backtest   | [回测 4/5] 模拟第 4511/4845 笔交易: 行云科技...
2026-05-05 00:22:08.824 | INFO     | Backtest   | [回测 4/5] 模拟第 4521/4845 笔交易: 力源信息...
2026-05-05 00:22:08.961 | INFO     | Backtest   | [回测 4/5] 模拟第 4531/4845 笔交易: 动力新科...
2026-05-05 00:22:09.144 | INFO     | Backtest   | [回测 4/5] 模拟第 4541/4845 笔交易: 奥飞数据...
2026-05-05 00:22:09.294 | INFO     | Backtest   | [回测 4/5] 模拟第 4551/4845 笔交易: 新华百货...
2026-05-05 00:22:09.475 | INFO     | Backtest   | [回测 4/5] 模拟第 4561/4845 笔交易: 智云股份...
2026-05-05 00:22:09.690 | INFO     | Backtest   | [回测 4/5] 模拟第 4571/4845 笔交易: 南凌科技...
2026-05-05 00:22:09.874 | INFO     | Backtest   | [回测 4/5] 模拟第 4581/4845 笔交易: 南兴股份...
2026-05-05 00:22:10.059 | INFO     | Backtest   | [回测 4/5] 模拟第 4591/4845 笔交易: 舜禹股份...
2026-05-05 00:22:10.245 | INFO     | Backtest   | [回测 4/5] 模拟第 4601/4845 笔交易: 吉视传媒...
2026-05-05 00:22:10.429 | INFO     | Backtest   | [回测 4/5] 模拟第 4611/4845 笔交易: 彩蝶实业...
2026-05-05 00:22:10.622 | INFO     | Backtest   | [回测 4/5] 模拟第 4621/4845 笔交易: 同兴科技...
2026-05-05 00:22:10.826 | INFO     | Backtest   | [回测 4/5] 模拟第 4631/4845 笔交易: 华信新材...
2026-05-05 00:22:11.034 | INFO     | Backtest   | [回测 4/5] 模拟第 4641/4845 笔交易: 新华都...
2026-05-05 00:22:11.232 | INFO     | Backtest   | [回测 4/5] 模拟第 4651/4845 笔交易: 科顺股份...
2026-05-05 00:22:11.384 | INFO     | Backtest   | [回测 4/5] 模拟第 4661/4845 笔交易: 西藏旅游...
2026-05-05 00:22:11.577 | INFO     | Backtest   | [回测 4/5] 模拟第 4671/4845 笔交易: 方正电机...
2026-05-05 00:22:11.793 | INFO     | Backtest   | [回测 4/5] 模拟第 4681/4845 笔交易: 新经典...
2026-05-05 00:22:11.967 | INFO     | Backtest   | [回测 4/5] 模拟第 4691/4845 笔交易: 迈赫股份...
2026-05-05 00:22:12.153 | INFO     | Backtest   | [回测 4/5] 模拟第 4701/4845 笔交易: 湘佳股份...
2026-05-05 00:22:12.336 | INFO     | Backtest   | [回测 4/5] 模拟第 4711/4845 笔交易: 水星家纺...
2026-05-05 00:22:12.499 | INFO     | Backtest   | [回测 4/5] 模拟第 4721/4845 笔交易: 佳力图...
2026-05-05 00:22:12.646 | INFO     | Backtest   | [回测 4/5] 模拟第 4731/4845 笔交易: 金钼股份...
2026-05-05 00:22:12.826 | INFO     | Backtest   | [回测 4/5] 模拟第 4741/4845 笔交易: 光莆股份...
2026-05-05 00:22:12.942 | INFO     | Backtest   | [回测 4/5] 模拟第 4751/4845 笔交易: 平高电气...
2026-05-05 00:22:13.076 | INFO     | Backtest   | [回测 4/5] 模拟第 4761/4845 笔交易: 金信诺...
2026-05-05 00:22:13.233 | INFO     | Backtest   | [回测 4/5] 模拟第 4771/4845 笔交易: 元祖股份...
2026-05-05 00:22:13.364 | INFO     | Backtest   | [回测 4/5] 模拟第 4781/4845 笔交易: 三鑫医疗...
2026-05-05 00:22:13.542 | INFO     | Backtest   | [回测 4/5] 模拟第 4791/4845 笔交易: 湖北宜化...
2026-05-05 00:22:13.633 | INFO     | Backtest   | [回测 4/5] 模拟第 4801/4845 笔交易: 蔚蓝锂芯...
2026-05-05 00:22:13.798 | INFO     | Backtest   | [回测 4/5] 模拟第 4811/4845 笔交易: 初灵信息...
2026-05-05 00:22:13.901 | INFO     | Backtest   | [回测 4/5] 模拟第 4821/4845 笔交易: 麦捷科技...
2026-05-05 00:22:14.012 | INFO     | Backtest   | [回测 4/5] 模拟第 4831/4845 笔交易: 芯联集成-U...
2026-05-05 00:22:14.160 | INFO     | Backtest   | [回测 4/5] 模拟第 4841/4845 笔交易: 广哈通信...
2026-05-05 00:22:14.221 | INFO     | Backtest   | [回测 5/5] 回测任务完成: 1142笔(含0笔平手离场)
2026-05-05 00:22:14.794 | INFO     | Backtest   | [回测 1/5] 筛选回测目标股票...
2026-05-05 00:22:14.804 | INFO     | Backtest   | [回测 2/5] 加载 4972 只股票的历史数据进行快速扫描...
2026-05-05 00:22:32.012 | INFO     | Backtest   | [回测 3/5] 计算策略信号 (基于日线信号库)...
2026-05-05 00:22:32.019 | INFO     | Screener   | 🧬 [Loader] 识别到类继承策略: MA5AngleOriginalStrategy
2026-05-05 00:22:36.351 | INFO     | Backtest   | [回测 3/5] 热门概念过滤 (Top5): 4845 → 193 条信号
2026-05-05 00:22:36.351 | INFO     | Backtest   | [回测 4/5] 处理 193 条信号，执行精细分钟线仿真...
2026-05-05 00:22:36.352 | INFO     | Backtest   | [回测 4/5] 模拟第 1/193 笔交易: 蓝丰生化...
2026-05-05 00:22:36.673 | INFO     | Backtest   | [回测 4/5] 模拟第 11/193 笔交易: 奥飞娱乐...
2026-05-05 00:22:36.946 | INFO     | Backtest   | [回测 4/5] 模拟第 21/193 笔交易: 优博讯...
2026-05-05 00:22:37.225 | INFO     | Backtest   | [回测 4/5] 模拟第 31/193 笔交易: 誉衡药业...
2026-05-05 00:22:37.516 | INFO     | Backtest   | [回测 4/5] 模拟第 41/193 笔交易: 中铁工业...
2026-05-05 00:22:37.782 | INFO     | Backtest   | [回测 4/5] 模拟第 51/193 笔交易: 山推股份...
2026-05-05 00:22:38.064 | INFO     | Backtest   | [回测 4/5] 模拟第 61/193 笔交易: 江钨装备...
2026-05-05 00:22:38.363 | INFO     | Backtest   | [回测 4/5] 模拟第 71/193 笔交易: 大唐电信...
2026-05-05 00:22:38.640 | INFO     | Backtest   | [回测 4/5] 模拟第 81/193 笔交易: 中国铝业...
2026-05-05 00:22:38.892 | INFO     | Backtest   | [回测 4/5] 模拟第 91/193 笔交易: 深科技...
2026-05-05 00:22:39.141 | INFO     | Backtest   | [回测 4/5] 模拟第 101/193 笔交易: 深粮控股...
2026-05-05 00:22:39.370 | INFO     | Backtest   | [回测 4/5] 模拟第 111/193 笔交易: 美锦能源...
2026-05-05 00:22:39.656 | INFO     | Backtest   | [回测 4/5] 模拟第 121/193 笔交易: 冠城新材...
2026-05-05 00:22:39.903 | INFO     | Backtest   | [回测 4/5] 模拟第 131/193 笔交易: 平潭发展...
2026-05-05 00:22:40.134 | INFO     | Backtest   | [回测 4/5] 模拟第 141/193 笔交易: 乐普医疗...
2026-05-05 00:22:40.348 | INFO     | Backtest   | [回测 4/5] 模拟第 151/193 笔交易: 中金岭南...
2026-05-05 00:22:40.555 | INFO     | Backtest   | [回测 4/5] 模拟第 161/193 笔交易: 海峡创新...
2026-05-05 00:22:40.727 | INFO     | Backtest   | [回测 4/5] 模拟第 171/193 笔交易: 亚星化学...
2026-05-05 00:22:40.900 | INFO     | Backtest   | [回测 4/5] 模拟第 181/193 笔交易: 惠天热电...
2026-05-05 00:22:41.075 | INFO     | Backtest   | [回测 4/5] 模拟第 191/193 笔交易: 石化机械...
2026-05-05 00:22:41.153 | INFO     | Backtest   | [回测 5/5] 回测任务完成: 172笔(含0笔平手离场)
2026-05-05 00:22:41.278 | INFO     | Backtest   | [回测 1/5] 筛选回测目标股票...
2026-05-05 00:22:41.291 | INFO     | Backtest   | [回测 2/5] 加载 4972 只股票的历史数据进行快速扫描...
2026-05-05 00:22:58.937 | INFO     | Backtest   | [回测 3/5] 计算策略信号 (基于日线信号库)...
2026-05-05 00:22:58.943 | INFO     | Screener   | 🧬 [Loader] 识别到类继承策略: MA5AngleOriginalStrategy
2026-05-05 00:23:03.264 | INFO     | Backtest   | [回测 3/5] 热门概念过滤 (Top10): 4845 → 332 条信号
2026-05-05 00:23:03.264 | INFO     | Backtest   | [回测 4/5] 处理 332 条信号，执行精细分钟线仿真...
2026-05-05 00:23:03.265 | INFO     | Backtest   | [回测 4/5] 模拟第 1/332 笔交易: 蓝丰生化...
2026-05-05 00:23:03.628 | INFO     | Backtest   | [回测 4/5] 模拟第 11/332 笔交易: 同有科技...
2026-05-05 00:23:03.967 | INFO     | Backtest   | [回测 4/5] 模拟第 21/332 笔交易: 新华都...
2026-05-05 00:23:04.251 | INFO     | Backtest   | [回测 4/5] 模拟第 31/332 笔交易: 先进数通...
2026-05-05 00:23:04.561 | INFO     | Backtest   | [回测 4/5] 模拟第 41/332 笔交易: 高伟达...
2026-05-05 00:23:04.875 | INFO     | Backtest   | [回测 4/5] 模拟第 51/332 笔交易: 湘财股份...
2026-05-05 00:23:05.190 | INFO     | Backtest   | [回测 4/5] 模拟第 61/332 笔交易: 中船汉光...
2026-05-05 00:23:05.471 | INFO     | Backtest   | [回测 4/5] 模拟第 71/332 笔交易: 厦门钨业...
2026-05-05 00:23:05.793 | INFO     | Backtest   | [回测 4/5] 模拟第 81/332 笔交易: 海航科技...
2026-05-05 00:23:06.055 | INFO     | Backtest   | [回测 4/5] 模拟第 91/332 笔交易: 天山股份...
2026-05-05 00:23:06.314 | INFO     | Backtest   | [回测 4/5] 模拟第 101/332 笔交易: 达刚控股...
2026-05-05 00:23:06.586 | INFO     | Backtest   | [回测 4/5] 模拟第 111/332 笔交易: 江钨装备...
2026-05-05 00:23:06.863 | INFO     | Backtest   | [回测 4/5] 模拟第 121/332 笔交易: 利君股份...
2026-05-05 00:23:07.149 | INFO     | Backtest   | [回测 4/5] 模拟第 131/332 笔交易: 金发科技...
2026-05-05 00:23:07.411 | INFO     | Backtest   | [回测 4/5] 模拟第 141/332 笔交易: 洛阳钼业...
2026-05-05 00:23:07.693 | INFO     | Backtest   | [回测 4/5] 模拟第 151/332 笔交易: 金石资源...
2026-05-05 00:23:07.952 | INFO     | Backtest   | [回测 4/5] 模拟第 161/332 笔交易: 深科技...
2026-05-05 00:23:08.204 | INFO     | Backtest   | [回测 4/5] 模拟第 171/332 笔交易: 石化油服...
2026-05-05 00:23:08.439 | INFO     | Backtest   | [回测 4/5] 模拟第 181/332 笔交易: 神火股份...
2026-05-05 00:23:08.733 | INFO     | Backtest   | [回测 4/5] 模拟第 191/332 笔交易: 航天电子...
2026-05-05 00:23:08.972 | INFO     | Backtest   | [回测 4/5] 模拟第 201/332 笔交易: 云铝股份...
2026-05-05 00:23:09.201 | INFO     | Backtest   | [回测 4/5] 模拟第 211/332 笔交易: 龙蟠科技...
2026-05-05 00:23:09.386 | INFO     | Backtest   | [回测 4/5] 模拟第 221/332 笔交易: 北大医药...
2026-05-05 00:23:09.653 | INFO     | Backtest   | [回测 4/5] 模拟第 231/332 笔交易: 新乡化纤...
2026-05-05 00:23:09.861 | INFO     | Backtest   | [回测 4/5] 模拟第 241/332 笔交易: 航天科技...
2026-05-05 00:23:10.091 | INFO     | Backtest   | [回测 4/5] 模拟第 251/332 笔交易: 金浦钛业...
2026-05-05 00:23:10.308 | INFO     | Backtest   | [回测 4/5] 模拟第 261/332 笔交易: 国瑞科技...
2026-05-05 00:23:10.544 | INFO     | Backtest   | [回测 4/5] 模拟第 271/332 笔交易: 罗平锌电...
2026-05-05 00:23:10.723 | INFO     | Backtest   | [回测 4/5] 模拟第 281/332 笔交易: 厦门港务...
2026-05-05 00:23:10.919 | INFO     | Backtest   | [回测 4/5] 模拟第 291/332 笔交易: 中视传媒...
2026-05-05 00:23:11.073 | INFO     | Backtest   | [回测 4/5] 模拟第 301/332 笔交易: 中盐化工...
2026-05-05 00:23:11.241 | INFO     | Backtest   | [回测 4/5] 模拟第 311/332 笔交易: 福建高速...
2026-05-05 00:23:11.423 | INFO     | Backtest   | [回测 4/5] 模拟第 321/332 笔交易: 人民网...
2026-05-05 00:23:11.615 | INFO     | Backtest   | [回测 4/5] 模拟第 331/332 笔交易: 思特奇...
2026-05-05 00:23:11.646 | INFO     | Backtest   | [回测 5/5] 回测任务完成: 282笔(含0笔平手离场)
2026-05-05 00:23:11.792 | INFO     | Backtest   | [回测 1/5] 筛选回测目标股票...
2026-05-05 00:23:11.808 | INFO     | Backtest   | [回测 2/5] 加载 4972 只股票的历史数据进行快速扫描...
2026-05-05 00:23:30.162 | INFO     | Backtest   | [回测 3/5] 计算策略信号 (基于日线信号库)...
2026-05-05 00:23:30.170 | INFO     | Screener   | 🧬 [Loader] 识别到类继承策略: MA5AngleOriginalStrategy
2026-05-05 00:23:34.399 | INFO     | Backtest   | [回测 3/5] 热门概念过滤 (Top3): 4845 → 126 条信号
2026-05-05 00:23:34.399 | INFO     | Backtest   | [回测 4/5] 处理 126 条信号，执行精细分钟线仿真...
2026-05-05 00:23:34.400 | INFO     | Backtest   | [回测 4/5] 模拟第 1/126 笔交易: 蓝丰生化...
2026-05-05 00:23:34.766 | INFO     | Backtest   | [回测 4/5] 模拟第 11/126 笔交易: 圣阳股份...
2026-05-05 00:23:35.070 | INFO     | Backtest   | [回测 4/5] 模拟第 21/126 笔交易: 哈投股份...
2026-05-05 00:23:35.386 | INFO     | Backtest   | [回测 4/5] 模拟第 31/126 笔交易: 中铁工业...
2026-05-05 00:23:35.660 | INFO     | Backtest   | [回测 4/5] 模拟第 41/126 笔交易: 甘咨询...
2026-05-05 00:23:35.955 | INFO     | Backtest   | [回测 4/5] 模拟第 51/126 笔交易: 申通快递...
2026-05-05 00:23:36.219 | INFO     | Backtest   | [回测 4/5] 模拟第 61/126 笔交易: 太极实业...
2026-05-05 00:23:36.442 | INFO     | Backtest   | [回测 4/5] 模拟第 71/126 笔交易: 电投能源...
2026-05-05 00:23:36.704 | INFO     | Backtest   | [回测 4/5] 模拟第 81/126 笔交易: 新疆众和...
2026-05-05 00:23:36.977 | INFO     | Backtest   | [回测 4/5] 模拟第 91/126 笔交易: 平潭发展...
2026-05-05 00:23:37.215 | INFO     | Backtest   | [回测 4/5] 模拟第 101/126 笔交易: 君正集团...
2026-05-05 00:23:37.453 | INFO     | Backtest   | [回测 4/5] 模拟第 111/126 笔交易: 掌阅科技...
2026-05-05 00:23:37.625 | INFO     | Backtest   | [回测 4/5] 模拟第 121/126 笔交易: 北方国际...
2026-05-05 00:23:37.759 | INFO     | Backtest   | [回测 5/5] 回测任务完成: 122笔(含0笔平手离场)
2026-05-05 00:24:40.762 | INFO     | DuckDB     | DuckDB | 所有核心表结构初始化完成 (含热点板块)
2026-05-05 00:24:40.763 | INFO     | DuckDB     | DuckDB 核心就绪: E:\1target\p9_project\quant-platform\data\meta\meta.db
2026-05-05 00:24:40.769 | INFO     | Backtest   | [回测 1/5] 筛选回测目标股票...
2026-05-05 00:24:40.778 | INFO     | Backtest   | [回测 2/5] 加载 4972 只股票的历史数据进行快速扫描...
2026-05-05 00:24:55.978 | INFO     | Backtest   | [回测 3/5] 计算策略信号 (基于日线信号库)...
2026-05-05 00:24:55.984 | INFO     | Screener   | 🧬 [Loader] 识别到类继承策略: MA5AngleOriginalStrategy
2026-05-05 00:25:00.143 | INFO     | Backtest   | [回测 4/5] 处理 1377 条信号，执行精细分钟线仿真...
2026-05-05 00:25:00.145 | INFO     | Backtest   | [回测 4/5] 模拟第 1/1377 笔交易: 诚益通...
2026-05-05 00:25:00.349 | INFO     | Backtest   | [回测 4/5] 模拟第 11/1377 笔交易: 兰生股份...
2026-05-05 00:25:00.537 | INFO     | Backtest   | [回测 4/5] 模拟第 21/1377 笔交易: 兰卫医学...
2026-05-05 00:25:00.767 | INFO     | Backtest   | [回测 4/5] 模拟第 31/1377 笔交易: 戴维医疗...
2026-05-05 00:25:01.024 | INFO     | Backtest   | [回测 4/5] 模拟第 41/1377 笔交易: 海利得...
2026-05-05 00:25:01.291 | INFO     | Backtest   | [回测 4/5] 模拟第 51/1377 笔交易: 科德教育...
2026-05-05 00:25:01.520 | INFO     | Backtest   | [回测 4/5] 模拟第 61/1377 笔交易: 洁特生物...
2026-05-05 00:25:01.788 | INFO     | Backtest   | [回测 4/5] 模拟第 71/1377 笔交易: 天宇股份...
2026-05-05 00:25:02.052 | INFO     | Backtest   | [回测 4/5] 模拟第 81/1377 笔交易: 梦网科技...
2026-05-05 00:25:02.302 | INFO     | Backtest   | [回测 4/5] 模拟第 91/1377 笔交易: 康泰医学...
2026-05-05 00:25:02.574 | INFO     | Backtest   | [回测 4/5] 模拟第 101/1377 笔交易: 亚辉龙...
2026-05-05 00:25:02.842 | INFO     | Backtest   | [回测 4/5] 模拟第 111/1377 笔交易: 华蓝集团...
2026-05-05 00:25:03.087 | INFO     | Backtest   | [回测 4/5] 模拟第 121/1377 笔交易: 桐昆股份...
2026-05-05 00:25:03.357 | INFO     | Backtest   | [回测 4/5] 模拟第 131/1377 笔交易: 潞化科技...
2026-05-05 00:25:03.598 | INFO     | Backtest   | [回测 4/5] 模拟第 141/1377 笔交易: 五矿资本...
2026-05-05 00:25:03.842 | INFO     | Backtest   | [回测 4/5] 模拟第 151/1377 笔交易: 齐翔腾达...
2026-05-05 00:25:04.094 | INFO     | Backtest   | [回测 4/5] 模拟第 161/1377 笔交易: 兆新股份...
2026-05-05 00:25:04.353 | INFO     | Backtest   | [回测 4/5] 模拟第 171/1377 笔交易: 浙江美大...
2026-05-05 00:25:04.589 | INFO     | Backtest   | [回测 4/5] 模拟第 181/1377 笔交易: 南京证券...
2026-05-05 00:25:04.853 | INFO     | Backtest   | [回测 4/5] 模拟第 191/1377 笔交易: 东莞控股...
2026-05-05 00:25:05.090 | INFO     | Backtest   | [回测 4/5] 模拟第 201/1377 笔交易: 诚志股份...
2026-05-05 00:25:05.304 | INFO     | Backtest   | [回测 4/5] 模拟第 211/1377 笔交易: 华菱精工...
2026-05-05 00:25:05.524 | INFO     | Backtest   | [回测 4/5] 模拟第 221/1377 笔交易: 中原内配...
2026-05-05 00:25:05.770 | INFO     | Backtest   | [回测 4/5] 模拟第 231/1377 笔交易: 泰胜风能...
2026-05-05 00:25:05.955 | INFO     | Backtest   | [回测 4/5] 模拟第 241/1377 笔交易: 鼎胜新材...
2026-05-05 00:25:06.173 | INFO     | Backtest   | [回测 4/5] 模拟第 251/1377 笔交易: 宁波方正...
2026-05-05 00:25:06.433 | INFO     | Backtest   | [回测 4/5] 模拟第 261/1377 笔交易: 天汽模...
2026-05-05 00:25:06.696 | INFO     | Backtest   | [回测 4/5] 模拟第 271/1377 笔交易: 新澳股份...
2026-05-05 00:25:06.917 | INFO     | Backtest   | [回测 4/5] 模拟第 281/1377 笔交易: 杭州园林...
2026-05-05 00:25:07.161 | INFO     | Backtest   | [回测 4/5] 模拟第 291/1377 笔交易: 三星新材...
2026-05-05 00:25:07.411 | INFO     | Backtest   | [回测 4/5] 模拟第 301/1377 笔交易: 金埔园林...
2026-05-05 00:25:07.663 | INFO     | Backtest   | [回测 4/5] 模拟第 311/1377 笔交易: 远大控股...
2026-05-05 00:25:07.886 | INFO     | Backtest   | [回测 4/5] 模拟第 321/1377 笔交易: 神开股份...
2026-05-05 00:25:08.079 | INFO     | Backtest   | [回测 4/5] 模拟第 331/1377 笔交易: 立中集团...
2026-05-05 00:25:08.300 | INFO     | Backtest   | [回测 4/5] 模拟第 341/1377 笔交易: 香溢融通...
2026-05-05 00:25:08.525 | INFO     | Backtest   | [回测 4/5] 模拟第 351/1377 笔交易: 埃斯顿...
2026-05-05 00:25:08.750 | INFO     | Backtest   | [回测 4/5] 模拟第 361/1377 笔交易: 金逸影视...
2026-05-05 00:25:08.981 | INFO     | Backtest   | [回测 4/5] 模拟第 371/1377 笔交易: 新宏泽...
2026-05-05 00:25:09.172 | INFO     | Backtest   | [回测 4/5] 模拟第 381/1377 笔交易: 雅运股份...
2026-05-05 00:25:09.357 | INFO     | Backtest   | [回测 4/5] 模拟第 391/1377 笔交易: 双星新材...
2026-05-05 00:25:09.619 | INFO     | Backtest   | [回测 4/5] 模拟第 401/1377 笔交易: 中材节能...
2026-05-05 00:25:09.831 | INFO     | Backtest   | [回测 4/5] 模拟第 411/1377 笔交易: 菲达环保...
2026-05-05 00:25:10.083 | INFO     | Backtest   | [回测 4/5] 模拟第 421/1377 笔交易: 海利尔...
2026-05-05 00:25:10.320 | INFO     | Backtest   | [回测 4/5] 模拟第 431/1377 笔交易: 湖南投资...
2026-05-05 00:25:10.556 | INFO     | Backtest   | [回测 4/5] 模拟第 441/1377 笔交易: 民丰特纸...
2026-05-05 00:25:10.789 | INFO     | Backtest   | [回测 4/5] 模拟第 451/1377 笔交易: 郴电国际...
2026-05-05 00:25:10.991 | INFO     | Backtest   | [回测 4/5] 模拟第 461/1377 笔交易: 科拓生物...
2026-05-05 00:25:11.207 | INFO     | Backtest   | [回测 4/5] 模拟第 471/1377 笔交易: 双杰电气...
2026-05-05 00:25:11.359 | INFO     | Backtest   | [回测 4/5] 模拟第 481/1377 笔交易: 三友医疗...
2026-05-05 00:25:11.563 | INFO     | Backtest   | [回测 4/5] 模拟第 491/1377 笔交易: 漱玉平民...
2026-05-05 00:25:11.731 | INFO     | Backtest   | [回测 4/5] 模拟第 501/1377 笔交易: 电声股份...
2026-05-05 00:25:11.917 | INFO     | Backtest   | [回测 4/5] 模拟第 511/1377 笔交易: 京运通...
2026-05-05 00:25:12.086 | INFO     | Backtest   | [回测 4/5] 模拟第 521/1377 笔交易: 兴业股份...
2026-05-05 00:25:12.226 | INFO     | Backtest   | [回测 4/5] 模拟第 531/1377 笔交易: 亚虹医药-U...
2026-05-05 00:25:12.399 | INFO     | Backtest   | [回测 4/5] 模拟第 541/1377 笔交易: 宝丰能源...
2026-05-05 00:25:12.568 | INFO     | Backtest   | [回测 4/5] 模拟第 551/1377 笔交易: 嘉化能源...
2026-05-05 00:25:12.734 | INFO     | Backtest   | [回测 4/5] 模拟第 561/1377 笔交易: 黄山旅游...
2026-05-05 00:25:12.918 | INFO     | Backtest   | [回测 4/5] 模拟第 571/1377 笔交易: 晋亿实业...
2026-05-05 00:25:13.145 | INFO     | Backtest   | [回测 4/5] 模拟第 581/1377 笔交易: 哈空调...
2026-05-05 00:25:13.381 | INFO     | Backtest   | [回测 4/5] 模拟第 591/1377 笔交易: 浙江医药...
2026-05-05 00:25:13.590 | INFO     | Backtest   | [回测 4/5] 模拟第 601/1377 笔交易: 公元股份...
2026-05-05 00:25:13.848 | INFO     | Backtest   | [回测 4/5] 模拟第 611/1377 笔交易: 金运激光...
2026-05-05 00:25:14.056 | INFO     | Backtest   | [回测 4/5] 模拟第 621/1377 笔交易: 佳云科技...
2026-05-05 00:25:14.238 | INFO     | Backtest   | [回测 4/5] 模拟第 631/1377 笔交易: 京城股份...
2026-05-05 00:25:14.448 | INFO     | Backtest   | [回测 4/5] 模拟第 641/1377 笔交易: 大连重工...
2026-05-05 00:25:14.657 | INFO     | Backtest   | [回测 4/5] 模拟第 651/1377 笔交易: 玲珑轮胎...
2026-05-05 00:25:14.890 | INFO     | Backtest   | [回测 4/5] 模拟第 661/1377 笔交易: 海峡创新...
2026-05-05 00:25:15.046 | INFO     | Backtest   | [回测 4/5] 模拟第 671/1377 笔交易: 航民股份...
2026-05-05 00:25:15.249 | INFO     | Backtest   | [回测 4/5] 模拟第 681/1377 笔交易: 齐翔腾达...
2026-05-05 00:25:15.405 | INFO     | Backtest   | [回测 4/5] 模拟第 691/1377 笔交易: 中远海能...
2026-05-05 00:25:15.589 | INFO     | Backtest   | [回测 4/5] 模拟第 701/1377 笔交易: 招商南油...
2026-05-05 00:25:15.785 | INFO     | Backtest   | [回测 4/5] 模拟第 711/1377 笔交易: 鼎信通讯...
2026-05-05 00:25:16.011 | INFO     | Backtest   | [回测 4/5] 模拟第 721/1377 笔交易: 思美传媒...
2026-05-05 00:25:16.220 | INFO     | Backtest   | [回测 4/5] 模拟第 731/1377 笔交易: 中视传媒...
2026-05-05 00:25:16.430 | INFO     | Backtest   | [回测 4/5] 模拟第 741/1377 笔交易: 科顺股份...
2026-05-05 00:25:16.604 | INFO     | Backtest   | [回测 4/5] 模拟第 751/1377 笔交易: 华塑股份...
2026-05-05 00:25:16.782 | INFO     | Backtest   | [回测 4/5] 模拟第 761/1377 笔交易: 三钢闽光...
2026-05-05 00:25:16.951 | INFO     | Backtest   | [回测 4/5] 模拟第 771/1377 笔交易: 恒宝股份...
2026-05-05 00:25:17.119 | INFO     | Backtest   | [回测 4/5] 模拟第 781/1377 笔交易: 皇台酒业...
2026-05-05 00:25:17.249 | INFO     | Backtest   | [回测 4/5] 模拟第 791/1377 笔交易: 科德教育...
2026-05-05 00:25:17.384 | INFO     | Backtest   | [回测 4/5] 模拟第 801/1377 笔交易: 江苏金租...
2026-05-05 00:25:17.514 | INFO     | Backtest   | [回测 4/5] 模拟第 811/1377 笔交易: 新柴股份...
2026-05-05 00:25:17.644 | INFO     | Backtest   | [回测 4/5] 模拟第 821/1377 笔交易: 中国电建...
2026-05-05 00:25:17.799 | INFO     | Backtest   | [回测 4/5] 模拟第 831/1377 笔交易: 新乡化纤...
2026-05-05 00:25:17.988 | INFO     | Backtest   | [回测 4/5] 模拟第 841/1377 笔交易: 天龙股份...
2026-05-05 00:25:18.207 | INFO     | Backtest   | [回测 4/5] 模拟第 851/1377 笔交易: 精锻科技...
2026-05-05 00:25:18.338 | INFO     | Backtest   | [回测 4/5] 模拟第 861/1377 笔交易: 黄河旋风...
2026-05-05 00:25:18.507 | INFO     | Backtest   | [回测 4/5] 模拟第 871/1377 笔交易: 道明光学...
2026-05-05 00:25:18.710 | INFO     | Backtest   | [回测 4/5] 模拟第 881/1377 笔交易: 苏州规划...
2026-05-05 00:25:18.875 | INFO     | Backtest   | [回测 4/5] 模拟第 891/1377 笔交易: 长青科技...
2026-05-05 00:25:19.032 | INFO     | Backtest   | [回测 4/5] 模拟第 901/1377 笔交易: 韵达股份...
2026-05-05 00:25:19.201 | INFO     | Backtest   | [回测 4/5] 模拟第 911/1377 笔交易: 星湖科技...
2026-05-05 00:25:19.369 | INFO     | Backtest   | [回测 4/5] 模拟第 921/1377 笔交易: 京能电力...
2026-05-05 00:25:19.539 | INFO     | Backtest   | [回测 4/5] 模拟第 931/1377 笔交易: 珈伟新能...
2026-05-05 00:25:19.641 | INFO     | Backtest   | [回测 4/5] 模拟第 941/1377 笔交易: 铭普光磁...
2026-05-05 00:25:19.785 | INFO     | Backtest   | [回测 4/5] 模拟第 951/1377 笔交易: 坤彩科技...
2026-05-05 00:25:19.945 | INFO     | Backtest   | [回测 4/5] 模拟第 961/1377 笔交易: 京基智农...
2026-05-05 00:25:20.092 | INFO     | Backtest   | [回测 4/5] 模拟第 971/1377 笔交易: 中电鑫龙...
2026-05-05 00:25:20.260 | INFO     | Backtest   | [回测 4/5] 模拟第 981/1377 笔交易: 华能国际...
2026-05-05 00:25:20.434 | INFO     | Backtest   | [回测 4/5] 模拟第 991/1377 笔交易: 百洋医药...
2026-05-05 00:25:20.620 | INFO     | Backtest   | [回测 4/5] 模拟第 1001/1377 笔交易: 日照港...
2026-05-05 00:25:20.792 | INFO     | Backtest   | [回测 4/5] 模拟第 1011/1377 笔交易: 盐田港...
2026-05-05 00:25:20.976 | INFO     | Backtest   | [回测 4/5] 模拟第 1021/1377 笔交易: 开能健康...
2026-05-05 00:25:21.150 | INFO     | Backtest   | [回测 4/5] 模拟第 1031/1377 笔交易: 奥美医疗...
2026-05-05 00:25:21.337 | INFO     | Backtest   | [回测 4/5] 模拟第 1041/1377 笔交易: 博迈科...
2026-05-05 00:25:21.460 | INFO     | Backtest   | [回测 4/5] 模拟第 1051/1377 笔交易: 华自科技...
2026-05-05 00:25:21.601 | INFO     | Backtest   | [回测 4/5] 模拟第 1061/1377 笔交易: 锐新科技...
2026-05-05 00:25:21.807 | INFO     | Backtest   | [回测 4/5] 模拟第 1071/1377 笔交易: 中钢国际...
2026-05-05 00:25:21.994 | INFO     | Backtest   | [回测 4/5] 模拟第 1081/1377 笔交易: 创元科技...
2026-05-05 00:25:22.194 | INFO     | Backtest   | [回测 4/5] 模拟第 1091/1377 笔交易: 海正生材...
2026-05-05 00:25:22.394 | INFO     | Backtest   | [回测 4/5] 模拟第 1101/1377 笔交易: 北矿科技...
2026-05-05 00:25:22.588 | INFO     | Backtest   | [回测 4/5] 模拟第 1111/1377 笔交易: 拓斯达...
2026-05-05 00:25:22.795 | INFO     | Backtest   | [回测 4/5] 模拟第 1121/1377 笔交易: 元琛科技...
2026-05-05 00:25:22.987 | INFO     | Backtest   | [回测 4/5] 模拟第 1131/1377 笔交易: 可靠股份...
2026-05-05 00:25:23.184 | INFO     | Backtest   | [回测 4/5] 模拟第 1141/1377 笔交易: 莱绅通灵...
2026-05-05 00:25:23.397 | INFO     | Backtest   | [回测 4/5] 模拟第 1151/1377 笔交易: 省广集团...
2026-05-05 00:25:23.590 | INFO     | Backtest   | [回测 4/5] 模拟第 1161/1377 笔交易: 凯撒文化...
2026-05-05 00:25:23.822 | INFO     | Backtest   | [回测 4/5] 模拟第 1171/1377 笔交易: 越剑智能...
2026-05-05 00:25:24.040 | INFO     | Backtest   | [回测 4/5] 模拟第 1181/1377 笔交易: 明牌珠宝...
2026-05-05 00:25:24.201 | INFO     | Backtest   | [回测 4/5] 模拟第 1191/1377 笔交易: 金鹰股份...
2026-05-05 00:25:24.412 | INFO     | Backtest   | [回测 4/5] 模拟第 1201/1377 笔交易: 祥和实业...
2026-05-05 00:25:24.619 | INFO     | Backtest   | [回测 4/5] 模拟第 1211/1377 笔交易: 中亚股份...
2026-05-05 00:25:24.834 | INFO     | Backtest   | [回测 4/5] 模拟第 1221/1377 笔交易: 英联股份...
2026-05-05 00:25:25.032 | INFO     | Backtest   | [回测 4/5] 模拟第 1231/1377 笔交易: 奥克股份...
2026-05-05 00:25:25.230 | INFO     | Backtest   | [回测 4/5] 模拟第 1241/1377 笔交易: 京运通...
2026-05-05 00:25:25.396 | INFO     | Backtest   | [回测 4/5] 模拟第 1251/1377 笔交易: 易明医药...
2026-05-05 00:25:25.579 | INFO     | Backtest   | [回测 4/5] 模拟第 1261/1377 笔交易: 东亚药业...
2026-05-05 00:25:25.746 | INFO     | Backtest   | [回测 4/5] 模拟第 1271/1377 笔交易: 铁流股份...
2026-05-05 00:25:25.858 | INFO     | Backtest   | [回测 4/5] 模拟第 1281/1377 笔交易: 严牌股份...
2026-05-05 00:25:26.002 | INFO     | Backtest   | [回测 4/5] 模拟第 1291/1377 笔交易: 博汇纸业...
2026-05-05 00:25:26.159 | INFO     | Backtest   | [回测 4/5] 模拟第 1301/1377 笔交易: 联发股份...
2026-05-05 00:25:26.276 | INFO     | Backtest   | [回测 4/5] 模拟第 1311/1377 笔交易: 汇洁股份...
2026-05-05 00:25:26.489 | INFO     | Backtest   | [回测 4/5] 模拟第 1321/1377 笔交易: 宝钢包装...
2026-05-05 00:25:26.594 | INFO     | Backtest   | [回测 4/5] 模拟第 1331/1377 笔交易: 中胤时尚...
2026-05-05 00:25:26.741 | INFO     | Backtest   | [回测 4/5] 模拟第 1341/1377 笔交易: 新疆众和...
2026-05-05 00:25:26.875 | INFO     | Backtest   | [回测 4/5] 模拟第 1351/1377 笔交易: 康希通信...
2026-05-05 00:25:26.998 | INFO     | Backtest   | [回测 4/5] 模拟第 1361/1377 笔交易: 利亚德...
2026-05-05 00:25:27.166 | INFO     | Backtest   | [回测 4/5] 模拟第 1371/1377 笔交易: 华星创业...
2026-05-05 00:25:27.257 | INFO     | Backtest   | [回测 5/5] 回测任务完成: 284笔(含0笔平手离场)
2026-05-05 00:25:27.414 | INFO     | Backtest   | [回测 1/5] 筛选回测目标股票...
2026-05-05 00:25:27.425 | INFO     | Backtest   | [回测 2/5] 加载 4972 只股票的历史数据进行快速扫描...
2026-05-05 00:25:44.817 | INFO     | Backtest   | [回测 3/5] 计算策略信号 (基于日线信号库)...
2026-05-05 00:25:44.823 | INFO     | Screener   | 🧬 [Loader] 识别到类继承策略: MA5AngleOriginalStrategy
2026-05-05 00:25:48.944 | INFO     | Backtest   | [回测 3/5] 热门概念过滤 (Top5): 1377 → 54 条信号
2026-05-05 00:25:48.944 | INFO     | Backtest   | [回测 4/5] 处理 54 条信号，执行精细分钟线仿真...
2026-05-05 00:25:48.944 | INFO     | Backtest   | [回测 4/5] 模拟第 1/54 笔交易: 冠昊生物...
2026-05-05 00:25:49.183 | INFO     | Backtest   | [回测 4/5] 模拟第 11/54 笔交易: 京能电力...
2026-05-05 00:25:49.406 | INFO     | Backtest   | [回测 4/5] 模拟第 21/54 笔交易: 茂化实华...
2026-05-05 00:25:49.623 | INFO     | Backtest   | [回测 4/5] 模拟第 31/54 笔交易: 中国石化...
2026-05-05 00:25:49.838 | INFO     | Backtest   | [回测 4/5] 模拟第 41/54 笔交易: 大连热电...
2026-05-05 00:25:50.026 | INFO     | Backtest   | [回测 4/5] 模拟第 51/54 笔交易: 华泰股份...
2026-05-05 00:25:50.107 | INFO     | Backtest   | [回测 5/5] 回测任务完成: 51笔(含0笔平手离场)
2026-05-05 00:25:50.205 | INFO     | Backtest   | [回测 1/5] 筛选回测目标股票...
2026-05-05 00:25:50.219 | INFO     | Backtest   | [回测 2/5] 加载 4972 只股票的历史数据进行快速扫描...
2026-05-05 00:26:07.914 | INFO     | Backtest   | [回测 3/5] 计算策略信号 (基于日线信号库)...
2026-05-05 00:26:07.920 | INFO     | Screener   | 🧬 [Loader] 识别到类继承策略: MA5AngleOriginalStrategy
2026-05-05 00:26:12.157 | INFO     | Backtest   | [回测 3/5] 热门概念过滤 (Top10): 1377 → 90 条信号
2026-05-05 00:26:12.157 | INFO     | Backtest   | [回测 4/5] 处理 90 条信号，执行精细分钟线仿真...
2026-05-05 00:26:12.157 | INFO     | Backtest   | [回测 4/5] 模拟第 1/90 笔交易: 冠昊生物...
2026-05-05 00:26:12.414 | INFO     | Backtest   | [回测 4/5] 模拟第 11/90 笔交易: 鲁北化工...
2026-05-05 00:26:12.656 | INFO     | Backtest   | [回测 4/5] 模拟第 21/90 笔交易: 鹏翎股份...
2026-05-05 00:26:12.891 | INFO     | Backtest   | [回测 4/5] 模拟第 31/90 笔交易: 国民技术...
2026-05-05 00:26:13.096 | INFO     | Backtest   | [回测 4/5] 模拟第 41/90 笔交易: 章源钨业...
2026-05-05 00:26:13.326 | INFO     | Backtest   | [回测 4/5] 模拟第 51/90 笔交易: 上海石化...
2026-05-05 00:26:13.519 | INFO     | Backtest   | [回测 4/5] 模拟第 61/90 笔交易: 钛能化学...
2026-05-05 00:26:13.716 | INFO     | Backtest   | [回测 4/5] 模拟第 71/90 笔交易: 奥赛康...
2026-05-05 00:26:13.917 | INFO     | Backtest   | [回测 4/5] 模拟第 81/90 笔交易: 圣阳股份...
2026-05-05 00:26:14.101 | INFO     | Backtest   | [回测 5/5] 回测任务完成: 78笔(含0笔平手离场)
2026-05-05 20:37:09.052 | INFO     | DuckDB     | DuckDB | 所有核心表结构初始化完成 (含热点板块)
2026-05-05 20:37:09.052 | INFO     | DuckDB     | DuckDB 核心就绪: E:\1target\p9_project\quant-platform\data\meta\meta.db
2026-05-05 20:37:09.075 | INFO     | Backtest   | [回测 1/5] 筛选回测目标股票...
2026-05-05 20:37:09.083 | INFO     | Backtest   | [回测 2/5] 加载 4972 只股票的历史数据进行快速扫描...
2026-05-05 20:37:23.714 | INFO     | Backtest   | [回测 3/5] 计算策略信号 (基于日线信号库)...
2026-05-05 20:37:23.734 | INFO     | Screener   | 🧬 [Loader] 识别到类继承策略: MA5AngleOriginalStrategy
2026-05-05 20:37:29.202 | INFO     | Backtest   | [回测 4/5] 处理 1377 条信号，执行精细分钟线仿真...
2026-05-05 20:37:29.204 | INFO     | Backtest   | [回测 4/5] 模拟第 1/1377 笔交易: 诚益通...
2026-05-05 20:37:29.521 | INFO     | Backtest   | [回测 4/5] 模拟第 11/1377 笔交易: 兰生股份...
2026-05-05 20:37:29.744 | INFO     | Backtest   | [回测 4/5] 模拟第 21/1377 笔交易: 兰卫医学...
2026-05-05 20:37:30.032 | INFO     | Backtest   | [回测 4/5] 模拟第 31/1377 笔交易: 戴维医疗...
2026-05-05 20:37:30.337 | INFO     | Backtest   | [回测 4/5] 模拟第 41/1377 笔交易: 海利得...
2026-05-05 20:37:30.699 | INFO     | Backtest   | [回测 4/5] 模拟第 51/1377 笔交易: 科德教育...
2026-05-05 20:37:30.997 | INFO     | Backtest   | [回测 4/5] 模拟第 61/1377 笔交易: 洁特生物...
2026-05-05 20:37:31.315 | INFO     | Backtest   | [回测 4/5] 模拟第 71/1377 笔交易: 天宇股份...
2026-05-05 20:37:31.661 | INFO     | Backtest   | [回测 4/5] 模拟第 81/1377 笔交易: 梦网科技...
2026-05-05 20:37:32.003 | INFO     | Backtest   | [回测 4/5] 模拟第 91/1377 笔交易: 康泰医学...
2026-05-05 20:37:32.341 | INFO     | Backtest   | [回测 4/5] 模拟第 101/1377 笔交易: 亚辉龙...
2026-05-05 20:37:32.697 | INFO     | Backtest   | [回测 4/5] 模拟第 111/1377 笔交易: 华蓝集团...
2026-05-05 20:37:33.060 | INFO     | Backtest   | [回测 4/5] 模拟第 121/1377 笔交易: 桐昆股份...
2026-05-05 20:37:33.404 | INFO     | Backtest   | [回测 4/5] 模拟第 131/1377 笔交易: 潞化科技...
2026-05-05 20:37:33.704 | INFO     | Backtest   | [回测 4/5] 模拟第 141/1377 笔交易: 五矿资本...
2026-05-05 20:37:34.012 | INFO     | Backtest   | [回测 4/5] 模拟第 151/1377 笔交易: 齐翔腾达...
2026-05-05 20:37:34.329 | INFO     | Backtest   | [回测 4/5] 模拟第 161/1377 笔交易: 兆新股份...
2026-05-05 20:37:34.665 | INFO     | Backtest   | [回测 4/5] 模拟第 171/1377 笔交易: 浙江美大...
2026-05-05 20:37:34.968 | INFO     | Backtest   | [回测 4/5] 模拟第 181/1377 笔交易: 南京证券...
2026-05-05 20:37:35.312 | INFO     | Backtest   | [回测 4/5] 模拟第 191/1377 笔交易: 东莞控股...
2026-05-05 20:37:35.640 | INFO     | Backtest   | [回测 4/5] 模拟第 201/1377 笔交易: 诚志股份...
2026-05-05 20:37:35.894 | INFO     | Backtest   | [回测 4/5] 模拟第 211/1377 笔交易: 华菱精工...
2026-05-05 20:37:36.232 | INFO     | Backtest   | [回测 4/5] 模拟第 221/1377 笔交易: 中原内配...
2026-05-05 20:37:36.553 | INFO     | Backtest   | [回测 4/5] 模拟第 231/1377 笔交易: 泰胜风能...
2026-05-05 20:37:36.795 | INFO     | Backtest   | [回测 4/5] 模拟第 241/1377 笔交易: 鼎胜新材...
2026-05-05 20:37:37.081 | INFO     | Backtest   | [回测 4/5] 模拟第 251/1377 笔交易: 宁波方正...
2026-05-05 20:37:37.404 | INFO     | Backtest   | [回测 4/5] 模拟第 261/1377 笔交易: 天汽模...
2026-05-05 20:37:37.704 | INFO     | Backtest   | [回测 4/5] 模拟第 271/1377 笔交易: 新澳股份...
2026-05-05 20:37:37.968 | INFO     | Backtest   | [回测 4/5] 模拟第 281/1377 笔交易: 杭州园林...
2026-05-05 20:37:38.295 | INFO     | Backtest   | [回测 4/5] 模拟第 291/1377 笔交易: 三星新材...
2026-05-05 20:37:38.590 | INFO     | Backtest   | [回测 4/5] 模拟第 301/1377 笔交易: 金埔园林...
2026-05-05 20:37:38.903 | INFO     | Backtest   | [回测 4/5] 模拟第 311/1377 笔交易: 远大控股...
2026-05-05 20:37:39.183 | INFO     | Backtest   | [回测 4/5] 模拟第 321/1377 笔交易: 神开股份...
2026-05-05 20:37:39.439 | INFO     | Backtest   | [回测 4/5] 模拟第 331/1377 笔交易: 立中集团...
2026-05-05 20:37:39.696 | INFO     | Backtest   | [回测 4/5] 模拟第 341/1377 笔交易: 香溢融通...
2026-05-05 20:37:39.983 | INFO     | Backtest   | [回测 4/5] 模拟第 351/1377 笔交易: 埃斯顿...
2026-05-05 20:37:40.282 | INFO     | Backtest   | [回测 4/5] 模拟第 361/1377 笔交易: 金逸影视...
2026-05-05 20:37:40.587 | INFO     | Backtest   | [回测 4/5] 模拟第 371/1377 笔交易: 新宏泽...
2026-05-05 20:37:40.830 | INFO     | Backtest   | [回测 4/5] 模拟第 381/1377 笔交易: 雅运股份...
2026-05-05 20:37:41.066 | INFO     | Backtest   | [回测 4/5] 模拟第 391/1377 笔交易: 双星新材...
2026-05-05 20:37:41.424 | INFO     | Backtest   | [回测 4/5] 模拟第 401/1377 笔交易: 中材节能...
2026-05-05 20:37:41.690 | INFO     | Backtest   | [回测 4/5] 模拟第 411/1377 笔交易: 菲达环保...
2026-05-05 20:37:41.995 | INFO     | Backtest   | [回测 4/5] 模拟第 421/1377 笔交易: 海利尔...
2026-05-05 20:37:42.290 | INFO     | Backtest   | [回测 4/5] 模拟第 431/1377 笔交易: 湖南投资...
2026-05-05 20:37:42.572 | INFO     | Backtest   | [回测 4/5] 模拟第 441/1377 笔交易: 民丰特纸...
2026-05-05 20:37:42.851 | INFO     | Backtest   | [回测 4/5] 模拟第 451/1377 笔交易: 郴电国际...
2026-05-05 20:37:43.137 | INFO     | Backtest   | [回测 4/5] 模拟第 461/1377 笔交易: 科拓生物...
2026-05-05 20:37:43.411 | INFO     | Backtest   | [回测 4/5] 模拟第 471/1377 笔交易: 双杰电气...
2026-05-05 20:37:43.625 | INFO     | Backtest   | [回测 4/5] 模拟第 481/1377 笔交易: 三友医疗...
2026-05-05 20:37:43.886 | INFO     | Backtest   | [回测 4/5] 模拟第 491/1377 笔交易: 漱玉平民...
2026-05-05 20:37:44.083 | INFO     | Backtest   | [回测 4/5] 模拟第 501/1377 笔交易: 电声股份...
2026-05-05 20:37:44.314 | INFO     | Backtest   | [回测 4/5] 模拟第 511/1377 笔交易: 京运通...
2026-05-05 20:37:44.519 | INFO     | Backtest   | [回测 4/5] 模拟第 521/1377 笔交易: 兴业股份...
2026-05-05 20:37:44.691 | INFO     | Backtest   | [回测 4/5] 模拟第 531/1377 笔交易: 亚虹医药-U...
2026-05-05 20:37:44.917 | INFO     | Backtest   | [回测 4/5] 模拟第 541/1377 笔交易: 宝丰能源...
2026-05-05 20:37:45.136 | INFO     | Backtest   | [回测 4/5] 模拟第 551/1377 笔交易: 嘉化能源...
2026-05-05 20:37:45.338 | INFO     | Backtest   | [回测 4/5] 模拟第 561/1377 笔交易: 黄山旅游...
2026-05-05 20:37:45.569 | INFO     | Backtest   | [回测 4/5] 模拟第 571/1377 笔交易: 晋亿实业...
2026-05-05 20:37:45.848 | INFO     | Backtest   | [回测 4/5] 模拟第 581/1377 笔交易: 哈空调...
2026-05-05 20:37:46.152 | INFO     | Backtest   | [回测 4/5] 模拟第 591/1377 笔交易: 浙江医药...
2026-05-05 20:37:46.407 | INFO     | Backtest   | [回测 4/5] 模拟第 601/1377 笔交易: 公元股份...
2026-05-05 20:37:46.785 | INFO     | Backtest   | [回测 4/5] 模拟第 611/1377 笔交易: 金运激光...
2026-05-05 20:37:47.049 | INFO     | Backtest   | [回测 4/5] 模拟第 621/1377 笔交易: 佳云科技...
2026-05-05 20:37:47.319 | INFO     | Backtest   | [回测 4/5] 模拟第 631/1377 笔交易: 京城股份...
2026-05-05 20:37:47.605 | INFO     | Backtest   | [回测 4/5] 模拟第 641/1377 笔交易: 大连重工...
2026-05-05 20:37:47.842 | INFO     | Backtest   | [回测 4/5] 模拟第 651/1377 笔交易: 玲珑轮胎...
2026-05-05 20:37:48.123 | INFO     | Backtest   | [回测 4/5] 模拟第 661/1377 笔交易: 海峡创新...
2026-05-05 20:37:48.332 | INFO     | Backtest   | [回测 4/5] 模拟第 671/1377 笔交易: 航民股份...
2026-05-05 20:37:48.574 | INFO     | Backtest   | [回测 4/5] 模拟第 681/1377 笔交易: 齐翔腾达...
2026-05-05 20:37:48.772 | INFO     | Backtest   | [回测 4/5] 模拟第 691/1377 笔交易: 中远海能...
2026-05-05 20:37:49.027 | INFO     | Backtest   | [回测 4/5] 模拟第 701/1377 笔交易: 招商南油...
2026-05-05 20:37:49.288 | INFO     | Backtest   | [回测 4/5] 模拟第 711/1377 笔交易: 鼎信通讯...
2026-05-05 20:37:49.584 | INFO     | Backtest   | [回测 4/5] 模拟第 721/1377 笔交易: 思美传媒...
2026-05-05 20:37:49.875 | INFO     | Backtest   | [回测 4/5] 模拟第 731/1377 笔交易: 中视传媒...
2026-05-05 20:37:50.120 | INFO     | Backtest   | [回测 4/5] 模拟第 741/1377 笔交易: 科顺股份...
2026-05-05 20:37:50.347 | INFO     | Backtest   | [回测 4/5] 模拟第 751/1377 笔交易: 华塑股份...
2026-05-05 20:37:50.576 | INFO     | Backtest   | [回测 4/5] 模拟第 761/1377 笔交易: 三钢闽光...
2026-05-05 20:37:50.796 | INFO     | Backtest   | [回测 4/5] 模拟第 771/1377 笔交易: 恒宝股份...
2026-05-05 20:37:51.024 | INFO     | Backtest   | [回测 4/5] 模拟第 781/1377 笔交易: 皇台酒业...
2026-05-05 20:37:51.210 | INFO     | Backtest   | [回测 4/5] 模拟第 791/1377 笔交易: 科德教育...
2026-05-05 20:37:51.400 | INFO     | Backtest   | [回测 4/5] 模拟第 801/1377 笔交易: 江苏金租...
2026-05-05 20:37:51.574 | INFO     | Backtest   | [回测 4/5] 模拟第 811/1377 笔交易: 新柴股份...
2026-05-05 20:37:51.731 | INFO     | Backtest   | [回测 4/5] 模拟第 821/1377 笔交易: 中国电建...
2026-05-05 20:37:51.918 | INFO     | Backtest   | [回测 4/5] 模拟第 831/1377 笔交易: 新乡化纤...
2026-05-05 20:37:52.140 | INFO     | Backtest   | [回测 4/5] 模拟第 841/1377 笔交易: 天龙股份...
2026-05-05 20:37:52.395 | INFO     | Backtest   | [回测 4/5] 模拟第 851/1377 笔交易: 精锻科技...
2026-05-05 20:37:52.555 | INFO     | Backtest   | [回测 4/5] 模拟第 861/1377 笔交易: 黄河旋风...
2026-05-05 20:37:52.757 | INFO     | Backtest   | [回测 4/5] 模拟第 871/1377 笔交易: 道明光学...
2026-05-05 20:37:53.022 | INFO     | Backtest   | [回测 4/5] 模拟第 881/1377 笔交易: 苏州规划...
2026-05-05 20:37:53.201 | INFO     | Backtest   | [回测 4/5] 模拟第 891/1377 笔交易: 长青科技...
2026-05-05 20:37:53.382 | INFO     | Backtest   | [回测 4/5] 模拟第 901/1377 笔交易: 韵达股份...
2026-05-05 20:37:53.607 | INFO     | Backtest   | [回测 4/5] 模拟第 911/1377 笔交易: 星湖科技...
2026-05-05 20:37:53.811 | INFO     | Backtest   | [回测 4/5] 模拟第 921/1377 笔交易: 京能电力...
2026-05-05 20:37:54.005 | INFO     | Backtest   | [回测 4/5] 模拟第 931/1377 笔交易: 珈伟新能...
2026-05-05 20:37:54.129 | INFO     | Backtest   | [回测 4/5] 模拟第 941/1377 笔交易: 铭普光磁...
2026-05-05 20:37:54.296 | INFO     | Backtest   | [回测 4/5] 模拟第 951/1377 笔交易: 坤彩科技...
2026-05-05 20:37:54.541 | INFO     | Backtest   | [回测 4/5] 模拟第 961/1377 笔交易: 京基智农...
2026-05-05 20:37:54.711 | INFO     | Backtest   | [回测 4/5] 模拟第 971/1377 笔交易: 中电鑫龙...
2026-05-05 20:37:54.928 | INFO     | Backtest   | [回测 4/5] 模拟第 981/1377 笔交易: 华能国际...
2026-05-05 20:37:55.126 | INFO     | Backtest   | [回测 4/5] 模拟第 991/1377 笔交易: 百洋医药...
2026-05-05 20:37:55.366 | INFO     | Backtest   | [回测 4/5] 模拟第 1001/1377 笔交易: 日照港...
2026-05-05 20:37:55.617 | INFO     | Backtest   | [回测 4/5] 模拟第 1011/1377 笔交易: 盐田港...
2026-05-05 20:37:55.839 | INFO     | Backtest   | [回测 4/5] 模拟第 1021/1377 笔交易: 开能健康...
2026-05-05 20:37:56.069 | INFO     | Backtest   | [回测 4/5] 模拟第 1031/1377 笔交易: 奥美医疗...
2026-05-05 20:37:56.300 | INFO     | Backtest   | [回测 4/5] 模拟第 1041/1377 笔交易: 博迈科...
2026-05-05 20:37:56.463 | INFO     | Backtest   | [回测 4/5] 模拟第 1051/1377 笔交易: 华自科技...
2026-05-05 20:37:56.677 | INFO     | Backtest   | [回测 4/5] 模拟第 1061/1377 笔交易: 锐新科技...
2026-05-05 20:37:56.948 | INFO     | Backtest   | [回测 4/5] 模拟第 1071/1377 笔交易: 中钢国际...
2026-05-05 20:37:57.200 | INFO     | Backtest   | [回测 4/5] 模拟第 1081/1377 笔交易: 创元科技...
2026-05-05 20:37:57.465 | INFO     | Backtest   | [回测 4/5] 模拟第 1091/1377 笔交易: 海正生材...
2026-05-05 20:37:57.729 | INFO     | Backtest   | [回测 4/5] 模拟第 1101/1377 笔交易: 北矿科技...
2026-05-05 20:37:57.948 | INFO     | Backtest   | [回测 4/5] 模拟第 1111/1377 笔交易: 拓斯达...
2026-05-05 20:37:58.190 | INFO     | Backtest   | [回测 4/5] 模拟第 1121/1377 笔交易: 元琛科技...
2026-05-05 20:37:58.411 | INFO     | Backtest   | [回测 4/5] 模拟第 1131/1377 笔交易: 可靠股份...
2026-05-05 20:37:58.671 | INFO     | Backtest   | [回测 4/5] 模拟第 1141/1377 笔交易: 莱绅通灵...
2026-05-05 20:37:58.920 | INFO     | Backtest   | [回测 4/5] 模拟第 1151/1377 笔交易: 省广集团...
2026-05-05 20:37:59.181 | INFO     | Backtest   | [回测 4/5] 模拟第 1161/1377 笔交易: 凯撒文化...
2026-05-05 20:37:59.476 | INFO     | Backtest   | [回测 4/5] 模拟第 1171/1377 笔交易: 越剑智能...
2026-05-05 20:37:59.747 | INFO     | Backtest   | [回测 4/5] 模拟第 1181/1377 笔交易: 明牌珠宝...
2026-05-05 20:37:59.952 | INFO     | Backtest   | [回测 4/5] 模拟第 1191/1377 笔交易: 金鹰股份...
2026-05-05 20:38:00.247 | INFO     | Backtest   | [回测 4/5] 模拟第 1201/1377 笔交易: 祥和实业...
2026-05-05 20:38:00.480 | INFO     | Backtest   | [回测 4/5] 模拟第 1211/1377 笔交易: 中亚股份...
2026-05-05 20:38:00.769 | INFO     | Backtest   | [回测 4/5] 模拟第 1221/1377 笔交易: 英联股份...
2026-05-05 20:38:01.003 | INFO     | Backtest   | [回测 4/5] 模拟第 1231/1377 笔交易: 奥克股份...
2026-05-05 20:38:01.266 | INFO     | Backtest   | [回测 4/5] 模拟第 1241/1377 笔交易: 京运通...
2026-05-05 20:38:01.449 | INFO     | Backtest   | [回测 4/5] 模拟第 1251/1377 笔交易: 易明医药...
2026-05-05 20:38:01.694 | INFO     | Backtest   | [回测 4/5] 模拟第 1261/1377 笔交易: 东亚药业...
2026-05-05 20:38:01.908 | INFO     | Backtest   | [回测 4/5] 模拟第 1271/1377 笔交易: 铁流股份...
2026-05-05 20:38:02.035 | INFO     | Backtest   | [回测 4/5] 模拟第 1281/1377 笔交易: 严牌股份...
2026-05-05 20:38:02.227 | INFO     | Backtest   | [回测 4/5] 模拟第 1291/1377 笔交易: 博汇纸业...
2026-05-05 20:38:02.415 | INFO     | Backtest   | [回测 4/5] 模拟第 1301/1377 笔交易: 联发股份...
2026-05-05 20:38:02.559 | INFO     | Backtest   | [回测 4/5] 模拟第 1311/1377 笔交易: 汇洁股份...
2026-05-05 20:38:02.800 | INFO     | Backtest   | [回测 4/5] 模拟第 1321/1377 笔交易: 宝钢包装...
2026-05-05 20:38:02.934 | INFO     | Backtest   | [回测 4/5] 模拟第 1331/1377 笔交易: 中胤时尚...
2026-05-05 20:38:03.138 | INFO     | Backtest   | [回测 4/5] 模拟第 1341/1377 笔交易: 新疆众和...
2026-05-05 20:38:03.314 | INFO     | Backtest   | [回测 4/5] 模拟第 1351/1377 笔交易: 康希通信...
2026-05-05 20:38:03.481 | INFO     | Backtest   | [回测 4/5] 模拟第 1361/1377 笔交易: 利亚德...
2026-05-05 20:38:03.676 | INFO     | Backtest   | [回测 4/5] 模拟第 1371/1377 笔交易: 华星创业...
2026-05-05 20:38:03.803 | INFO     | Backtest   | [回测 5/5] 回测任务完成: 284笔(含0笔平手离场)
2026-05-05 20:38:04.024 | INFO     | Backtest   | [回测 1/5] 筛选回测目标股票...
2026-05-05 20:38:04.038 | INFO     | Backtest   | [回测 2/5] 加载 4972 只股票的历史数据进行快速扫描...
2026-05-05 20:38:19.231 | INFO     | Backtest   | [回测 3/5] 计算策略信号 (基于日线信号库)...
2026-05-05 20:38:19.238 | INFO     | Screener   | 🧬 [Loader] 识别到类继承策略: MA5AngleOriginalStrategy
2026-05-05 20:38:24.183 | INFO     | Backtest   | [回测 4/5] 处理 1377 条信号，执行精细分钟线仿真...
2026-05-05 20:38:24.185 | INFO     | Backtest   | [回测 4/5] 模拟第 1/1377 笔交易: 诚益通...
2026-05-05 20:38:24.437 | INFO     | Backtest   | [回测 4/5] 模拟第 11/1377 笔交易: 兰生股份...
2026-05-05 20:38:24.708 | INFO     | Backtest   | [回测 4/5] 模拟第 21/1377 笔交易: 兰卫医学...
2026-05-05 20:38:25.006 | INFO     | Backtest   | [回测 4/5] 模拟第 31/1377 笔交易: 戴维医疗...
2026-05-05 20:38:25.362 | INFO     | Backtest   | [回测 4/5] 模拟第 41/1377 笔交易: 海利得...
2026-05-05 20:38:25.698 | INFO     | Backtest   | [回测 4/5] 模拟第 51/1377 笔交易: 科德教育...
2026-05-05 20:38:25.999 | INFO     | Backtest   | [回测 4/5] 模拟第 61/1377 笔交易: 洁特生物...
2026-05-05 20:38:26.380 | INFO     | Backtest   | [回测 4/5] 模拟第 71/1377 笔交易: 天宇股份...
2026-05-05 20:38:26.761 | INFO     | Backtest   | [回测 4/5] 模拟第 81/1377 笔交易: 梦网科技...
2026-05-05 20:38:27.085 | INFO     | Backtest   | [回测 4/5] 模拟第 91/1377 笔交易: 康泰医学...
2026-05-05 20:38:27.441 | INFO     | Backtest   | [回测 4/5] 模拟第 101/1377 笔交易: 亚辉龙...
2026-05-05 20:38:27.807 | INFO     | Backtest   | [回测 4/5] 模拟第 111/1377 笔交易: 华蓝集团...
2026-05-05 20:38:28.140 | INFO     | Backtest   | [回测 4/5] 模拟第 121/1377 笔交易: 桐昆股份...
2026-05-05 20:38:28.445 | INFO     | Backtest   | [回测 4/5] 模拟第 131/1377 笔交易: 潞化科技...
2026-05-05 20:38:28.810 | INFO     | Backtest   | [回测 4/5] 模拟第 141/1377 笔交易: 五矿资本...
2026-05-05 20:38:29.116 | INFO     | Backtest   | [回测 4/5] 模拟第 151/1377 笔交易: 齐翔腾达...
2026-05-05 20:38:29.393 | INFO     | Backtest   | [回测 4/5] 模拟第 161/1377 笔交易: 兆新股份...
2026-05-05 20:38:29.714 | INFO     | Backtest   | [回测 4/5] 模拟第 171/1377 笔交易: 浙江美大...
2026-05-05 20:38:30.059 | INFO     | Backtest   | [回测 4/5] 模拟第 181/1377 笔交易: 南京证券...
2026-05-05 20:38:30.436 | INFO     | Backtest   | [回测 4/5] 模拟第 191/1377 笔交易: 东莞控股...
2026-05-05 20:38:30.784 | INFO     | Backtest   | [回测 4/5] 模拟第 201/1377 笔交易: 诚志股份...
2026-05-05 20:38:31.079 | INFO     | Backtest   | [回测 4/5] 模拟第 211/1377 笔交易: 华菱精工...
2026-05-05 20:38:31.413 | INFO     | Backtest   | [回测 4/5] 模拟第 221/1377 笔交易: 中原内配...
2026-05-05 20:38:31.705 | INFO     | Backtest   | [回测 4/5] 模拟第 231/1377 笔交易: 泰胜风能...
2026-05-05 20:38:31.963 | INFO     | Backtest   | [回测 4/5] 模拟第 241/1377 笔交易: 鼎胜新材...
2026-05-05 20:38:32.252 | INFO     | Backtest   | [回测 4/5] 模拟第 251/1377 笔交易: 宁波方正...
2026-05-05 20:38:32.562 | INFO     | Backtest   | [回测 4/5] 模拟第 261/1377 笔交易: 天汽模...
2026-05-05 20:38:32.911 | INFO     | Backtest   | [回测 4/5] 模拟第 271/1377 笔交易: 新澳股份...
2026-05-05 20:38:33.240 | INFO     | Backtest   | [回测 4/5] 模拟第 281/1377 笔交易: 杭州园林...
2026-05-05 20:38:33.608 | INFO     | Backtest   | [回测 4/5] 模拟第 291/1377 笔交易: 三星新材...
2026-05-05 20:38:33.976 | INFO     | Backtest   | [回测 4/5] 模拟第 301/1377 笔交易: 金埔园林...
2026-05-05 20:38:34.333 | INFO     | Backtest   | [回测 4/5] 模拟第 311/1377 笔交易: 远大控股...
2026-05-05 20:38:34.623 | INFO     | Backtest   | [回测 4/5] 模拟第 321/1377 笔交易: 神开股份...
2026-05-05 20:38:34.913 | INFO     | Backtest   | [回测 4/5] 模拟第 331/1377 笔交易: 立中集团...
2026-05-05 20:38:35.172 | INFO     | Backtest   | [回测 4/5] 模拟第 341/1377 笔交易: 香溢融通...
2026-05-05 20:38:35.504 | INFO     | Backtest   | [回测 4/5] 模拟第 351/1377 笔交易: 埃斯顿...
2026-05-05 20:38:35.707 | INFO     | Backtest   | [回测 4/5] 模拟第 361/1377 笔交易: 金逸影视...
2026-05-05 20:38:35.977 | INFO     | Backtest   | [回测 4/5] 模拟第 371/1377 笔交易: 新宏泽...
2026-05-05 20:38:36.233 | INFO     | Backtest   | [回测 4/5] 模拟第 381/1377 笔交易: 雅运股份...
2026-05-05 20:38:36.536 | INFO     | Backtest   | [回测 4/5] 模拟第 391/1377 笔交易: 双星新材...
2026-05-05 20:38:36.843 | INFO     | Backtest   | [回测 4/5] 模拟第 401/1377 笔交易: 中材节能...
2026-05-05 20:38:37.162 | INFO     | Backtest   | [回测 4/5] 模拟第 411/1377 笔交易: 菲达环保...
2026-05-05 20:38:37.519 | INFO     | Backtest   | [回测 4/5] 模拟第 421/1377 笔交易: 海利尔...
2026-05-05 20:38:37.804 | INFO     | Backtest   | [回测 4/5] 模拟第 431/1377 笔交易: 湖南投资...
2026-05-05 20:38:38.107 | INFO     | Backtest   | [回测 4/5] 模拟第 441/1377 笔交易: 民丰特纸...
2026-05-05 20:38:38.422 | INFO     | Backtest   | [回测 4/5] 模拟第 451/1377 笔交易: 郴电国际...
2026-05-05 20:38:38.740 | INFO     | Backtest   | [回测 4/5] 模拟第 461/1377 笔交易: 科拓生物...
2026-05-05 20:38:39.058 | INFO     | Backtest   | [回测 4/5] 模拟第 471/1377 笔交易: 双杰电气...
2026-05-05 20:38:39.297 | INFO     | Backtest   | [回测 4/5] 模拟第 481/1377 笔交易: 三友医疗...
2026-05-05 20:38:39.507 | INFO     | Backtest   | [回测 4/5] 模拟第 491/1377 笔交易: 漱玉平民...
2026-05-05 20:38:39.726 | INFO     | Backtest   | [回测 4/5] 模拟第 501/1377 笔交易: 电声股份...
2026-05-05 20:38:39.955 | INFO     | Backtest   | [回测 4/5] 模拟第 511/1377 笔交易: 京运通...
2026-05-05 20:38:40.215 | INFO     | Backtest   | [回测 4/5] 模拟第 521/1377 笔交易: 兴业股份...
2026-05-05 20:38:40.383 | INFO     | Backtest   | [回测 4/5] 模拟第 531/1377 笔交易: 亚虹医药-U...
2026-05-05 20:38:40.592 | INFO     | Backtest   | [回测 4/5] 模拟第 541/1377 笔交易: 宝丰能源...
2026-05-05 20:38:40.814 | INFO     | Backtest   | [回测 4/5] 模拟第 551/1377 笔交易: 嘉化能源...
2026-05-05 20:38:41.025 | INFO     | Backtest   | [回测 4/5] 模拟第 561/1377 笔交易: 黄山旅游...
2026-05-05 20:38:41.289 | INFO     | Backtest   | [回测 4/5] 模拟第 571/1377 笔交易: 晋亿实业...
2026-05-05 20:38:41.586 | INFO     | Backtest   | [回测 4/5] 模拟第 581/1377 笔交易: 哈空调...
2026-05-05 20:38:41.932 | INFO     | Backtest   | [回测 4/5] 模拟第 591/1377 笔交易: 浙江医药...
2026-05-05 20:38:42.209 | INFO     | Backtest   | [回测 4/5] 模拟第 601/1377 笔交易: 公元股份...
2026-05-05 20:38:42.544 | INFO     | Backtest   | [回测 4/5] 模拟第 611/1377 笔交易: 金运激光...
2026-05-05 20:38:42.819 | INFO     | Backtest   | [回测 4/5] 模拟第 621/1377 笔交易: 佳云科技...
2026-05-05 20:38:43.071 | INFO     | Backtest   | [回测 4/5] 模拟第 631/1377 笔交易: 京城股份...
2026-05-05 20:38:43.356 | INFO     | Backtest   | [回测 4/5] 模拟第 641/1377 笔交易: 大连重工...
2026-05-05 20:38:43.633 | INFO     | Backtest   | [回测 4/5] 模拟第 651/1377 笔交易: 玲珑轮胎...
2026-05-05 20:38:43.955 | INFO     | Backtest   | [回测 4/5] 模拟第 661/1377 笔交易: 海峡创新...
2026-05-05 20:38:44.145 | INFO     | Backtest   | [回测 4/5] 模拟第 671/1377 笔交易: 航民股份...
2026-05-05 20:38:44.421 | INFO     | Backtest   | [回测 4/5] 模拟第 681/1377 笔交易: 齐翔腾达...
2026-05-05 20:38:44.643 | INFO     | Backtest   | [回测 4/5] 模拟第 691/1377 笔交易: 中远海能...
2026-05-05 20:38:44.868 | INFO     | Backtest   | [回测 4/5] 模拟第 701/1377 笔交易: 招商南油...
2026-05-05 20:38:45.131 | INFO     | Backtest   | [回测 4/5] 模拟第 711/1377 笔交易: 鼎信通讯...
2026-05-05 20:38:45.375 | INFO     | Backtest   | [回测 4/5] 模拟第 721/1377 笔交易: 思美传媒...
2026-05-05 20:38:45.668 | INFO     | Backtest   | [回测 4/5] 模拟第 731/1377 笔交易: 中视传媒...
2026-05-05 20:38:45.931 | INFO     | Backtest   | [回测 4/5] 模拟第 741/1377 笔交易: 科顺股份...
2026-05-05 20:38:46.136 | INFO     | Backtest   | [回测 4/5] 模拟第 751/1377 笔交易: 华塑股份...
2026-05-05 20:38:46.329 | INFO     | Backtest   | [回测 4/5] 模拟第 761/1377 笔交易: 三钢闽光...
2026-05-05 20:38:46.537 | INFO     | Backtest   | [回测 4/5] 模拟第 771/1377 笔交易: 恒宝股份...
2026-05-05 20:38:46.743 | INFO     | Backtest   | [回测 4/5] 模拟第 781/1377 笔交易: 皇台酒业...
2026-05-05 20:38:46.928 | INFO     | Backtest   | [回测 4/5] 模拟第 791/1377 笔交易: 科德教育...
2026-05-05 20:38:47.075 | INFO     | Backtest   | [回测 4/5] 模拟第 801/1377 笔交易: 江苏金租...
2026-05-05 20:38:47.273 | INFO     | Backtest   | [回测 4/5] 模拟第 811/1377 笔交易: 新柴股份...
2026-05-05 20:38:47.452 | INFO     | Backtest   | [回测 4/5] 模拟第 821/1377 笔交易: 中国电建...
2026-05-05 20:38:47.658 | INFO     | Backtest   | [回测 4/5] 模拟第 831/1377 笔交易: 新乡化纤...
2026-05-05 20:38:47.868 | INFO     | Backtest   | [回测 4/5] 模拟第 841/1377 笔交易: 天龙股份...
2026-05-05 20:38:48.156 | INFO     | Backtest   | [回测 4/5] 模拟第 851/1377 笔交易: 精锻科技...
2026-05-05 20:38:48.305 | INFO     | Backtest   | [回测 4/5] 模拟第 861/1377 笔交易: 黄河旋风...
2026-05-05 20:38:48.509 | INFO     | Backtest   | [回测 4/5] 模拟第 871/1377 笔交易: 道明光学...
2026-05-05 20:38:48.729 | INFO     | Backtest   | [回测 4/5] 模拟第 881/1377 笔交易: 苏州规划...
2026-05-05 20:38:48.949 | INFO     | Backtest   | [回测 4/5] 模拟第 891/1377 笔交易: 长青科技...
2026-05-05 20:38:49.185 | INFO     | Backtest   | [回测 4/5] 模拟第 901/1377 笔交易: 韵达股份...
2026-05-05 20:38:49.423 | INFO     | Backtest   | [回测 4/5] 模拟第 911/1377 笔交易: 星湖科技...
2026-05-05 20:38:49.614 | INFO     | Backtest   | [回测 4/5] 模拟第 921/1377 笔交易: 京能电力...
2026-05-05 20:38:49.866 | INFO     | Backtest   | [回测 4/5] 模拟第 931/1377 笔交易: 珈伟新能...
2026-05-05 20:38:50.050 | INFO     | Backtest   | [回测 4/5] 模拟第 941/1377 笔交易: 铭普光磁...
2026-05-05 20:38:50.238 | INFO     | Backtest   | [回测 4/5] 模拟第 951/1377 笔交易: 坤彩科技...
2026-05-05 20:38:50.464 | INFO     | Backtest   | [回测 4/5] 模拟第 961/1377 笔交易: 京基智农...
2026-05-05 20:38:50.645 | INFO     | Backtest   | [回测 4/5] 模拟第 971/1377 笔交易: 中电鑫龙...
2026-05-05 20:38:50.855 | INFO     | Backtest   | [回测 4/5] 模拟第 981/1377 笔交易: 华能国际...
2026-05-05 20:38:51.069 | INFO     | Backtest   | [回测 4/5] 模拟第 991/1377 笔交易: 百洋医药...
2026-05-05 20:38:51.333 | INFO     | Backtest   | [回测 4/5] 模拟第 1001/1377 笔交易: 日照港...
2026-05-05 20:38:51.560 | INFO     | Backtest   | [回测 4/5] 模拟第 1011/1377 笔交易: 盐田港...
2026-05-05 20:38:51.826 | INFO     | Backtest   | [回测 4/5] 模拟第 1021/1377 笔交易: 开能健康...
2026-05-05 20:38:52.047 | INFO     | Backtest   | [回测 4/5] 模拟第 1031/1377 笔交易: 奥美医疗...
2026-05-05 20:38:52.244 | INFO     | Backtest   | [回测 4/5] 模拟第 1041/1377 笔交易: 博迈科...
2026-05-05 20:38:52.473 | INFO     | Backtest   | [回测 4/5] 模拟第 1051/1377 笔交易: 华自科技...
2026-05-05 20:38:52.670 | INFO     | Backtest   | [回测 4/5] 模拟第 1061/1377 笔交易: 锐新科技...
2026-05-05 20:38:52.917 | INFO     | Backtest   | [回测 4/5] 模拟第 1071/1377 笔交易: 中钢国际...
2026-05-05 20:38:53.161 | INFO     | Backtest   | [回测 4/5] 模拟第 1081/1377 笔交易: 创元科技...
2026-05-05 20:38:53.420 | INFO     | Backtest   | [回测 4/5] 模拟第 1091/1377 笔交易: 海正生材...
2026-05-05 20:38:53.727 | INFO     | Backtest   | [回测 4/5] 模拟第 1101/1377 笔交易: 北矿科技...
2026-05-05 20:38:53.946 | INFO     | Backtest   | [回测 4/5] 模拟第 1111/1377 笔交易: 拓斯达...
2026-05-05 20:38:54.209 | INFO     | Backtest   | [回测 4/5] 模拟第 1121/1377 笔交易: 元琛科技...
2026-05-05 20:38:54.408 | INFO     | Backtest   | [回测 4/5] 模拟第 1131/1377 笔交易: 可靠股份...
2026-05-05 20:38:54.698 | INFO     | Backtest   | [回测 4/5] 模拟第 1141/1377 笔交易: 莱绅通灵...
2026-05-05 20:38:55.005 | INFO     | Backtest   | [回测 4/5] 模拟第 1151/1377 笔交易: 省广集团...
2026-05-05 20:38:55.270 | INFO     | Backtest   | [回测 4/5] 模拟第 1161/1377 笔交易: 凯撒文化...
2026-05-05 20:38:55.502 | INFO     | Backtest   | [回测 4/5] 模拟第 1171/1377 笔交易: 越剑智能...
2026-05-05 20:38:55.703 | INFO     | Backtest   | [回测 4/5] 模拟第 1181/1377 笔交易: 明牌珠宝...
2026-05-05 20:38:55.935 | INFO     | Backtest   | [回测 4/5] 模拟第 1191/1377 笔交易: 金鹰股份...
2026-05-05 20:38:56.179 | INFO     | Backtest   | [回测 4/5] 模拟第 1201/1377 笔交易: 祥和实业...
2026-05-05 20:38:56.420 | INFO     | Backtest   | [回测 4/5] 模拟第 1211/1377 笔交易: 中亚股份...
2026-05-05 20:38:56.669 | INFO     | Backtest   | [回测 4/5] 模拟第 1221/1377 笔交易: 英联股份...
2026-05-05 20:38:56.912 | INFO     | Backtest   | [回测 4/5] 模拟第 1231/1377 笔交易: 奥克股份...
2026-05-05 20:38:57.157 | INFO     | Backtest   | [回测 4/5] 模拟第 1241/1377 笔交易: 京运通...
2026-05-05 20:38:57.361 | INFO     | Backtest   | [回测 4/5] 模拟第 1251/1377 笔交易: 易明医药...
2026-05-05 20:38:57.588 | INFO     | Backtest   | [回测 4/5] 模拟第 1261/1377 笔交易: 东亚药业...
2026-05-05 20:38:57.826 | INFO     | Backtest   | [回测 4/5] 模拟第 1271/1377 笔交易: 铁流股份...
2026-05-05 20:38:58.004 | INFO     | Backtest   | [回测 4/5] 模拟第 1281/1377 笔交易: 严牌股份...
2026-05-05 20:38:58.210 | INFO     | Backtest   | [回测 4/5] 模拟第 1291/1377 笔交易: 博汇纸业...
2026-05-05 20:38:58.416 | INFO     | Backtest   | [回测 4/5] 模拟第 1301/1377 笔交易: 联发股份...
2026-05-05 20:38:58.557 | INFO     | Backtest   | [回测 4/5] 模拟第 1311/1377 笔交易: 汇洁股份...
2026-05-05 20:38:58.847 | INFO     | Backtest   | [回测 4/5] 模拟第 1321/1377 笔交易: 宝钢包装...
2026-05-05 20:38:59.089 | INFO     | Backtest   | [回测 4/5] 模拟第 1331/1377 笔交易: 中胤时尚...
2026-05-05 20:38:59.272 | INFO     | Backtest   | [回测 4/5] 模拟第 1341/1377 笔交易: 新疆众和...
2026-05-05 20:38:59.436 | INFO     | Backtest   | [回测 4/5] 模拟第 1351/1377 笔交易: 康希通信...
2026-05-05 20:38:59.590 | INFO     | Backtest   | [回测 4/5] 模拟第 1361/1377 笔交易: 利亚德...
2026-05-05 20:38:59.825 | INFO     | Backtest   | [回测 4/5] 模拟第 1371/1377 笔交易: 华星创业...
2026-05-05 20:38:59.955 | INFO     | Backtest   | [回测 5/5] 回测任务完成: 297笔(含0笔平手离场)
2026-05-05 20:39:00.186 | INFO     | Backtest   | [回测 1/5] 筛选回测目标股票...
2026-05-05 20:39:00.200 | INFO     | Backtest   | [回测 2/5] 加载 4972 只股票的历史数据进行快速扫描...
2026-05-05 20:39:15.654 | INFO     | Backtest   | [回测 3/5] 计算策略信号 (基于日线信号库)...
2026-05-05 20:39:15.660 | INFO     | Screener   | 🧬 [Loader] 识别到类继承策略: MA5AngleOriginalStrategy
2026-05-05 20:39:20.567 | INFO     | Backtest   | [回测 4/5] 处理 1377 条信号，执行精细分钟线仿真...
2026-05-05 20:39:20.570 | INFO     | Backtest   | [回测 4/5] 模拟第 1/1377 笔交易: 诚益通...
2026-05-05 20:39:20.811 | INFO     | Backtest   | [回测 4/5] 模拟第 11/1377 笔交易: 兰生股份...
2026-05-05 20:39:21.049 | INFO     | Backtest   | [回测 4/5] 模拟第 21/1377 笔交易: 兰卫医学...
2026-05-05 20:39:21.334 | INFO     | Backtest   | [回测 4/5] 模拟第 31/1377 笔交易: 戴维医疗...
2026-05-05 20:39:21.670 | INFO     | Backtest   | [回测 4/5] 模拟第 41/1377 笔交易: 海利得...
2026-05-05 20:39:21.993 | INFO     | Backtest   | [回测 4/5] 模拟第 51/1377 笔交易: 科德教育...
2026-05-05 20:39:22.266 | INFO     | Backtest   | [回测 4/5] 模拟第 61/1377 笔交易: 洁特生物...
2026-05-05 20:39:22.601 | INFO     | Backtest   | [回测 4/5] 模拟第 71/1377 笔交易: 天宇股份...
2026-05-05 20:39:22.960 | INFO     | Backtest   | [回测 4/5] 模拟第 81/1377 笔交易: 梦网科技...
2026-05-05 20:39:23.237 | INFO     | Backtest   | [回测 4/5] 模拟第 91/1377 笔交易: 康泰医学...
2026-05-05 20:39:23.617 | INFO     | Backtest   | [回测 4/5] 模拟第 101/1377 笔交易: 亚辉龙...
2026-05-05 20:39:23.939 | INFO     | Backtest   | [回测 4/5] 模拟第 111/1377 笔交易: 华蓝集团...
2026-05-05 20:39:24.253 | INFO     | Backtest   | [回测 4/5] 模拟第 121/1377 笔交易: 桐昆股份...
2026-05-05 20:39:24.590 | INFO     | Backtest   | [回测 4/5] 模拟第 131/1377 笔交易: 潞化科技...
2026-05-05 20:39:24.915 | INFO     | Backtest   | [回测 4/5] 模拟第 141/1377 笔交易: 五矿资本...
2026-05-05 20:39:25.178 | INFO     | Backtest   | [回测 4/5] 模拟第 151/1377 笔交易: 齐翔腾达...
2026-05-05 20:39:25.552 | INFO     | Backtest   | [回测 4/5] 模拟第 161/1377 笔交易: 兆新股份...
2026-05-05 20:39:25.842 | INFO     | Backtest   | [回测 4/5] 模拟第 171/1377 笔交易: 浙江美大...
2026-05-05 20:39:26.180 | INFO     | Backtest   | [回测 4/5] 模拟第 181/1377 笔交易: 南京证券...
2026-05-05 20:39:26.514 | INFO     | Backtest   | [回测 4/5] 模拟第 191/1377 笔交易: 东莞控股...
2026-05-05 20:39:26.847 | INFO     | Backtest   | [回测 4/5] 模拟第 201/1377 笔交易: 诚志股份...
2026-05-05 20:39:27.162 | INFO     | Backtest   | [回测 4/5] 模拟第 211/1377 笔交易: 华菱精工...
2026-05-05 20:39:27.515 | INFO     | Backtest   | [回测 4/5] 模拟第 221/1377 笔交易: 中原内配...
2026-05-05 20:39:27.806 | INFO     | Backtest   | [回测 4/5] 模拟第 231/1377 笔交易: 泰胜风能...
2026-05-05 20:39:28.046 | INFO     | Backtest   | [回测 4/5] 模拟第 241/1377 笔交易: 鼎胜新材...
2026-05-05 20:39:28.308 | INFO     | Backtest   | [回测 4/5] 模拟第 251/1377 笔交易: 宁波方正...
2026-05-05 20:39:28.621 | INFO     | Backtest   | [回测 4/5] 模拟第 261/1377 笔交易: 天汽模...
2026-05-05 20:39:28.931 | INFO     | Backtest   | [回测 4/5] 模拟第 271/1377 笔交易: 新澳股份...
2026-05-05 20:39:29.254 | INFO     | Backtest   | [回测 4/5] 模拟第 281/1377 笔交易: 杭州园林...
2026-05-05 20:39:29.581 | INFO     | Backtest   | [回测 4/5] 模拟第 291/1377 笔交易: 三星新材...
2026-05-05 20:39:29.896 | INFO     | Backtest   | [回测 4/5] 模拟第 301/1377 笔交易: 金埔园林...
2026-05-05 20:39:30.223 | INFO     | Backtest   | [回测 4/5] 模拟第 311/1377 笔交易: 远大控股...
2026-05-05 20:39:30.506 | INFO     | Backtest   | [回测 4/5] 模拟第 321/1377 笔交易: 神开股份...
2026-05-05 20:39:30.771 | INFO     | Backtest   | [回测 4/5] 模拟第 331/1377 笔交易: 立中集团...
2026-05-05 20:39:31.051 | INFO     | Backtest   | [回测 4/5] 模拟第 341/1377 笔交易: 香溢融通...
2026-05-05 20:39:31.381 | INFO     | Backtest   | [回测 4/5] 模拟第 351/1377 笔交易: 埃斯顿...
2026-05-05 20:39:31.676 | INFO     | Backtest   | [回测 4/5] 模拟第 361/1377 笔交易: 金逸影视...
2026-05-05 20:39:31.970 | INFO     | Backtest   | [回测 4/5] 模拟第 371/1377 笔交易: 新宏泽...
2026-05-05 20:39:32.198 | INFO     | Backtest   | [回测 4/5] 模拟第 381/1377 笔交易: 雅运股份...
2026-05-05 20:39:32.481 | INFO     | Backtest   | [回测 4/5] 模拟第 391/1377 笔交易: 双星新材...
2026-05-05 20:39:32.840 | INFO     | Backtest   | [回测 4/5] 模拟第 401/1377 笔交易: 中材节能...
2026-05-05 20:39:33.134 | INFO     | Backtest   | [回测 4/5] 模拟第 411/1377 笔交易: 菲达环保...
2026-05-05 20:39:33.478 | INFO     | Backtest   | [回测 4/5] 模拟第 421/1377 笔交易: 海利尔...
2026-05-05 20:39:33.766 | INFO     | Backtest   | [回测 4/5] 模拟第 431/1377 笔交易: 湖南投资...
2026-05-05 20:39:34.070 | INFO     | Backtest   | [回测 4/5] 模拟第 441/1377 笔交易: 民丰特纸...
2026-05-05 20:39:34.358 | INFO     | Backtest   | [回测 4/5] 模拟第 451/1377 笔交易: 郴电国际...
2026-05-05 20:39:34.609 | INFO     | Backtest   | [回测 4/5] 模拟第 461/1377 笔交易: 科拓生物...
2026-05-05 20:39:34.849 | INFO     | Backtest   | [回测 4/5] 模拟第 471/1377 笔交易: 双杰电气...
2026-05-05 20:39:35.060 | INFO     | Backtest   | [回测 4/5] 模拟第 481/1377 笔交易: 三友医疗...
2026-05-05 20:39:35.338 | INFO     | Backtest   | [回测 4/5] 模拟第 491/1377 笔交易: 漱玉平民...
2026-05-05 20:39:35.649 | INFO     | Backtest   | [回测 4/5] 模拟第 501/1377 笔交易: 电声股份...
2026-05-05 20:39:35.876 | INFO     | Backtest   | [回测 4/5] 模拟第 511/1377 笔交易: 京运通...
2026-05-05 20:39:36.104 | INFO     | Backtest   | [回测 4/5] 模拟第 521/1377 笔交易: 兴业股份...
2026-05-05 20:39:36.306 | INFO     | Backtest   | [回测 4/5] 模拟第 531/1377 笔交易: 亚虹医药-U...
2026-05-05 20:39:36.532 | INFO     | Backtest   | [回测 4/5] 模拟第 541/1377 笔交易: 宝丰能源...
2026-05-05 20:39:36.774 | INFO     | Backtest   | [回测 4/5] 模拟第 551/1377 笔交易: 嘉化能源...
2026-05-05 20:39:36.968 | INFO     | Backtest   | [回测 4/5] 模拟第 561/1377 笔交易: 黄山旅游...
2026-05-05 20:39:37.215 | INFO     | Backtest   | [回测 4/5] 模拟第 571/1377 笔交易: 晋亿实业...
2026-05-05 20:39:37.446 | INFO     | Backtest   | [回测 4/5] 模拟第 581/1377 笔交易: 哈空调...
2026-05-05 20:39:37.752 | INFO     | Backtest   | [回测 4/5] 模拟第 591/1377 笔交易: 浙江医药...
2026-05-05 20:39:38.050 | INFO     | Backtest   | [回测 4/5] 模拟第 601/1377 笔交易: 公元股份...
2026-05-05 20:39:38.370 | INFO     | Backtest   | [回测 4/5] 模拟第 611/1377 笔交易: 金运激光...
2026-05-05 20:39:38.644 | INFO     | Backtest   | [回测 4/5] 模拟第 621/1377 笔交易: 佳云科技...
2026-05-05 20:39:38.865 | INFO     | Backtest   | [回测 4/5] 模拟第 631/1377 笔交易: 京城股份...
2026-05-05 20:39:39.136 | INFO     | Backtest   | [回测 4/5] 模拟第 641/1377 笔交易: 大连重工...
2026-05-05 20:39:39.382 | INFO     | Backtest   | [回测 4/5] 模拟第 651/1377 笔交易: 玲珑轮胎...
2026-05-05 20:39:39.678 | INFO     | Backtest   | [回测 4/5] 模拟第 661/1377 笔交易: 海峡创新...
2026-05-05 20:39:39.898 | INFO     | Backtest   | [回测 4/5] 模拟第 671/1377 笔交易: 航民股份...
2026-05-05 20:39:40.140 | INFO     | Backtest   | [回测 4/5] 模拟第 681/1377 笔交易: 齐翔腾达...
2026-05-05 20:39:40.372 | INFO     | Backtest   | [回测 4/5] 模拟第 691/1377 笔交易: 中远海能...
2026-05-05 20:39:40.579 | INFO     | Backtest   | [回测 4/5] 模拟第 701/1377 笔交易: 招商南油...
2026-05-05 20:39:40.819 | INFO     | Backtest   | [回测 4/5] 模拟第 711/1377 笔交易: 鼎信通讯...
2026-05-05 20:39:41.116 | INFO     | Backtest   | [回测 4/5] 模拟第 721/1377 笔交易: 思美传媒...
2026-05-05 20:39:41.383 | INFO     | Backtest   | [回测 4/5] 模拟第 731/1377 笔交易: 中视传媒...
2026-05-05 20:39:41.657 | INFO     | Backtest   | [回测 4/5] 模拟第 741/1377 笔交易: 科顺股份...
2026-05-05 20:39:41.886 | INFO     | Backtest   | [回测 4/5] 模拟第 751/1377 笔交易: 华塑股份...
2026-05-05 20:39:42.167 | INFO     | Backtest   | [回测 4/5] 模拟第 761/1377 笔交易: 三钢闽光...
2026-05-05 20:39:42.365 | INFO     | Backtest   | [回测 4/5] 模拟第 771/1377 笔交易: 恒宝股份...
2026-05-05 20:39:42.561 | INFO     | Backtest   | [回测 4/5] 模拟第 781/1377 笔交易: 皇台酒业...
2026-05-05 20:39:42.782 | INFO     | Backtest   | [回测 4/5] 模拟第 791/1377 笔交易: 科德教育...
2026-05-05 20:39:42.955 | INFO     | Backtest   | [回测 4/5] 模拟第 801/1377 笔交易: 江苏金租...
2026-05-05 20:39:43.138 | INFO     | Backtest   | [回测 4/5] 模拟第 811/1377 笔交易: 新柴股份...
2026-05-05 20:39:43.295 | INFO     | Backtest   | [回测 4/5] 模拟第 821/1377 笔交易: 中国电建...
2026-05-05 20:39:43.501 | INFO     | Backtest   | [回测 4/5] 模拟第 831/1377 笔交易: 新乡化纤...
2026-05-05 20:39:43.744 | INFO     | Backtest   | [回测 4/5] 模拟第 841/1377 笔交易: 天龙股份...
2026-05-05 20:39:44.042 | INFO     | Backtest   | [回测 4/5] 模拟第 851/1377 笔交易: 精锻科技...
2026-05-05 20:39:44.232 | INFO     | Backtest   | [回测 4/5] 模拟第 861/1377 笔交易: 黄河旋风...
2026-05-05 20:39:44.441 | INFO     | Backtest   | [回测 4/5] 模拟第 871/1377 笔交易: 道明光学...
2026-05-05 20:39:44.670 | INFO     | Backtest   | [回测 4/5] 模拟第 881/1377 笔交易: 苏州规划...
2026-05-05 20:39:44.864 | INFO     | Backtest   | [回测 4/5] 模拟第 891/1377 笔交易: 长青科技...
2026-05-05 20:39:45.111 | INFO     | Backtest   | [回测 4/5] 模拟第 901/1377 笔交易: 韵达股份...
2026-05-05 20:39:45.311 | INFO     | Backtest   | [回测 4/5] 模拟第 911/1377 笔交易: 星湖科技...
2026-05-05 20:39:45.486 | INFO     | Backtest   | [回测 4/5] 模拟第 921/1377 笔交易: 京能电力...
2026-05-05 20:39:45.686 | INFO     | Backtest   | [回测 4/5] 模拟第 931/1377 笔交易: 珈伟新能...
2026-05-05 20:39:45.819 | INFO     | Backtest   | [回测 4/5] 模拟第 941/1377 笔交易: 铭普光磁...
2026-05-05 20:39:46.031 | INFO     | Backtest   | [回测 4/5] 模拟第 951/1377 笔交易: 坤彩科技...
2026-05-05 20:39:46.220 | INFO     | Backtest   | [回测 4/5] 模拟第 961/1377 笔交易: 京基智农...
2026-05-05 20:39:46.419 | INFO     | Backtest   | [回测 4/5] 模拟第 971/1377 笔交易: 中电鑫龙...
2026-05-05 20:39:46.610 | INFO     | Backtest   | [回测 4/5] 模拟第 981/1377 笔交易: 华能国际...
2026-05-05 20:39:46.844 | INFO     | Backtest   | [回测 4/5] 模拟第 991/1377 笔交易: 百洋医药...
2026-05-05 20:39:47.047 | INFO     | Backtest   | [回测 4/5] 模拟第 1001/1377 笔交易: 日照港...
2026-05-05 20:39:47.260 | INFO     | Backtest   | [回测 4/5] 模拟第 1011/1377 笔交易: 盐田港...
2026-05-05 20:39:47.487 | INFO     | Backtest   | [回测 4/5] 模拟第 1021/1377 笔交易: 开能健康...
2026-05-05 20:39:47.708 | INFO     | Backtest   | [回测 4/5] 模拟第 1031/1377 笔交易: 奥美医疗...
2026-05-05 20:39:47.939 | INFO     | Backtest   | [回测 4/5] 模拟第 1041/1377 笔交易: 博迈科...
2026-05-05 20:39:48.091 | INFO     | Backtest   | [回测 4/5] 模拟第 1051/1377 笔交易: 华自科技...
2026-05-05 20:39:48.246 | INFO     | Backtest   | [回测 4/5] 模拟第 1061/1377 笔交易: 锐新科技...
2026-05-05 20:39:48.515 | INFO     | Backtest   | [回测 4/5] 模拟第 1071/1377 笔交易: 中钢国际...
2026-05-05 20:39:48.808 | INFO     | Backtest   | [回测 4/5] 模拟第 1081/1377 笔交易: 创元科技...
2026-05-05 20:39:49.065 | INFO     | Backtest   | [回测 4/5] 模拟第 1091/1377 笔交易: 海正生材...
2026-05-05 20:39:49.292 | INFO     | Backtest   | [回测 4/5] 模拟第 1101/1377 笔交易: 北矿科技...
2026-05-05 20:39:49.519 | INFO     | Backtest   | [回测 4/5] 模拟第 1111/1377 笔交易: 拓斯达...
2026-05-05 20:39:49.780 | INFO     | Backtest   | [回测 4/5] 模拟第 1121/1377 笔交易: 元琛科技...
2026-05-05 20:39:49.979 | INFO     | Backtest   | [回测 4/5] 模拟第 1131/1377 笔交易: 可靠股份...
2026-05-05 20:39:50.209 | INFO     | Backtest   | [回测 4/5] 模拟第 1141/1377 笔交易: 莱绅通灵...
2026-05-05 20:39:50.434 | INFO     | Backtest   | [回测 4/5] 模拟第 1151/1377 笔交易: 省广集团...
2026-05-05 20:39:50.691 | INFO     | Backtest   | [回测 4/5] 模拟第 1161/1377 笔交易: 凯撒文化...
2026-05-05 20:39:50.951 | INFO     | Backtest   | [回测 4/5] 模拟第 1171/1377 笔交易: 越剑智能...
2026-05-05 20:39:51.248 | INFO     | Backtest   | [回测 4/5] 模拟第 1181/1377 笔交易: 明牌珠宝...
2026-05-05 20:39:51.474 | INFO     | Backtest   | [回测 4/5] 模拟第 1191/1377 笔交易: 金鹰股份...
2026-05-05 20:39:51.748 | INFO     | Backtest   | [回测 4/5] 模拟第 1201/1377 笔交易: 祥和实业...
2026-05-05 20:39:52.000 | INFO     | Backtest   | [回测 4/5] 模拟第 1211/1377 笔交易: 中亚股份...
2026-05-05 20:39:52.253 | INFO     | Backtest   | [回测 4/5] 模拟第 1221/1377 笔交易: 英联股份...
2026-05-05 20:39:52.477 | INFO     | Backtest   | [回测 4/5] 模拟第 1231/1377 笔交易: 奥克股份...
2026-05-05 20:39:52.739 | INFO     | Backtest   | [回测 4/5] 模拟第 1241/1377 笔交易: 京运通...
2026-05-05 20:39:52.961 | INFO     | Backtest   | [回测 4/5] 模拟第 1251/1377 笔交易: 易明医药...
2026-05-05 20:39:53.178 | INFO     | Backtest   | [回测 4/5] 模拟第 1261/1377 笔交易: 东亚药业...
2026-05-05 20:39:53.364 | INFO     | Backtest   | [回测 4/5] 模拟第 1271/1377 笔交易: 铁流股份...
2026-05-05 20:39:53.505 | INFO     | Backtest   | [回测 4/5] 模拟第 1281/1377 笔交易: 严牌股份...
2026-05-05 20:39:53.700 | INFO     | Backtest   | [回测 4/5] 模拟第 1291/1377 笔交易: 博汇纸业...
2026-05-05 20:39:53.902 | INFO     | Backtest   | [回测 4/5] 模拟第 1301/1377 笔交易: 联发股份...
2026-05-05 20:39:54.039 | INFO     | Backtest   | [回测 4/5] 模拟第 1311/1377 笔交易: 汇洁股份...
2026-05-05 20:39:54.270 | INFO     | Backtest   | [回测 4/5] 模拟第 1321/1377 笔交易: 宝钢包装...
2026-05-05 20:39:54.408 | INFO     | Backtest   | [回测 4/5] 模拟第 1331/1377 笔交易: 中胤时尚...
2026-05-05 20:39:54.612 | INFO     | Backtest   | [回测 4/5] 模拟第 1341/1377 笔交易: 新疆众和...
2026-05-05 20:39:54.773 | INFO     | Backtest   | [回测 4/5] 模拟第 1351/1377 笔交易: 康希通信...
2026-05-05 20:39:54.935 | INFO     | Backtest   | [回测 4/5] 模拟第 1361/1377 笔交易: 利亚德...
2026-05-05 20:39:55.127 | INFO     | Backtest   | [回测 4/5] 模拟第 1371/1377 笔交易: 华星创业...
2026-05-05 20:39:59.670 | INFO     | Backtest   | [回测 5/5] 回测任务完成: 540笔(含0笔平手离场)
2026-05-05 20:39:59.905 | INFO     | Backtest   | [回测 1/5] 筛选回测目标股票...
2026-05-05 20:39:59.923 | INFO     | Backtest   | [回测 2/5] 加载 4972 只股票的历史数据进行快速扫描...
2026-05-05 20:40:15.131 | INFO     | Backtest   | [回测 3/5] 计算策略信号 (基于日线信号库)...
2026-05-05 20:40:15.138 | INFO     | Screener   | 🧬 [Loader] 识别到类继承策略: MA5AngleOriginalStrategy
2026-05-05 20:40:20.148 | INFO     | Backtest   | [回测 4/5] 处理 1377 条信号，执行精细分钟线仿真...
2026-05-05 20:40:20.151 | INFO     | Backtest   | [回测 4/5] 模拟第 1/1377 笔交易: 诚益通...
2026-05-05 20:40:20.458 | INFO     | Backtest   | [回测 4/5] 模拟第 11/1377 笔交易: 兰生股份...
2026-05-05 20:40:20.748 | INFO     | Backtest   | [回测 4/5] 模拟第 21/1377 笔交易: 兰卫医学...
2026-05-05 20:40:21.072 | INFO     | Backtest   | [回测 4/5] 模拟第 31/1377 笔交易: 戴维医疗...
2026-05-05 20:40:21.401 | INFO     | Backtest   | [回测 4/5] 模拟第 41/1377 笔交易: 海利得...
2026-05-05 20:40:21.783 | INFO     | Backtest   | [回测 4/5] 模拟第 51/1377 笔交易: 科德教育...
2026-05-05 20:40:22.061 | INFO     | Backtest   | [回测 4/5] 模拟第 61/1377 笔交易: 洁特生物...
2026-05-05 20:40:22.429 | INFO     | Backtest   | [回测 4/5] 模拟第 71/1377 笔交易: 天宇股份...
2026-05-05 20:40:22.769 | INFO     | Backtest   | [回测 4/5] 模拟第 81/1377 笔交易: 梦网科技...
2026-05-05 20:40:23.105 | INFO     | Backtest   | [回测 4/5] 模拟第 91/1377 笔交易: 康泰医学...
2026-05-05 20:40:23.435 | INFO     | Backtest   | [回测 4/5] 模拟第 101/1377 笔交易: 亚辉龙...
2026-05-05 20:40:23.840 | INFO     | Backtest   | [回测 4/5] 模拟第 111/1377 笔交易: 华蓝集团...
2026-05-05 20:40:24.166 | INFO     | Backtest   | [回测 4/5] 模拟第 121/1377 笔交易: 桐昆股份...
2026-05-05 20:40:24.537 | INFO     | Backtest   | [回测 4/5] 模拟第 131/1377 笔交易: 潞化科技...
2026-05-05 20:40:24.870 | INFO     | Backtest   | [回测 4/5] 模拟第 141/1377 笔交易: 五矿资本...
2026-05-05 20:40:25.271 | INFO     | Backtest   | [回测 4/5] 模拟第 151/1377 笔交易: 齐翔腾达...
2026-05-05 20:40:25.578 | INFO     | Backtest   | [回测 4/5] 模拟第 161/1377 笔交易: 兆新股份...
2026-05-05 20:40:26.003 | INFO     | Backtest   | [回测 4/5] 模拟第 171/1377 笔交易: 浙江美大...
2026-05-05 20:40:26.365 | INFO     | Backtest   | [回测 4/5] 模拟第 181/1377 笔交易: 南京证券...
2026-05-05 20:40:26.716 | INFO     | Backtest   | [回测 4/5] 模拟第 191/1377 笔交易: 东莞控股...
2026-05-05 20:40:27.042 | INFO     | Backtest   | [回测 4/5] 模拟第 201/1377 笔交易: 诚志股份...
2026-05-05 20:40:27.401 | INFO     | Backtest   | [回测 4/5] 模拟第 211/1377 笔交易: 华菱精工...
2026-05-05 20:40:27.738 | INFO     | Backtest   | [回测 4/5] 模拟第 221/1377 笔交易: 中原内配...
2026-05-05 20:40:28.050 | INFO     | Backtest   | [回测 4/5] 模拟第 231/1377 笔交易: 泰胜风能...
2026-05-05 20:40:28.324 | INFO     | Backtest   | [回测 4/5] 模拟第 241/1377 笔交易: 鼎胜新材...
2026-05-05 20:40:28.625 | INFO     | Backtest   | [回测 4/5] 模拟第 251/1377 笔交易: 宁波方正...
2026-05-05 20:40:29.015 | INFO     | Backtest   | [回测 4/5] 模拟第 261/1377 笔交易: 天汽模...
2026-05-05 20:40:29.326 | INFO     | Backtest   | [回测 4/5] 模拟第 271/1377 笔交易: 新澳股份...
2026-05-05 20:40:29.628 | INFO     | Backtest   | [回测 4/5] 模拟第 281/1377 笔交易: 杭州园林...
2026-05-05 20:40:29.955 | INFO     | Backtest   | [回测 4/5] 模拟第 291/1377 笔交易: 三星新材...
2026-05-05 20:40:30.293 | INFO     | Backtest   | [回测 4/5] 模拟第 301/1377 笔交易: 金埔园林...
2026-05-05 20:40:30.627 | INFO     | Backtest   | [回测 4/5] 模拟第 311/1377 笔交易: 远大控股...
2026-05-05 20:40:30.955 | INFO     | Backtest   | [回测 4/5] 模拟第 321/1377 笔交易: 神开股份...
2026-05-05 20:40:31.216 | INFO     | Backtest   | [回测 4/5] 模拟第 331/1377 笔交易: 立中集团...
2026-05-05 20:40:31.482 | INFO     | Backtest   | [回测 4/5] 模拟第 341/1377 笔交易: 香溢融通...
2026-05-05 20:40:31.787 | INFO     | Backtest   | [回测 4/5] 模拟第 351/1377 笔交易: 埃斯顿...
2026-05-05 20:40:31.999 | INFO     | Backtest   | [回测 4/5] 模拟第 361/1377 笔交易: 金逸影视...
2026-05-05 20:40:32.247 | INFO     | Backtest   | [回测 4/5] 模拟第 371/1377 笔交易: 新宏泽...
2026-05-05 20:40:32.516 | INFO     | Backtest   | [回测 4/5] 模拟第 381/1377 笔交易: 雅运股份...
2026-05-05 20:40:32.837 | INFO     | Backtest   | [回测 4/5] 模拟第 391/1377 笔交易: 双星新材...
2026-05-05 20:40:33.135 | INFO     | Backtest   | [回测 4/5] 模拟第 401/1377 笔交易: 中材节能...
2026-05-05 20:40:33.458 | INFO     | Backtest   | [回测 4/5] 模拟第 411/1377 笔交易: 菲达环保...
2026-05-05 20:40:33.777 | INFO     | Backtest   | [回测 4/5] 模拟第 421/1377 笔交易: 海利尔...
2026-05-05 20:40:34.101 | INFO     | Backtest   | [回测 4/5] 模拟第 431/1377 笔交易: 湖南投资...
2026-05-05 20:40:34.435 | INFO     | Backtest   | [回测 4/5] 模拟第 441/1377 笔交易: 民丰特纸...
2026-05-05 20:40:34.728 | INFO     | Backtest   | [回测 4/5] 模拟第 451/1377 笔交易: 郴电国际...
2026-05-05 20:40:34.997 | INFO     | Backtest   | [回测 4/5] 模拟第 461/1377 笔交易: 科拓生物...
2026-05-05 20:40:35.311 | INFO     | Backtest   | [回测 4/5] 模拟第 471/1377 笔交易: 双杰电气...
2026-05-05 20:40:35.527 | INFO     | Backtest   | [回测 4/5] 模拟第 481/1377 笔交易: 三友医疗...
2026-05-05 20:40:35.781 | INFO     | Backtest   | [回测 4/5] 模拟第 491/1377 笔交易: 漱玉平民...
2026-05-05 20:40:35.971 | INFO     | Backtest   | [回测 4/5] 模拟第 501/1377 笔交易: 电声股份...
2026-05-05 20:40:36.238 | INFO     | Backtest   | [回测 4/5] 模拟第 511/1377 笔交易: 京运通...
2026-05-05 20:40:36.503 | INFO     | Backtest   | [回测 4/5] 模拟第 521/1377 笔交易: 兴业股份...
2026-05-05 20:40:36.696 | INFO     | Backtest   | [回测 4/5] 模拟第 531/1377 笔交易: 亚虹医药-U...
2026-05-05 20:40:36.937 | INFO     | Backtest   | [回测 4/5] 模拟第 541/1377 笔交易: 宝丰能源...
2026-05-05 20:40:37.158 | INFO     | Backtest   | [回测 4/5] 模拟第 551/1377 笔交易: 嘉化能源...
2026-05-05 20:40:37.359 | INFO     | Backtest   | [回测 4/5] 模拟第 561/1377 笔交易: 黄山旅游...
2026-05-05 20:40:37.588 | INFO     | Backtest   | [回测 4/5] 模拟第 571/1377 笔交易: 晋亿实业...
2026-05-05 20:40:37.866 | INFO     | Backtest   | [回测 4/5] 模拟第 581/1377 笔交易: 哈空调...
2026-05-05 20:40:38.193 | INFO     | Backtest   | [回测 4/5] 模拟第 591/1377 笔交易: 浙江医药...
2026-05-05 20:40:38.478 | INFO     | Backtest   | [回测 4/5] 模拟第 601/1377 笔交易: 公元股份...
2026-05-05 20:40:38.791 | INFO     | Backtest   | [回测 4/5] 模拟第 611/1377 笔交易: 金运激光...
2026-05-05 20:40:39.085 | INFO     | Backtest   | [回测 4/5] 模拟第 621/1377 笔交易: 佳云科技...
2026-05-05 20:40:39.352 | INFO     | Backtest   | [回测 4/5] 模拟第 631/1377 笔交易: 京城股份...
2026-05-05 20:40:39.619 | INFO     | Backtest   | [回测 4/5] 模拟第 641/1377 笔交易: 大连重工...
2026-05-05 20:40:39.889 | INFO     | Backtest   | [回测 4/5] 模拟第 651/1377 笔交易: 玲珑轮胎...
2026-05-05 20:40:40.212 | INFO     | Backtest   | [回测 4/5] 模拟第 661/1377 笔交易: 海峡创新...
2026-05-05 20:40:40.421 | INFO     | Backtest   | [回测 4/5] 模拟第 671/1377 笔交易: 航民股份...
2026-05-05 20:40:40.711 | INFO     | Backtest   | [回测 4/5] 模拟第 681/1377 笔交易: 齐翔腾达...
2026-05-05 20:40:40.951 | INFO     | Backtest   | [回测 4/5] 模拟第 691/1377 笔交易: 中远海能...
2026-05-05 20:40:41.189 | INFO     | Backtest   | [回测 4/5] 模拟第 701/1377 笔交易: 招商南油...
2026-05-05 20:40:41.455 | INFO     | Backtest   | [回测 4/5] 模拟第 711/1377 笔交易: 鼎信通讯...
2026-05-05 20:40:41.733 | INFO     | Backtest   | [回测 4/5] 模拟第 721/1377 笔交易: 思美传媒...
2026-05-05 20:40:41.992 | INFO     | Backtest   | [回测 4/5] 模拟第 731/1377 笔交易: 中视传媒...
2026-05-05 20:40:42.268 | INFO     | Backtest   | [回测 4/5] 模拟第 741/1377 笔交易: 科顺股份...
2026-05-05 20:40:42.474 | INFO     | Backtest   | [回测 4/5] 模拟第 751/1377 笔交易: 华塑股份...
2026-05-05 20:40:42.690 | INFO     | Backtest   | [回测 4/5] 模拟第 761/1377 笔交易: 三钢闽光...
2026-05-05 20:40:42.901 | INFO     | Backtest   | [回测 4/5] 模拟第 771/1377 笔交易: 恒宝股份...
2026-05-05 20:40:43.104 | INFO     | Backtest   | [回测 4/5] 模拟第 781/1377 笔交易: 皇台酒业...
2026-05-05 20:40:43.295 | INFO     | Backtest   | [回测 4/5] 模拟第 791/1377 笔交易: 科德教育...
2026-05-05 20:40:43.428 | INFO     | Backtest   | [回测 4/5] 模拟第 801/1377 笔交易: 江苏金租...
2026-05-05 20:40:43.618 | INFO     | Backtest   | [回测 4/5] 模拟第 811/1377 笔交易: 新柴股份...
2026-05-05 20:40:43.825 | INFO     | Backtest   | [回测 4/5] 模拟第 821/1377 笔交易: 中国电建...
2026-05-05 20:40:44.026 | INFO     | Backtest   | [回测 4/5] 模拟第 831/1377 笔交易: 新乡化纤...
2026-05-05 20:40:44.239 | INFO     | Backtest   | [回测 4/5] 模拟第 841/1377 笔交易: 天龙股份...
2026-05-05 20:40:44.541 | INFO     | Backtest   | [回测 4/5] 模拟第 851/1377 笔交易: 精锻科技...
2026-05-05 20:40:44.694 | INFO     | Backtest   | [回测 4/5] 模拟第 861/1377 笔交易: 黄河旋风...
2026-05-05 20:40:44.915 | INFO     | Backtest   | [回测 4/5] 模拟第 871/1377 笔交易: 道明光学...
2026-05-05 20:40:45.132 | INFO     | Backtest   | [回测 4/5] 模拟第 881/1377 笔交易: 苏州规划...
2026-05-05 20:40:45.349 | INFO     | Backtest   | [回测 4/5] 模拟第 891/1377 笔交易: 长青科技...
2026-05-05 20:40:45.579 | INFO     | Backtest   | [回测 4/5] 模拟第 901/1377 笔交易: 韵达股份...
2026-05-05 20:40:45.805 | INFO     | Backtest   | [回测 4/5] 模拟第 911/1377 笔交易: 星湖科技...
2026-05-05 20:40:45.999 | INFO     | Backtest   | [回测 4/5] 模拟第 921/1377 笔交易: 京能电力...
2026-05-05 20:40:46.219 | INFO     | Backtest   | [回测 4/5] 模拟第 931/1377 笔交易: 珈伟新能...
2026-05-05 20:40:46.399 | INFO     | Backtest   | [回测 4/5] 模拟第 941/1377 笔交易: 铭普光磁...
2026-05-05 20:40:46.611 | INFO     | Backtest   | [回测 4/5] 模拟第 951/1377 笔交易: 坤彩科技...
2026-05-05 20:40:46.836 | INFO     | Backtest   | [回测 4/5] 模拟第 961/1377 笔交易: 京基智农...
2026-05-05 20:40:47.038 | INFO     | Backtest   | [回测 4/5] 模拟第 971/1377 笔交易: 中电鑫龙...
2026-05-05 20:40:47.272 | INFO     | Backtest   | [回测 4/5] 模拟第 981/1377 笔交易: 华能国际...
2026-05-05 20:40:47.504 | INFO     | Backtest   | [回测 4/5] 模拟第 991/1377 笔交易: 百洋医药...
2026-05-05 20:40:47.714 | INFO     | Backtest   | [回测 4/5] 模拟第 1001/1377 笔交易: 日照港...
2026-05-05 20:40:47.933 | INFO     | Backtest   | [回测 4/5] 模拟第 1011/1377 笔交易: 盐田港...
2026-05-05 20:40:48.179 | INFO     | Backtest   | [回测 4/5] 模拟第 1021/1377 笔交易: 开能健康...
2026-05-05 20:40:48.405 | INFO     | Backtest   | [回测 4/5] 模拟第 1031/1377 笔交易: 奥美医疗...
2026-05-05 20:40:48.615 | INFO     | Backtest   | [回测 4/5] 模拟第 1041/1377 笔交易: 博迈科...
2026-05-05 20:40:48.848 | INFO     | Backtest   | [回测 4/5] 模拟第 1051/1377 笔交易: 华自科技...
2026-05-05 20:40:49.047 | INFO     | Backtest   | [回测 4/5] 模拟第 1061/1377 笔交易: 锐新科技...
2026-05-05 20:40:49.300 | INFO     | Backtest   | [回测 4/5] 模拟第 1071/1377 笔交易: 中钢国际...
2026-05-05 20:40:49.574 | INFO     | Backtest   | [回测 4/5] 模拟第 1081/1377 笔交易: 创元科技...
2026-05-05 20:40:49.836 | INFO     | Backtest   | [回测 4/5] 模拟第 1091/1377 笔交易: 海正生材...
2026-05-05 20:40:50.118 | INFO     | Backtest   | [回测 4/5] 模拟第 1101/1377 笔交易: 北矿科技...
2026-05-05 20:40:50.360 | INFO     | Backtest   | [回测 4/5] 模拟第 1111/1377 笔交易: 拓斯达...
2026-05-05 20:40:50.611 | INFO     | Backtest   | [回测 4/5] 模拟第 1121/1377 笔交易: 元琛科技...
2026-05-05 20:40:50.866 | INFO     | Backtest   | [回测 4/5] 模拟第 1131/1377 笔交易: 可靠股份...
2026-05-05 20:40:51.156 | INFO     | Backtest   | [回测 4/5] 模拟第 1141/1377 笔交易: 莱绅通灵...
2026-05-05 20:40:51.410 | INFO     | Backtest   | [回测 4/5] 模拟第 1151/1377 笔交易: 省广集团...
2026-05-05 20:40:51.649 | INFO     | Backtest   | [回测 4/5] 模拟第 1161/1377 笔交易: 凯撒文化...
2026-05-05 20:40:51.887 | INFO     | Backtest   | [回测 4/5] 模拟第 1171/1377 笔交易: 越剑智能...
2026-05-05 20:40:52.111 | INFO     | Backtest   | [回测 4/5] 模拟第 1181/1377 笔交易: 明牌珠宝...
2026-05-05 20:40:52.352 | INFO     | Backtest   | [回测 4/5] 模拟第 1191/1377 笔交易: 金鹰股份...
2026-05-05 20:40:52.576 | INFO     | Backtest   | [回测 4/5] 模拟第 1201/1377 笔交易: 祥和实业...
2026-05-05 20:40:52.798 | INFO     | Backtest   | [回测 4/5] 模拟第 1211/1377 笔交易: 中亚股份...
2026-05-05 20:40:53.046 | INFO     | Backtest   | [回测 4/5] 模拟第 1221/1377 笔交易: 英联股份...
2026-05-05 20:40:53.274 | INFO     | Backtest   | [回测 4/5] 模拟第 1231/1377 笔交易: 奥克股份...
2026-05-05 20:40:53.527 | INFO     | Backtest   | [回测 4/5] 模拟第 1241/1377 笔交易: 京运通...
2026-05-05 20:40:53.754 | INFO     | Backtest   | [回测 4/5] 模拟第 1251/1377 笔交易: 易明医药...
2026-05-05 20:40:53.965 | INFO     | Backtest   | [回测 4/5] 模拟第 1261/1377 笔交易: 东亚药业...
2026-05-05 20:40:54.213 | INFO     | Backtest   | [回测 4/5] 模拟第 1271/1377 笔交易: 铁流股份...
2026-05-05 20:40:54.361 | INFO     | Backtest   | [回测 4/5] 模拟第 1281/1377 笔交易: 严牌股份...
2026-05-05 20:40:54.558 | INFO     | Backtest   | [回测 4/5] 模拟第 1291/1377 笔交易: 博汇纸业...
2026-05-05 20:40:54.783 | INFO     | Backtest   | [回测 4/5] 模拟第 1301/1377 笔交易: 联发股份...
2026-05-05 20:40:54.970 | INFO     | Backtest   | [回测 4/5] 模拟第 1311/1377 笔交易: 汇洁股份...
2026-05-05 20:40:55.281 | INFO     | Backtest   | [回测 4/5] 模拟第 1321/1377 笔交易: 宝钢包装...
2026-05-05 20:40:55.430 | INFO     | Backtest   | [回测 4/5] 模拟第 1331/1377 笔交易: 中胤时尚...
2026-05-05 20:40:55.619 | INFO     | Backtest   | [回测 4/5] 模拟第 1341/1377 笔交易: 新疆众和...
2026-05-05 20:40:55.787 | INFO     | Backtest   | [回测 4/5] 模拟第 1351/1377 笔交易: 康希通信...
2026-05-05 20:40:55.952 | INFO     | Backtest   | [回测 4/5] 模拟第 1361/1377 笔交易: 利亚德...
2026-05-05 20:40:56.173 | INFO     | Backtest   | [回测 4/5] 模拟第 1371/1377 笔交易: 华星创业...
2026-05-05 20:41:01.238 | INFO     | Backtest   | [回测 5/5] 回测任务完成: 583笔(含0笔平手离场)
2026-05-05 20:42:30.190 | INFO     | DuckDB     | DuckDB | 所有核心表结构初始化完成 (含热点板块)
2026-05-05 20:42:30.190 | INFO     | DuckDB     | DuckDB 核心就绪: E:\1target\p9_project\quant-platform\data\meta\meta.db
2026-05-05 20:42:30.196 | INFO     | Backtest   | [回测 1/5] 筛选回测目标股票...
2026-05-05 20:42:30.204 | INFO     | Backtest   | [回测 2/5] 加载 4972 只股票的历史数据进行快速扫描...
2026-05-05 20:42:44.849 | INFO     | Backtest   | [回测 3/5] 计算策略信号 (基于日线信号库)...
2026-05-05 20:42:44.856 | INFO     | Screener   | 🧬 [Loader] 识别到类继承策略: MA5AngleOriginalStrategy
2026-05-05 20:42:49.923 | INFO     | Backtest   | [回测 4/5] 处理 1377 条信号，执行精细分钟线仿真...
2026-05-05 20:42:49.925 | INFO     | Backtest   | [回测 4/5] 模拟第 1/1377 笔交易: 诚益通...
2026-05-05 20:42:50.152 | INFO     | Backtest   | [回测 4/5] 模拟第 11/1377 笔交易: 兰生股份...
2026-05-05 20:42:50.380 | INFO     | Backtest   | [回测 4/5] 模拟第 21/1377 笔交易: 兰卫医学...
2026-05-05 20:42:50.666 | INFO     | Backtest   | [回测 4/5] 模拟第 31/1377 笔交易: 戴维医疗...
2026-05-05 20:42:51.004 | INFO     | Backtest   | [回测 4/5] 模拟第 41/1377 笔交易: 海利得...
2026-05-05 20:42:51.392 | INFO     | Backtest   | [回测 4/5] 模拟第 51/1377 笔交易: 科德教育...
2026-05-05 20:42:51.681 | INFO     | Backtest   | [回测 4/5] 模拟第 61/1377 笔交易: 洁特生物...
2026-05-05 20:42:52.043 | INFO     | Backtest   | [回测 4/5] 模拟第 71/1377 笔交易: 天宇股份...
2026-05-05 20:42:52.382 | INFO     | Backtest   | [回测 4/5] 模拟第 81/1377 笔交易: 梦网科技...
2026-05-05 20:42:52.627 | INFO     | Backtest   | [回测 4/5] 模拟第 91/1377 笔交易: 康泰医学...
2026-05-05 20:42:52.919 | INFO     | Backtest   | [回测 4/5] 模拟第 101/1377 笔交易: 亚辉龙...
2026-05-05 20:42:53.228 | INFO     | Backtest   | [回测 4/5] 模拟第 111/1377 笔交易: 华蓝集团...
2026-05-05 20:42:53.520 | INFO     | Backtest   | [回测 4/5] 模拟第 121/1377 笔交易: 桐昆股份...
2026-05-05 20:42:53.869 | INFO     | Backtest   | [回测 4/5] 模拟第 131/1377 笔交易: 潞化科技...
2026-05-05 20:42:54.170 | INFO     | Backtest   | [回测 4/5] 模拟第 141/1377 笔交易: 五矿资本...
2026-05-05 20:42:54.441 | INFO     | Backtest   | [回测 4/5] 模拟第 151/1377 笔交易: 齐翔腾达...
2026-05-05 20:42:54.702 | INFO     | Backtest   | [回测 4/5] 模拟第 161/1377 笔交易: 兆新股份...
2026-05-05 20:42:55.018 | INFO     | Backtest   | [回测 4/5] 模拟第 171/1377 笔交易: 浙江美大...
2026-05-05 20:42:55.347 | INFO     | Backtest   | [回测 4/5] 模拟第 181/1377 笔交易: 南京证券...
2026-05-05 20:42:55.734 | INFO     | Backtest   | [回测 4/5] 模拟第 191/1377 笔交易: 东莞控股...
2026-05-05 20:42:56.039 | INFO     | Backtest   | [回测 4/5] 模拟第 201/1377 笔交易: 诚志股份...
2026-05-05 20:42:56.342 | INFO     | Backtest   | [回测 4/5] 模拟第 211/1377 笔交易: 华菱精工...
2026-05-05 20:42:56.629 | INFO     | Backtest   | [回测 4/5] 模拟第 221/1377 笔交易: 中原内配...
2026-05-05 20:42:56.972 | INFO     | Backtest   | [回测 4/5] 模拟第 231/1377 笔交易: 泰胜风能...
2026-05-05 20:42:57.232 | INFO     | Backtest   | [回测 4/5] 模拟第 241/1377 笔交易: 鼎胜新材...
2026-05-05 20:42:57.523 | INFO     | Backtest   | [回测 4/5] 模拟第 251/1377 笔交易: 宁波方正...
2026-05-05 20:42:57.812 | INFO     | Backtest   | [回测 4/5] 模拟第 261/1377 笔交易: 天汽模...
2026-05-05 20:42:58.122 | INFO     | Backtest   | [回测 4/5] 模拟第 271/1377 笔交易: 新澳股份...
2026-05-05 20:42:58.410 | INFO     | Backtest   | [回测 4/5] 模拟第 281/1377 笔交易: 杭州园林...
2026-05-05 20:42:58.704 | INFO     | Backtest   | [回测 4/5] 模拟第 291/1377 笔交易: 三星新材...
2026-05-05 20:42:59.032 | INFO     | Backtest   | [回测 4/5] 模拟第 301/1377 笔交易: 金埔园林...
2026-05-05 20:42:59.401 | INFO     | Backtest   | [回测 4/5] 模拟第 311/1377 笔交易: 远大控股...
2026-05-05 20:42:59.693 | INFO     | Backtest   | [回测 4/5] 模拟第 321/1377 笔交易: 神开股份...
2026-05-05 20:42:59.952 | INFO     | Backtest   | [回测 4/5] 模拟第 331/1377 笔交易: 立中集团...
2026-05-05 20:43:00.234 | INFO     | Backtest   | [回测 4/5] 模拟第 341/1377 笔交易: 香溢融通...
2026-05-05 20:43:00.518 | INFO     | Backtest   | [回测 4/5] 模拟第 351/1377 笔交易: 埃斯顿...
2026-05-05 20:43:00.734 | INFO     | Backtest   | [回测 4/5] 模拟第 361/1377 笔交易: 金逸影视...
2026-05-05 20:43:01.016 | INFO     | Backtest   | [回测 4/5] 模拟第 371/1377 笔交易: 新宏泽...
2026-05-05 20:43:01.269 | INFO     | Backtest   | [回测 4/5] 模拟第 381/1377 笔交易: 雅运股份...
2026-05-05 20:43:01.553 | INFO     | Backtest   | [回测 4/5] 模拟第 391/1377 笔交易: 双星新材...
2026-05-05 20:43:01.886 | INFO     | Backtest   | [回测 4/5] 模拟第 401/1377 笔交易: 中材节能...
2026-05-05 20:43:02.223 | INFO     | Backtest   | [回测 4/5] 模拟第 411/1377 笔交易: 菲达环保...
2026-05-05 20:43:02.613 | INFO     | Backtest   | [回测 4/5] 模拟第 421/1377 笔交易: 海利尔...
2026-05-05 20:43:02.885 | INFO     | Backtest   | [回测 4/5] 模拟第 431/1377 笔交易: 湖南投资...
2026-05-05 20:43:03.194 | INFO     | Backtest   | [回测 4/5] 模拟第 441/1377 笔交易: 民丰特纸...
2026-05-05 20:43:03.486 | INFO     | Backtest   | [回测 4/5] 模拟第 451/1377 笔交易: 郴电国际...
2026-05-05 20:43:03.792 | INFO     | Backtest   | [回测 4/5] 模拟第 461/1377 笔交易: 科拓生物...
2026-05-05 20:43:04.098 | INFO     | Backtest   | [回测 4/5] 模拟第 471/1377 笔交易: 双杰电气...
2026-05-05 20:43:04.362 | INFO     | Backtest   | [回测 4/5] 模拟第 481/1377 笔交易: 三友医疗...
2026-05-05 20:43:04.547 | INFO     | Backtest   | [回测 4/5] 模拟第 491/1377 笔交易: 漱玉平民...
2026-05-05 20:43:04.744 | INFO     | Backtest   | [回测 4/5] 模拟第 501/1377 笔交易: 电声股份...
2026-05-05 20:43:04.969 | INFO     | Backtest   | [回测 4/5] 模拟第 511/1377 笔交易: 京运通...
2026-05-05 20:43:05.188 | INFO     | Backtest   | [回测 4/5] 模拟第 521/1377 笔交易: 兴业股份...
2026-05-05 20:43:05.368 | INFO     | Backtest   | [回测 4/5] 模拟第 531/1377 笔交易: 亚虹医药-U...
2026-05-05 20:43:05.575 | INFO     | Backtest   | [回测 4/5] 模拟第 541/1377 笔交易: 宝丰能源...
2026-05-05 20:43:05.765 | INFO     | Backtest   | [回测 4/5] 模拟第 551/1377 笔交易: 嘉化能源...
2026-05-05 20:43:05.970 | INFO     | Backtest   | [回测 4/5] 模拟第 561/1377 笔交易: 黄山旅游...
2026-05-05 20:43:06.211 | INFO     | Backtest   | [回测 4/5] 模拟第 571/1377 笔交易: 晋亿实业...
2026-05-05 20:43:06.465 | INFO     | Backtest   | [回测 4/5] 模拟第 581/1377 笔交易: 哈空调...
2026-05-05 20:43:06.830 | INFO     | Backtest   | [回测 4/5] 模拟第 591/1377 笔交易: 浙江医药...
2026-05-05 20:43:07.084 | INFO     | Backtest   | [回测 4/5] 模拟第 601/1377 笔交易: 公元股份...
2026-05-05 20:43:07.373 | INFO     | Backtest   | [回测 4/5] 模拟第 611/1377 笔交易: 金运激光...
2026-05-05 20:43:07.646 | INFO     | Backtest   | [回测 4/5] 模拟第 621/1377 笔交易: 佳云科技...
2026-05-05 20:43:07.865 | INFO     | Backtest   | [回测 4/5] 模拟第 631/1377 笔交易: 京城股份...
2026-05-05 20:43:08.142 | INFO     | Backtest   | [回测 4/5] 模拟第 641/1377 笔交易: 大连重工...
2026-05-05 20:43:08.392 | INFO     | Backtest   | [回测 4/5] 模拟第 651/1377 笔交易: 玲珑轮胎...
2026-05-05 20:43:08.677 | INFO     | Backtest   | [回测 4/5] 模拟第 661/1377 笔交易: 海峡创新...
2026-05-05 20:43:08.865 | INFO     | Backtest   | [回测 4/5] 模拟第 671/1377 笔交易: 航民股份...
2026-05-05 20:43:09.133 | INFO     | Backtest   | [回测 4/5] 模拟第 681/1377 笔交易: 齐翔腾达...
2026-05-05 20:43:09.349 | INFO     | Backtest   | [回测 4/5] 模拟第 691/1377 笔交易: 中远海能...
2026-05-05 20:43:09.579 | INFO     | Backtest   | [回测 4/5] 模拟第 701/1377 笔交易: 招商南油...
2026-05-05 20:43:09.822 | INFO     | Backtest   | [回测 4/5] 模拟第 711/1377 笔交易: 鼎信通讯...
2026-05-05 20:43:10.092 | INFO     | Backtest   | [回测 4/5] 模拟第 721/1377 笔交易: 思美传媒...
2026-05-05 20:43:10.346 | INFO     | Backtest   | [回测 4/5] 模拟第 731/1377 笔交易: 中视传媒...
2026-05-05 20:43:10.601 | INFO     | Backtest   | [回测 4/5] 模拟第 741/1377 笔交易: 科顺股份...
2026-05-05 20:43:10.788 | INFO     | Backtest   | [回测 4/5] 模拟第 751/1377 笔交易: 华塑股份...
2026-05-05 20:43:11.039 | INFO     | Backtest   | [回测 4/5] 模拟第 761/1377 笔交易: 三钢闽光...
2026-05-05 20:43:11.244 | INFO     | Backtest   | [回测 4/5] 模拟第 771/1377 笔交易: 恒宝股份...
2026-05-05 20:43:11.455 | INFO     | Backtest   | [回测 4/5] 模拟第 781/1377 笔交易: 皇台酒业...
2026-05-05 20:43:11.618 | INFO     | Backtest   | [回测 4/5] 模拟第 791/1377 笔交易: 科德教育...
2026-05-05 20:43:11.745 | INFO     | Backtest   | [回测 4/5] 模拟第 801/1377 笔交易: 江苏金租...
2026-05-05 20:43:11.936 | INFO     | Backtest   | [回测 4/5] 模拟第 811/1377 笔交易: 新柴股份...
2026-05-05 20:43:12.124 | INFO     | Backtest   | [回测 4/5] 模拟第 821/1377 笔交易: 中国电建...
2026-05-05 20:43:12.323 | INFO     | Backtest   | [回测 4/5] 模拟第 831/1377 笔交易: 新乡化纤...
2026-05-05 20:43:12.535 | INFO     | Backtest   | [回测 4/5] 模拟第 841/1377 笔交易: 天龙股份...
2026-05-05 20:43:12.841 | INFO     | Backtest   | [回测 4/5] 模拟第 851/1377 笔交易: 精锻科技...
2026-05-05 20:43:13.040 | INFO     | Backtest   | [回测 4/5] 模拟第 861/1377 笔交易: 黄河旋风...
2026-05-05 20:43:13.245 | INFO     | Backtest   | [回测 4/5] 模拟第 871/1377 笔交易: 道明光学...
2026-05-05 20:43:13.497 | INFO     | Backtest   | [回测 4/5] 模拟第 881/1377 笔交易: 苏州规划...
2026-05-05 20:43:13.735 | INFO     | Backtest   | [回测 4/5] 模拟第 891/1377 笔交易: 长青科技...
2026-05-05 20:43:13.983 | INFO     | Backtest   | [回测 4/5] 模拟第 901/1377 笔交易: 韵达股份...
2026-05-05 20:43:14.220 | INFO     | Backtest   | [回测 4/5] 模拟第 911/1377 笔交易: 星湖科技...
2026-05-05 20:43:14.383 | INFO     | Backtest   | [回测 4/5] 模拟第 921/1377 笔交易: 京能电力...
2026-05-05 20:43:14.587 | INFO     | Backtest   | [回测 4/5] 模拟第 931/1377 笔交易: 珈伟新能...
2026-05-05 20:43:14.773 | INFO     | Backtest   | [回测 4/5] 模拟第 941/1377 笔交易: 铭普光磁...
2026-05-05 20:43:14.958 | INFO     | Backtest   | [回测 4/5] 模拟第 951/1377 笔交易: 坤彩科技...
2026-05-05 20:43:15.191 | INFO     | Backtest   | [回测 4/5] 模拟第 961/1377 笔交易: 京基智农...
2026-05-05 20:43:15.405 | INFO     | Backtest   | [回测 4/5] 模拟第 971/1377 笔交易: 中电鑫龙...
2026-05-05 20:43:15.595 | INFO     | Backtest   | [回测 4/5] 模拟第 981/1377 笔交易: 华能国际...
2026-05-05 20:43:15.784 | INFO     | Backtest   | [回测 4/5] 模拟第 991/1377 笔交易: 百洋医药...
2026-05-05 20:43:16.021 | INFO     | Backtest   | [回测 4/5] 模拟第 1001/1377 笔交易: 日照港...
2026-05-05 20:43:16.292 | INFO     | Backtest   | [回测 4/5] 模拟第 1011/1377 笔交易: 盐田港...
2026-05-05 20:43:16.514 | INFO     | Backtest   | [回测 4/5] 模拟第 1021/1377 笔交易: 开能健康...
2026-05-05 20:43:16.799 | INFO     | Backtest   | [回测 4/5] 模拟第 1031/1377 笔交易: 奥美医疗...
2026-05-05 20:43:17.076 | INFO     | Backtest   | [回测 4/5] 模拟第 1041/1377 笔交易: 博迈科...
2026-05-05 20:43:17.332 | INFO     | Backtest   | [回测 4/5] 模拟第 1051/1377 笔交易: 华自科技...
2026-05-05 20:43:17.519 | INFO     | Backtest   | [回测 4/5] 模拟第 1061/1377 笔交易: 锐新科技...
2026-05-05 20:43:17.762 | INFO     | Backtest   | [回测 4/5] 模拟第 1071/1377 笔交易: 中钢国际...
2026-05-05 20:43:17.974 | INFO     | Backtest   | [回测 4/5] 模拟第 1081/1377 笔交易: 创元科技...
2026-05-05 20:43:18.241 | INFO     | Backtest   | [回测 4/5] 模拟第 1091/1377 笔交易: 海正生材...
2026-05-05 20:43:18.534 | INFO     | Backtest   | [回测 4/5] 模拟第 1101/1377 笔交易: 北矿科技...
2026-05-05 20:43:18.815 | INFO     | Backtest   | [回测 4/5] 模拟第 1111/1377 笔交易: 拓斯达...
2026-05-05 20:43:19.060 | INFO     | Backtest   | [回测 4/5] 模拟第 1121/1377 笔交易: 元琛科技...
2026-05-05 20:43:19.267 | INFO     | Backtest   | [回测 4/5] 模拟第 1131/1377 笔交易: 可靠股份...
2026-05-05 20:43:19.549 | INFO     | Backtest   | [回测 4/5] 模拟第 1141/1377 笔交易: 莱绅通灵...
2026-05-05 20:43:19.817 | INFO     | Backtest   | [回测 4/5] 模拟第 1151/1377 笔交易: 省广集团...
2026-05-05 20:43:20.142 | INFO     | Backtest   | [回测 4/5] 模拟第 1161/1377 笔交易: 凯撒文化...
2026-05-05 20:43:20.390 | INFO     | Backtest   | [回测 4/5] 模拟第 1171/1377 笔交易: 越剑智能...
2026-05-05 20:43:20.647 | INFO     | Backtest   | [回测 4/5] 模拟第 1181/1377 笔交易: 明牌珠宝...
2026-05-05 20:43:20.873 | INFO     | Backtest   | [回测 4/5] 模拟第 1191/1377 笔交易: 金鹰股份...
2026-05-05 20:43:21.126 | INFO     | Backtest   | [回测 4/5] 模拟第 1201/1377 笔交易: 祥和实业...
2026-05-05 20:43:21.368 | INFO     | Backtest   | [回测 4/5] 模拟第 1211/1377 笔交易: 中亚股份...
2026-05-05 20:43:21.633 | INFO     | Backtest   | [回测 4/5] 模拟第 1221/1377 笔交易: 英联股份...
2026-05-05 20:43:21.906 | INFO     | Backtest   | [回测 4/5] 模拟第 1231/1377 笔交易: 奥克股份...
2026-05-05 20:43:22.154 | INFO     | Backtest   | [回测 4/5] 模拟第 1241/1377 笔交易: 京运通...
2026-05-05 20:43:22.373 | INFO     | Backtest   | [回测 4/5] 模拟第 1251/1377 笔交易: 易明医药...
2026-05-05 20:43:22.571 | INFO     | Backtest   | [回测 4/5] 模拟第 1261/1377 笔交易: 东亚药业...
2026-05-05 20:43:22.775 | INFO     | Backtest   | [回测 4/5] 模拟第 1271/1377 笔交易: 铁流股份...
2026-05-05 20:43:22.927 | INFO     | Backtest   | [回测 4/5] 模拟第 1281/1377 笔交易: 严牌股份...
2026-05-05 20:43:23.108 | INFO     | Backtest   | [回测 4/5] 模拟第 1291/1377 笔交易: 博汇纸业...
2026-05-05 20:43:23.312 | INFO     | Backtest   | [回测 4/5] 模拟第 1301/1377 笔交易: 联发股份...
2026-05-05 20:43:23.443 | INFO     | Backtest   | [回测 4/5] 模拟第 1311/1377 笔交易: 汇洁股份...
2026-05-05 20:43:23.736 | INFO     | Backtest   | [回测 4/5] 模拟第 1321/1377 笔交易: 宝钢包装...
2026-05-05 20:43:23.924 | INFO     | Backtest   | [回测 4/5] 模拟第 1331/1377 笔交易: 中胤时尚...
2026-05-05 20:43:24.102 | INFO     | Backtest   | [回测 4/5] 模拟第 1341/1377 笔交易: 新疆众和...
2026-05-05 20:43:24.269 | INFO     | Backtest   | [回测 4/5] 模拟第 1351/1377 笔交易: 康希通信...
2026-05-05 20:43:24.419 | INFO     | Backtest   | [回测 4/5] 模拟第 1361/1377 笔交易: 利亚德...
2026-05-05 20:43:24.620 | INFO     | Backtest   | [回测 4/5] 模拟第 1371/1377 笔交易: 华星创业...
2026-05-05 20:43:24.740 | INFO     | Backtest   | [回测 5/5] 回测任务完成: 300笔(含0笔平手离场)
2026-05-05 20:43:24.937 | INFO     | Backtest   | [回测 1/5] 筛选回测目标股票...
2026-05-05 20:43:24.953 | INFO     | Backtest   | [回测 2/5] 加载 4972 只股票的历史数据进行快速扫描...
2026-05-05 20:43:39.378 | INFO     | Backtest   | [回测 3/5] 计算策略信号 (基于日线信号库)...
2026-05-05 20:43:39.385 | INFO     | Screener   | 🧬 [Loader] 识别到类继承策略: MA5AngleOriginalStrategy
2026-05-05 20:43:44.200 | INFO     | Backtest   | [回测 4/5] 处理 1377 条信号，执行精细分钟线仿真...
2026-05-05 20:43:44.203 | INFO     | Backtest   | [回测 4/5] 模拟第 1/1377 笔交易: 诚益通...
2026-05-05 20:43:44.428 | INFO     | Backtest   | [回测 4/5] 模拟第 11/1377 笔交易: 兰生股份...
2026-05-05 20:43:44.649 | INFO     | Backtest   | [回测 4/5] 模拟第 21/1377 笔交易: 兰卫医学...
2026-05-05 20:43:44.920 | INFO     | Backtest   | [回测 4/5] 模拟第 31/1377 笔交易: 戴维医疗...
2026-05-05 20:43:45.285 | INFO     | Backtest   | [回测 4/5] 模拟第 41/1377 笔交易: 海利得...
2026-05-05 20:43:45.602 | INFO     | Backtest   | [回测 4/5] 模拟第 51/1377 笔交易: 科德教育...
2026-05-05 20:43:45.884 | INFO     | Backtest   | [回测 4/5] 模拟第 61/1377 笔交易: 洁特生物...
2026-05-05 20:43:46.247 | INFO     | Backtest   | [回测 4/5] 模拟第 71/1377 笔交易: 天宇股份...
2026-05-05 20:43:46.591 | INFO     | Backtest   | [回测 4/5] 模拟第 81/1377 笔交易: 梦网科技...
2026-05-05 20:43:46.897 | INFO     | Backtest   | [回测 4/5] 模拟第 91/1377 笔交易: 康泰医学...
2026-05-05 20:43:47.254 | INFO     | Backtest   | [回测 4/5] 模拟第 101/1377 笔交易: 亚辉龙...
2026-05-05 20:43:47.618 | INFO     | Backtest   | [回测 4/5] 模拟第 111/1377 笔交易: 华蓝集团...
2026-05-05 20:43:47.962 | INFO     | Backtest   | [回测 4/5] 模拟第 121/1377 笔交易: 桐昆股份...
2026-05-05 20:43:48.279 | INFO     | Backtest   | [回测 4/5] 模拟第 131/1377 笔交易: 潞化科技...
2026-05-05 20:43:48.608 | INFO     | Backtest   | [回测 4/5] 模拟第 141/1377 笔交易: 五矿资本...
2026-05-05 20:43:48.881 | INFO     | Backtest   | [回测 4/5] 模拟第 151/1377 笔交易: 齐翔腾达...
2026-05-05 20:43:49.169 | INFO     | Backtest   | [回测 4/5] 模拟第 161/1377 笔交易: 兆新股份...
2026-05-05 20:43:49.492 | INFO     | Backtest   | [回测 4/5] 模拟第 171/1377 笔交易: 浙江美大...
2026-05-05 20:43:49.831 | INFO     | Backtest   | [回测 4/5] 模拟第 181/1377 笔交易: 南京证券...
2026-05-05 20:43:50.171 | INFO     | Backtest   | [回测 4/5] 模拟第 191/1377 笔交易: 东莞控股...
2026-05-05 20:43:50.548 | INFO     | Backtest   | [回测 4/5] 模拟第 201/1377 笔交易: 诚志股份...
2026-05-05 20:43:50.811 | INFO     | Backtest   | [回测 4/5] 模拟第 211/1377 笔交易: 华菱精工...
2026-05-05 20:43:51.131 | INFO     | Backtest   | [回测 4/5] 模拟第 221/1377 笔交易: 中原内配...
2026-05-05 20:43:51.462 | INFO     | Backtest   | [回测 4/5] 模拟第 231/1377 笔交易: 泰胜风能...
2026-05-05 20:43:51.762 | INFO     | Backtest   | [回测 4/5] 模拟第 241/1377 笔交易: 鼎胜新材...
2026-05-05 20:43:52.073 | INFO     | Backtest   | [回测 4/5] 模拟第 251/1377 笔交易: 宁波方正...
2026-05-05 20:43:52.430 | INFO     | Backtest   | [回测 4/5] 模拟第 261/1377 笔交易: 天汽模...
2026-05-05 20:43:52.733 | INFO     | Backtest   | [回测 4/5] 模拟第 271/1377 笔交易: 新澳股份...
2026-05-05 20:43:53.051 | INFO     | Backtest   | [回测 4/5] 模拟第 281/1377 笔交易: 杭州园林...
2026-05-05 20:43:53.365 | INFO     | Backtest   | [回测 4/5] 模拟第 291/1377 笔交易: 三星新材...
2026-05-05 20:43:53.728 | INFO     | Backtest   | [回测 4/5] 模拟第 301/1377 笔交易: 金埔园林...
2026-05-05 20:43:54.106 | INFO     | Backtest   | [回测 4/5] 模拟第 311/1377 笔交易: 远大控股...
2026-05-05 20:43:54.443 | INFO     | Backtest   | [回测 4/5] 模拟第 321/1377 笔交易: 神开股份...
2026-05-05 20:43:54.717 | INFO     | Backtest   | [回测 4/5] 模拟第 331/1377 笔交易: 立中集团...
2026-05-05 20:43:54.977 | INFO     | Backtest   | [回测 4/5] 模拟第 341/1377 笔交易: 香溢融通...
2026-05-05 20:43:55.277 | INFO     | Backtest   | [回测 4/5] 模拟第 351/1377 笔交易: 埃斯顿...
2026-05-05 20:43:55.518 | INFO     | Backtest   | [回测 4/5] 模拟第 361/1377 笔交易: 金逸影视...
2026-05-05 20:43:55.798 | INFO     | Backtest   | [回测 4/5] 模拟第 371/1377 笔交易: 新宏泽...
2026-05-05 20:43:56.071 | INFO     | Backtest   | [回测 4/5] 模拟第 381/1377 笔交易: 雅运股份...
2026-05-05 20:43:56.405 | INFO     | Backtest   | [回测 4/5] 模拟第 391/1377 笔交易: 双星新材...
2026-05-05 20:43:56.715 | INFO     | Backtest   | [回测 4/5] 模拟第 401/1377 笔交易: 中材节能...
2026-05-05 20:43:57.070 | INFO     | Backtest   | [回测 4/5] 模拟第 411/1377 笔交易: 菲达环保...
2026-05-05 20:43:57.413 | INFO     | Backtest   | [回测 4/5] 模拟第 421/1377 笔交易: 海利尔...
2026-05-05 20:43:57.726 | INFO     | Backtest   | [回测 4/5] 模拟第 431/1377 笔交易: 湖南投资...
2026-05-05 20:43:58.070 | INFO     | Backtest   | [回测 4/5] 模拟第 441/1377 笔交易: 民丰特纸...
2026-05-05 20:43:58.461 | INFO     | Backtest   | [回测 4/5] 模拟第 451/1377 笔交易: 郴电国际...
2026-05-05 20:43:58.748 | INFO     | Backtest   | [回测 4/5] 模拟第 461/1377 笔交易: 科拓生物...
2026-05-05 20:43:59.093 | INFO     | Backtest   | [回测 4/5] 模拟第 471/1377 笔交易: 双杰电气...
2026-05-05 20:43:59.358 | INFO     | Backtest   | [回测 4/5] 模拟第 481/1377 笔交易: 三友医疗...
2026-05-05 20:43:59.606 | INFO     | Backtest   | [回测 4/5] 模拟第 491/1377 笔交易: 漱玉平民...
2026-05-05 20:43:59.839 | INFO     | Backtest   | [回测 4/5] 模拟第 501/1377 笔交易: 电声股份...
2026-05-05 20:44:00.108 | INFO     | Backtest   | [回测 4/5] 模拟第 511/1377 笔交易: 京运通...
2026-05-05 20:44:00.363 | INFO     | Backtest   | [回测 4/5] 模拟第 521/1377 笔交易: 兴业股份...
2026-05-05 20:44:00.555 | INFO     | Backtest   | [回测 4/5] 模拟第 531/1377 笔交易: 亚虹医药-U...
2026-05-05 20:44:00.772 | INFO     | Backtest   | [回测 4/5] 模拟第 541/1377 笔交易: 宝丰能源...
2026-05-05 20:44:00.962 | INFO     | Backtest   | [回测 4/5] 模拟第 551/1377 笔交易: 嘉化能源...
2026-05-05 20:44:01.192 | INFO     | Backtest   | [回测 4/5] 模拟第 561/1377 笔交易: 黄山旅游...
2026-05-05 20:44:01.432 | INFO     | Backtest   | [回测 4/5] 模拟第 571/1377 笔交易: 晋亿实业...
2026-05-05 20:44:01.772 | INFO     | Backtest   | [回测 4/5] 模拟第 581/1377 笔交易: 哈空调...
2026-05-05 20:44:02.105 | INFO     | Backtest   | [回测 4/5] 模拟第 591/1377 笔交易: 浙江医药...
2026-05-05 20:44:02.394 | INFO     | Backtest   | [回测 4/5] 模拟第 601/1377 笔交易: 公元股份...
2026-05-05 20:44:02.819 | INFO     | Backtest   | [回测 4/5] 模拟第 611/1377 笔交易: 金运激光...
2026-05-05 20:44:03.187 | INFO     | Backtest   | [回测 4/5] 模拟第 621/1377 笔交易: 佳云科技...
2026-05-05 20:44:03.444 | INFO     | Backtest   | [回测 4/5] 模拟第 631/1377 笔交易: 京城股份...
2026-05-05 20:44:03.729 | INFO     | Backtest   | [回测 4/5] 模拟第 641/1377 笔交易: 大连重工...
2026-05-05 20:44:04.035 | INFO     | Backtest   | [回测 4/5] 模拟第 651/1377 笔交易: 玲珑轮胎...
2026-05-05 20:44:04.347 | INFO     | Backtest   | [回测 4/5] 模拟第 661/1377 笔交易: 海峡创新...
2026-05-05 20:44:04.532 | INFO     | Backtest   | [回测 4/5] 模拟第 671/1377 笔交易: 航民股份...
2026-05-05 20:44:04.791 | INFO     | Backtest   | [回测 4/5] 模拟第 681/1377 笔交易: 齐翔腾达...
2026-05-05 20:44:05.049 | INFO     | Backtest   | [回测 4/5] 模拟第 691/1377 笔交易: 中远海能...
2026-05-05 20:44:05.295 | INFO     | Backtest   | [回测 4/5] 模拟第 701/1377 笔交易: 招商南油...
2026-05-05 20:44:05.570 | INFO     | Backtest   | [回测 4/5] 模拟第 711/1377 笔交易: 鼎信通讯...
2026-05-05 20:44:05.861 | INFO     | Backtest   | [回测 4/5] 模拟第 721/1377 笔交易: 思美传媒...
2026-05-05 20:44:06.146 | INFO     | Backtest   | [回测 4/5] 模拟第 731/1377 笔交易: 中视传媒...
2026-05-05 20:44:06.438 | INFO     | Backtest   | [回测 4/5] 模拟第 741/1377 笔交易: 科顺股份...
2026-05-05 20:44:06.664 | INFO     | Backtest   | [回测 4/5] 模拟第 751/1377 笔交易: 华塑股份...
2026-05-05 20:44:06.923 | INFO     | Backtest   | [回测 4/5] 模拟第 761/1377 笔交易: 三钢闽光...
2026-05-05 20:44:07.130 | INFO     | Backtest   | [回测 4/5] 模拟第 771/1377 笔交易: 恒宝股份...
2026-05-05 20:44:07.384 | INFO     | Backtest   | [回测 4/5] 模拟第 781/1377 笔交易: 皇台酒业...
2026-05-05 20:44:07.596 | INFO     | Backtest   | [回测 4/5] 模拟第 791/1377 笔交易: 科德教育...
2026-05-05 20:44:07.723 | INFO     | Backtest   | [回测 4/5] 模拟第 801/1377 笔交易: 江苏金租...
2026-05-05 20:44:07.917 | INFO     | Backtest   | [回测 4/5] 模拟第 811/1377 笔交易: 新柴股份...
2026-05-05 20:44:08.120 | INFO     | Backtest   | [回测 4/5] 模拟第 821/1377 笔交易: 中国电建...
2026-05-05 20:44:08.306 | INFO     | Backtest   | [回测 4/5] 模拟第 831/1377 笔交易: 新乡化纤...
2026-05-05 20:44:08.515 | INFO     | Backtest   | [回测 4/5] 模拟第 841/1377 笔交易: 天龙股份...
2026-05-05 20:44:08.748 | INFO     | Backtest   | [回测 4/5] 模拟第 851/1377 笔交易: 精锻科技...
2026-05-05 20:44:08.933 | INFO     | Backtest   | [回测 4/5] 模拟第 861/1377 笔交易: 黄河旋风...
2026-05-05 20:44:09.144 | INFO     | Backtest   | [回测 4/5] 模拟第 871/1377 笔交易: 道明光学...
2026-05-05 20:44:09.367 | INFO     | Backtest   | [回测 4/5] 模拟第 881/1377 笔交易: 苏州规划...
2026-05-05 20:44:09.588 | INFO     | Backtest   | [回测 4/5] 模拟第 891/1377 笔交易: 长青科技...
2026-05-05 20:44:09.810 | INFO     | Backtest   | [回测 4/5] 模拟第 901/1377 笔交易: 韵达股份...
2026-05-05 20:44:10.036 | INFO     | Backtest   | [回测 4/5] 模拟第 911/1377 笔交易: 星湖科技...
2026-05-05 20:44:10.261 | INFO     | Backtest   | [回测 4/5] 模拟第 921/1377 笔交易: 京能电力...
2026-05-05 20:44:10.462 | INFO     | Backtest   | [回测 4/5] 模拟第 931/1377 笔交易: 珈伟新能...
2026-05-05 20:44:10.648 | INFO     | Backtest   | [回测 4/5] 模拟第 941/1377 笔交易: 铭普光磁...
2026-05-05 20:44:10.843 | INFO     | Backtest   | [回测 4/5] 模拟第 951/1377 笔交易: 坤彩科技...
2026-05-05 20:44:11.061 | INFO     | Backtest   | [回测 4/5] 模拟第 961/1377 笔交易: 京基智农...
2026-05-05 20:44:11.250 | INFO     | Backtest   | [回测 4/5] 模拟第 971/1377 笔交易: 中电鑫龙...
2026-05-05 20:44:11.467 | INFO     | Backtest   | [回测 4/5] 模拟第 981/1377 笔交易: 华能国际...
2026-05-05 20:44:11.717 | INFO     | Backtest   | [回测 4/5] 模拟第 991/1377 笔交易: 百洋医药...
2026-05-05 20:44:11.892 | INFO     | Backtest   | [回测 4/5] 模拟第 1001/1377 笔交易: 日照港...
2026-05-05 20:44:12.133 | INFO     | Backtest   | [回测 4/5] 模拟第 1011/1377 笔交易: 盐田港...
2026-05-05 20:44:12.363 | INFO     | Backtest   | [回测 4/5] 模拟第 1021/1377 笔交易: 开能健康...
2026-05-05 20:44:12.603 | INFO     | Backtest   | [回测 4/5] 模拟第 1031/1377 笔交易: 奥美医疗...
2026-05-05 20:44:12.801 | INFO     | Backtest   | [回测 4/5] 模拟第 1041/1377 笔交易: 博迈科...
2026-05-05 20:44:12.974 | INFO     | Backtest   | [回测 4/5] 模拟第 1051/1377 笔交易: 华自科技...
2026-05-05 20:44:13.147 | INFO     | Backtest   | [回测 4/5] 模拟第 1061/1377 笔交易: 锐新科技...
2026-05-05 20:44:13.461 | INFO     | Backtest   | [回测 4/5] 模拟第 1071/1377 笔交易: 中钢国际...
2026-05-05 20:44:13.694 | INFO     | Backtest   | [回测 4/5] 模拟第 1081/1377 笔交易: 创元科技...
2026-05-05 20:44:13.921 | INFO     | Backtest   | [回测 4/5] 模拟第 1091/1377 笔交易: 海正生材...
2026-05-05 20:44:14.164 | INFO     | Backtest   | [回测 4/5] 模拟第 1101/1377 笔交易: 北矿科技...
2026-05-05 20:44:14.413 | INFO     | Backtest   | [回测 4/5] 模拟第 1111/1377 笔交易: 拓斯达...
2026-05-05 20:44:14.685 | INFO     | Backtest   | [回测 4/5] 模拟第 1121/1377 笔交易: 元琛科技...
2026-05-05 20:44:14.914 | INFO     | Backtest   | [回测 4/5] 模拟第 1131/1377 笔交易: 可靠股份...
2026-05-05 20:44:15.149 | INFO     | Backtest   | [回测 4/5] 模拟第 1141/1377 笔交易: 莱绅通灵...
2026-05-05 20:44:15.414 | INFO     | Backtest   | [回测 4/5] 模拟第 1151/1377 笔交易: 省广集团...
2026-05-05 20:44:15.694 | INFO     | Backtest   | [回测 4/5] 模拟第 1161/1377 笔交易: 凯撒文化...
2026-05-05 20:44:15.950 | INFO     | Backtest   | [回测 4/5] 模拟第 1171/1377 笔交易: 越剑智能...
2026-05-05 20:44:16.162 | INFO     | Backtest   | [回测 4/5] 模拟第 1181/1377 笔交易: 明牌珠宝...
2026-05-05 20:44:16.342 | INFO     | Backtest   | [回测 4/5] 模拟第 1191/1377 笔交易: 金鹰股份...
2026-05-05 20:44:16.585 | INFO     | Backtest   | [回测 4/5] 模拟第 1201/1377 笔交易: 祥和实业...
2026-05-05 20:44:16.826 | INFO     | Backtest   | [回测 4/5] 模拟第 1211/1377 笔交易: 中亚股份...
2026-05-05 20:44:17.072 | INFO     | Backtest   | [回测 4/5] 模拟第 1221/1377 笔交易: 英联股份...
2026-05-05 20:44:17.273 | INFO     | Backtest   | [回测 4/5] 模拟第 1231/1377 笔交易: 奥克股份...
2026-05-05 20:44:17.563 | INFO     | Backtest   | [回测 4/5] 模拟第 1241/1377 笔交易: 京运通...
2026-05-05 20:44:17.800 | INFO     | Backtest   | [回测 4/5] 模拟第 1251/1377 笔交易: 易明医药...
2026-05-05 20:44:18.004 | INFO     | Backtest   | [回测 4/5] 模拟第 1261/1377 笔交易: 东亚药业...
2026-05-05 20:44:18.201 | INFO     | Backtest   | [回测 4/5] 模拟第 1271/1377 笔交易: 铁流股份...
2026-05-05 20:44:18.329 | INFO     | Backtest   | [回测 4/5] 模拟第 1281/1377 笔交易: 严牌股份...
2026-05-05 20:44:18.516 | INFO     | Backtest   | [回测 4/5] 模拟第 1291/1377 笔交易: 博汇纸业...
2026-05-05 20:44:18.716 | INFO     | Backtest   | [回测 4/5] 模拟第 1301/1377 笔交易: 联发股份...
2026-05-05 20:44:18.877 | INFO     | Backtest   | [回测 4/5] 模拟第 1311/1377 笔交易: 汇洁股份...
2026-05-05 20:44:19.119 | INFO     | Backtest   | [回测 4/5] 模拟第 1321/1377 笔交易: 宝钢包装...
2026-05-05 20:44:19.239 | INFO     | Backtest   | [回测 4/5] 模拟第 1331/1377 笔交易: 中胤时尚...
2026-05-05 20:44:19.401 | INFO     | Backtest   | [回测 4/5] 模拟第 1341/1377 笔交易: 新疆众和...
2026-05-05 20:44:19.568 | INFO     | Backtest   | [回测 4/5] 模拟第 1351/1377 笔交易: 康希通信...
2026-05-05 20:44:19.733 | INFO     | Backtest   | [回测 4/5] 模拟第 1361/1377 笔交易: 利亚德...
2026-05-05 20:44:19.930 | INFO     | Backtest   | [回测 4/5] 模拟第 1371/1377 笔交易: 华星创业...
2026-05-05 20:44:24.608 | INFO     | Backtest   | [回测 5/5] 回测任务完成: 597笔(含0笔平手离场)
2026-05-05 23:01:18.546 | INFO     | DuckDB     | DuckDB | 所有核心表结构初始化完成 (含热点板块)
2026-05-05 23:01:18.546 | INFO     | DuckDB     | DuckDB 核心就绪: E:\1target\p9_project\quant-platform\data\meta\meta.db
2026-05-05 23:01:18.552 | INFO     | Backtest   | [回测 1/5] 筛选回测目标股票...
2026-05-05 23:01:18.561 | INFO     | Backtest   | [回测 2/5] 加载 4972 只股票的历史数据进行快速扫描...
2026-05-05 23:01:33.029 | INFO     | Backtest   | [回测 3/5] 计算策略信号 (基于日线信号库)...
2026-05-05 23:01:33.039 | INFO     | Screener   | 🧬 [Loader] 识别到类继承策略: MA5AngleOriginalStrategy
2026-05-05 23:01:37.615 | INFO     | Backtest   | [回测 4/5] 处理 4845 条信号，执行精细分钟线仿真...
2026-05-05 23:01:37.619 | INFO     | Backtest   | [回测 4/5] 模拟第 1/4845 笔交易: 升达林业...
2026-05-05 23:01:37.933 | INFO     | Backtest   | [回测 4/5] 模拟第 11/4845 笔交易: 万丰股份...
2026-05-05 23:01:38.270 | INFO     | Backtest   | [回测 4/5] 模拟第 21/4845 笔交易: 恒誉环保...
2026-05-05 23:01:38.628 | INFO     | Backtest   | [回测 4/5] 模拟第 31/4845 笔交易: 锦鸡股份...
2026-05-05 23:01:38.996 | INFO     | Backtest   | [回测 4/5] 模拟第 41/4845 笔交易: 君正集团...
2026-05-05 23:01:39.341 | INFO     | Backtest   | [回测 4/5] 模拟第 51/4845 笔交易: 海洋王...
2026-05-05 23:01:39.648 | INFO     | Backtest   | [回测 4/5] 模拟第 61/4845 笔交易: 三雄极光...
2026-05-05 23:01:39.980 | INFO     | Backtest   | [回测 4/5] 模拟第 71/4845 笔交易: 世名科技...
2026-05-05 23:01:40.301 | INFO     | Backtest   | [回测 4/5] 模拟第 81/4845 笔交易: 朝阳科技...
2026-05-05 23:01:40.641 | INFO     | Backtest   | [回测 4/5] 模拟第 91/4845 笔交易: 生意宝...
2026-05-05 23:01:40.972 | INFO     | Backtest   | [回测 4/5] 模拟第 101/4845 笔交易: 联建光电...
2026-05-05 23:01:41.356 | INFO     | Backtest   | [回测 4/5] 模拟第 111/4845 笔交易: 众源新材...
2026-05-05 23:01:41.743 | INFO     | Backtest   | [回测 4/5] 模拟第 121/4845 笔交易: 遥望科技...
2026-05-05 23:01:42.097 | INFO     | Backtest   | [回测 4/5] 模拟第 131/4845 笔交易: 歌尔股份...
2026-05-05 23:01:42.444 | INFO     | Backtest   | [回测 4/5] 模拟第 141/4845 笔交易: 激智科技...
2026-05-05 23:01:42.788 | INFO     | Backtest   | [回测 4/5] 模拟第 151/4845 笔交易: 方正科技...
2026-05-05 23:01:43.160 | INFO     | Backtest   | [回测 4/5] 模拟第 161/4845 笔交易: 烽火通信...
2026-05-05 23:01:43.505 | INFO     | Backtest   | [回测 4/5] 模拟第 171/4845 笔交易: 凯恩股份...
2026-05-05 23:01:43.859 | INFO     | Backtest   | [回测 4/5] 模拟第 181/4845 笔交易: 龙韵股份...
2026-05-05 23:01:44.205 | INFO     | Backtest   | [回测 4/5] 模拟第 191/4845 笔交易: 国安股份...
2026-05-05 23:01:44.564 | INFO     | Backtest   | [回测 4/5] 模拟第 201/4845 笔交易: 柏诚股份...
2026-05-05 23:01:44.961 | INFO     | Backtest   | [回测 4/5] 模拟第 211/4845 笔交易: 物产金轮...
2026-05-05 23:01:45.328 | INFO     | Backtest   | [回测 4/5] 模拟第 221/4845 笔交易: 星源材质...
2026-05-05 23:01:45.690 | INFO     | Backtest   | [回测 4/5] 模拟第 231/4845 笔交易: 深纺织Ａ...
2026-05-05 23:01:46.053 | INFO     | Backtest   | [回测 4/5] 模拟第 241/4845 笔交易: 神思电子...
2026-05-05 23:01:46.416 | INFO     | Backtest   | [回测 4/5] 模拟第 251/4845 笔交易: 道明光学...
2026-05-05 23:01:46.793 | INFO     | Backtest   | [回测 4/5] 模拟第 261/4845 笔交易: 清源股份...
2026-05-05 23:01:47.137 | INFO     | Backtest   | [回测 4/5] 模拟第 271/4845 笔交易: 南矿集团...
2026-05-05 23:01:47.514 | INFO     | Backtest   | [回测 4/5] 模拟第 281/4845 笔交易: 蒙草生态...
2026-05-05 23:01:47.881 | INFO     | Backtest   | [回测 4/5] 模拟第 291/4845 笔交易: 金石亚药...
2026-05-05 23:01:48.233 | INFO     | Backtest   | [回测 4/5] 模拟第 301/4845 笔交易: 贵绳股份...
2026-05-05 23:01:48.593 | INFO     | Backtest   | [回测 4/5] 模拟第 311/4845 笔交易: 有研硅...
2026-05-05 23:01:48.957 | INFO     | Backtest   | [回测 4/5] 模拟第 321/4845 笔交易: 四川双马...
2026-05-05 23:01:49.335 | INFO     | Backtest   | [回测 4/5] 模拟第 331/4845 笔交易: 名臣健康...
2026-05-05 23:01:49.688 | INFO     | Backtest   | [回测 4/5] 模拟第 341/4845 笔交易: 红塔证券...
2026-05-05 23:01:50.038 | INFO     | Backtest   | [回测 4/5] 模拟第 351/4845 笔交易: 爱朋医疗...
2026-05-05 23:01:50.389 | INFO     | Backtest   | [回测 4/5] 模拟第 361/4845 笔交易: 起帆电缆...
2026-05-05 23:01:50.764 | INFO     | Backtest   | [回测 4/5] 模拟第 371/4845 笔交易: 兴业股份...
2026-05-05 23:01:51.125 | INFO     | Backtest   | [回测 4/5] 模拟第 381/4845 笔交易: 赛维时代...
2026-05-05 23:01:51.474 | INFO     | Backtest   | [回测 4/5] 模拟第 391/4845 笔交易: 三态股份...
2026-05-05 23:01:51.812 | INFO     | Backtest   | [回测 4/5] 模拟第 401/4845 笔交易: 兴欣新材...
2026-05-05 23:01:52.159 | INFO     | Backtest   | [回测 4/5] 模拟第 411/4845 笔交易: 云南能投...
2026-05-05 23:01:52.536 | INFO     | Backtest   | [回测 4/5] 模拟第 421/4845 笔交易: 艾比森...
2026-05-05 23:01:52.861 | INFO     | Backtest   | [回测 4/5] 模拟第 431/4845 笔交易: 国旅联合...
2026-05-05 23:01:53.183 | INFO     | Backtest   | [回测 4/5] 模拟第 441/4845 笔交易: 森远股份...
2026-05-05 23:01:53.467 | INFO     | Backtest   | [回测 4/5] 模拟第 451/4845 笔交易: 正虹科技...
2026-05-05 23:01:53.787 | INFO     | Backtest   | [回测 4/5] 模拟第 461/4845 笔交易: 荣盛发展...
2026-05-05 23:01:54.123 | INFO     | Backtest   | [回测 4/5] 模拟第 471/4845 笔交易: 宝立食品...
2026-05-05 23:01:54.488 | INFO     | Backtest   | [回测 4/5] 模拟第 481/4845 笔交易: 青岛食品...
2026-05-05 23:01:54.848 | INFO     | Backtest   | [回测 4/5] 模拟第 491/4845 笔交易: 安阳钢铁...
2026-05-05 23:01:55.218 | INFO     | Backtest   | [回测 4/5] 模拟第 501/4845 笔交易: 一心堂...
2026-05-05 23:01:55.537 | INFO     | Backtest   | [回测 4/5] 模拟第 511/4845 笔交易: 高乐股份...
2026-05-05 23:01:55.839 | INFO     | Backtest   | [回测 4/5] 模拟第 521/4845 笔交易: 海伦钢琴...
2026-05-05 23:01:56.137 | INFO     | Backtest   | [回测 4/5] 模拟第 531/4845 笔交易: 李子园...
2026-05-05 23:01:56.485 | INFO     | Backtest   | [回测 4/5] 模拟第 541/4845 笔交易: 崧盛股份...
2026-05-05 23:01:56.850 | INFO     | Backtest   | [回测 4/5] 模拟第 551/4845 笔交易: 恒尚节能...
2026-05-05 23:01:57.149 | INFO     | Backtest   | [回测 4/5] 模拟第 561/4845 笔交易: 明阳电路...
2026-05-05 23:01:57.470 | INFO     | Backtest   | [回测 4/5] 模拟第 571/4845 笔交易: 电工合金...
2026-05-05 23:01:57.810 | INFO     | Backtest   | [回测 4/5] 模拟第 581/4845 笔交易: 瀛通通讯...
2026-05-05 23:01:58.113 | INFO     | Backtest   | [回测 4/5] 模拟第 591/4845 笔交易: 华夏航空...
2026-05-05 23:01:58.450 | INFO     | Backtest   | [回测 4/5] 模拟第 601/4845 笔交易: 中兰环保...
2026-05-05 23:01:58.745 | INFO     | Backtest   | [回测 4/5] 模拟第 611/4845 笔交易: 浙江东日...
2026-05-05 23:01:59.097 | INFO     | Backtest   | [回测 4/5] 模拟第 621/4845 笔交易: 汉王科技...
2026-05-05 23:01:59.470 | INFO     | Backtest   | [回测 4/5] 模拟第 631/4845 笔交易: 创维数字...
2026-05-05 23:01:59.852 | INFO     | Backtest   | [回测 4/5] 模拟第 641/4845 笔交易: 晨曦航空...
2026-05-05 23:02:00.141 | INFO     | Backtest   | [回测 4/5] 模拟第 651/4845 笔交易: 山子高科...
2026-05-05 23:02:00.490 | INFO     | Backtest   | [回测 4/5] 模拟第 661/4845 笔交易: 尤安设计...
2026-05-05 23:02:00.896 | INFO     | Backtest   | [回测 4/5] 模拟第 671/4845 笔交易: 赫美集团...
2026-05-05 23:02:01.256 | INFO     | Backtest   | [回测 4/5] 模拟第 681/4845 笔交易: 诚达药业...
2026-05-05 23:02:01.647 | INFO     | Backtest   | [回测 4/5] 模拟第 691/4845 笔交易: 森泰股份...
2026-05-05 23:02:02.040 | INFO     | Backtest   | [回测 4/5] 模拟第 701/4845 笔交易: 一彬科技...
2026-05-05 23:02:02.443 | INFO     | Backtest   | [回测 4/5] 模拟第 711/4845 笔交易: 溢多利...
2026-05-05 23:02:02.993 | INFO     | Backtest   | [回测 4/5] 模拟第 721/4845 笔交易: 博晖创新...
2026-05-05 23:02:03.473 | INFO     | Backtest   | [回测 4/5] 模拟第 731/4845 笔交易: 和顺科技...
2026-05-05 23:02:03.870 | INFO     | Backtest   | [回测 4/5] 模拟第 741/4845 笔交易: 宣亚国际...
2026-05-05 23:02:04.277 | INFO     | Backtest   | [回测 4/5] 模拟第 751/4845 笔交易: 浩物股份...
2026-05-05 23:02:04.753 | INFO     | Backtest   | [回测 4/5] 模拟第 761/4845 笔交易: 秦川物联...
2026-05-05 23:02:05.146 | INFO     | Backtest   | [回测 4/5] 模拟第 771/4845 笔交易: 银信科技...
2026-05-05 23:02:05.517 | INFO     | Backtest   | [回测 4/5] 模拟第 781/4845 笔交易: 欧科亿...
2026-05-05 23:02:05.924 | INFO     | Backtest   | [回测 4/5] 模拟第 791/4845 笔交易: 维业股份...
2026-05-05 23:02:06.307 | INFO     | Backtest   | [回测 4/5] 模拟第 801/4845 笔交易: 智动力...
2026-05-05 23:02:06.806 | INFO     | Backtest   | [回测 4/5] 模拟第 811/4845 笔交易: 读者传媒...
2026-05-05 23:02:07.243 | INFO     | Backtest   | [回测 4/5] 模拟第 821/4845 笔交易: 方盛制药...
2026-05-05 23:02:07.656 | INFO     | Backtest   | [回测 4/5] 模拟第 831/4845 笔交易: 三诺生物...
2026-05-05 23:02:07.938 | INFO     | Backtest   | [回测 4/5] 模拟第 841/4845 笔交易: 北化股份...
2026-05-05 23:02:08.239 | INFO     | Backtest   | [回测 4/5] 模拟第 851/4845 笔交易: 迅捷兴...
2026-05-05 23:02:08.587 | INFO     | Backtest   | [回测 4/5] 模拟第 861/4845 笔交易: 源飞宠物...
2026-05-05 23:02:08.875 | INFO     | Backtest   | [回测 4/5] 模拟第 871/4845 笔交易: 横店影视...
2026-05-05 23:02:09.193 | INFO     | Backtest   | [回测 4/5] 模拟第 881/4845 笔交易: 蓝科高新...
2026-05-05 23:02:09.489 | INFO     | Backtest   | [回测 4/5] 模拟第 891/4845 笔交易: 德新科技...
2026-05-05 23:02:09.776 | INFO     | Backtest   | [回测 4/5] 模拟第 901/4845 笔交易: 湘电股份...
2026-05-05 23:02:10.082 | INFO     | Backtest   | [回测 4/5] 模拟第 911/4845 笔交易: 阿石创...
2026-05-05 23:02:10.417 | INFO     | Backtest   | [回测 4/5] 模拟第 921/4845 笔交易: 创元科技...
2026-05-05 23:02:10.728 | INFO     | Backtest   | [回测 4/5] 模拟第 931/4845 笔交易: 西上海...
2026-05-05 23:02:11.001 | INFO     | Backtest   | [回测 4/5] 模拟第 941/4845 笔交易: 电子城...
2026-05-05 23:02:11.301 | INFO     | Backtest   | [回测 4/5] 模拟第 951/4845 笔交易: 安科生物...
2026-05-05 23:02:11.559 | INFO     | Backtest   | [回测 4/5] 模拟第 961/4845 笔交易: 北大医药...
2026-05-05 23:02:11.832 | INFO     | Backtest   | [回测 4/5] 模拟第 971/4845 笔交易: 美腾科技...
2026-05-05 23:02:12.095 | INFO     | Backtest   | [回测 4/5] 模拟第 981/4845 笔交易: 标准股份...
2026-05-05 23:02:12.382 | INFO     | Backtest   | [回测 4/5] 模拟第 991/4845 笔交易: 清水源...
2026-05-05 23:02:12.614 | INFO     | Backtest   | [回测 4/5] 模拟第 1001/4845 笔交易: 景兴纸业...
2026-05-05 23:02:12.904 | INFO     | Backtest   | [回测 4/5] 模拟第 1011/4845 笔交易: 中瑞股份...
2026-05-05 23:02:13.202 | INFO     | Backtest   | [回测 4/5] 模拟第 1021/4845 笔交易: 新化股份...
2026-05-05 23:02:13.495 | INFO     | Backtest   | [回测 4/5] 模拟第 1031/4845 笔交易: 合金投资...
2026-05-05 23:02:13.806 | INFO     | Backtest   | [回测 4/5] 模拟第 1041/4845 笔交易: 奥联电子...
2026-05-05 23:02:14.088 | INFO     | Backtest   | [回测 4/5] 模拟第 1051/4845 笔交易: 中银证券...
2026-05-05 23:02:14.402 | INFO     | Backtest   | [回测 4/5] 模拟第 1061/4845 笔交易: 国统股份...
2026-05-05 23:02:14.725 | INFO     | Backtest   | [回测 4/5] 模拟第 1071/4845 笔交易: 艾隆科技...
2026-05-05 23:02:15.068 | INFO     | Backtest   | [回测 4/5] 模拟第 1081/4845 笔交易: 光云科技...
2026-05-05 23:02:15.354 | INFO     | Backtest   | [回测 4/5] 模拟第 1091/4845 笔交易: 壹石通...
2026-05-05 23:02:15.658 | INFO     | Backtest   | [回测 4/5] 模拟第 1101/4845 笔交易: 热威股份...
2026-05-05 23:02:15.990 | INFO     | Backtest   | [回测 4/5] 模拟第 1111/4845 笔交易: 依米康...
2026-05-05 23:02:16.341 | INFO     | Backtest   | [回测 4/5] 模拟第 1121/4845 笔交易: 首创证券...
2026-05-05 23:02:16.678 | INFO     | Backtest   | [回测 4/5] 模拟第 1131/4845 笔交易: 出版传媒...
2026-05-05 23:02:17.024 | INFO     | Backtest   | [回测 4/5] 模拟第 1141/4845 笔交易: 英威腾...
2026-05-05 23:02:17.358 | INFO     | Backtest   | [回测 4/5] 模拟第 1151/4845 笔交易: 合康新能...
2026-05-05 23:02:17.684 | INFO     | Backtest   | [回测 4/5] 模拟第 1161/4845 笔交易: 万得凯...
2026-05-05 23:02:18.007 | INFO     | Backtest   | [回测 4/5] 模拟第 1171/4845 笔交易: 莱美药业...
2026-05-05 23:02:18.322 | INFO     | Backtest   | [回测 4/5] 模拟第 1181/4845 笔交易: 信雅达...
2026-05-05 23:02:18.613 | INFO     | Backtest   | [回测 4/5] 模拟第 1191/4845 笔交易: 中航重机...
2026-05-05 23:02:18.893 | INFO     | Backtest   | [回测 4/5] 模拟第 1201/4845 笔交易: 华东重机...
2026-05-05 23:02:19.121 | INFO     | Backtest   | [回测 4/5] 模拟第 1211/4845 笔交易: 沃格光电...
2026-05-05 23:02:19.412 | INFO     | Backtest   | [回测 4/5] 模拟第 1221/4845 笔交易: 南极光...
2026-05-05 23:02:19.687 | INFO     | Backtest   | [回测 4/5] 模拟第 1231/4845 笔交易: 福然德...
2026-05-05 23:02:19.976 | INFO     | Backtest   | [回测 4/5] 模拟第 1241/4845 笔交易: 晨化股份...
2026-05-05 23:02:20.282 | INFO     | Backtest   | [回测 4/5] 模拟第 1251/4845 笔交易: 悦达投资...
2026-05-05 23:02:20.551 | INFO     | Backtest   | [回测 4/5] 模拟第 1261/4845 笔交易: 仕净科技...
2026-05-05 23:02:20.819 | INFO     | Backtest   | [回测 4/5] 模拟第 1271/4845 笔交易: 中石科技...
2026-05-05 23:02:21.132 | INFO     | Backtest   | [回测 4/5] 模拟第 1281/4845 笔交易: 长江材料...
2026-05-05 23:02:21.419 | INFO     | Backtest   | [回测 4/5] 模拟第 1291/4845 笔交易: 可立克...
2026-05-05 23:02:21.750 | INFO     | Backtest   | [回测 4/5] 模拟第 1301/4845 笔交易: 数据港...
2026-05-05 23:02:22.057 | INFO     | Backtest   | [回测 4/5] 模拟第 1311/4845 笔交易: 京泉华...
2026-05-05 23:02:22.401 | INFO     | Backtest   | [回测 4/5] 模拟第 1321/4845 笔交易: 广电计量...
2026-05-05 23:02:22.718 | INFO     | Backtest   | [回测 4/5] 模拟第 1331/4845 笔交易: 浙数文化...
2026-05-05 23:02:23.036 | INFO     | Backtest   | [回测 4/5] 模拟第 1341/4845 笔交易: 金圆股份...
2026-05-05 23:02:23.334 | INFO     | Backtest   | [回测 4/5] 模拟第 1351/4845 笔交易: 电科网安...
2026-05-05 23:02:23.638 | INFO     | Backtest   | [回测 4/5] 模拟第 1361/4845 笔交易: 英力特...
2026-05-05 23:02:23.861 | INFO     | Backtest   | [回测 4/5] 模拟第 1371/4845 笔交易: 山西焦化...
2026-05-05 23:02:24.179 | INFO     | Backtest   | [回测 4/5] 模拟第 1381/4845 笔交易: 亚邦股份...
2026-05-05 23:02:24.431 | INFO     | Backtest   | [回测 4/5] 模拟第 1391/4845 笔交易: 亿帆医药...
2026-05-05 23:02:24.758 | INFO     | Backtest   | [回测 4/5] 模拟第 1401/4845 笔交易: 大参林...
2026-05-05 23:02:25.050 | INFO     | Backtest   | [回测 4/5] 模拟第 1411/4845 笔交易: 海鸥股份...
2026-05-05 23:02:25.302 | INFO     | Backtest   | [回测 4/5] 模拟第 1421/4845 笔交易: 正裕工业...
2026-05-05 23:02:25.591 | INFO     | Backtest   | [回测 4/5] 模拟第 1431/4845 笔交易: 方盛制药...
2026-05-05 23:02:25.889 | INFO     | Backtest   | [回测 4/5] 模拟第 1441/4845 笔交易: 开开实业...
2026-05-05 23:02:26.197 | INFO     | Backtest   | [回测 4/5] 模拟第 1451/4845 笔交易: 神奇制药...
2026-05-05 23:02:26.507 | INFO     | Backtest   | [回测 4/5] 模拟第 1461/4845 笔交易: 亚宝药业...
2026-05-05 23:02:26.816 | INFO     | Backtest   | [回测 4/5] 模拟第 1471/4845 笔交易: 金海高科...
2026-05-05 23:02:27.104 | INFO     | Backtest   | [回测 4/5] 模拟第 1481/4845 笔交易: 山河药辅...
2026-05-05 23:02:27.336 | INFO     | Backtest   | [回测 4/5] 模拟第 1491/4845 笔交易: 江海股份...
2026-05-05 23:02:27.618 | INFO     | Backtest   | [回测 4/5] 模拟第 1501/4845 笔交易: 华培动力...
2026-05-05 23:02:27.913 | INFO     | Backtest   | [回测 4/5] 模拟第 1511/4845 笔交易: 法本信息...
2026-05-05 23:02:28.176 | INFO     | Backtest   | [回测 4/5] 模拟第 1521/4845 笔交易: 美思德...
2026-05-05 23:02:28.456 | INFO     | Backtest   | [回测 4/5] 模拟第 1531/4845 笔交易: 裕兴股份...
2026-05-05 23:02:28.697 | INFO     | Backtest   | [回测 4/5] 模拟第 1541/4845 笔交易: 国机重装...
2026-05-05 23:02:28.925 | INFO     | Backtest   | [回测 4/5] 模拟第 1551/4845 笔交易: 闽发铝业...
2026-05-05 23:02:29.143 | INFO     | Backtest   | [回测 4/5] 模拟第 1561/4845 笔交易: 华钰矿业...
2026-05-05 23:02:29.396 | INFO     | Backtest   | [回测 4/5] 模拟第 1571/4845 笔交易: 神火股份...
2026-05-05 23:02:29.659 | INFO     | Backtest   | [回测 4/5] 模拟第 1581/4845 笔交易: 新兴铸管...
2026-05-05 23:02:29.932 | INFO     | Backtest   | [回测 4/5] 模拟第 1591/4845 笔交易: 龙建股份...
2026-05-05 23:02:30.198 | INFO     | Backtest   | [回测 4/5] 模拟第 1601/4845 笔交易: 大西洋...
2026-05-05 23:02:30.474 | INFO     | Backtest   | [回测 4/5] 模拟第 1611/4845 笔交易: 北新路桥...
2026-05-05 23:02:30.744 | INFO     | Backtest   | [回测 4/5] 模拟第 1621/4845 笔交易: 太阳纸业...
2026-05-05 23:02:31.103 | INFO     | Backtest   | [回测 4/5] 模拟第 1631/4845 笔交易: 唐人神...
2026-05-05 23:02:31.457 | INFO     | Backtest   | [回测 4/5] 模拟第 1641/4845 笔交易: 腾达建设...
2026-05-05 23:02:31.778 | INFO     | Backtest   | [回测 4/5] 模拟第 1651/4845 笔交易: 兰花科创...
2026-05-05 23:02:32.080 | INFO     | Backtest   | [回测 4/5] 模拟第 1661/4845 笔交易: 通业科技...
2026-05-05 23:02:32.332 | INFO     | Backtest   | [回测 4/5] 模拟第 1671/4845 笔交易: 科新发展...
2026-05-05 23:02:32.645 | INFO     | Backtest   | [回测 4/5] 模拟第 1681/4845 笔交易: 滨化股份...
2026-05-05 23:02:32.985 | INFO     | Backtest   | [回测 4/5] 模拟第 1691/4845 笔交易: 京基智农...
2026-05-05 23:02:33.298 | INFO     | Backtest   | [回测 4/5] 模拟第 1701/4845 笔交易: 欣龙控股...
2026-05-05 23:02:33.625 | INFO     | Backtest   | [回测 4/5] 模拟第 1711/4845 笔交易: 康美药业...
2026-05-05 23:02:33.998 | INFO     | Backtest   | [回测 4/5] 模拟第 1721/4845 笔交易: 嘉诚国际...
2026-05-05 23:02:34.301 | INFO     | Backtest   | [回测 4/5] 模拟第 1731/4845 笔交易: 东阳光...
2026-05-05 23:02:34.612 | INFO     | Backtest   | [回测 4/5] 模拟第 1741/4845 笔交易: 翰宇药业...
2026-05-05 23:02:34.850 | INFO     | Backtest   | [回测 4/5] 模拟第 1751/4845 笔交易: 三力制药...
2026-05-05 23:02:35.219 | INFO     | Backtest   | [回测 4/5] 模拟第 1761/4845 笔交易: 凯撒旅业...
2026-05-05 23:02:35.581 | INFO     | Backtest   | [回测 4/5] 模拟第 1771/4845 笔交易: 开创国际...
2026-05-05 23:02:35.981 | INFO     | Backtest   | [回测 4/5] 模拟第 1781/4845 笔交易: 宇新股份...
2026-05-05 23:02:36.417 | INFO     | Backtest   | [回测 4/5] 模拟第 1791/4845 笔交易: 柘中股份...
2026-05-05 23:02:36.788 | INFO     | Backtest   | [回测 4/5] 模拟第 1801/4845 笔交易: 纽威数控...
2026-05-05 23:02:37.136 | INFO     | Backtest   | [回测 4/5] 模拟第 1811/4845 笔交易: 江南水务...
2026-05-05 23:02:37.480 | INFO     | Backtest   | [回测 4/5] 模拟第 1821/4845 笔交易: 国新能源...
2026-05-05 23:02:37.892 | INFO     | Backtest   | [回测 4/5] 模拟第 1831/4845 笔交易: 豪能股份...
2026-05-05 23:02:38.220 | INFO     | Backtest   | [回测 4/5] 模拟第 1841/4845 笔交易: 永创智能...
2026-05-05 23:02:38.605 | INFO     | Backtest   | [回测 4/5] 模拟第 1851/4845 笔交易: 璞源材料...
2026-05-05 23:02:38.967 | INFO     | Backtest   | [回测 4/5] 模拟第 1861/4845 笔交易: 秦川机床...
2026-05-05 23:02:39.282 | INFO     | Backtest   | [回测 4/5] 模拟第 1871/4845 笔交易: 科华生物...
2026-05-05 23:02:39.618 | INFO     | Backtest   | [回测 4/5] 模拟第 1881/4845 笔交易: 保立佳...
2026-05-05 23:02:39.903 | INFO     | Backtest   | [回测 4/5] 模拟第 1891/4845 笔交易: 常熟银行...
2026-05-05 23:02:40.311 | INFO     | Backtest   | [回测 4/5] 模拟第 1901/4845 笔交易: 密封科技...
2026-05-05 23:02:40.677 | INFO     | Backtest   | [回测 4/5] 模拟第 1911/4845 笔交易: 盛洋科技...
2026-05-05 23:02:41.058 | INFO     | Backtest   | [回测 4/5] 模拟第 1921/4845 笔交易: 广日股份...
2026-05-05 23:02:41.349 | INFO     | Backtest   | [回测 4/5] 模拟第 1931/4845 笔交易: 玉禾田...
2026-05-05 23:02:41.718 | INFO     | Backtest   | [回测 4/5] 模拟第 1941/4845 笔交易: 百联股份...
2026-05-05 23:02:42.071 | INFO     | Backtest   | [回测 4/5] 模拟第 1951/4845 笔交易: 首都在线...
2026-05-05 23:02:42.339 | INFO     | Backtest   | [回测 4/5] 模拟第 1961/4845 笔交易: 世茂能源...
2026-05-05 23:02:42.625 | INFO     | Backtest   | [回测 4/5] 模拟第 1971/4845 笔交易: 岭南控股...
2026-05-05 23:02:42.928 | INFO     | Backtest   | [回测 4/5] 模拟第 1981/4845 笔交易: 宏发股份...
2026-05-05 23:02:43.250 | INFO     | Backtest   | [回测 4/5] 模拟第 1991/4845 笔交易: 鸿合科技...
2026-05-05 23:02:43.555 | INFO     | Backtest   | [回测 4/5] 模拟第 2001/4845 笔交易: 凌志软件...
2026-05-05 23:02:43.864 | INFO     | Backtest   | [回测 4/5] 模拟第 2011/4845 笔交易: 扬子新材...
2026-05-05 23:02:44.129 | INFO     | Backtest   | [回测 4/5] 模拟第 2021/4845 笔交易: 冠昊生物...
2026-05-05 23:02:44.350 | INFO     | Backtest   | [回测 4/5] 模拟第 2031/4845 笔交易: 天创时尚...
2026-05-05 23:02:44.689 | INFO     | Backtest   | [回测 4/5] 模拟第 2041/4845 笔交易: 圣龙股份...
2026-05-05 23:02:44.998 | INFO     | Backtest   | [回测 4/5] 模拟第 2051/4845 笔交易: 盛屯矿业...
2026-05-05 23:02:45.274 | INFO     | Backtest   | [回测 4/5] 模拟第 2061/4845 笔交易: 高能环境...
2026-05-05 23:02:45.578 | INFO     | Backtest   | [回测 4/5] 模拟第 2071/4845 笔交易: 正泰电源...
2026-05-05 23:02:45.895 | INFO     | Backtest   | [回测 4/5] 模拟第 2081/4845 笔交易: 光峰科技...
2026-05-05 23:02:46.170 | INFO     | Backtest   | [回测 4/5] 模拟第 2091/4845 笔交易: 江阴银行...
2026-05-05 23:02:46.479 | INFO     | Backtest   | [回测 4/5] 模拟第 2101/4845 笔交易: 英飞特...
2026-05-05 23:02:46.805 | INFO     | Backtest   | [回测 4/5] 模拟第 2111/4845 笔交易: 尤夫股份...
2026-05-05 23:02:47.143 | INFO     | Backtest   | [回测 4/5] 模拟第 2121/4845 笔交易: 张家港行...
2026-05-05 23:02:47.385 | INFO     | Backtest   | [回测 4/5] 模拟第 2131/4845 笔交易: 三维化学...
2026-05-05 23:02:47.668 | INFO     | Backtest   | [回测 4/5] 模拟第 2141/4845 笔交易: 东风股份...
2026-05-05 23:02:48.004 | INFO     | Backtest   | [回测 4/5] 模拟第 2151/4845 笔交易: 安迪苏...
2026-05-05 23:02:48.341 | INFO     | Backtest   | [回测 4/5] 模拟第 2161/4845 笔交易: 富奥股份...
2026-05-05 23:02:48.667 | INFO     | Backtest   | [回测 4/5] 模拟第 2171/4845 笔交易: 天域生物...
2026-05-05 23:02:48.971 | INFO     | Backtest   | [回测 4/5] 模拟第 2181/4845 笔交易: 邦基科技...
2026-05-05 23:02:49.228 | INFO     | Backtest   | [回测 4/5] 模拟第 2191/4845 笔交易: 利民股份...
2026-05-05 23:02:49.493 | INFO     | Backtest   | [回测 4/5] 模拟第 2201/4845 笔交易: 北方铜业...
2026-05-05 23:02:49.763 | INFO     | Backtest   | [回测 4/5] 模拟第 2211/4845 笔交易: 金融街...
2026-05-05 23:02:50.072 | INFO     | Backtest   | [回测 4/5] 模拟第 2221/4845 笔交易: 华电科工...
2026-05-05 23:02:50.297 | INFO     | Backtest   | [回测 4/5] 模拟第 2231/4845 笔交易: 泰胜风能...
2026-05-05 23:02:50.542 | INFO     | Backtest   | [回测 4/5] 模拟第 2241/4845 笔交易: 凯美特气...
2026-05-05 23:02:50.808 | INFO     | Backtest   | [回测 4/5] 模拟第 2251/4845 笔交易: 利亚德...
2026-05-05 23:02:51.046 | INFO     | Backtest   | [回测 4/5] 模拟第 2261/4845 笔交易: 佳讯飞鸿...
2026-05-05 23:02:51.276 | INFO     | Backtest   | [回测 4/5] 模拟第 2271/4845 笔交易: 粤桂股份...
2026-05-05 23:02:51.540 | INFO     | Backtest   | [回测 4/5] 模拟第 2281/4845 笔交易: 海鸥股份...
2026-05-05 23:02:51.865 | INFO     | Backtest   | [回测 4/5] 模拟第 2291/4845 笔交易: 巨力索具...
2026-05-05 23:02:52.051 | INFO     | Backtest   | [回测 4/5] 模拟第 2301/4845 笔交易: 新开源...
2026-05-05 23:02:52.288 | INFO     | Backtest   | [回测 4/5] 模拟第 2311/4845 笔交易: 泰瑞机器...
2026-05-05 23:02:52.568 | INFO     | Backtest   | [回测 4/5] 模拟第 2321/4845 笔交易: 塔牌集团...
2026-05-05 23:02:52.879 | INFO     | Backtest   | [回测 4/5] 模拟第 2331/4845 笔交易: 广汇物流...
2026-05-05 23:02:53.181 | INFO     | Backtest   | [回测 4/5] 模拟第 2341/4845 笔交易: 利柏特...
2026-05-05 23:02:53.372 | INFO     | Backtest   | [回测 4/5] 模拟第 2351/4845 笔交易: 物产环能...
2026-05-05 23:02:53.586 | INFO     | Backtest   | [回测 4/5] 模拟第 2361/4845 笔交易: 方正科技...
2026-05-05 23:02:53.851 | INFO     | Backtest   | [回测 4/5] 模拟第 2371/4845 笔交易: 莱宝高科...
2026-05-05 23:02:54.130 | INFO     | Backtest   | [回测 4/5] 模拟第 2381/4845 笔交易: 智云股份...
2026-05-05 23:02:54.412 | INFO     | Backtest   | [回测 4/5] 模拟第 2391/4845 笔交易: 宁波精达...
2026-05-05 23:02:54.707 | INFO     | Backtest   | [回测 4/5] 模拟第 2401/4845 笔交易: 安科瑞...
2026-05-05 23:02:55.019 | INFO     | Backtest   | [回测 4/5] 模拟第 2411/4845 笔交易: 晋控电力...
2026-05-05 23:02:55.335 | INFO     | Backtest   | [回测 4/5] 模拟第 2421/4845 笔交易: 南京证券...
2026-05-05 23:02:55.607 | INFO     | Backtest   | [回测 4/5] 模拟第 2431/4845 笔交易: 中国国航...
2026-05-05 23:02:55.931 | INFO     | Backtest   | [回测 4/5] 模拟第 2441/4845 笔交易: 梅花生物...
2026-05-05 23:02:56.253 | INFO     | Backtest   | [回测 4/5] 模拟第 2451/4845 笔交易: 海航控股...
2026-05-05 23:02:56.590 | INFO     | Backtest   | [回测 4/5] 模拟第 2461/4845 笔交易: 北京利尔...
2026-05-05 23:02:56.916 | INFO     | Backtest   | [回测 4/5] 模拟第 2471/4845 笔交易: 日海智能...
2026-05-05 23:02:57.191 | INFO     | Backtest   | [回测 4/5] 模拟第 2481/4845 笔交易: 美亚光电...
2026-05-05 23:02:57.521 | INFO     | Backtest   | [回测 4/5] 模拟第 2491/4845 笔交易: 海信视像...
2026-05-05 23:02:57.744 | INFO     | Backtest   | [回测 4/5] 模拟第 2501/4845 笔交易: 中山公用...
2026-05-05 23:02:58.051 | INFO     | Backtest   | [回测 4/5] 模拟第 2511/4845 笔交易: 粤电力Ａ...
2026-05-05 23:02:58.351 | INFO     | Backtest   | [回测 4/5] 模拟第 2521/4845 笔交易: 宁波色母...
2026-05-05 23:02:58.628 | INFO     | Backtest   | [回测 4/5] 模拟第 2531/4845 笔交易: 力星股份...
2026-05-05 23:02:58.907 | INFO     | Backtest   | [回测 4/5] 模拟第 2541/4845 笔交易: 金房能源...
2026-05-05 23:02:59.242 | INFO     | Backtest   | [回测 4/5] 模拟第 2551/4845 笔交易: 金现代...
2026-05-05 23:02:59.485 | INFO     | Backtest   | [回测 4/5] 模拟第 2561/4845 笔交易: 濮阳惠成...
2026-05-05 23:02:59.751 | INFO     | Backtest   | [回测 4/5] 模拟第 2571/4845 笔交易: 京能热力...
2026-05-05 23:03:00.060 | INFO     | Backtest   | [回测 4/5] 模拟第 2581/4845 笔交易: 铜陵有色...
2026-05-05 23:03:00.330 | INFO     | Backtest   | [回测 4/5] 模拟第 2591/4845 笔交易: 盛天网络...
2026-05-05 23:03:00.549 | INFO     | Backtest   | [回测 4/5] 模拟第 2601/4845 笔交易: 中国中冶...
2026-05-05 23:03:00.773 | INFO     | Backtest   | [回测 4/5] 模拟第 2611/4845 笔交易: 德力股份...
2026-05-05 23:03:01.036 | INFO     | Backtest   | [回测 4/5] 模拟第 2621/4845 笔交易: 信达证券...
2026-05-05 23:03:01.352 | INFO     | Backtest   | [回测 4/5] 模拟第 2631/4845 笔交易: 仁智股份...
2026-05-05 23:03:01.642 | INFO     | Backtest   | [回测 4/5] 模拟第 2641/4845 笔交易: 中电港...
2026-05-05 23:03:01.897 | INFO     | Backtest   | [回测 4/5] 模拟第 2651/4845 笔交易: 科翔股份...
2026-05-05 23:03:02.184 | INFO     | Backtest   | [回测 4/5] 模拟第 2661/4845 笔交易: 上海建工...
2026-05-05 23:03:02.417 | INFO     | Backtest   | [回测 4/5] 模拟第 2671/4845 笔交易: 望变电气...
2026-05-05 23:03:02.648 | INFO     | Backtest   | [回测 4/5] 模拟第 2681/4845 笔交易: 东箭科技...
2026-05-05 23:03:02.940 | INFO     | Backtest   | [回测 4/5] 模拟第 2691/4845 笔交易: 神通科技...
2026-05-05 23:03:03.209 | INFO     | Backtest   | [回测 4/5] 模拟第 2701/4845 笔交易: 振华重工...
2026-05-05 23:03:03.488 | INFO     | Backtest   | [回测 4/5] 模拟第 2711/4845 笔交易: 出版传媒...
2026-05-05 23:03:03.774 | INFO     | Backtest   | [回测 4/5] 模拟第 2721/4845 笔交易: 泰山石油...
2026-05-05 23:03:04.069 | INFO     | Backtest   | [回测 4/5] 模拟第 2731/4845 笔交易: 宁波富邦...
2026-05-05 23:03:04.345 | INFO     | Backtest   | [回测 4/5] 模拟第 2741/4845 笔交易: 双环科技...
2026-05-05 23:03:04.627 | INFO     | Backtest   | [回测 4/5] 模拟第 2751/4845 笔交易: 中科软...
2026-05-05 23:03:04.931 | INFO     | Backtest   | [回测 4/5] 模拟第 2761/4845 笔交易: 浙江力诺...
2026-05-05 23:03:05.255 | INFO     | Backtest   | [回测 4/5] 模拟第 2771/4845 笔交易: 索宝蛋白...
2026-05-05 23:03:05.610 | INFO     | Backtest   | [回测 4/5] 模拟第 2781/4845 笔交易: 沈阳机床...
2026-05-05 23:03:05.843 | INFO     | Backtest   | [回测 4/5] 模拟第 2791/4845 笔交易: 京能电力...
2026-05-05 23:03:06.152 | INFO     | Backtest   | [回测 4/5] 模拟第 2801/4845 笔交易: 创业环保...
2026-05-05 23:03:06.401 | INFO     | Backtest   | [回测 4/5] 模拟第 2811/4845 笔交易: 华能国际...
2026-05-05 23:03:06.677 | INFO     | Backtest   | [回测 4/5] 模拟第 2821/4845 笔交易: 中洲特材...
2026-05-05 23:03:07.016 | INFO     | Backtest   | [回测 4/5] 模拟第 2831/4845 笔交易: 涪陵电力...
2026-05-05 23:03:07.288 | INFO     | Backtest   | [回测 4/5] 模拟第 2841/4845 笔交易: 航天智装...
2026-05-05 23:03:07.454 | INFO     | Backtest   | [回测 4/5] 模拟第 2851/4845 笔交易: 中创物流...
2026-05-05 23:03:07.718 | INFO     | Backtest   | [回测 4/5] 模拟第 2861/4845 笔交易: 贵航股份...
2026-05-05 23:03:07.942 | INFO     | Backtest   | [回测 4/5] 模拟第 2871/4845 笔交易: 万凯新材...
2026-05-05 23:03:08.180 | INFO     | Backtest   | [回测 4/5] 模拟第 2881/4845 笔交易: 合金投资...
2026-05-05 23:03:08.409 | INFO     | Backtest   | [回测 4/5] 模拟第 2891/4845 笔交易: 清水源...
2026-05-05 23:03:08.633 | INFO     | Backtest   | [回测 4/5] 模拟第 2901/4845 笔交易: 新集能源...
2026-05-05 23:03:08.878 | INFO     | Backtest   | [回测 4/5] 模拟第 2911/4845 笔交易: 誉衡药业...
2026-05-05 23:03:09.109 | INFO     | Backtest   | [回测 4/5] 模拟第 2921/4845 笔交易: 申昊科技...
2026-05-05 23:03:09.385 | INFO     | Backtest   | [回测 4/5] 模拟第 2931/4845 笔交易: 梅安森...
2026-05-05 23:03:09.655 | INFO     | Backtest   | [回测 4/5] 模拟第 2941/4845 笔交易: 泸天化...
2026-05-05 23:03:10.040 | INFO     | Backtest   | [回测 4/5] 模拟第 2951/4845 笔交易: 海利生物...
2026-05-05 23:03:10.261 | INFO     | Backtest   | [回测 4/5] 模拟第 2961/4845 笔交易: 海欣食品...
2026-05-05 23:03:10.576 | INFO     | Backtest   | [回测 4/5] 模拟第 2971/4845 笔交易: 银星能源...
2026-05-05 23:03:10.863 | INFO     | Backtest   | [回测 4/5] 模拟第 2981/4845 笔交易: 海伦哲...
2026-05-05 23:03:11.109 | INFO     | Backtest   | [回测 4/5] 模拟第 2991/4845 笔交易: 风华高科...
2026-05-05 23:03:11.374 | INFO     | Backtest   | [回测 4/5] 模拟第 3001/4845 笔交易: 亚威股份...
2026-05-05 23:03:11.586 | INFO     | Backtest   | [回测 4/5] 模拟第 3011/4845 笔交易: 长江证券...
2026-05-05 23:03:11.851 | INFO     | Backtest   | [回测 4/5] 模拟第 3021/4845 笔交易: 中国电建...
2026-05-05 23:03:12.089 | INFO     | Backtest   | [回测 4/5] 模拟第 3031/4845 笔交易: 美畅股份...
2026-05-05 23:03:12.338 | INFO     | Backtest   | [回测 4/5] 模拟第 3041/4845 笔交易: 会稽山...
2026-05-05 23:03:12.651 | INFO     | Backtest   | [回测 4/5] 模拟第 3051/4845 笔交易: 海信视像...
2026-05-05 23:03:12.989 | INFO     | Backtest   | [回测 4/5] 模拟第 3061/4845 笔交易: 诺唯赞...
2026-05-05 23:03:13.420 | INFO     | Backtest   | [回测 4/5] 模拟第 3071/4845 笔交易: 冠城新材...
2026-05-05 23:03:13.621 | INFO     | Backtest   | [回测 4/5] 模拟第 3081/4845 笔交易: 奥佳华...
2026-05-05 23:03:13.859 | INFO     | Backtest   | [回测 4/5] 模拟第 3091/4845 笔交易: 美联新材...
2026-05-05 23:03:14.173 | INFO     | Backtest   | [回测 4/5] 模拟第 3101/4845 笔交易: 硅宝科技...
2026-05-05 23:03:14.372 | INFO     | Backtest   | [回测 4/5] 模拟第 3111/4845 笔交易: 江航装备...
2026-05-05 23:03:14.570 | INFO     | Backtest   | [回测 4/5] 模拟第 3121/4845 笔交易: 茂业商业...
2026-05-05 23:03:14.773 | INFO     | Backtest   | [回测 4/5] 模拟第 3131/4845 笔交易: 飞乐音响...
2026-05-05 23:03:15.062 | INFO     | Backtest   | [回测 4/5] 模拟第 3141/4845 笔交易: 银邦股份...
2026-05-05 23:03:15.334 | INFO     | Backtest   | [回测 4/5] 模拟第 3151/4845 笔交易: 森马服饰...
2026-05-05 23:03:15.569 | INFO     | Backtest   | [回测 4/5] 模拟第 3161/4845 笔交易: 汇通集团...
2026-05-05 23:03:15.832 | INFO     | Backtest   | [回测 4/5] 模拟第 3171/4845 笔交易: 花园生物...
2026-05-05 23:03:16.123 | INFO     | Backtest   | [回测 4/5] 模拟第 3181/4845 笔交易: 滨海能源...
2026-05-05 23:03:16.319 | INFO     | Backtest   | [回测 4/5] 模拟第 3191/4845 笔交易: 东港股份...
2026-05-05 23:03:16.582 | INFO     | Backtest   | [回测 4/5] 模拟第 3201/4845 笔交易: 厦门国贸...
2026-05-05 23:03:16.795 | INFO     | Backtest   | [回测 4/5] 模拟第 3211/4845 笔交易: 海南海药...
2026-05-05 23:03:16.983 | INFO     | Backtest   | [回测 4/5] 模拟第 3221/4845 笔交易: 锦富技术...
2026-05-05 23:03:17.244 | INFO     | Backtest   | [回测 4/5] 模拟第 3231/4845 笔交易: 密封科技...
2026-05-05 23:03:17.420 | INFO     | Backtest   | [回测 4/5] 模拟第 3241/4845 笔交易: 瑞泰科技...
2026-05-05 23:03:17.603 | INFO     | Backtest   | [回测 4/5] 模拟第 3251/4845 笔交易: 鄂尔多斯...
2026-05-05 23:03:17.850 | INFO     | Backtest   | [回测 4/5] 模拟第 3261/4845 笔交易: 石化机械...
2026-05-05 23:03:18.077 | INFO     | Backtest   | [回测 4/5] 模拟第 3271/4845 笔交易: 浩通科技...
2026-05-05 23:03:18.310 | INFO     | Backtest   | [回测 4/5] 模拟第 3281/4845 笔交易: 飞鹿股份...
2026-05-05 23:03:18.590 | INFO     | Backtest   | [回测 4/5] 模拟第 3291/4845 笔交易: 高测股份...
2026-05-05 23:03:18.856 | INFO     | Backtest   | [回测 4/5] 模拟第 3301/4845 笔交易: 友好集团...
2026-05-05 23:03:19.088 | INFO     | Backtest   | [回测 4/5] 模拟第 3311/4845 笔交易: 金陵饭店...
2026-05-05 23:03:19.382 | INFO     | Backtest   | [回测 4/5] 模拟第 3321/4845 笔交易: 宏鑫科技...
2026-05-05 23:03:19.660 | INFO     | Backtest   | [回测 4/5] 模拟第 3331/4845 笔交易: 国药一致...
2026-05-05 23:03:19.919 | INFO     | Backtest   | [回测 4/5] 模拟第 3341/4845 笔交易: 凤凰航运...
2026-05-05 23:03:20.184 | INFO     | Backtest   | [回测 4/5] 模拟第 3351/4845 笔交易: 东珠生态...
2026-05-05 23:03:20.402 | INFO     | Backtest   | [回测 4/5] 模拟第 3361/4845 笔交易: 科捷智能...
2026-05-05 23:03:20.669 | INFO     | Backtest   | [回测 4/5] 模拟第 3371/4845 笔交易: 三安光电...
2026-05-05 23:03:20.915 | INFO     | Backtest   | [回测 4/5] 模拟第 3381/4845 笔交易: 中光防雷...
2026-05-05 23:03:21.131 | INFO     | Backtest   | [回测 4/5] 模拟第 3391/4845 笔交易: 信科移动-U...
2026-05-05 23:03:21.323 | INFO     | Backtest   | [回测 4/5] 模拟第 3401/4845 笔交易: 乐凯胶片...
2026-05-05 23:03:21.533 | INFO     | Backtest   | [回测 4/5] 模拟第 3411/4845 笔交易: 松原安全...
2026-05-05 23:03:21.713 | INFO     | Backtest   | [回测 4/5] 模拟第 3421/4845 笔交易: 平潭发展...
2026-05-05 23:03:21.941 | INFO     | Backtest   | [回测 4/5] 模拟第 3431/4845 笔交易: 顺灏股份...
2026-05-05 23:03:22.160 | INFO     | Backtest   | [回测 4/5] 模拟第 3441/4845 笔交易: 英特集团...
2026-05-05 23:03:22.405 | INFO     | Backtest   | [回测 4/5] 模拟第 3451/4845 笔交易: 喜悦智行...
2026-05-05 23:03:22.628 | INFO     | Backtest   | [回测 4/5] 模拟第 3461/4845 笔交易: 奥康国际...
2026-05-05 23:03:22.886 | INFO     | Backtest   | [回测 4/5] 模拟第 3471/4845 笔交易: 乐普医疗...
2026-05-05 23:03:23.075 | INFO     | Backtest   | [回测 4/5] 模拟第 3481/4845 笔交易: 悦康药业...
2026-05-05 23:03:23.285 | INFO     | Backtest   | [回测 4/5] 模拟第 3491/4845 笔交易: 光华股份...
2026-05-05 23:03:23.500 | INFO     | Backtest   | [回测 4/5] 模拟第 3501/4845 笔交易: 鼎汉技术...
2026-05-05 23:03:23.748 | INFO     | Backtest   | [回测 4/5] 模拟第 3511/4845 笔交易: 星球石墨...
2026-05-05 23:03:23.977 | INFO     | Backtest   | [回测 4/5] 模拟第 3521/4845 笔交易: 春立医疗...
2026-05-05 23:03:24.222 | INFO     | Backtest   | [回测 4/5] 模拟第 3531/4845 笔交易: 华海药业...
2026-05-05 23:03:24.462 | INFO     | Backtest   | [回测 4/5] 模拟第 3541/4845 笔交易: 千红制药...
2026-05-05 23:03:24.745 | INFO     | Backtest   | [回测 4/5] 模拟第 3551/4845 笔交易: 四川双马...
2026-05-05 23:03:25.014 | INFO     | Backtest   | [回测 4/5] 模拟第 3561/4845 笔交易: 洽洽食品...
2026-05-05 23:03:25.275 | INFO     | Backtest   | [回测 4/5] 模拟第 3571/4845 笔交易: 诚意药业...
2026-05-05 23:03:25.558 | INFO     | Backtest   | [回测 4/5] 模拟第 3581/4845 笔交易: 创力集团...
2026-05-05 23:03:25.802 | INFO     | Backtest   | [回测 4/5] 模拟第 3591/4845 笔交易: 氯碱化工...
2026-05-05 23:03:26.033 | INFO     | Backtest   | [回测 4/5] 模拟第 3601/4845 笔交易: 张小泉...
2026-05-05 23:03:26.310 | INFO     | Backtest   | [回测 4/5] 模拟第 3611/4845 笔交易: 海新能科...
2026-05-05 23:03:26.549 | INFO     | Backtest   | [回测 4/5] 模拟第 3621/4845 笔交易: 新联电子...
2026-05-05 23:03:26.913 | INFO     | Backtest   | [回测 4/5] 模拟第 3631/4845 笔交易: 长阳科技...
2026-05-05 23:03:27.136 | INFO     | Backtest   | [回测 4/5] 模拟第 3641/4845 笔交易: 天能重工...
2026-05-05 23:03:27.452 | INFO     | Backtest   | [回测 4/5] 模拟第 3651/4845 笔交易: 江南高纤...
2026-05-05 23:03:27.718 | INFO     | Backtest   | [回测 4/5] 模拟第 3661/4845 笔交易: 中国化学...
2026-05-05 23:03:28.001 | INFO     | Backtest   | [回测 4/5] 模拟第 3671/4845 笔交易: 锦江航运...
2026-05-05 23:03:28.175 | INFO     | Backtest   | [回测 4/5] 模拟第 3681/4845 笔交易: 兴瑞科技...
2026-05-05 23:03:28.390 | INFO     | Backtest   | [回测 4/5] 模拟第 3691/4845 笔交易: 宝泰隆...
2026-05-05 23:03:28.621 | INFO     | Backtest   | [回测 4/5] 模拟第 3701/4845 笔交易: 三和管桩...
2026-05-05 23:03:28.847 | INFO     | Backtest   | [回测 4/5] 模拟第 3711/4845 笔交易: 郑中设计...
2026-05-05 23:03:29.055 | INFO     | Backtest   | [回测 4/5] 模拟第 3721/4845 笔交易: 瀚川智能...
2026-05-05 23:03:29.335 | INFO     | Backtest   | [回测 4/5] 模拟第 3731/4845 笔交易: 路德科技...
2026-05-05 23:03:29.558 | INFO     | Backtest   | [回测 4/5] 模拟第 3741/4845 笔交易: 蓝盾光电...
2026-05-05 23:03:29.771 | INFO     | Backtest   | [回测 4/5] 模拟第 3751/4845 笔交易: 汇中股份...
2026-05-05 23:03:30.049 | INFO     | Backtest   | [回测 4/5] 模拟第 3761/4845 笔交易: 北方国际...
2026-05-05 23:03:30.281 | INFO     | Backtest   | [回测 4/5] 模拟第 3771/4845 笔交易: 华骐环保...
2026-05-05 23:03:30.522 | INFO     | Backtest   | [回测 4/5] 模拟第 3781/4845 笔交易: 洪汇新材...
2026-05-05 23:03:30.726 | INFO     | Backtest   | [回测 4/5] 模拟第 3791/4845 笔交易: 富祥药业...
2026-05-05 23:03:30.959 | INFO     | Backtest   | [回测 4/5] 模拟第 3801/4845 笔交易: 万通发展...
2026-05-05 23:03:31.172 | INFO     | Backtest   | [回测 4/5] 模拟第 3811/4845 笔交易: 海南华铁...
2026-05-05 23:03:31.410 | INFO     | Backtest   | [回测 4/5] 模拟第 3821/4845 笔交易: 福成股份...
2026-05-05 23:03:31.656 | INFO     | Backtest   | [回测 4/5] 模拟第 3831/4845 笔交易: 朗科智能...
2026-05-05 23:03:31.886 | INFO     | Backtest   | [回测 4/5] 模拟第 3841/4845 笔交易: 文科股份...
2026-05-05 23:03:32.046 | INFO     | Backtest   | [回测 4/5] 模拟第 3851/4845 笔交易: 延江股份...
2026-05-05 23:03:32.256 | INFO     | Backtest   | [回测 4/5] 模拟第 3861/4845 笔交易: 新黄浦...
2026-05-05 23:03:32.485 | INFO     | Backtest   | [回测 4/5] 模拟第 3871/4845 笔交易: 立新能源...
2026-05-05 23:03:32.697 | INFO     | Backtest   | [回测 4/5] 模拟第 3881/4845 笔交易: 博世科...
2026-05-05 23:03:32.951 | INFO     | Backtest   | [回测 4/5] 模拟第 3891/4845 笔交易: 紫江企业...
2026-05-05 23:03:33.197 | INFO     | Backtest   | [回测 4/5] 模拟第 3901/4845 笔交易: 岳阳林纸...
2026-05-05 23:03:33.427 | INFO     | Backtest   | [回测 4/5] 模拟第 3911/4845 笔交易: 中国重汽...
2026-05-05 23:03:33.661 | INFO     | Backtest   | [回测 4/5] 模拟第 3921/4845 笔交易: 卧龙新能...
2026-05-05 23:03:33.860 | INFO     | Backtest   | [回测 4/5] 模拟第 3931/4845 笔交易: 百达精工...
2026-05-05 23:03:34.051 | INFO     | Backtest   | [回测 4/5] 模拟第 3941/4845 笔交易: 太阳能...
2026-05-05 23:03:34.190 | INFO     | Backtest   | [回测 4/5] 模拟第 3951/4845 笔交易: 南方传媒...
2026-05-05 23:03:34.392 | INFO     | Backtest   | [回测 4/5] 模拟第 3961/4845 笔交易: 莱绅通灵...
2026-05-05 23:03:34.544 | INFO     | Backtest   | [回测 4/5] 模拟第 3971/4845 笔交易: 达意隆...
2026-05-05 23:03:34.702 | INFO     | Backtest   | [回测 4/5] 模拟第 3981/4845 笔交易: 维科技术...
2026-05-05 23:03:34.842 | INFO     | Backtest   | [回测 4/5] 模拟第 3991/4845 笔交易: 华林证券...
2026-05-05 23:03:35.015 | INFO     | Backtest   | [回测 4/5] 模拟第 4001/4845 笔交易: 爱慕股份...
2026-05-05 23:03:35.179 | INFO     | Backtest   | [回测 4/5] 模拟第 4011/4845 笔交易: 上海建工...
2026-05-05 23:03:35.346 | INFO     | Backtest   | [回测 4/5] 模拟第 4021/4845 笔交易: 万丰股份...
2026-05-05 23:03:35.546 | INFO     | Backtest   | [回测 4/5] 模拟第 4031/4845 笔交易: 峨眉山Ａ...
2026-05-05 23:03:35.741 | INFO     | Backtest   | [回测 4/5] 模拟第 4041/4845 笔交易: 美迪凯...
2026-05-05 23:03:35.954 | INFO     | Backtest   | [回测 4/5] 模拟第 4051/4845 笔交易: 桂冠电力...
2026-05-05 23:03:36.168 | INFO     | Backtest   | [回测 4/5] 模拟第 4061/4845 笔交易: 贵绳股份...
2026-05-05 23:03:36.456 | INFO     | Backtest   | [回测 4/5] 模拟第 4071/4845 笔交易: 本立科技...
2026-05-05 23:03:36.719 | INFO     | Backtest   | [回测 4/5] 模拟第 4081/4845 笔交易: 华康股份...
2026-05-05 23:03:36.935 | INFO     | Backtest   | [回测 4/5] 模拟第 4091/4845 笔交易: 尤夫股份...
2026-05-05 23:03:37.121 | INFO     | Backtest   | [回测 4/5] 模拟第 4101/4845 笔交易: 开山股份...
2026-05-05 23:03:37.347 | INFO     | Backtest   | [回测 4/5] 模拟第 4111/4845 笔交易: 大连热电...
2026-05-05 23:03:37.575 | INFO     | Backtest   | [回测 4/5] 模拟第 4121/4845 笔交易: 浙江交科...
2026-05-05 23:03:37.818 | INFO     | Backtest   | [回测 4/5] 模拟第 4131/4845 笔交易: 金富科技...
2026-05-05 23:03:38.051 | INFO     | Backtest   | [回测 4/5] 模拟第 4141/4845 笔交易: 章源钨业...
2026-05-05 23:03:38.273 | INFO     | Backtest   | [回测 4/5] 模拟第 4151/4845 笔交易: 浙江龙盛...
2026-05-05 23:03:38.516 | INFO     | Backtest   | [回测 4/5] 模拟第 4161/4845 笔交易: 望变电气...
2026-05-05 23:03:38.743 | INFO     | Backtest   | [回测 4/5] 模拟第 4171/4845 笔交易: 常宝股份...
2026-05-05 23:03:39.013 | INFO     | Backtest   | [回测 4/5] 模拟第 4181/4845 笔交易: 三六零...
2026-05-05 23:03:39.292 | INFO     | Backtest   | [回测 4/5] 模拟第 4191/4845 笔交易: 宝地矿业...
2026-05-05 23:03:39.507 | INFO     | Backtest   | [回测 4/5] 模拟第 4201/4845 笔交易: 银信科技...
2026-05-05 23:03:39.766 | INFO     | Backtest   | [回测 4/5] 模拟第 4211/4845 笔交易: 美克家居...
2026-05-05 23:03:39.996 | INFO     | Backtest   | [回测 4/5] 模拟第 4221/4845 笔交易: 上海沪工...
2026-05-05 23:03:40.236 | INFO     | Backtest   | [回测 4/5] 模拟第 4231/4845 笔交易: 标准股份...
2026-05-05 23:03:40.384 | INFO     | Backtest   | [回测 4/5] 模拟第 4241/4845 笔交易: 大东南...
2026-05-05 23:03:40.565 | INFO     | Backtest   | [回测 4/5] 模拟第 4251/4845 笔交易: 明志科技...
2026-05-05 23:03:40.706 | INFO     | Backtest   | [回测 4/5] 模拟第 4261/4845 笔交易: 广田集团...
2026-05-05 23:03:40.913 | INFO     | Backtest   | [回测 4/5] 模拟第 4271/4845 笔交易: 上海石化...
2026-05-05 23:03:41.142 | INFO     | Backtest   | [回测 4/5] 模拟第 4281/4845 笔交易: 可立克...
2026-05-05 23:03:41.282 | INFO     | Backtest   | [回测 4/5] 模拟第 4291/4845 笔交易: 交运股份...
2026-05-05 23:03:41.435 | INFO     | Backtest   | [回测 4/5] 模拟第 4301/4845 笔交易: 正丹股份...
2026-05-05 23:03:41.694 | INFO     | Backtest   | [回测 4/5] 模拟第 4311/4845 笔交易: 中炬高新...
2026-05-05 23:03:41.892 | INFO     | Backtest   | [回测 4/5] 模拟第 4321/4845 笔交易: 华瓷股份...
2026-05-05 23:03:42.053 | INFO     | Backtest   | [回测 4/5] 模拟第 4331/4845 笔交易: 博敏电子...
2026-05-05 23:03:42.309 | INFO     | Backtest   | [回测 4/5] 模拟第 4341/4845 笔交易: 中国通号...
2026-05-05 23:03:42.512 | INFO     | Backtest   | [回测 4/5] 模拟第 4351/4845 笔交易: 菲沃泰...
2026-05-05 23:03:42.663 | INFO     | Backtest   | [回测 4/5] 模拟第 4361/4845 笔交易: 运达科技...
2026-05-05 23:03:42.830 | INFO     | Backtest   | [回测 4/5] 模拟第 4371/4845 笔交易: 兴森科技...
2026-05-05 23:03:43.045 | INFO     | Backtest   | [回测 4/5] 模拟第 4381/4845 笔交易: 甘肃能化...
2026-05-05 23:03:43.217 | INFO     | Backtest   | [回测 4/5] 模拟第 4391/4845 笔交易: 惠云钛业...
2026-05-05 23:03:43.412 | INFO     | Backtest   | [回测 4/5] 模拟第 4401/4845 笔交易: 东杰智能...
2026-05-05 23:03:43.512 | INFO     | Backtest   | [回测 4/5] 模拟第 4411/4845 笔交易: 中南文化...
2026-05-05 23:03:43.657 | INFO     | Backtest   | [回测 4/5] 模拟第 4421/4845 笔交易: 凯盛新能...
2026-05-05 23:03:43.833 | INFO     | Backtest   | [回测 4/5] 模拟第 4431/4845 笔交易: 沙河股份...
2026-05-05 23:03:44.013 | INFO     | Backtest   | [回测 4/5] 模拟第 4441/4845 笔交易: 中赋科技...
2026-05-05 23:03:44.288 | INFO     | Backtest   | [回测 4/5] 模拟第 4451/4845 笔交易: 永兴股份...
2026-05-05 23:03:44.468 | INFO     | Backtest   | [回测 4/5] 模拟第 4461/4845 笔交易: 维科技术...
2026-05-05 23:03:44.634 | INFO     | Backtest   | [回测 4/5] 模拟第 4471/4845 笔交易: 福建高速...
2026-05-05 23:03:44.856 | INFO     | Backtest   | [回测 4/5] 模拟第 4481/4845 笔交易: 天津港...
2026-05-05 23:03:45.048 | INFO     | Backtest   | [回测 4/5] 模拟第 4491/4845 笔交易: 金正大...
2026-05-05 23:03:45.252 | INFO     | Backtest   | [回测 4/5] 模拟第 4501/4845 笔交易: 厦门银行...
2026-05-05 23:03:45.467 | INFO     | Backtest   | [回测 4/5] 模拟第 4511/4845 笔交易: 行云科技...
2026-05-05 23:03:45.650 | INFO     | Backtest   | [回测 4/5] 模拟第 4521/4845 笔交易: 力源信息...
2026-05-05 23:03:45.813 | INFO     | Backtest   | [回测 4/5] 模拟第 4531/4845 笔交易: 动力新科...
2026-05-05 23:03:46.134 | INFO     | Backtest   | [回测 4/5] 模拟第 4541/4845 笔交易: 奥飞数据...
2026-05-05 23:03:46.365 | INFO     | Backtest   | [回测 4/5] 模拟第 4551/4845 笔交易: 新华百货...
2026-05-05 23:03:46.623 | INFO     | Backtest   | [回测 4/5] 模拟第 4561/4845 笔交易: 智云股份...
2026-05-05 23:03:46.917 | INFO     | Backtest   | [回测 4/5] 模拟第 4571/4845 笔交易: 南凌科技...
2026-05-05 23:03:47.119 | INFO     | Backtest   | [回测 4/5] 模拟第 4581/4845 笔交易: 南兴股份...
2026-05-05 23:03:47.339 | INFO     | Backtest   | [回测 4/5] 模拟第 4591/4845 笔交易: 舜禹股份...
2026-05-05 23:03:47.602 | INFO     | Backtest   | [回测 4/5] 模拟第 4601/4845 笔交易: 吉视传媒...
2026-05-05 23:03:47.808 | INFO     | Backtest   | [回测 4/5] 模拟第 4611/4845 笔交易: 彩蝶实业...
2026-05-05 23:03:48.036 | INFO     | Backtest   | [回测 4/5] 模拟第 4621/4845 笔交易: 同兴科技...
2026-05-05 23:03:48.341 | INFO     | Backtest   | [回测 4/5] 模拟第 4631/4845 笔交易: 华信新材...
2026-05-05 23:03:48.674 | INFO     | Backtest   | [回测 4/5] 模拟第 4641/4845 笔交易: 新华都...
2026-05-05 23:03:48.946 | INFO     | Backtest   | [回测 4/5] 模拟第 4651/4845 笔交易: 科顺股份...
2026-05-05 23:03:49.152 | INFO     | Backtest   | [回测 4/5] 模拟第 4661/4845 笔交易: 西藏旅游...
2026-05-05 23:03:49.456 | INFO     | Backtest   | [回测 4/5] 模拟第 4671/4845 笔交易: 方正电机...
2026-05-05 23:03:49.738 | INFO     | Backtest   | [回测 4/5] 模拟第 4681/4845 笔交易: 新经典...
2026-05-05 23:03:49.951 | INFO     | Backtest   | [回测 4/5] 模拟第 4691/4845 笔交易: 迈赫股份...
2026-05-05 23:03:50.200 | INFO     | Backtest   | [回测 4/5] 模拟第 4701/4845 笔交易: 湘佳股份...
2026-05-05 23:03:50.407 | INFO     | Backtest   | [回测 4/5] 模拟第 4711/4845 笔交易: 水星家纺...
2026-05-05 23:03:50.621 | INFO     | Backtest   | [回测 4/5] 模拟第 4721/4845 笔交易: 佳力图...
2026-05-05 23:03:50.815 | INFO     | Backtest   | [回测 4/5] 模拟第 4731/4845 笔交易: 金钼股份...
2026-05-05 23:03:51.015 | INFO     | Backtest   | [回测 4/5] 模拟第 4741/4845 笔交易: 光莆股份...
2026-05-05 23:03:51.138 | INFO     | Backtest   | [回测 4/5] 模拟第 4751/4845 笔交易: 平高电气...
2026-05-05 23:03:51.284 | INFO     | Backtest   | [回测 4/5] 模拟第 4761/4845 笔交易: 金信诺...
2026-05-05 23:03:51.538 | INFO     | Backtest   | [回测 4/5] 模拟第 4771/4845 笔交易: 元祖股份...
2026-05-05 23:03:51.687 | INFO     | Backtest   | [回测 4/5] 模拟第 4781/4845 笔交易: 三鑫医疗...
2026-05-05 23:03:51.929 | INFO     | Backtest   | [回测 4/5] 模拟第 4791/4845 笔交易: 湖北宜化...
2026-05-05 23:03:52.034 | INFO     | Backtest   | [回测 4/5] 模拟第 4801/4845 笔交易: 蔚蓝锂芯...
2026-05-05 23:03:52.214 | INFO     | Backtest   | [回测 4/5] 模拟第 4811/4845 笔交易: 初灵信息...
2026-05-05 23:03:52.327 | INFO     | Backtest   | [回测 4/5] 模拟第 4821/4845 笔交易: 麦捷科技...
2026-05-05 23:03:52.451 | INFO     | Backtest   | [回测 4/5] 模拟第 4831/4845 笔交易: 芯联集成-U...
2026-05-05 23:03:52.620 | INFO     | Backtest   | [回测 4/5] 模拟第 4841/4845 笔交易: 广哈通信...
2026-05-05 23:03:52.698 | INFO     | Backtest   | [回测 5/5] 回测任务完成: 1142笔(含0笔平手离场)
2026-05-05 23:49:28.967 | INFO     | DuckDB     | DuckDB | 所有核心表结构初始化完成 (含热点板块)
2026-05-05 23:49:28.968 | INFO     | DuckDB     | DuckDB 核心就绪: E:\1target\p9_project\quant-platform\data\meta\meta.db
2026-05-05 23:49:28.973 | INFO     | Backtest   | [回测 1/5] 筛选回测目标股票...
2026-05-05 23:49:28.981 | INFO     | Backtest   | [回测 2/5] 加载 4972 只股票的历史数据进行快速扫描...
2026-05-05 23:49:42.637 | INFO     | Backtest   | [回测 3/5] 计算策略信号 (基于日线信号库)...
2026-05-05 23:49:42.644 | INFO     | Screener   | 🧬 [Loader] 识别到类继承策略: MA5AngleOriginalStrategy
2026-05-05 23:49:46.757 | INFO     | Backtest   | [回测 4/5] 处理 4845 条信号，执行精细分钟线仿真...
2026-05-05 23:49:46.761 | INFO     | Backtest   | [回测 4/5] 模拟第 1/4845 笔交易: 升达林业...
2026-05-05 23:49:47.063 | INFO     | Backtest   | [回测 4/5] 模拟第 11/4845 笔交易: 万丰股份...
2026-05-05 23:49:47.380 | INFO     | Backtest   | [回测 4/5] 模拟第 21/4845 笔交易: 恒誉环保...
2026-05-05 23:49:47.706 | INFO     | Backtest   | [回测 4/5] 模拟第 31/4845 笔交易: 锦鸡股份...
2026-05-05 23:49:48.067 | INFO     | Backtest   | [回测 4/5] 模拟第 41/4845 笔交易: 君正集团...
2026-05-05 23:49:48.415 | INFO     | Backtest   | [回测 4/5] 模拟第 51/4845 笔交易: 海洋王...
2026-05-05 23:49:48.738 | INFO     | Backtest   | [回测 4/5] 模拟第 61/4845 笔交易: 三雄极光...
2026-05-05 23:49:49.054 | INFO     | Backtest   | [回测 4/5] 模拟第 71/4845 笔交易: 世名科技...
2026-05-05 23:49:49.357 | INFO     | Backtest   | [回测 4/5] 模拟第 81/4845 笔交易: 朝阳科技...
2026-05-05 23:49:49.682 | INFO     | Backtest   | [回测 4/5] 模拟第 91/4845 笔交易: 生意宝...
2026-05-05 23:49:49.989 | INFO     | Backtest   | [回测 4/5] 模拟第 101/4845 笔交易: 联建光电...
2026-05-05 23:49:50.352 | INFO     | Backtest   | [回测 4/5] 模拟第 111/4845 笔交易: 众源新材...
2026-05-05 23:49:50.712 | INFO     | Backtest   | [回测 4/5] 模拟第 121/4845 笔交易: 遥望科技...
2026-05-05 23:49:51.051 | INFO     | Backtest   | [回测 4/5] 模拟第 131/4845 笔交易: 歌尔股份...
2026-05-05 23:49:51.391 | INFO     | Backtest   | [回测 4/5] 模拟第 141/4845 笔交易: 激智科技...
2026-05-05 23:49:51.727 | INFO     | Backtest   | [回测 4/5] 模拟第 151/4845 笔交易: 方正科技...
2026-05-05 23:49:52.090 | INFO     | Backtest   | [回测 4/5] 模拟第 161/4845 笔交易: 烽火通信...
2026-05-05 23:49:52.443 | INFO     | Backtest   | [回测 4/5] 模拟第 171/4845 笔交易: 凯恩股份...
2026-05-05 23:49:52.803 | INFO     | Backtest   | [回测 4/5] 模拟第 181/4845 笔交易: 龙韵股份...
2026-05-05 23:49:53.134 | INFO     | Backtest   | [回测 4/5] 模拟第 191/4845 笔交易: 国安股份...
2026-05-05 23:49:53.474 | INFO     | Backtest   | [回测 4/5] 模拟第 201/4845 笔交易: 柏诚股份...
2026-05-05 23:49:53.835 | INFO     | Backtest   | [回测 4/5] 模拟第 211/4845 笔交易: 物产金轮...
2026-05-05 23:49:54.187 | INFO     | Backtest   | [回测 4/5] 模拟第 221/4845 笔交易: 星源材质...
2026-05-05 23:49:54.524 | INFO     | Backtest   | [回测 4/5] 模拟第 231/4845 笔交易: 深纺织Ａ...
2026-05-05 23:49:54.872 | INFO     | Backtest   | [回测 4/5] 模拟第 241/4845 笔交易: 神思电子...
2026-05-05 23:49:55.222 | INFO     | Backtest   | [回测 4/5] 模拟第 251/4845 笔交易: 道明光学...
2026-05-05 23:49:55.582 | INFO     | Backtest   | [回测 4/5] 模拟第 261/4845 笔交易: 清源股份...
2026-05-05 23:49:55.910 | INFO     | Backtest   | [回测 4/5] 模拟第 271/4845 笔交易: 南矿集团...
2026-05-05 23:49:56.273 | INFO     | Backtest   | [回测 4/5] 模拟第 281/4845 笔交易: 蒙草生态...
2026-05-05 23:49:56.632 | INFO     | Backtest   | [回测 4/5] 模拟第 291/4845 笔交易: 金石亚药...
2026-05-05 23:49:56.983 | INFO     | Backtest   | [回测 4/5] 模拟第 301/4845 笔交易: 贵绳股份...
2026-05-05 23:49:57.341 | INFO     | Backtest   | [回测 4/5] 模拟第 311/4845 笔交易: 有研硅...
2026-05-05 23:49:57.707 | INFO     | Backtest   | [回测 4/5] 模拟第 321/4845 笔交易: 四川双马...
2026-05-05 23:49:58.065 | INFO     | Backtest   | [回测 4/5] 模拟第 331/4845 笔交易: 名臣健康...
2026-05-05 23:49:58.419 | INFO     | Backtest   | [回测 4/5] 模拟第 341/4845 笔交易: 红塔证券...
2026-05-05 23:49:58.758 | INFO     | Backtest   | [回测 4/5] 模拟第 351/4845 笔交易: 爱朋医疗...
2026-05-05 23:49:59.108 | INFO     | Backtest   | [回测 4/5] 模拟第 361/4845 笔交易: 起帆电缆...
2026-05-05 23:49:59.480 | INFO     | Backtest   | [回测 4/5] 模拟第 371/4845 笔交易: 兴业股份...
2026-05-05 23:49:59.834 | INFO     | Backtest   | [回测 4/5] 模拟第 381/4845 笔交易: 赛维时代...
2026-05-05 23:50:00.190 | INFO     | Backtest   | [回测 4/5] 模拟第 391/4845 笔交易: 三态股份...
2026-05-05 23:50:00.525 | INFO     | Backtest   | [回测 4/5] 模拟第 401/4845 笔交易: 兴欣新材...
2026-05-05 23:50:00.863 | INFO     | Backtest   | [回测 4/5] 模拟第 411/4845 笔交易: 云南能投...
2026-05-05 23:50:01.231 | INFO     | Backtest   | [回测 4/5] 模拟第 421/4845 笔交易: 艾比森...
2026-05-05 23:50:01.557 | INFO     | Backtest   | [回测 4/5] 模拟第 431/4845 笔交易: 国旅联合...
2026-05-05 23:50:01.885 | INFO     | Backtest   | [回测 4/5] 模拟第 441/4845 笔交易: 森远股份...
2026-05-05 23:50:02.176 | INFO     | Backtest   | [回测 4/5] 模拟第 451/4845 笔交易: 正虹科技...
2026-05-05 23:50:02.488 | INFO     | Backtest   | [回测 4/5] 模拟第 461/4845 笔交易: 荣盛发展...
2026-05-05 23:50:02.811 | INFO     | Backtest   | [回测 4/5] 模拟第 471/4845 笔交易: 宝立食品...
2026-05-05 23:50:03.157 | INFO     | Backtest   | [回测 4/5] 模拟第 481/4845 笔交易: 青岛食品...
2026-05-05 23:50:03.498 | INFO     | Backtest   | [回测 4/5] 模拟第 491/4845 笔交易: 安阳钢铁...
2026-05-05 23:50:03.852 | INFO     | Backtest   | [回测 4/5] 模拟第 501/4845 笔交易: 一心堂...
2026-05-05 23:50:04.159 | INFO     | Backtest   | [回测 4/5] 模拟第 511/4845 笔交易: 高乐股份...
2026-05-05 23:50:04.439 | INFO     | Backtest   | [回测 4/5] 模拟第 521/4845 笔交易: 海伦钢琴...
2026-05-05 23:50:04.717 | INFO     | Backtest   | [回测 4/5] 模拟第 531/4845 笔交易: 李子园...
2026-05-05 23:50:05.054 | INFO     | Backtest   | [回测 4/5] 模拟第 541/4845 笔交易: 崧盛股份...
2026-05-05 23:50:05.427 | INFO     | Backtest   | [回测 4/5] 模拟第 551/4845 笔交易: 恒尚节能...
2026-05-05 23:50:05.716 | INFO     | Backtest   | [回测 4/5] 模拟第 561/4845 笔交易: 明阳电路...
2026-05-05 23:50:06.025 | INFO     | Backtest   | [回测 4/5] 模拟第 571/4845 笔交易: 电工合金...
2026-05-05 23:50:06.349 | INFO     | Backtest   | [回测 4/5] 模拟第 581/4845 笔交易: 瀛通通讯...
2026-05-05 23:50:06.635 | INFO     | Backtest   | [回测 4/5] 模拟第 591/4845 笔交易: 华夏航空...
2026-05-05 23:50:06.952 | INFO     | Backtest   | [回测 4/5] 模拟第 601/4845 笔交易: 中兰环保...
2026-05-05 23:50:07.232 | INFO     | Backtest   | [回测 4/5] 模拟第 611/4845 笔交易: 浙江东日...
2026-05-05 23:50:07.578 | INFO     | Backtest   | [回测 4/5] 模拟第 621/4845 笔交易: 汉王科技...
2026-05-05 23:50:07.903 | INFO     | Backtest   | [回测 4/5] 模拟第 631/4845 笔交易: 创维数字...
2026-05-05 23:50:08.236 | INFO     | Backtest   | [回测 4/5] 模拟第 641/4845 笔交易: 晨曦航空...
2026-05-05 23:50:08.455 | INFO     | Backtest   | [回测 4/5] 模拟第 651/4845 笔交易: 山子高科...
2026-05-05 23:50:08.756 | INFO     | Backtest   | [回测 4/5] 模拟第 661/4845 笔交易: 尤安设计...
2026-05-05 23:50:09.090 | INFO     | Backtest   | [回测 4/5] 模拟第 671/4845 笔交易: 赫美集团...
2026-05-05 23:50:09.394 | INFO     | Backtest   | [回测 4/5] 模拟第 681/4845 笔交易: 诚达药业...
2026-05-05 23:50:09.741 | INFO     | Backtest   | [回测 4/5] 模拟第 691/4845 笔交易: 森泰股份...
2026-05-05 23:50:10.080 | INFO     | Backtest   | [回测 4/5] 模拟第 701/4845 笔交易: 一彬科技...
2026-05-05 23:50:10.429 | INFO     | Backtest   | [回测 4/5] 模拟第 711/4845 笔交易: 溢多利...
2026-05-05 23:50:10.791 | INFO     | Backtest   | [回测 4/5] 模拟第 721/4845 笔交易: 博晖创新...
2026-05-05 23:50:11.141 | INFO     | Backtest   | [回测 4/5] 模拟第 731/4845 笔交易: 和顺科技...
2026-05-05 23:50:11.481 | INFO     | Backtest   | [回测 4/5] 模拟第 741/4845 笔交易: 宣亚国际...
2026-05-05 23:50:11.816 | INFO     | Backtest   | [回测 4/5] 模拟第 751/4845 笔交易: 浩物股份...
2026-05-05 23:50:12.151 | INFO     | Backtest   | [回测 4/5] 模拟第 761/4845 笔交易: 秦川物联...
2026-05-05 23:50:12.478 | INFO     | Backtest   | [回测 4/5] 模拟第 771/4845 笔交易: 银信科技...
2026-05-05 23:50:12.810 | INFO     | Backtest   | [回测 4/5] 模拟第 781/4845 笔交易: 欧科亿...
2026-05-05 23:50:13.160 | INFO     | Backtest   | [回测 4/5] 模拟第 791/4845 笔交易: 维业股份...
2026-05-05 23:50:13.492 | INFO     | Backtest   | [回测 4/5] 模拟第 801/4845 笔交易: 智动力...
2026-05-05 23:50:13.829 | INFO     | Backtest   | [回测 4/5] 模拟第 811/4845 笔交易: 读者传媒...
2026-05-05 23:50:14.189 | INFO     | Backtest   | [回测 4/5] 模拟第 821/4845 笔交易: 方盛制药...
2026-05-05 23:50:14.517 | INFO     | Backtest   | [回测 4/5] 模拟第 831/4845 笔交易: 三诺生物...
2026-05-05 23:50:14.797 | INFO     | Backtest   | [回测 4/5] 模拟第 841/4845 笔交易: 北化股份...
2026-05-05 23:50:15.090 | INFO     | Backtest   | [回测 4/5] 模拟第 851/4845 笔交易: 迅捷兴...
2026-05-05 23:50:15.415 | INFO     | Backtest   | [回测 4/5] 模拟第 861/4845 笔交易: 源飞宠物...
2026-05-05 23:50:15.697 | INFO     | Backtest   | [回测 4/5] 模拟第 871/4845 笔交易: 横店影视...
2026-05-05 23:50:16.006 | INFO     | Backtest   | [回测 4/5] 模拟第 881/4845 笔交易: 蓝科高新...
2026-05-05 23:50:16.300 | INFO     | Backtest   | [回测 4/5] 模拟第 891/4845 笔交易: 德新科技...
2026-05-05 23:50:16.573 | INFO     | Backtest   | [回测 4/5] 模拟第 901/4845 笔交易: 湘电股份...
2026-05-05 23:50:16.867 | INFO     | Backtest   | [回测 4/5] 模拟第 911/4845 笔交易: 阿石创...
2026-05-05 23:50:17.174 | INFO     | Backtest   | [回测 4/5] 模拟第 921/4845 笔交易: 创元科技...
2026-05-05 23:50:17.467 | INFO     | Backtest   | [回测 4/5] 模拟第 931/4845 笔交易: 西上海...
2026-05-05 23:50:17.709 | INFO     | Backtest   | [回测 4/5] 模拟第 941/4845 笔交易: 电子城...
2026-05-05 23:50:17.992 | INFO     | Backtest   | [回测 4/5] 模拟第 951/4845 笔交易: 安科生物...
2026-05-05 23:50:18.232 | INFO     | Backtest   | [回测 4/5] 模拟第 961/4845 笔交易: 北大医药...
2026-05-05 23:50:18.483 | INFO     | Backtest   | [回测 4/5] 模拟第 971/4845 笔交易: 美腾科技...
2026-05-05 23:50:18.735 | INFO     | Backtest   | [回测 4/5] 模拟第 981/4845 笔交易: 标准股份...
2026-05-05 23:50:19.012 | INFO     | Backtest   | [回测 4/5] 模拟第 991/4845 笔交易: 清水源...
2026-05-05 23:50:19.236 | INFO     | Backtest   | [回测 4/5] 模拟第 1001/4845 笔交易: 景兴纸业...
2026-05-05 23:50:19.520 | INFO     | Backtest   | [回测 4/5] 模拟第 1011/4845 笔交易: 中瑞股份...
2026-05-05 23:50:19.810 | INFO     | Backtest   | [回测 4/5] 模拟第 1021/4845 笔交易: 新化股份...
2026-05-05 23:50:20.099 | INFO     | Backtest   | [回测 4/5] 模拟第 1031/4845 笔交易: 合金投资...
2026-05-05 23:50:20.401 | INFO     | Backtest   | [回测 4/5] 模拟第 1041/4845 笔交易: 奥联电子...
2026-05-05 23:50:20.676 | INFO     | Backtest   | [回测 4/5] 模拟第 1051/4845 笔交易: 中银证券...
2026-05-05 23:50:20.975 | INFO     | Backtest   | [回测 4/5] 模拟第 1061/4845 笔交易: 国统股份...
2026-05-05 23:50:21.283 | INFO     | Backtest   | [回测 4/5] 模拟第 1071/4845 笔交易: 艾隆科技...
2026-05-05 23:50:21.608 | INFO     | Backtest   | [回测 4/5] 模拟第 1081/4845 笔交易: 光云科技...
2026-05-05 23:50:21.873 | INFO     | Backtest   | [回测 4/5] 模拟第 1091/4845 笔交易: 壹石通...
2026-05-05 23:50:22.177 | INFO     | Backtest   | [回测 4/5] 模拟第 1101/4845 笔交易: 热威股份...
2026-05-05 23:50:22.484 | INFO     | Backtest   | [回测 4/5] 模拟第 1111/4845 笔交易: 依米康...
2026-05-05 23:50:22.808 | INFO     | Backtest   | [回测 4/5] 模拟第 1121/4845 笔交易: 首创证券...
2026-05-05 23:50:23.121 | INFO     | Backtest   | [回测 4/5] 模拟第 1131/4845 笔交易: 出版传媒...
2026-05-05 23:50:23.437 | INFO     | Backtest   | [回测 4/5] 模拟第 1141/4845 笔交易: 英威腾...
2026-05-05 23:50:23.750 | INFO     | Backtest   | [回测 4/5] 模拟第 1151/4845 笔交易: 合康新能...
2026-05-05 23:50:24.063 | INFO     | Backtest   | [回测 4/5] 模拟第 1161/4845 笔交易: 万得凯...
2026-05-05 23:50:24.378 | INFO     | Backtest   | [回测 4/5] 模拟第 1171/4845 笔交易: 莱美药业...
2026-05-05 23:50:24.680 | INFO     | Backtest   | [回测 4/5] 模拟第 1181/4845 笔交易: 信雅达...
2026-05-05 23:50:24.969 | INFO     | Backtest   | [回测 4/5] 模拟第 1191/4845 笔交易: 中航重机...
2026-05-05 23:50:25.248 | INFO     | Backtest   | [回测 4/5] 模拟第 1201/4845 笔交易: 华东重机...
2026-05-05 23:50:25.473 | INFO     | Backtest   | [回测 4/5] 模拟第 1211/4845 笔交易: 沃格光电...
2026-05-05 23:50:25.751 | INFO     | Backtest   | [回测 4/5] 模拟第 1221/4845 笔交易: 南极光...
2026-05-05 23:50:26.018 | INFO     | Backtest   | [回测 4/5] 模拟第 1231/4845 笔交易: 福然德...
2026-05-05 23:50:26.313 | INFO     | Backtest   | [回测 4/5] 模拟第 1241/4845 笔交易: 晨化股份...
2026-05-05 23:50:26.598 | INFO     | Backtest   | [回测 4/5] 模拟第 1251/4845 笔交易: 悦达投资...
2026-05-05 23:50:26.857 | INFO     | Backtest   | [回测 4/5] 模拟第 1261/4845 笔交易: 仕净科技...
2026-05-05 23:50:27.116 | INFO     | Backtest   | [回测 4/5] 模拟第 1271/4845 笔交易: 中石科技...
2026-05-05 23:50:27.405 | INFO     | Backtest   | [回测 4/5] 模拟第 1281/4845 笔交易: 长江材料...
2026-05-05 23:50:27.679 | INFO     | Backtest   | [回测 4/5] 模拟第 1291/4845 笔交易: 可立克...
2026-05-05 23:50:28.004 | INFO     | Backtest   | [回测 4/5] 模拟第 1301/4845 笔交易: 数据港...
2026-05-05 23:50:28.296 | INFO     | Backtest   | [回测 4/5] 模拟第 1311/4845 笔交易: 京泉华...
2026-05-05 23:50:28.624 | INFO     | Backtest   | [回测 4/5] 模拟第 1321/4845 笔交易: 广电计量...
2026-05-05 23:50:28.929 | INFO     | Backtest   | [回测 4/5] 模拟第 1331/4845 笔交易: 浙数文化...
2026-05-05 23:50:29.238 | INFO     | Backtest   | [回测 4/5] 模拟第 1341/4845 笔交易: 金圆股份...
2026-05-05 23:50:29.525 | INFO     | Backtest   | [回测 4/5] 模拟第 1351/4845 笔交易: 电科网安...
2026-05-05 23:50:29.813 | INFO     | Backtest   | [回测 4/5] 模拟第 1361/4845 笔交易: 英力特...
2026-05-05 23:50:30.039 | INFO     | Backtest   | [回测 4/5] 模拟第 1371/4845 笔交易: 山西焦化...
2026-05-05 23:50:30.361 | INFO     | Backtest   | [回测 4/5] 模拟第 1381/4845 笔交易: 亚邦股份...
2026-05-05 23:50:30.611 | INFO     | Backtest   | [回测 4/5] 模拟第 1391/4845 笔交易: 亿帆医药...
2026-05-05 23:50:30.939 | INFO     | Backtest   | [回测 4/5] 模拟第 1401/4845 笔交易: 大参林...
2026-05-05 23:50:31.230 | INFO     | Backtest   | [回测 4/5] 模拟第 1411/4845 笔交易: 海鸥股份...
2026-05-05 23:50:31.473 | INFO     | Backtest   | [回测 4/5] 模拟第 1421/4845 笔交易: 正裕工业...
2026-05-05 23:50:31.728 | INFO     | Backtest   | [回测 4/5] 模拟第 1431/4845 笔交易: 方盛制药...
2026-05-05 23:50:32.009 | INFO     | Backtest   | [回测 4/5] 模拟第 1441/4845 笔交易: 开开实业...
2026-05-05 23:50:32.293 | INFO     | Backtest   | [回测 4/5] 模拟第 1451/4845 笔交易: 神奇制药...
2026-05-05 23:50:32.586 | INFO     | Backtest   | [回测 4/5] 模拟第 1461/4845 笔交易: 亚宝药业...
2026-05-05 23:50:32.888 | INFO     | Backtest   | [回测 4/5] 模拟第 1471/4845 笔交易: 金海高科...
2026-05-05 23:50:33.163 | INFO     | Backtest   | [回测 4/5] 模拟第 1481/4845 笔交易: 山河药辅...
2026-05-05 23:50:33.398 | INFO     | Backtest   | [回测 4/5] 模拟第 1491/4845 笔交易: 江海股份...
2026-05-05 23:50:33.669 | INFO     | Backtest   | [回测 4/5] 模拟第 1501/4845 笔交易: 华培动力...
2026-05-05 23:50:33.946 | INFO     | Backtest   | [回测 4/5] 模拟第 1511/4845 笔交易: 法本信息...
2026-05-05 23:50:34.196 | INFO     | Backtest   | [回测 4/5] 模拟第 1521/4845 笔交易: 美思德...
2026-05-05 23:50:34.470 | INFO     | Backtest   | [回测 4/5] 模拟第 1531/4845 笔交易: 裕兴股份...
2026-05-05 23:50:34.708 | INFO     | Backtest   | [回测 4/5] 模拟第 1541/4845 笔交易: 国机重装...
2026-05-05 23:50:34.929 | INFO     | Backtest   | [回测 4/5] 模拟第 1551/4845 笔交易: 闽发铝业...
2026-05-05 23:50:35.141 | INFO     | Backtest   | [回测 4/5] 模拟第 1561/4845 笔交易: 华钰矿业...
2026-05-05 23:50:35.392 | INFO     | Backtest   | [回测 4/5] 模拟第 1571/4845 笔交易: 神火股份...
2026-05-05 23:50:35.649 | INFO     | Backtest   | [回测 4/5] 模拟第 1581/4845 笔交易: 新兴铸管...
2026-05-05 23:50:35.922 | INFO     | Backtest   | [回测 4/5] 模拟第 1591/4845 笔交易: 龙建股份...
2026-05-05 23:50:36.175 | INFO     | Backtest   | [回测 4/5] 模拟第 1601/4845 笔交易: 大西洋...
2026-05-05 23:50:36.428 | INFO     | Backtest   | [回测 4/5] 模拟第 1611/4845 笔交易: 北新路桥...
2026-05-05 23:50:36.654 | INFO     | Backtest   | [回测 4/5] 模拟第 1621/4845 笔交易: 太阳纸业...
2026-05-05 23:50:36.938 | INFO     | Backtest   | [回测 4/5] 模拟第 1631/4845 笔交易: 唐人神...
2026-05-05 23:50:37.229 | INFO     | Backtest   | [回测 4/5] 模拟第 1641/4845 笔交易: 腾达建设...
2026-05-05 23:50:37.512 | INFO     | Backtest   | [回测 4/5] 模拟第 1651/4845 笔交易: 兰花科创...
2026-05-05 23:50:37.777 | INFO     | Backtest   | [回测 4/5] 模拟第 1661/4845 笔交易: 通业科技...
2026-05-05 23:50:38.008 | INFO     | Backtest   | [回测 4/5] 模拟第 1671/4845 笔交易: 科新发展...
2026-05-05 23:50:38.276 | INFO     | Backtest   | [回测 4/5] 模拟第 1681/4845 笔交易: 滨化股份...
2026-05-05 23:50:38.555 | INFO     | Backtest   | [回测 4/5] 模拟第 1691/4845 笔交易: 京基智农...
2026-05-05 23:50:38.802 | INFO     | Backtest   | [回测 4/5] 模拟第 1701/4845 笔交易: 欣龙控股...
2026-05-05 23:50:39.078 | INFO     | Backtest   | [回测 4/5] 模拟第 1711/4845 笔交易: 康美药业...
2026-05-05 23:50:39.368 | INFO     | Backtest   | [回测 4/5] 模拟第 1721/4845 笔交易: 嘉诚国际...
2026-05-05 23:50:39.618 | INFO     | Backtest   | [回测 4/5] 模拟第 1731/4845 笔交易: 东阳光...
2026-05-05 23:50:39.887 | INFO     | Backtest   | [回测 4/5] 模拟第 1741/4845 笔交易: 翰宇药业...
2026-05-05 23:50:40.093 | INFO     | Backtest   | [回测 4/5] 模拟第 1751/4845 笔交易: 三力制药...
2026-05-05 23:50:40.344 | INFO     | Backtest   | [回测 4/5] 模拟第 1761/4845 笔交易: 凯撒旅业...
2026-05-05 23:50:40.562 | INFO     | Backtest   | [回测 4/5] 模拟第 1771/4845 笔交易: 开创国际...
2026-05-05 23:50:40.836 | INFO     | Backtest   | [回测 4/5] 模拟第 1781/4845 笔交易: 宇新股份...
2026-05-05 23:50:41.120 | INFO     | Backtest   | [回测 4/5] 模拟第 1791/4845 笔交易: 柘中股份...
2026-05-05 23:50:41.376 | INFO     | Backtest   | [回测 4/5] 模拟第 1801/4845 笔交易: 纽威数控...
2026-05-05 23:50:41.672 | INFO     | Backtest   | [回测 4/5] 模拟第 1811/4845 笔交易: 江南水务...
2026-05-05 23:50:41.928 | INFO     | Backtest   | [回测 4/5] 模拟第 1821/4845 笔交易: 国新能源...
2026-05-05 23:50:42.236 | INFO     | Backtest   | [回测 4/5] 模拟第 1831/4845 笔交易: 豪能股份...
2026-05-05 23:50:42.518 | INFO     | Backtest   | [回测 4/5] 模拟第 1841/4845 笔交易: 永创智能...
2026-05-05 23:50:42.824 | INFO     | Backtest   | [回测 4/5] 模拟第 1851/4845 笔交易: 璞源材料...
2026-05-05 23:50:43.121 | INFO     | Backtest   | [回测 4/5] 模拟第 1861/4845 笔交易: 秦川机床...
2026-05-05 23:50:43.367 | INFO     | Backtest   | [回测 4/5] 模拟第 1871/4845 笔交易: 科华生物...
2026-05-05 23:50:43.597 | INFO     | Backtest   | [回测 4/5] 模拟第 1881/4845 笔交易: 保立佳...
2026-05-05 23:50:43.839 | INFO     | Backtest   | [回测 4/5] 模拟第 1891/4845 笔交易: 常熟银行...
2026-05-05 23:50:44.144 | INFO     | Backtest   | [回测 4/5] 模拟第 1901/4845 笔交易: 密封科技...
2026-05-05 23:50:44.407 | INFO     | Backtest   | [回测 4/5] 模拟第 1911/4845 笔交易: 盛洋科技...
2026-05-05 23:50:44.691 | INFO     | Backtest   | [回测 4/5] 模拟第 1921/4845 笔交易: 广日股份...
2026-05-05 23:50:44.934 | INFO     | Backtest   | [回测 4/5] 模拟第 1931/4845 笔交易: 玉禾田...
2026-05-05 23:50:45.209 | INFO     | Backtest   | [回测 4/5] 模拟第 1941/4845 笔交易: 百联股份...
2026-05-05 23:50:45.480 | INFO     | Backtest   | [回测 4/5] 模拟第 1951/4845 笔交易: 首都在线...
2026-05-05 23:50:45.725 | INFO     | Backtest   | [回测 4/5] 模拟第 1961/4845 笔交易: 世茂能源...
2026-05-05 23:50:45.977 | INFO     | Backtest   | [回测 4/5] 模拟第 1971/4845 笔交易: 岭南控股...
2026-05-05 23:50:46.228 | INFO     | Backtest   | [回测 4/5] 模拟第 1981/4845 笔交易: 宏发股份...
2026-05-05 23:50:46.505 | INFO     | Backtest   | [回测 4/5] 模拟第 1991/4845 笔交易: 鸿合科技...
2026-05-05 23:50:46.756 | INFO     | Backtest   | [回测 4/5] 模拟第 2001/4845 笔交易: 凌志软件...
2026-05-05 23:50:47.017 | INFO     | Backtest   | [回测 4/5] 模拟第 2011/4845 笔交易: 扬子新材...
2026-05-05 23:50:47.241 | INFO     | Backtest   | [回测 4/5] 模拟第 2021/4845 笔交易: 冠昊生物...
2026-05-05 23:50:47.436 | INFO     | Backtest   | [回测 4/5] 模拟第 2031/4845 笔交易: 天创时尚...
2026-05-05 23:50:47.676 | INFO     | Backtest   | [回测 4/5] 模拟第 2041/4845 笔交易: 圣龙股份...
2026-05-05 23:50:47.928 | INFO     | Backtest   | [回测 4/5] 模拟第 2051/4845 笔交易: 盛屯矿业...
2026-05-05 23:50:48.167 | INFO     | Backtest   | [回测 4/5] 模拟第 2061/4845 笔交易: 高能环境...
2026-05-05 23:50:48.401 | INFO     | Backtest   | [回测 4/5] 模拟第 2071/4845 笔交易: 正泰电源...
2026-05-05 23:50:48.662 | INFO     | Backtest   | [回测 4/5] 模拟第 2081/4845 笔交易: 光峰科技...
2026-05-05 23:50:48.862 | INFO     | Backtest   | [回测 4/5] 模拟第 2091/4845 笔交易: 江阴银行...
2026-05-05 23:50:49.094 | INFO     | Backtest   | [回测 4/5] 模拟第 2101/4845 笔交易: 英飞特...
2026-05-05 23:50:49.361 | INFO     | Backtest   | [回测 4/5] 模拟第 2111/4845 笔交易: 尤夫股份...
2026-05-05 23:50:49.614 | INFO     | Backtest   | [回测 4/5] 模拟第 2121/4845 笔交易: 张家港行...
2026-05-05 23:50:49.809 | INFO     | Backtest   | [回测 4/5] 模拟第 2131/4845 笔交易: 三维化学...
2026-05-05 23:50:50.039 | INFO     | Backtest   | [回测 4/5] 模拟第 2141/4845 笔交易: 东风股份...
2026-05-05 23:50:50.318 | INFO     | Backtest   | [回测 4/5] 模拟第 2151/4845 笔交易: 安迪苏...
2026-05-05 23:50:50.590 | INFO     | Backtest   | [回测 4/5] 模拟第 2161/4845 笔交易: 富奥股份...
2026-05-05 23:50:50.825 | INFO     | Backtest   | [回测 4/5] 模拟第 2171/4845 笔交易: 天域生物...
2026-05-05 23:50:51.065 | INFO     | Backtest   | [回测 4/5] 模拟第 2181/4845 笔交易: 邦基科技...
2026-05-05 23:50:51.285 | INFO     | Backtest   | [回测 4/5] 模拟第 2191/4845 笔交易: 利民股份...
2026-05-05 23:50:51.521 | INFO     | Backtest   | [回测 4/5] 模拟第 2201/4845 笔交易: 北方铜业...
2026-05-05 23:50:51.738 | INFO     | Backtest   | [回测 4/5] 模拟第 2211/4845 笔交易: 金融街...
2026-05-05 23:50:51.975 | INFO     | Backtest   | [回测 4/5] 模拟第 2221/4845 笔交易: 华电科工...
2026-05-05 23:50:52.172 | INFO     | Backtest   | [回测 4/5] 模拟第 2231/4845 笔交易: 泰胜风能...
2026-05-05 23:50:52.343 | INFO     | Backtest   | [回测 4/5] 模拟第 2241/4845 笔交易: 凯美特气...
2026-05-05 23:50:52.554 | INFO     | Backtest   | [回测 4/5] 模拟第 2251/4845 笔交易: 利亚德...
2026-05-05 23:50:52.739 | INFO     | Backtest   | [回测 4/5] 模拟第 2261/4845 笔交易: 佳讯飞鸿...
2026-05-05 23:50:52.939 | INFO     | Backtest   | [回测 4/5] 模拟第 2271/4845 笔交易: 粤桂股份...
2026-05-05 23:50:53.145 | INFO     | Backtest   | [回测 4/5] 模拟第 2281/4845 笔交易: 海鸥股份...
2026-05-05 23:50:53.373 | INFO     | Backtest   | [回测 4/5] 模拟第 2291/4845 笔交易: 巨力索具...
2026-05-05 23:50:53.532 | INFO     | Backtest   | [回测 4/5] 模拟第 2301/4845 笔交易: 新开源...
2026-05-05 23:50:53.729 | INFO     | Backtest   | [回测 4/5] 模拟第 2311/4845 笔交易: 泰瑞机器...
2026-05-05 23:50:53.947 | INFO     | Backtest   | [回测 4/5] 模拟第 2321/4845 笔交易: 塔牌集团...
2026-05-05 23:50:54.176 | INFO     | Backtest   | [回测 4/5] 模拟第 2331/4845 笔交易: 广汇物流...
2026-05-05 23:50:54.406 | INFO     | Backtest   | [回测 4/5] 模拟第 2341/4845 笔交易: 利柏特...
2026-05-05 23:50:54.543 | INFO     | Backtest   | [回测 4/5] 模拟第 2351/4845 笔交易: 物产环能...
2026-05-05 23:50:54.730 | INFO     | Backtest   | [回测 4/5] 模拟第 2361/4845 笔交易: 方正科技...
2026-05-05 23:50:54.936 | INFO     | Backtest   | [回测 4/5] 模拟第 2371/4845 笔交易: 莱宝高科...
2026-05-05 23:50:55.154 | INFO     | Backtest   | [回测 4/5] 模拟第 2381/4845 笔交易: 智云股份...
2026-05-05 23:50:55.399 | INFO     | Backtest   | [回测 4/5] 模拟第 2391/4845 笔交易: 宁波精达...
2026-05-05 23:50:55.629 | INFO     | Backtest   | [回测 4/5] 模拟第 2401/4845 笔交易: 安科瑞...
2026-05-05 23:50:55.884 | INFO     | Backtest   | [回测 4/5] 模拟第 2411/4845 笔交易: 晋控电力...
2026-05-05 23:50:56.148 | INFO     | Backtest   | [回测 4/5] 模拟第 2421/4845 笔交易: 南京证券...
2026-05-05 23:50:56.387 | INFO     | Backtest   | [回测 4/5] 模拟第 2431/4845 笔交易: 中国国航...
2026-05-05 23:50:56.638 | INFO     | Backtest   | [回测 4/5] 模拟第 2441/4845 笔交易: 梅花生物...
2026-05-05 23:50:56.892 | INFO     | Backtest   | [回测 4/5] 模拟第 2451/4845 笔交易: 海航控股...
2026-05-05 23:50:57.150 | INFO     | Backtest   | [回测 4/5] 模拟第 2461/4845 笔交易: 北京利尔...
2026-05-05 23:50:57.389 | INFO     | Backtest   | [回测 4/5] 模拟第 2471/4845 笔交易: 日海智能...
2026-05-05 23:50:57.592 | INFO     | Backtest   | [回测 4/5] 模拟第 2481/4845 笔交易: 美亚光电...
2026-05-05 23:50:57.820 | INFO     | Backtest   | [回测 4/5] 模拟第 2491/4845 笔交易: 海信视像...
2026-05-05 23:50:57.985 | INFO     | Backtest   | [回测 4/5] 模拟第 2501/4845 笔交易: 中山公用...
2026-05-05 23:50:58.222 | INFO     | Backtest   | [回测 4/5] 模拟第 2511/4845 笔交易: 粤电力Ａ...
2026-05-05 23:50:58.459 | INFO     | Backtest   | [回测 4/5] 模拟第 2521/4845 笔交易: 宁波色母...
2026-05-05 23:50:58.625 | INFO     | Backtest   | [回测 4/5] 模拟第 2531/4845 笔交易: 力星股份...
2026-05-05 23:50:58.813 | INFO     | Backtest   | [回测 4/5] 模拟第 2541/4845 笔交易: 金房能源...
2026-05-05 23:50:59.039 | INFO     | Backtest   | [回测 4/5] 模拟第 2551/4845 笔交易: 金现代...
2026-05-05 23:50:59.253 | INFO     | Backtest   | [回测 4/5] 模拟第 2561/4845 笔交易: 濮阳惠成...
2026-05-05 23:50:59.478 | INFO     | Backtest   | [回测 4/5] 模拟第 2571/4845 笔交易: 京能热力...
2026-05-05 23:50:59.687 | INFO     | Backtest   | [回测 4/5] 模拟第 2581/4845 笔交易: 铜陵有色...
2026-05-05 23:50:59.886 | INFO     | Backtest   | [回测 4/5] 模拟第 2591/4845 笔交易: 盛天网络...
2026-05-05 23:51:00.068 | INFO     | Backtest   | [回测 4/5] 模拟第 2601/4845 笔交易: 中国中冶...
2026-05-05 23:51:00.261 | INFO     | Backtest   | [回测 4/5] 模拟第 2611/4845 笔交易: 德力股份...
2026-05-05 23:51:00.466 | INFO     | Backtest   | [回测 4/5] 模拟第 2621/4845 笔交易: 信达证券...
2026-05-05 23:51:00.668 | INFO     | Backtest   | [回测 4/5] 模拟第 2631/4845 笔交易: 仁智股份...
2026-05-05 23:51:00.850 | INFO     | Backtest   | [回测 4/5] 模拟第 2641/4845 笔交易: 中电港...
2026-05-05 23:51:01.013 | INFO     | Backtest   | [回测 4/5] 模拟第 2651/4845 笔交易: 科翔股份...
2026-05-05 23:51:01.220 | INFO     | Backtest   | [回测 4/5] 模拟第 2661/4845 笔交易: 上海建工...
2026-05-05 23:51:01.391 | INFO     | Backtest   | [回测 4/5] 模拟第 2671/4845 笔交易: 望变电气...
2026-05-05 23:51:01.536 | INFO     | Backtest   | [回测 4/5] 模拟第 2681/4845 笔交易: 东箭科技...
2026-05-05 23:51:01.739 | INFO     | Backtest   | [回测 4/5] 模拟第 2691/4845 笔交易: 神通科技...
2026-05-05 23:51:01.965 | INFO     | Backtest   | [回测 4/5] 模拟第 2701/4845 笔交易: 振华重工...
2026-05-05 23:51:02.182 | INFO     | Backtest   | [回测 4/5] 模拟第 2711/4845 笔交易: 出版传媒...
2026-05-05 23:51:02.420 | INFO     | Backtest   | [回测 4/5] 模拟第 2721/4845 笔交易: 泰山石油...
2026-05-05 23:51:02.651 | INFO     | Backtest   | [回测 4/5] 模拟第 2731/4845 笔交易: 宁波富邦...
2026-05-05 23:51:02.883 | INFO     | Backtest   | [回测 4/5] 模拟第 2741/4845 笔交易: 双环科技...
2026-05-05 23:51:03.136 | INFO     | Backtest   | [回测 4/5] 模拟第 2751/4845 笔交易: 中科软...
2026-05-05 23:51:03.375 | INFO     | Backtest   | [回测 4/5] 模拟第 2761/4845 笔交易: 浙江力诺...
2026-05-05 23:51:03.620 | INFO     | Backtest   | [回测 4/5] 模拟第 2771/4845 笔交易: 索宝蛋白...
2026-05-05 23:51:03.876 | INFO     | Backtest   | [回测 4/5] 模拟第 2781/4845 笔交易: 沈阳机床...
2026-05-05 23:51:04.058 | INFO     | Backtest   | [回测 4/5] 模拟第 2791/4845 笔交易: 京能电力...
2026-05-05 23:51:04.260 | INFO     | Backtest   | [回测 4/5] 模拟第 2801/4845 笔交易: 创业环保...
2026-05-05 23:51:04.458 | INFO     | Backtest   | [回测 4/5] 模拟第 2811/4845 笔交易: 华能国际...
2026-05-05 23:51:04.674 | INFO     | Backtest   | [回测 4/5] 模拟第 2821/4845 笔交易: 中洲特材...
2026-05-05 23:51:04.947 | INFO     | Backtest   | [回测 4/5] 模拟第 2831/4845 笔交易: 涪陵电力...
2026-05-05 23:51:05.196 | INFO     | Backtest   | [回测 4/5] 模拟第 2841/4845 笔交易: 航天智装...
2026-05-05 23:51:05.344 | INFO     | Backtest   | [回测 4/5] 模拟第 2851/4845 笔交易: 中创物流...
2026-05-05 23:51:05.565 | INFO     | Backtest   | [回测 4/5] 模拟第 2861/4845 笔交易: 贵航股份...
2026-05-05 23:51:05.765 | INFO     | Backtest   | [回测 4/5] 模拟第 2871/4845 笔交易: 万凯新材...
2026-05-05 23:51:05.973 | INFO     | Backtest   | [回测 4/5] 模拟第 2881/4845 笔交易: 合金投资...
2026-05-05 23:51:06.175 | INFO     | Backtest   | [回测 4/5] 模拟第 2891/4845 笔交易: 清水源...
2026-05-05 23:51:06.344 | INFO     | Backtest   | [回测 4/5] 模拟第 2901/4845 笔交易: 新集能源...
2026-05-05 23:51:06.570 | INFO     | Backtest   | [回测 4/5] 模拟第 2911/4845 笔交易: 誉衡药业...
2026-05-05 23:51:06.773 | INFO     | Backtest   | [回测 4/5] 模拟第 2921/4845 笔交易: 申昊科技...
2026-05-05 23:51:06.996 | INFO     | Backtest   | [回测 4/5] 模拟第 2931/4845 笔交易: 梅安森...
2026-05-05 23:51:07.242 | INFO     | Backtest   | [回测 4/5] 模拟第 2941/4845 笔交易: 泸天化...
2026-05-05 23:51:07.489 | INFO     | Backtest   | [回测 4/5] 模拟第 2951/4845 笔交易: 海利生物...
2026-05-05 23:51:07.671 | INFO     | Backtest   | [回测 4/5] 模拟第 2961/4845 笔交易: 海欣食品...
2026-05-05 23:51:07.942 | INFO     | Backtest   | [回测 4/5] 模拟第 2971/4845 笔交易: 银星能源...
2026-05-05 23:51:08.203 | INFO     | Backtest   | [回测 4/5] 模拟第 2981/4845 笔交易: 海伦哲...
2026-05-05 23:51:08.416 | INFO     | Backtest   | [回测 4/5] 模拟第 2991/4845 笔交易: 风华高科...
2026-05-05 23:51:08.624 | INFO     | Backtest   | [回测 4/5] 模拟第 3001/4845 笔交易: 亚威股份...
2026-05-05 23:51:08.803 | INFO     | Backtest   | [回测 4/5] 模拟第 3011/4845 笔交易: 长江证券...
2026-05-05 23:51:09.031 | INFO     | Backtest   | [回测 4/5] 模拟第 3021/4845 笔交易: 中国电建...
2026-05-05 23:51:09.226 | INFO     | Backtest   | [回测 4/5] 模拟第 3031/4845 笔交易: 美畅股份...
2026-05-05 23:51:09.412 | INFO     | Backtest   | [回测 4/5] 模拟第 3041/4845 笔交易: 会稽山...
2026-05-05 23:51:09.637 | INFO     | Backtest   | [回测 4/5] 模拟第 3051/4845 笔交易: 海信视像...
2026-05-05 23:51:09.863 | INFO     | Backtest   | [回测 4/5] 模拟第 3061/4845 笔交易: 诺唯赞...
2026-05-05 23:51:10.053 | INFO     | Backtest   | [回测 4/5] 模拟第 3071/4845 笔交易: 冠城新材...
2026-05-05 23:51:10.221 | INFO     | Backtest   | [回测 4/5] 模拟第 3081/4845 笔交易: 奥佳华...
2026-05-05 23:51:10.406 | INFO     | Backtest   | [回测 4/5] 模拟第 3091/4845 笔交易: 美联新材...
2026-05-05 23:51:10.569 | INFO     | Backtest   | [回测 4/5] 模拟第 3101/4845 笔交易: 硅宝科技...
2026-05-05 23:51:10.729 | INFO     | Backtest   | [回测 4/5] 模拟第 3111/4845 笔交易: 江航装备...
2026-05-05 23:51:10.896 | INFO     | Backtest   | [回测 4/5] 模拟第 3121/4845 笔交易: 茂业商业...
2026-05-05 23:51:11.069 | INFO     | Backtest   | [回测 4/5] 模拟第 3131/4845 笔交易: 飞乐音响...
2026-05-05 23:51:11.266 | INFO     | Backtest   | [回测 4/5] 模拟第 3141/4845 笔交易: 银邦股份...
2026-05-05 23:51:11.478 | INFO     | Backtest   | [回测 4/5] 模拟第 3151/4845 笔交易: 森马服饰...
2026-05-05 23:51:11.683 | INFO     | Backtest   | [回测 4/5] 模拟第 3161/4845 笔交易: 汇通集团...
2026-05-05 23:51:11.902 | INFO     | Backtest   | [回测 4/5] 模拟第 3171/4845 笔交易: 花园生物...
2026-05-05 23:51:12.128 | INFO     | Backtest   | [回测 4/5] 模拟第 3181/4845 笔交易: 滨海能源...
2026-05-05 23:51:12.277 | INFO     | Backtest   | [回测 4/5] 模拟第 3191/4845 笔交易: 东港股份...
2026-05-05 23:51:12.482 | INFO     | Backtest   | [回测 4/5] 模拟第 3201/4845 笔交易: 厦门国贸...
2026-05-05 23:51:12.646 | INFO     | Backtest   | [回测 4/5] 模拟第 3211/4845 笔交易: 海南海药...
2026-05-05 23:51:12.807 | INFO     | Backtest   | [回测 4/5] 模拟第 3221/4845 笔交易: 锦富技术...
2026-05-05 23:51:13.000 | INFO     | Backtest   | [回测 4/5] 模拟第 3231/4845 笔交易: 密封科技...
2026-05-05 23:51:13.146 | INFO     | Backtest   | [回测 4/5] 模拟第 3241/4845 笔交易: 瑞泰科技...
2026-05-05 23:51:13.298 | INFO     | Backtest   | [回测 4/5] 模拟第 3251/4845 笔交易: 鄂尔多斯...
2026-05-05 23:51:13.518 | INFO     | Backtest   | [回测 4/5] 模拟第 3261/4845 笔交易: 石化机械...
2026-05-05 23:51:13.715 | INFO     | Backtest   | [回测 4/5] 模拟第 3271/4845 笔交易: 浩通科技...
2026-05-05 23:51:13.897 | INFO     | Backtest   | [回测 4/5] 模拟第 3281/4845 笔交易: 飞鹿股份...
2026-05-05 23:51:14.099 | INFO     | Backtest   | [回测 4/5] 模拟第 3291/4845 笔交易: 高测股份...
2026-05-05 23:51:14.310 | INFO     | Backtest   | [回测 4/5] 模拟第 3301/4845 笔交易: 友好集团...
2026-05-05 23:51:14.510 | INFO     | Backtest   | [回测 4/5] 模拟第 3311/4845 笔交易: 金陵饭店...
2026-05-05 23:51:14.747 | INFO     | Backtest   | [回测 4/5] 模拟第 3321/4845 笔交易: 宏鑫科技...
2026-05-05 23:51:14.970 | INFO     | Backtest   | [回测 4/5] 模拟第 3331/4845 笔交易: 国药一致...
2026-05-05 23:51:15.171 | INFO     | Backtest   | [回测 4/5] 模拟第 3341/4845 笔交易: 凤凰航运...
2026-05-05 23:51:15.402 | INFO     | Backtest   | [回测 4/5] 模拟第 3351/4845 笔交易: 东珠生态...
2026-05-05 23:51:15.579 | INFO     | Backtest   | [回测 4/5] 模拟第 3361/4845 笔交易: 科捷智能...
2026-05-05 23:51:15.777 | INFO     | Backtest   | [回测 4/5] 模拟第 3371/4845 笔交易: 三安光电...
2026-05-05 23:51:15.985 | INFO     | Backtest   | [回测 4/5] 模拟第 3381/4845 笔交易: 中光防雷...
2026-05-05 23:51:16.170 | INFO     | Backtest   | [回测 4/5] 模拟第 3391/4845 笔交易: 信科移动-U...
2026-05-05 23:51:16.341 | INFO     | Backtest   | [回测 4/5] 模拟第 3401/4845 笔交易: 乐凯胶片...
2026-05-05 23:51:16.529 | INFO     | Backtest   | [回测 4/5] 模拟第 3411/4845 笔交易: 松原安全...
2026-05-05 23:51:16.673 | INFO     | Backtest   | [回测 4/5] 模拟第 3421/4845 笔交易: 平潭发展...
2026-05-05 23:51:16.847 | INFO     | Backtest   | [回测 4/5] 模拟第 3431/4845 笔交易: 顺灏股份...
2026-05-05 23:51:17.048 | INFO     | Backtest   | [回测 4/5] 模拟第 3441/4845 笔交易: 英特集团...
2026-05-05 23:51:17.229 | INFO     | Backtest   | [回测 4/5] 模拟第 3451/4845 笔交易: 喜悦智行...
2026-05-05 23:51:17.414 | INFO     | Backtest   | [回测 4/5] 模拟第 3461/4845 笔交易: 奥康国际...
2026-05-05 23:51:17.613 | INFO     | Backtest   | [回测 4/5] 模拟第 3471/4845 笔交易: 乐普医疗...
2026-05-05 23:51:17.768 | INFO     | Backtest   | [回测 4/5] 模拟第 3481/4845 笔交易: 悦康药业...
2026-05-05 23:51:17.922 | INFO     | Backtest   | [回测 4/5] 模拟第 3491/4845 笔交易: 光华股份...
2026-05-05 23:51:18.102 | INFO     | Backtest   | [回测 4/5] 模拟第 3501/4845 笔交易: 鼎汉技术...
2026-05-05 23:51:18.325 | INFO     | Backtest   | [回测 4/5] 模拟第 3511/4845 笔交易: 星球石墨...
2026-05-05 23:51:18.522 | INFO     | Backtest   | [回测 4/5] 模拟第 3521/4845 笔交易: 春立医疗...
2026-05-05 23:51:18.703 | INFO     | Backtest   | [回测 4/5] 模拟第 3531/4845 笔交易: 华海药业...
2026-05-05 23:51:18.930 | INFO     | Backtest   | [回测 4/5] 模拟第 3541/4845 笔交易: 千红制药...
2026-05-05 23:51:19.153 | INFO     | Backtest   | [回测 4/5] 模拟第 3551/4845 笔交易: 四川双马...
2026-05-05 23:51:19.355 | INFO     | Backtest   | [回测 4/5] 模拟第 3561/4845 笔交易: 洽洽食品...
2026-05-05 23:51:19.574 | INFO     | Backtest   | [回测 4/5] 模拟第 3571/4845 笔交易: 诚意药业...
2026-05-05 23:51:19.778 | INFO     | Backtest   | [回测 4/5] 模拟第 3581/4845 笔交易: 创力集团...
2026-05-05 23:51:19.974 | INFO     | Backtest   | [回测 4/5] 模拟第 3591/4845 笔交易: 氯碱化工...
2026-05-05 23:51:20.178 | INFO     | Backtest   | [回测 4/5] 模拟第 3601/4845 笔交易: 张小泉...
2026-05-05 23:51:20.384 | INFO     | Backtest   | [回测 4/5] 模拟第 3611/4845 笔交易: 海新能科...
2026-05-05 23:51:20.574 | INFO     | Backtest   | [回测 4/5] 模拟第 3621/4845 笔交易: 新联电子...
2026-05-05 23:51:20.835 | INFO     | Backtest   | [回测 4/5] 模拟第 3631/4845 笔交易: 长阳科技...
2026-05-05 23:51:21.018 | INFO     | Backtest   | [回测 4/5] 模拟第 3641/4845 笔交易: 天能重工...
2026-05-05 23:51:21.252 | INFO     | Backtest   | [回测 4/5] 模拟第 3651/4845 笔交易: 江南高纤...
2026-05-05 23:51:21.482 | INFO     | Backtest   | [回测 4/5] 模拟第 3661/4845 笔交易: 中国化学...
2026-05-05 23:51:21.696 | INFO     | Backtest   | [回测 4/5] 模拟第 3671/4845 笔交易: 锦江航运...
2026-05-05 23:51:21.838 | INFO     | Backtest   | [回测 4/5] 模拟第 3681/4845 笔交易: 兴瑞科技...
2026-05-05 23:51:22.016 | INFO     | Backtest   | [回测 4/5] 模拟第 3691/4845 笔交易: 宝泰隆...
2026-05-05 23:51:22.214 | INFO     | Backtest   | [回测 4/5] 模拟第 3701/4845 笔交易: 三和管桩...
2026-05-05 23:51:22.383 | INFO     | Backtest   | [回测 4/5] 模拟第 3711/4845 笔交易: 郑中设计...
2026-05-05 23:51:22.566 | INFO     | Backtest   | [回测 4/5] 模拟第 3721/4845 笔交易: 瀚川智能...
2026-05-05 23:51:22.796 | INFO     | Backtest   | [回测 4/5] 模拟第 3731/4845 笔交易: 路德科技...
2026-05-05 23:51:22.999 | INFO     | Backtest   | [回测 4/5] 模拟第 3741/4845 笔交易: 蓝盾光电...
2026-05-05 23:51:23.185 | INFO     | Backtest   | [回测 4/5] 模拟第 3751/4845 笔交易: 汇中股份...
2026-05-05 23:51:23.412 | INFO     | Backtest   | [回测 4/5] 模拟第 3761/4845 笔交易: 北方国际...
2026-05-05 23:51:23.618 | INFO     | Backtest   | [回测 4/5] 模拟第 3771/4845 笔交易: 华骐环保...
2026-05-05 23:51:23.828 | INFO     | Backtest   | [回测 4/5] 模拟第 3781/4845 笔交易: 洪汇新材...
2026-05-05 23:51:23.996 | INFO     | Backtest   | [回测 4/5] 模拟第 3791/4845 笔交易: 富祥药业...
2026-05-05 23:51:24.176 | INFO     | Backtest   | [回测 4/5] 模拟第 3801/4845 笔交易: 万通发展...
2026-05-05 23:51:24.353 | INFO     | Backtest   | [回测 4/5] 模拟第 3811/4845 笔交易: 海南华铁...
2026-05-05 23:51:24.520 | INFO     | Backtest   | [回测 4/5] 模拟第 3821/4845 笔交易: 福成股份...
2026-05-05 23:51:24.717 | INFO     | Backtest   | [回测 4/5] 模拟第 3831/4845 笔交易: 朗科智能...
2026-05-05 23:51:24.906 | INFO     | Backtest   | [回测 4/5] 模拟第 3841/4845 笔交易: 文科股份...
2026-05-05 23:51:25.056 | INFO     | Backtest   | [回测 4/5] 模拟第 3851/4845 笔交易: 延江股份...
2026-05-05 23:51:25.239 | INFO     | Backtest   | [回测 4/5] 模拟第 3861/4845 笔交易: 新黄浦...
2026-05-05 23:51:25.447 | INFO     | Backtest   | [回测 4/5] 模拟第 3871/4845 笔交易: 立新能源...
2026-05-05 23:51:25.644 | INFO     | Backtest   | [回测 4/5] 模拟第 3881/4845 笔交易: 博世科...
2026-05-05 23:51:25.865 | INFO     | Backtest   | [回测 4/5] 模拟第 3891/4845 笔交易: 紫江企业...
2026-05-05 23:51:26.086 | INFO     | Backtest   | [回测 4/5] 模拟第 3901/4845 笔交易: 岳阳林纸...
2026-05-05 23:51:26.295 | INFO     | Backtest   | [回测 4/5] 模拟第 3911/4845 笔交易: 中国重汽...
2026-05-05 23:51:26.480 | INFO     | Backtest   | [回测 4/5] 模拟第 3921/4845 笔交易: 卧龙新能...
2026-05-05 23:51:26.650 | INFO     | Backtest   | [回测 4/5] 模拟第 3931/4845 笔交易: 百达精工...
2026-05-05 23:51:26.805 | INFO     | Backtest   | [回测 4/5] 模拟第 3941/4845 笔交易: 太阳能...
2026-05-05 23:51:26.936 | INFO     | Backtest   | [回测 4/5] 模拟第 3951/4845 笔交易: 南方传媒...
2026-05-05 23:51:27.117 | INFO     | Backtest   | [回测 4/5] 模拟第 3961/4845 笔交易: 莱绅通灵...
2026-05-05 23:51:27.250 | INFO     | Backtest   | [回测 4/5] 模拟第 3971/4845 笔交易: 达意隆...
2026-05-05 23:51:27.388 | INFO     | Backtest   | [回测 4/5] 模拟第 3981/4845 笔交易: 维科技术...
2026-05-05 23:51:27.508 | INFO     | Backtest   | [回测 4/5] 模拟第 3991/4845 笔交易: 华林证券...
2026-05-05 23:51:27.631 | INFO     | Backtest   | [回测 4/5] 模拟第 4001/4845 笔交易: 爱慕股份...
2026-05-05 23:51:27.745 | INFO     | Backtest   | [回测 4/5] 模拟第 4011/4845 笔交易: 上海建工...
2026-05-05 23:51:27.887 | INFO     | Backtest   | [回测 4/5] 模拟第 4021/4845 笔交易: 万丰股份...
2026-05-05 23:51:28.042 | INFO     | Backtest   | [回测 4/5] 模拟第 4031/4845 笔交易: 峨眉山Ａ...
2026-05-05 23:51:28.198 | INFO     | Backtest   | [回测 4/5] 模拟第 4041/4845 笔交易: 美迪凯...
2026-05-05 23:51:28.369 | INFO     | Backtest   | [回测 4/5] 模拟第 4051/4845 笔交易: 桂冠电力...
2026-05-05 23:51:28.562 | INFO     | Backtest   | [回测 4/5] 模拟第 4061/4845 笔交易: 贵绳股份...
2026-05-05 23:51:28.772 | INFO     | Backtest   | [回测 4/5] 模拟第 4071/4845 笔交易: 本立科技...
2026-05-05 23:51:28.994 | INFO     | Backtest   | [回测 4/5] 模拟第 4081/4845 笔交易: 华康股份...
2026-05-05 23:51:29.174 | INFO     | Backtest   | [回测 4/5] 模拟第 4091/4845 笔交易: 尤夫股份...
2026-05-05 23:51:29.340 | INFO     | Backtest   | [回测 4/5] 模拟第 4101/4845 笔交易: 开山股份...
2026-05-05 23:51:29.516 | INFO     | Backtest   | [回测 4/5] 模拟第 4111/4845 笔交易: 大连热电...
2026-05-05 23:51:29.703 | INFO     | Backtest   | [回测 4/5] 模拟第 4121/4845 笔交易: 浙江交科...
2026-05-05 23:51:29.896 | INFO     | Backtest   | [回测 4/5] 模拟第 4131/4845 笔交易: 金富科技...
2026-05-05 23:51:30.060 | INFO     | Backtest   | [回测 4/5] 模拟第 4141/4845 笔交易: 章源钨业...
2026-05-05 23:51:30.211 | INFO     | Backtest   | [回测 4/5] 模拟第 4151/4845 笔交易: 浙江龙盛...
2026-05-05 23:51:30.366 | INFO     | Backtest   | [回测 4/5] 模拟第 4161/4845 笔交易: 望变电气...
2026-05-05 23:51:30.548 | INFO     | Backtest   | [回测 4/5] 模拟第 4171/4845 笔交易: 常宝股份...
2026-05-05 23:51:30.736 | INFO     | Backtest   | [回测 4/5] 模拟第 4181/4845 笔交易: 三六零...
2026-05-05 23:51:30.906 | INFO     | Backtest   | [回测 4/5] 模拟第 4191/4845 笔交易: 宝地矿业...
2026-05-05 23:51:31.068 | INFO     | Backtest   | [回测 4/5] 模拟第 4201/4845 笔交易: 银信科技...
2026-05-05 23:51:31.262 | INFO     | Backtest   | [回测 4/5] 模拟第 4211/4845 笔交易: 美克家居...
2026-05-05 23:51:31.405 | INFO     | Backtest   | [回测 4/5] 模拟第 4221/4845 笔交易: 上海沪工...
2026-05-05 23:51:31.570 | INFO     | Backtest   | [回测 4/5] 模拟第 4231/4845 笔交易: 标准股份...
2026-05-05 23:51:31.690 | INFO     | Backtest   | [回测 4/5] 模拟第 4241/4845 笔交易: 大东南...
2026-05-05 23:51:31.843 | INFO     | Backtest   | [回测 4/5] 模拟第 4251/4845 笔交易: 明志科技...
2026-05-05 23:51:31.943 | INFO     | Backtest   | [回测 4/5] 模拟第 4261/4845 笔交易: 广田集团...
2026-05-05 23:51:32.082 | INFO     | Backtest   | [回测 4/5] 模拟第 4271/4845 笔交易: 上海石化...
2026-05-05 23:51:32.210 | INFO     | Backtest   | [回测 4/5] 模拟第 4281/4845 笔交易: 可立克...
2026-05-05 23:51:32.320 | INFO     | Backtest   | [回测 4/5] 模拟第 4291/4845 笔交易: 交运股份...
2026-05-05 23:51:32.439 | INFO     | Backtest   | [回测 4/5] 模拟第 4301/4845 笔交易: 正丹股份...
2026-05-05 23:51:32.618 | INFO     | Backtest   | [回测 4/5] 模拟第 4311/4845 笔交易: 中炬高新...
2026-05-05 23:51:32.782 | INFO     | Backtest   | [回测 4/5] 模拟第 4321/4845 笔交易: 华瓷股份...
2026-05-05 23:51:32.897 | INFO     | Backtest   | [回测 4/5] 模拟第 4331/4845 笔交易: 博敏电子...
2026-05-05 23:51:33.068 | INFO     | Backtest   | [回测 4/5] 模拟第 4341/4845 笔交易: 中国通号...
2026-05-05 23:51:33.246 | INFO     | Backtest   | [回测 4/5] 模拟第 4351/4845 笔交易: 菲沃泰...
2026-05-05 23:51:33.381 | INFO     | Backtest   | [回测 4/5] 模拟第 4361/4845 笔交易: 运达科技...
2026-05-05 23:51:33.530 | INFO     | Backtest   | [回测 4/5] 模拟第 4371/4845 笔交易: 兴森科技...
2026-05-05 23:51:33.668 | INFO     | Backtest   | [回测 4/5] 模拟第 4381/4845 笔交易: 甘肃能化...
2026-05-05 23:51:33.816 | INFO     | Backtest   | [回测 4/5] 模拟第 4391/4845 笔交易: 惠云钛业...
2026-05-05 23:51:33.962 | INFO     | Backtest   | [回测 4/5] 模拟第 4401/4845 笔交易: 东杰智能...
2026-05-05 23:51:34.044 | INFO     | Backtest   | [回测 4/5] 模拟第 4411/4845 笔交易: 中南文化...
2026-05-05 23:51:34.172 | INFO     | Backtest   | [回测 4/5] 模拟第 4421/4845 笔交易: 凯盛新能...
2026-05-05 23:51:34.315 | INFO     | Backtest   | [回测 4/5] 模拟第 4431/4845 笔交易: 沙河股份...
2026-05-05 23:51:34.459 | INFO     | Backtest   | [回测 4/5] 模拟第 4441/4845 笔交易: 中赋科技...
2026-05-05 23:51:34.643 | INFO     | Backtest   | [回测 4/5] 模拟第 4451/4845 笔交易: 永兴股份...
2026-05-05 23:51:34.788 | INFO     | Backtest   | [回测 4/5] 模拟第 4461/4845 笔交易: 维科技术...
2026-05-05 23:51:34.943 | INFO     | Backtest   | [回测 4/5] 模拟第 4471/4845 笔交易: 福建高速...
2026-05-05 23:51:35.141 | INFO     | Backtest   | [回测 4/5] 模拟第 4481/4845 笔交易: 天津港...
2026-05-05 23:51:35.309 | INFO     | Backtest   | [回测 4/5] 模拟第 4491/4845 笔交易: 金正大...
2026-05-05 23:51:35.479 | INFO     | Backtest   | [回测 4/5] 模拟第 4501/4845 笔交易: 厦门银行...
2026-05-05 23:51:35.636 | INFO     | Backtest   | [回测 4/5] 模拟第 4511/4845 笔交易: 行云科技...
2026-05-05 23:51:35.773 | INFO     | Backtest   | [回测 4/5] 模拟第 4521/4845 笔交易: 力源信息...
2026-05-05 23:51:35.913 | INFO     | Backtest   | [回测 4/5] 模拟第 4531/4845 笔交易: 动力新科...
2026-05-05 23:51:36.098 | INFO     | Backtest   | [回测 4/5] 模拟第 4541/4845 笔交易: 奥飞数据...
2026-05-05 23:51:36.250 | INFO     | Backtest   | [回测 4/5] 模拟第 4551/4845 笔交易: 新华百货...
2026-05-05 23:51:36.428 | INFO     | Backtest   | [回测 4/5] 模拟第 4561/4845 笔交易: 智云股份...
2026-05-05 23:51:36.640 | INFO     | Backtest   | [回测 4/5] 模拟第 4571/4845 笔交易: 南凌科技...
2026-05-05 23:51:36.823 | INFO     | Backtest   | [回测 4/5] 模拟第 4581/4845 笔交易: 南兴股份...
2026-05-05 23:51:37.005 | INFO     | Backtest   | [回测 4/5] 模拟第 4591/4845 笔交易: 舜禹股份...
2026-05-05 23:51:37.189 | INFO     | Backtest   | [回测 4/5] 模拟第 4601/4845 笔交易: 吉视传媒...
2026-05-05 23:51:37.369 | INFO     | Backtest   | [回测 4/5] 模拟第 4611/4845 笔交易: 彩蝶实业...
2026-05-05 23:51:37.568 | INFO     | Backtest   | [回测 4/5] 模拟第 4621/4845 笔交易: 同兴科技...
2026-05-05 23:51:37.765 | INFO     | Backtest   | [回测 4/5] 模拟第 4631/4845 笔交易: 华信新材...
2026-05-05 23:51:37.964 | INFO     | Backtest   | [回测 4/5] 模拟第 4641/4845 笔交易: 新华都...
2026-05-05 23:51:38.159 | INFO     | Backtest   | [回测 4/5] 模拟第 4651/4845 笔交易: 科顺股份...
2026-05-05 23:51:38.310 | INFO     | Backtest   | [回测 4/5] 模拟第 4661/4845 笔交易: 西藏旅游...
2026-05-05 23:51:38.502 | INFO     | Backtest   | [回测 4/5] 模拟第 4671/4845 笔交易: 方正电机...
2026-05-05 23:51:38.716 | INFO     | Backtest   | [回测 4/5] 模拟第 4681/4845 笔交易: 新经典...
2026-05-05 23:51:38.891 | INFO     | Backtest   | [回测 4/5] 模拟第 4691/4845 笔交易: 迈赫股份...
2026-05-05 23:51:39.076 | INFO     | Backtest   | [回测 4/5] 模拟第 4701/4845 笔交易: 湘佳股份...
2026-05-05 23:51:39.253 | INFO     | Backtest   | [回测 4/5] 模拟第 4711/4845 笔交易: 水星家纺...
2026-05-05 23:51:39.414 | INFO     | Backtest   | [回测 4/5] 模拟第 4721/4845 笔交易: 佳力图...
2026-05-05 23:51:39.566 | INFO     | Backtest   | [回测 4/5] 模拟第 4731/4845 笔交易: 金钼股份...
2026-05-05 23:51:39.738 | INFO     | Backtest   | [回测 4/5] 模拟第 4741/4845 笔交易: 光莆股份...
2026-05-05 23:51:39.845 | INFO     | Backtest   | [回测 4/5] 模拟第 4751/4845 笔交易: 平高电气...
2026-05-05 23:51:39.971 | INFO     | Backtest   | [回测 4/5] 模拟第 4761/4845 笔交易: 金信诺...
2026-05-05 23:51:40.124 | INFO     | Backtest   | [回测 4/5] 模拟第 4771/4845 笔交易: 元祖股份...
2026-05-05 23:51:40.246 | INFO     | Backtest   | [回测 4/5] 模拟第 4781/4845 笔交易: 三鑫医疗...
2026-05-05 23:51:40.428 | INFO     | Backtest   | [回测 4/5] 模拟第 4791/4845 笔交易: 湖北宜化...
2026-05-05 23:51:40.519 | INFO     | Backtest   | [回测 4/5] 模拟第 4801/4845 笔交易: 蔚蓝锂芯...
2026-05-05 23:51:40.683 | INFO     | Backtest   | [回测 4/5] 模拟第 4811/4845 笔交易: 初灵信息...
2026-05-05 23:51:40.786 | INFO     | Backtest   | [回测 4/5] 模拟第 4821/4845 笔交易: 麦捷科技...
2026-05-05 23:51:40.897 | INFO     | Backtest   | [回测 4/5] 模拟第 4831/4845 笔交易: 芯联集成-U...
2026-05-05 23:51:41.046 | INFO     | Backtest   | [回测 4/5] 模拟第 4841/4845 笔交易: 广哈通信...
2026-05-05 23:51:41.108 | INFO     | Backtest   | [回测 5/5] 回测任务完成: 1142笔(含0笔平手离场)
2026-05-05 23:51:41.854 | INFO     | Backtest   | [回测 1/5] 筛选回测目标股票...
2026-05-05 23:51:41.868 | INFO     | Backtest   | [回测 2/5] 加载 4972 只股票的历史数据进行快速扫描...
2026-05-05 23:51:54.571 | INFO     | Backtest   | [回测 3/5] 计算策略信号 (基于日线信号库)...
2026-05-05 23:51:54.578 | INFO     | Screener   | 🧬 [Loader] 识别到类继承策略: MA5AngleOriginalStrategy
2026-05-05 23:51:58.713 | INFO     | Backtest   | [回测 4/5] 处理 4845 条信号，执行精细分钟线仿真...
2026-05-05 23:51:58.717 | INFO     | Backtest   | [回测 4/5] 模拟第 1/4845 笔交易: 升达林业...
2026-05-05 23:51:59.029 | INFO     | Backtest   | [回测 4/5] 模拟第 11/4845 笔交易: 万丰股份...
2026-05-05 23:51:59.400 | INFO     | Backtest   | [回测 4/5] 模拟第 21/4845 笔交易: 恒誉环保...
2026-05-05 23:51:59.772 | INFO     | Backtest   | [回测 4/5] 模拟第 31/4845 笔交易: 锦鸡股份...
2026-05-05 23:52:00.174 | INFO     | Backtest   | [回测 4/5] 模拟第 41/4845 笔交易: 君正集团...
2026-05-05 23:52:00.556 | INFO     | Backtest   | [回测 4/5] 模拟第 51/4845 笔交易: 海洋王...
2026-05-05 23:52:00.890 | INFO     | Backtest   | [回测 4/5] 模拟第 61/4845 笔交易: 三雄极光...
2026-05-05 23:52:01.257 | INFO     | Backtest   | [回测 4/5] 模拟第 71/4845 笔交易: 世名科技...
2026-05-05 23:52:01.609 | INFO     | Backtest   | [回测 4/5] 模拟第 81/4845 笔交易: 朝阳科技...
2026-05-05 23:52:01.936 | INFO     | Backtest   | [回测 4/5] 模拟第 91/4845 笔交易: 生意宝...
2026-05-05 23:52:02.278 | INFO     | Backtest   | [回测 4/5] 模拟第 101/4845 笔交易: 联建光电...
2026-05-05 23:52:02.644 | INFO     | Backtest   | [回测 4/5] 模拟第 111/4845 笔交易: 众源新材...
2026-05-05 23:52:03.041 | INFO     | Backtest   | [回测 4/5] 模拟第 121/4845 笔交易: 遥望科技...
2026-05-05 23:52:03.391 | INFO     | Backtest   | [回测 4/5] 模拟第 131/4845 笔交易: 歌尔股份...
2026-05-05 23:52:03.734 | INFO     | Backtest   | [回测 4/5] 模拟第 141/4845 笔交易: 激智科技...
2026-05-05 23:52:04.110 | INFO     | Backtest   | [回测 4/5] 模拟第 151/4845 笔交易: 方正科技...
2026-05-05 23:52:04.505 | INFO     | Backtest   | [回测 4/5] 模拟第 161/4845 笔交易: 烽火通信...
2026-05-05 23:52:04.897 | INFO     | Backtest   | [回测 4/5] 模拟第 171/4845 笔交易: 凯恩股份...
2026-05-05 23:52:05.287 | INFO     | Backtest   | [回测 4/5] 模拟第 181/4845 笔交易: 龙韵股份...
2026-05-05 23:52:05.647 | INFO     | Backtest   | [回测 4/5] 模拟第 191/4845 笔交易: 国安股份...
2026-05-05 23:52:06.062 | INFO     | Backtest   | [回测 4/5] 模拟第 201/4845 笔交易: 柏诚股份...
2026-05-05 23:52:06.442 | INFO     | Backtest   | [回测 4/5] 模拟第 211/4845 笔交易: 物产金轮...
2026-05-05 23:52:06.809 | INFO     | Backtest   | [回测 4/5] 模拟第 221/4845 笔交易: 星源材质...
2026-05-05 23:52:07.142 | INFO     | Backtest   | [回测 4/5] 模拟第 231/4845 笔交易: 深纺织Ａ...
2026-05-05 23:52:07.509 | INFO     | Backtest   | [回测 4/5] 模拟第 241/4845 笔交易: 神思电子...
2026-05-05 23:52:07.911 | INFO     | Backtest   | [回测 4/5] 模拟第 251/4845 笔交易: 道明光学...
2026-05-05 23:52:08.310 | INFO     | Backtest   | [回测 4/5] 模拟第 261/4845 笔交易: 清源股份...
2026-05-05 23:52:08.678 | INFO     | Backtest   | [回测 4/5] 模拟第 271/4845 笔交易: 南矿集团...
2026-05-05 23:52:09.055 | INFO     | Backtest   | [回测 4/5] 模拟第 281/4845 笔交易: 蒙草生态...
2026-05-05 23:52:09.464 | INFO     | Backtest   | [回测 4/5] 模拟第 291/4845 笔交易: 金石亚药...
2026-05-05 23:52:09.867 | INFO     | Backtest   | [回测 4/5] 模拟第 301/4845 笔交易: 贵绳股份...
2026-05-05 23:52:10.240 | INFO     | Backtest   | [回测 4/5] 模拟第 311/4845 笔交易: 有研硅...
2026-05-05 23:52:10.659 | INFO     | Backtest   | [回测 4/5] 模拟第 321/4845 笔交易: 四川双马...
2026-05-05 23:52:11.049 | INFO     | Backtest   | [回测 4/5] 模拟第 331/4845 笔交易: 名臣健康...
2026-05-05 23:52:11.448 | INFO     | Backtest   | [回测 4/5] 模拟第 341/4845 笔交易: 红塔证券...
2026-05-05 23:52:11.796 | INFO     | Backtest   | [回测 4/5] 模拟第 351/4845 笔交易: 爱朋医疗...
2026-05-05 23:52:12.179 | INFO     | Backtest   | [回测 4/5] 模拟第 361/4845 笔交易: 起帆电缆...
2026-05-05 23:52:12.579 | INFO     | Backtest   | [回测 4/5] 模拟第 371/4845 笔交易: 兴业股份...
2026-05-05 23:52:12.958 | INFO     | Backtest   | [回测 4/5] 模拟第 381/4845 笔交易: 赛维时代...
2026-05-05 23:52:13.336 | INFO     | Backtest   | [回测 4/5] 模拟第 391/4845 笔交易: 三态股份...
2026-05-05 23:52:13.662 | INFO     | Backtest   | [回测 4/5] 模拟第 401/4845 笔交易: 兴欣新材...
2026-05-05 23:52:14.022 | INFO     | Backtest   | [回测 4/5] 模拟第 411/4845 笔交易: 云南能投...
2026-05-05 23:52:14.418 | INFO     | Backtest   | [回测 4/5] 模拟第 421/4845 笔交易: 艾比森...
2026-05-05 23:52:14.751 | INFO     | Backtest   | [回测 4/5] 模拟第 431/4845 笔交易: 国旅联合...
2026-05-05 23:52:15.135 | INFO     | Backtest   | [回测 4/5] 模拟第 441/4845 笔交易: 森远股份...
2026-05-05 23:52:15.435 | INFO     | Backtest   | [回测 4/5] 模拟第 451/4845 笔交易: 正虹科技...
2026-05-05 23:52:15.734 | INFO     | Backtest   | [回测 4/5] 模拟第 461/4845 笔交易: 荣盛发展...
2026-05-05 23:52:16.088 | INFO     | Backtest   | [回测 4/5] 模拟第 471/4845 笔交易: 宝立食品...
2026-05-05 23:52:16.437 | INFO     | Backtest   | [回测 4/5] 模拟第 481/4845 笔交易: 青岛食品...
2026-05-05 23:52:16.816 | INFO     | Backtest   | [回测 4/5] 模拟第 491/4845 笔交易: 安阳钢铁...
2026-05-05 23:52:17.187 | INFO     | Backtest   | [回测 4/5] 模拟第 501/4845 笔交易: 一心堂...
2026-05-05 23:52:17.500 | INFO     | Backtest   | [回测 4/5] 模拟第 511/4845 笔交易: 高乐股份...
2026-05-05 23:52:17.824 | INFO     | Backtest   | [回测 4/5] 模拟第 521/4845 笔交易: 海伦钢琴...
2026-05-05 23:52:18.114 | INFO     | Backtest   | [回测 4/5] 模拟第 531/4845 笔交易: 李子园...
2026-05-05 23:52:18.472 | INFO     | Backtest   | [回测 4/5] 模拟第 541/4845 笔交易: 崧盛股份...
2026-05-05 23:52:18.835 | INFO     | Backtest   | [回测 4/5] 模拟第 551/4845 笔交易: 恒尚节能...
2026-05-05 23:52:19.152 | INFO     | Backtest   | [回测 4/5] 模拟第 561/4845 笔交易: 明阳电路...
2026-05-05 23:52:19.498 | INFO     | Backtest   | [回测 4/5] 模拟第 571/4845 笔交易: 电工合金...
2026-05-05 23:52:19.857 | INFO     | Backtest   | [回测 4/5] 模拟第 581/4845 笔交易: 瀛通通讯...
2026-05-05 23:52:20.186 | INFO     | Backtest   | [回测 4/5] 模拟第 591/4845 笔交易: 华夏航空...
2026-05-05 23:52:20.516 | INFO     | Backtest   | [回测 4/5] 模拟第 601/4845 笔交易: 中兰环保...
2026-05-05 23:52:20.837 | INFO     | Backtest   | [回测 4/5] 模拟第 611/4845 笔交易: 浙江东日...
2026-05-05 23:52:21.208 | INFO     | Backtest   | [回测 4/5] 模拟第 621/4845 笔交易: 汉王科技...
2026-05-05 23:52:21.589 | INFO     | Backtest   | [回测 4/5] 模拟第 631/4845 笔交易: 创维数字...
2026-05-05 23:52:21.950 | INFO     | Backtest   | [回测 4/5] 模拟第 641/4845 笔交易: 晨曦航空...
2026-05-05 23:52:22.211 | INFO     | Backtest   | [回测 4/5] 模拟第 651/4845 笔交易: 山子高科...
2026-05-05 23:52:22.500 | INFO     | Backtest   | [回测 4/5] 模拟第 661/4845 笔交易: 尤安设计...
2026-05-05 23:52:22.837 | INFO     | Backtest   | [回测 4/5] 模拟第 671/4845 笔交易: 赫美集团...
2026-05-05 23:52:23.191 | INFO     | Backtest   | [回测 4/5] 模拟第 681/4845 笔交易: 诚达药业...
2026-05-05 23:52:23.549 | INFO     | Backtest   | [回测 4/5] 模拟第 691/4845 笔交易: 森泰股份...
2026-05-05 23:52:23.923 | INFO     | Backtest   | [回测 4/5] 模拟第 701/4845 笔交易: 一彬科技...
2026-05-05 23:52:24.280 | INFO     | Backtest   | [回测 4/5] 模拟第 711/4845 笔交易: 溢多利...
2026-05-05 23:52:24.668 | INFO     | Backtest   | [回测 4/5] 模拟第 721/4845 笔交易: 博晖创新...
2026-05-05 23:52:25.061 | INFO     | Backtest   | [回测 4/5] 模拟第 731/4845 笔交易: 和顺科技...
2026-05-05 23:52:25.455 | INFO     | Backtest   | [回测 4/5] 模拟第 741/4845 笔交易: 宣亚国际...
2026-05-05 23:52:25.838 | INFO     | Backtest   | [回测 4/5] 模拟第 751/4845 笔交易: 浩物股份...
2026-05-05 23:52:26.219 | INFO     | Backtest   | [回测 4/5] 模拟第 761/4845 笔交易: 秦川物联...
2026-05-05 23:52:26.589 | INFO     | Backtest   | [回测 4/5] 模拟第 771/4845 笔交易: 银信科技...
2026-05-05 23:52:26.952 | INFO     | Backtest   | [回测 4/5] 模拟第 781/4845 笔交易: 欧科亿...
2026-05-05 23:52:27.346 | INFO     | Backtest   | [回测 4/5] 模拟第 791/4845 笔交易: 维业股份...
2026-05-05 23:52:27.718 | INFO     | Backtest   | [回测 4/5] 模拟第 801/4845 笔交易: 智动力...
2026-05-05 23:52:28.077 | INFO     | Backtest   | [回测 4/5] 模拟第 811/4845 笔交易: 读者传媒...
2026-05-05 23:52:28.468 | INFO     | Backtest   | [回测 4/5] 模拟第 821/4845 笔交易: 方盛制药...
2026-05-05 23:52:28.847 | INFO     | Backtest   | [回测 4/5] 模拟第 831/4845 笔交易: 三诺生物...
2026-05-05 23:52:29.156 | INFO     | Backtest   | [回测 4/5] 模拟第 841/4845 笔交易: 北化股份...
2026-05-05 23:52:29.459 | INFO     | Backtest   | [回测 4/5] 模拟第 851/4845 笔交易: 迅捷兴...
2026-05-05 23:52:29.808 | INFO     | Backtest   | [回测 4/5] 模拟第 861/4845 笔交易: 源飞宠物...
2026-05-05 23:52:30.107 | INFO     | Backtest   | [回测 4/5] 模拟第 871/4845 笔交易: 横店影视...
2026-05-05 23:52:30.471 | INFO     | Backtest   | [回测 4/5] 模拟第 881/4845 笔交易: 蓝科高新...
2026-05-05 23:52:30.767 | INFO     | Backtest   | [回测 4/5] 模拟第 891/4845 笔交易: 德新科技...
2026-05-05 23:52:31.075 | INFO     | Backtest   | [回测 4/5] 模拟第 901/4845 笔交易: 湘电股份...
2026-05-05 23:52:31.367 | INFO     | Backtest   | [回测 4/5] 模拟第 911/4845 笔交易: 阿石创...
2026-05-05 23:52:31.721 | INFO     | Backtest   | [回测 4/5] 模拟第 921/4845 笔交易: 创元科技...
2026-05-05 23:52:32.025 | INFO     | Backtest   | [回测 4/5] 模拟第 931/4845 笔交易: 西上海...
2026-05-05 23:52:32.309 | INFO     | Backtest   | [回测 4/5] 模拟第 941/4845 笔交易: 电子城...
2026-05-05 23:52:32.621 | INFO     | Backtest   | [回测 4/5] 模拟第 951/4845 笔交易: 安科生物...
2026-05-05 23:52:32.896 | INFO     | Backtest   | [回测 4/5] 模拟第 961/4845 笔交易: 北大医药...
2026-05-05 23:52:33.182 | INFO     | Backtest   | [回测 4/5] 模拟第 971/4845 笔交易: 美腾科技...
2026-05-05 23:52:33.474 | INFO     | Backtest   | [回测 4/5] 模拟第 981/4845 笔交易: 标准股份...
2026-05-05 23:52:33.782 | INFO     | Backtest   | [回测 4/5] 模拟第 991/4845 笔交易: 清水源...
2026-05-05 23:52:34.044 | INFO     | Backtest   | [回测 4/5] 模拟第 1001/4845 笔交易: 景兴纸业...
2026-05-05 23:52:34.367 | INFO     | Backtest   | [回测 4/5] 模拟第 1011/4845 笔交易: 中瑞股份...
2026-05-05 23:52:34.684 | INFO     | Backtest   | [回测 4/5] 模拟第 1021/4845 笔交易: 新化股份...
2026-05-05 23:52:35.006 | INFO     | Backtest   | [回测 4/5] 模拟第 1031/4845 笔交易: 合金投资...
2026-05-05 23:52:35.312 | INFO     | Backtest   | [回测 4/5] 模拟第 1041/4845 笔交易: 奥联电子...
2026-05-05 23:52:35.618 | INFO     | Backtest   | [回测 4/5] 模拟第 1051/4845 笔交易: 中银证券...
2026-05-05 23:52:35.949 | INFO     | Backtest   | [回测 4/5] 模拟第 1061/4845 笔交易: 国统股份...
2026-05-05 23:52:36.298 | INFO     | Backtest   | [回测 4/5] 模拟第 1071/4845 笔交易: 艾隆科技...
2026-05-05 23:52:36.648 | INFO     | Backtest   | [回测 4/5] 模拟第 1081/4845 笔交易: 光云科技...
2026-05-05 23:52:36.971 | INFO     | Backtest   | [回测 4/5] 模拟第 1091/4845 笔交易: 壹石通...
2026-05-05 23:52:37.278 | INFO     | Backtest   | [回测 4/5] 模拟第 1101/4845 笔交易: 热威股份...
2026-05-05 23:52:37.607 | INFO     | Backtest   | [回测 4/5] 模拟第 1111/4845 笔交易: 依米康...
2026-05-05 23:52:37.978 | INFO     | Backtest   | [回测 4/5] 模拟第 1121/4845 笔交易: 首创证券...
2026-05-05 23:52:38.319 | INFO     | Backtest   | [回测 4/5] 模拟第 1131/4845 笔交易: 出版传媒...
2026-05-05 23:52:38.694 | INFO     | Backtest   | [回测 4/5] 模拟第 1141/4845 笔交易: 英威腾...
2026-05-05 23:52:39.027 | INFO     | Backtest   | [回测 4/5] 模拟第 1151/4845 笔交易: 合康新能...
2026-05-05 23:52:39.347 | INFO     | Backtest   | [回测 4/5] 模拟第 1161/4845 笔交易: 万得凯...
2026-05-05 23:52:39.700 | INFO     | Backtest   | [回测 4/5] 模拟第 1171/4845 笔交易: 莱美药业...
2026-05-05 23:52:40.014 | INFO     | Backtest   | [回测 4/5] 模拟第 1181/4845 笔交易: 信雅达...
2026-05-05 23:52:40.326 | INFO     | Backtest   | [回测 4/5] 模拟第 1191/4845 笔交易: 中航重机...
2026-05-05 23:52:40.616 | INFO     | Backtest   | [回测 4/5] 模拟第 1201/4845 笔交易: 华东重机...
2026-05-05 23:52:40.873 | INFO     | Backtest   | [回测 4/5] 模拟第 1211/4845 笔交易: 沃格光电...
2026-05-05 23:52:41.165 | INFO     | Backtest   | [回测 4/5] 模拟第 1221/4845 笔交易: 南极光...
2026-05-05 23:52:41.458 | INFO     | Backtest   | [回测 4/5] 模拟第 1231/4845 笔交易: 福然德...
2026-05-05 23:52:41.789 | INFO     | Backtest   | [回测 4/5] 模拟第 1241/4845 笔交易: 晨化股份...
2026-05-05 23:52:42.098 | INFO     | Backtest   | [回测 4/5] 模拟第 1251/4845 笔交易: 悦达投资...
2026-05-05 23:52:42.382 | INFO     | Backtest   | [回测 4/5] 模拟第 1261/4845 笔交易: 仕净科技...
2026-05-05 23:52:42.641 | INFO     | Backtest   | [回测 4/5] 模拟第 1271/4845 笔交易: 中石科技...
2026-05-05 23:52:42.960 | INFO     | Backtest   | [回测 4/5] 模拟第 1281/4845 笔交易: 长江材料...
2026-05-05 23:52:43.229 | INFO     | Backtest   | [回测 4/5] 模拟第 1291/4845 笔交易: 可立克...
2026-05-05 23:52:43.527 | INFO     | Backtest   | [回测 4/5] 模拟第 1301/4845 笔交易: 数据港...
2026-05-05 23:52:43.837 | INFO     | Backtest   | [回测 4/5] 模拟第 1311/4845 笔交易: 京泉华...
2026-05-05 23:52:44.170 | INFO     | Backtest   | [回测 4/5] 模拟第 1321/4845 笔交易: 广电计量...
2026-05-05 23:52:44.507 | INFO     | Backtest   | [回测 4/5] 模拟第 1331/4845 笔交易: 浙数文化...
2026-05-05 23:52:44.854 | INFO     | Backtest   | [回测 4/5] 模拟第 1341/4845 笔交易: 金圆股份...
2026-05-05 23:52:45.188 | INFO     | Backtest   | [回测 4/5] 模拟第 1351/4845 笔交易: 电科网安...
2026-05-05 23:52:45.514 | INFO     | Backtest   | [回测 4/5] 模拟第 1361/4845 笔交易: 英力特...
2026-05-05 23:52:45.758 | INFO     | Backtest   | [回测 4/5] 模拟第 1371/4845 笔交易: 山西焦化...
2026-05-05 23:52:46.084 | INFO     | Backtest   | [回测 4/5] 模拟第 1381/4845 笔交易: 亚邦股份...
2026-05-05 23:52:46.344 | INFO     | Backtest   | [回测 4/5] 模拟第 1391/4845 笔交易: 亿帆医药...
2026-05-05 23:52:46.680 | INFO     | Backtest   | [回测 4/5] 模拟第 1401/4845 笔交易: 大参林...
2026-05-05 23:52:46.965 | INFO     | Backtest   | [回测 4/5] 模拟第 1411/4845 笔交易: 海鸥股份...
2026-05-05 23:52:47.213 | INFO     | Backtest   | [回测 4/5] 模拟第 1421/4845 笔交易: 正裕工业...
2026-05-05 23:52:47.479 | INFO     | Backtest   | [回测 4/5] 模拟第 1431/4845 笔交易: 方盛制药...
2026-05-05 23:52:47.784 | INFO     | Backtest   | [回测 4/5] 模拟第 1441/4845 笔交易: 开开实业...
2026-05-05 23:52:48.086 | INFO     | Backtest   | [回测 4/5] 模拟第 1451/4845 笔交易: 神奇制药...
2026-05-05 23:52:48.424 | INFO     | Backtest   | [回测 4/5] 模拟第 1461/4845 笔交易: 亚宝药业...
2026-05-05 23:52:48.717 | INFO     | Backtest   | [回测 4/5] 模拟第 1471/4845 笔交易: 金海高科...
2026-05-05 23:52:49.026 | INFO     | Backtest   | [回测 4/5] 模拟第 1481/4845 笔交易: 山河药辅...
2026-05-05 23:52:49.271 | INFO     | Backtest   | [回测 4/5] 模拟第 1491/4845 笔交易: 江海股份...
2026-05-05 23:52:49.573 | INFO     | Backtest   | [回测 4/5] 模拟第 1501/4845 笔交易: 华培动力...
2026-05-05 23:52:49.858 | INFO     | Backtest   | [回测 4/5] 模拟第 1511/4845 笔交易: 法本信息...
2026-05-05 23:52:50.140 | INFO     | Backtest   | [回测 4/5] 模拟第 1521/4845 笔交易: 美思德...
2026-05-05 23:52:50.397 | INFO     | Backtest   | [回测 4/5] 模拟第 1531/4845 笔交易: 裕兴股份...
2026-05-05 23:52:50.659 | INFO     | Backtest   | [回测 4/5] 模拟第 1541/4845 笔交易: 国机重装...
2026-05-05 23:52:50.886 | INFO     | Backtest   | [回测 4/5] 模拟第 1551/4845 笔交易: 闽发铝业...
2026-05-05 23:52:51.116 | INFO     | Backtest   | [回测 4/5] 模拟第 1561/4845 笔交易: 华钰矿业...
2026-05-05 23:52:51.353 | INFO     | Backtest   | [回测 4/5] 模拟第 1571/4845 笔交易: 神火股份...
2026-05-05 23:52:51.622 | INFO     | Backtest   | [回测 4/5] 模拟第 1581/4845 笔交易: 新兴铸管...
2026-05-05 23:52:51.906 | INFO     | Backtest   | [回测 4/5] 模拟第 1591/4845 笔交易: 龙建股份...
2026-05-05 23:52:52.178 | INFO     | Backtest   | [回测 4/5] 模拟第 1601/4845 笔交易: 大西洋...
2026-05-05 23:52:52.434 | INFO     | Backtest   | [回测 4/5] 模拟第 1611/4845 笔交易: 北新路桥...
2026-05-05 23:52:52.672 | INFO     | Backtest   | [回测 4/5] 模拟第 1621/4845 笔交易: 太阳纸业...
2026-05-05 23:52:52.988 | INFO     | Backtest   | [回测 4/5] 模拟第 1631/4845 笔交易: 唐人神...
2026-05-05 23:52:53.276 | INFO     | Backtest   | [回测 4/5] 模拟第 1641/4845 笔交易: 腾达建设...
2026-05-05 23:52:53.588 | INFO     | Backtest   | [回测 4/5] 模拟第 1651/4845 笔交易: 兰花科创...
2026-05-05 23:52:53.856 | INFO     | Backtest   | [回测 4/5] 模拟第 1661/4845 笔交易: 通业科技...
2026-05-05 23:52:54.103 | INFO     | Backtest   | [回测 4/5] 模拟第 1671/4845 笔交易: 科新发展...
2026-05-05 23:52:54.350 | INFO     | Backtest   | [回测 4/5] 模拟第 1681/4845 笔交易: 滨化股份...
2026-05-05 23:52:54.636 | INFO     | Backtest   | [回测 4/5] 模拟第 1691/4845 笔交易: 京基智农...
2026-05-05 23:52:54.846 | INFO     | Backtest   | [回测 4/5] 模拟第 1701/4845 笔交易: 欣龙控股...
2026-05-05 23:52:55.142 | INFO     | Backtest   | [回测 4/5] 模拟第 1711/4845 笔交易: 康美药业...
2026-05-05 23:52:55.438 | INFO     | Backtest   | [回测 4/5] 模拟第 1721/4845 笔交易: 嘉诚国际...
2026-05-05 23:52:55.721 | INFO     | Backtest   | [回测 4/5] 模拟第 1731/4845 笔交易: 东阳光...
2026-05-05 23:52:55.982 | INFO     | Backtest   | [回测 4/5] 模拟第 1741/4845 笔交易: 翰宇药业...
2026-05-05 23:52:56.232 | INFO     | Backtest   | [回测 4/5] 模拟第 1751/4845 笔交易: 三力制药...
2026-05-05 23:52:56.473 | INFO     | Backtest   | [回测 4/5] 模拟第 1761/4845 笔交易: 凯撒旅业...
2026-05-05 23:52:56.681 | INFO     | Backtest   | [回测 4/5] 模拟第 1771/4845 笔交易: 开创国际...
2026-05-05 23:52:56.961 | INFO     | Backtest   | [回测 4/5] 模拟第 1781/4845 笔交易: 宇新股份...
2026-05-05 23:52:57.222 | INFO     | Backtest   | [回测 4/5] 模拟第 1791/4845 笔交易: 柘中股份...
2026-05-05 23:52:57.482 | INFO     | Backtest   | [回测 4/5] 模拟第 1801/4845 笔交易: 纽威数控...
2026-05-05 23:52:57.778 | INFO     | Backtest   | [回测 4/5] 模拟第 1811/4845 笔交易: 江南水务...
2026-05-05 23:52:58.057 | INFO     | Backtest   | [回测 4/5] 模拟第 1821/4845 笔交易: 国新能源...
2026-05-05 23:52:58.353 | INFO     | Backtest   | [回测 4/5] 模拟第 1831/4845 笔交易: 豪能股份...
2026-05-05 23:52:58.658 | INFO     | Backtest   | [回测 4/5] 模拟第 1841/4845 笔交易: 永创智能...
2026-05-05 23:52:58.957 | INFO     | Backtest   | [回测 4/5] 模拟第 1851/4845 笔交易: 璞源材料...
2026-05-05 23:52:59.272 | INFO     | Backtest   | [回测 4/5] 模拟第 1861/4845 笔交易: 秦川机床...
2026-05-05 23:52:59.521 | INFO     | Backtest   | [回测 4/5] 模拟第 1871/4845 笔交易: 科华生物...
2026-05-05 23:52:59.767 | INFO     | Backtest   | [回测 4/5] 模拟第 1881/4845 笔交易: 保立佳...
2026-05-05 23:53:00.023 | INFO     | Backtest   | [回测 4/5] 模拟第 1891/4845 笔交易: 常熟银行...
2026-05-05 23:53:00.315 | INFO     | Backtest   | [回测 4/5] 模拟第 1901/4845 笔交易: 密封科技...
2026-05-05 23:53:00.630 | INFO     | Backtest   | [回测 4/5] 模拟第 1911/4845 笔交易: 盛洋科技...
2026-05-05 23:53:00.929 | INFO     | Backtest   | [回测 4/5] 模拟第 1921/4845 笔交易: 广日股份...
2026-05-05 23:53:01.201 | INFO     | Backtest   | [回测 4/5] 模拟第 1931/4845 笔交易: 玉禾田...
2026-05-05 23:53:01.424 | INFO     | Backtest   | [回测 4/5] 模拟第 1941/4845 笔交易: 百联股份...
2026-05-05 23:53:01.685 | INFO     | Backtest   | [回测 4/5] 模拟第 1951/4845 笔交易: 首都在线...
2026-05-05 23:53:01.939 | INFO     | Backtest   | [回测 4/5] 模拟第 1961/4845 笔交易: 世茂能源...
2026-05-05 23:53:02.211 | INFO     | Backtest   | [回测 4/5] 模拟第 1971/4845 笔交易: 岭南控股...
2026-05-05 23:53:02.475 | INFO     | Backtest   | [回测 4/5] 模拟第 1981/4845 笔交易: 宏发股份...
2026-05-05 23:53:02.754 | INFO     | Backtest   | [回测 4/5] 模拟第 1991/4845 笔交易: 鸿合科技...
2026-05-05 23:53:03.024 | INFO     | Backtest   | [回测 4/5] 模拟第 2001/4845 笔交易: 凌志软件...
2026-05-05 23:53:03.261 | INFO     | Backtest   | [回测 4/5] 模拟第 2011/4845 笔交易: 扬子新材...
2026-05-05 23:53:03.475 | INFO     | Backtest   | [回测 4/5] 模拟第 2021/4845 笔交易: 冠昊生物...
2026-05-05 23:53:03.655 | INFO     | Backtest   | [回测 4/5] 模拟第 2031/4845 笔交易: 天创时尚...
2026-05-05 23:53:03.885 | INFO     | Backtest   | [回测 4/5] 模拟第 2041/4845 笔交易: 圣龙股份...
2026-05-05 23:53:04.156 | INFO     | Backtest   | [回测 4/5] 模拟第 2051/4845 笔交易: 盛屯矿业...
2026-05-05 23:53:04.422 | INFO     | Backtest   | [回测 4/5] 模拟第 2061/4845 笔交易: 高能环境...
2026-05-05 23:53:04.677 | INFO     | Backtest   | [回测 4/5] 模拟第 2071/4845 笔交易: 正泰电源...
2026-05-05 23:53:04.947 | INFO     | Backtest   | [回测 4/5] 模拟第 2081/4845 笔交易: 光峰科技...
2026-05-05 23:53:05.173 | INFO     | Backtest   | [回测 4/5] 模拟第 2091/4845 笔交易: 江阴银行...
2026-05-05 23:53:05.380 | INFO     | Backtest   | [回测 4/5] 模拟第 2101/4845 笔交易: 英飞特...
2026-05-05 23:53:05.665 | INFO     | Backtest   | [回测 4/5] 模拟第 2111/4845 笔交易: 尤夫股份...
2026-05-05 23:53:05.941 | INFO     | Backtest   | [回测 4/5] 模拟第 2121/4845 笔交易: 张家港行...
2026-05-05 23:53:06.160 | INFO     | Backtest   | [回测 4/5] 模拟第 2131/4845 笔交易: 三维化学...
2026-05-05 23:53:06.382 | INFO     | Backtest   | [回测 4/5] 模拟第 2141/4845 笔交易: 东风股份...
2026-05-05 23:53:06.664 | INFO     | Backtest   | [回测 4/5] 模拟第 2151/4845 笔交易: 安迪苏...
2026-05-05 23:53:06.944 | INFO     | Backtest   | [回测 4/5] 模拟第 2161/4845 笔交易: 富奥股份...
2026-05-05 23:53:07.188 | INFO     | Backtest   | [回测 4/5] 模拟第 2171/4845 笔交易: 天域生物...
2026-05-05 23:53:07.445 | INFO     | Backtest   | [回测 4/5] 模拟第 2181/4845 笔交易: 邦基科技...
2026-05-05 23:53:07.685 | INFO     | Backtest   | [回测 4/5] 模拟第 2191/4845 笔交易: 利民股份...
2026-05-05 23:53:07.935 | INFO     | Backtest   | [回测 4/5] 模拟第 2201/4845 笔交易: 北方铜业...
2026-05-05 23:53:08.151 | INFO     | Backtest   | [回测 4/5] 模拟第 2211/4845 笔交易: 金融街...
2026-05-05 23:53:08.413 | INFO     | Backtest   | [回测 4/5] 模拟第 2221/4845 笔交易: 华电科工...
2026-05-05 23:53:08.628 | INFO     | Backtest   | [回测 4/5] 模拟第 2231/4845 笔交易: 泰胜风能...
2026-05-05 23:53:08.836 | INFO     | Backtest   | [回测 4/5] 模拟第 2241/4845 笔交易: 凯美特气...
2026-05-05 23:53:09.052 | INFO     | Backtest   | [回测 4/5] 模拟第 2251/4845 笔交易: 利亚德...
2026-05-05 23:53:09.259 | INFO     | Backtest   | [回测 4/5] 模拟第 2261/4845 笔交易: 佳讯飞鸿...
2026-05-05 23:53:09.467 | INFO     | Backtest   | [回测 4/5] 模拟第 2271/4845 笔交易: 粤桂股份...
2026-05-05 23:53:09.688 | INFO     | Backtest   | [回测 4/5] 模拟第 2281/4845 笔交易: 海鸥股份...
2026-05-05 23:53:09.930 | INFO     | Backtest   | [回测 4/5] 模拟第 2291/4845 笔交易: 巨力索具...
2026-05-05 23:53:10.099 | INFO     | Backtest   | [回测 4/5] 模拟第 2301/4845 笔交易: 新开源...
2026-05-05 23:53:10.299 | INFO     | Backtest   | [回测 4/5] 模拟第 2311/4845 笔交易: 泰瑞机器...
2026-05-05 23:53:10.519 | INFO     | Backtest   | [回测 4/5] 模拟第 2321/4845 笔交易: 塔牌集团...
2026-05-05 23:53:10.780 | INFO     | Backtest   | [回测 4/5] 模拟第 2331/4845 笔交易: 广汇物流...
2026-05-05 23:53:11.024 | INFO     | Backtest   | [回测 4/5] 模拟第 2341/4845 笔交易: 利柏特...
2026-05-05 23:53:11.182 | INFO     | Backtest   | [回测 4/5] 模拟第 2351/4845 笔交易: 物产环能...
2026-05-05 23:53:11.399 | INFO     | Backtest   | [回测 4/5] 模拟第 2361/4845 笔交易: 方正科技...
2026-05-05 23:53:11.603 | INFO     | Backtest   | [回测 4/5] 模拟第 2371/4845 笔交易: 莱宝高科...
2026-05-05 23:53:11.832 | INFO     | Backtest   | [回测 4/5] 模拟第 2381/4845 笔交易: 智云股份...
2026-05-05 23:53:12.050 | INFO     | Backtest   | [回测 4/5] 模拟第 2391/4845 笔交易: 宁波精达...
2026-05-05 23:53:12.278 | INFO     | Backtest   | [回测 4/5] 模拟第 2401/4845 笔交易: 安科瑞...
2026-05-05 23:53:12.573 | INFO     | Backtest   | [回测 4/5] 模拟第 2411/4845 笔交易: 晋控电力...
2026-05-05 23:53:12.831 | INFO     | Backtest   | [回测 4/5] 模拟第 2421/4845 笔交易: 南京证券...
2026-05-05 23:53:13.103 | INFO     | Backtest   | [回测 4/5] 模拟第 2431/4845 笔交易: 中国国航...
2026-05-05 23:53:13.340 | INFO     | Backtest   | [回测 4/5] 模拟第 2441/4845 笔交易: 梅花生物...
2026-05-05 23:53:13.651 | INFO     | Backtest   | [回测 4/5] 模拟第 2451/4845 笔交易: 海航控股...
2026-05-05 23:53:13.879 | INFO     | Backtest   | [回测 4/5] 模拟第 2461/4845 笔交易: 北京利尔...
2026-05-05 23:53:14.096 | INFO     | Backtest   | [回测 4/5] 模拟第 2471/4845 笔交易: 日海智能...
2026-05-05 23:53:14.307 | INFO     | Backtest   | [回测 4/5] 模拟第 2481/4845 笔交易: 美亚光电...
2026-05-05 23:53:14.508 | INFO     | Backtest   | [回测 4/5] 模拟第 2491/4845 笔交易: 海信视像...
2026-05-05 23:53:14.719 | INFO     | Backtest   | [回测 4/5] 模拟第 2501/4845 笔交易: 中山公用...
2026-05-05 23:53:14.973 | INFO     | Backtest   | [回测 4/5] 模拟第 2511/4845 笔交易: 粤电力Ａ...
2026-05-05 23:53:15.222 | INFO     | Backtest   | [回测 4/5] 模拟第 2521/4845 笔交易: 宁波色母...
2026-05-05 23:53:15.423 | INFO     | Backtest   | [回测 4/5] 模拟第 2531/4845 笔交易: 力星股份...
2026-05-05 23:53:15.610 | INFO     | Backtest   | [回测 4/5] 模拟第 2541/4845 笔交易: 金房能源...
2026-05-05 23:53:15.889 | INFO     | Backtest   | [回测 4/5] 模拟第 2551/4845 笔交易: 金现代...
2026-05-05 23:53:16.080 | INFO     | Backtest   | [回测 4/5] 模拟第 2561/4845 笔交易: 濮阳惠成...
2026-05-05 23:53:16.315 | INFO     | Backtest   | [回测 4/5] 模拟第 2571/4845 笔交易: 京能热力...
2026-05-05 23:53:16.529 | INFO     | Backtest   | [回测 4/5] 模拟第 2581/4845 笔交易: 铜陵有色...
2026-05-05 23:53:16.705 | INFO     | Backtest   | [回测 4/5] 模拟第 2591/4845 笔交易: 盛天网络...
2026-05-05 23:53:16.911 | INFO     | Backtest   | [回测 4/5] 模拟第 2601/4845 笔交易: 中国中冶...
2026-05-05 23:53:17.109 | INFO     | Backtest   | [回测 4/5] 模拟第 2611/4845 笔交易: 德力股份...
2026-05-05 23:53:17.306 | INFO     | Backtest   | [回测 4/5] 模拟第 2621/4845 笔交易: 信达证券...
2026-05-05 23:53:17.534 | INFO     | Backtest   | [回测 4/5] 模拟第 2631/4845 笔交易: 仁智股份...
2026-05-05 23:53:17.733 | INFO     | Backtest   | [回测 4/5] 模拟第 2641/4845 笔交易: 中电港...
2026-05-05 23:53:17.926 | INFO     | Backtest   | [回测 4/5] 模拟第 2651/4845 笔交易: 科翔股份...
2026-05-05 23:53:18.162 | INFO     | Backtest   | [回测 4/5] 模拟第 2661/4845 笔交易: 上海建工...
2026-05-05 23:53:18.334 | INFO     | Backtest   | [回测 4/5] 模拟第 2671/4845 笔交易: 望变电气...
2026-05-05 23:53:18.517 | INFO     | Backtest   | [回测 4/5] 模拟第 2681/4845 笔交易: 东箭科技...
2026-05-05 23:53:18.730 | INFO     | Backtest   | [回测 4/5] 模拟第 2691/4845 笔交易: 神通科技...
2026-05-05 23:53:18.961 | INFO     | Backtest   | [回测 4/5] 模拟第 2701/4845 笔交易: 振华重工...
2026-05-05 23:53:19.184 | INFO     | Backtest   | [回测 4/5] 模拟第 2711/4845 笔交易: 出版传媒...
2026-05-05 23:53:19.402 | INFO     | Backtest   | [回测 4/5] 模拟第 2721/4845 笔交易: 泰山石油...
2026-05-05 23:53:19.658 | INFO     | Backtest   | [回测 4/5] 模拟第 2731/4845 笔交易: 宁波富邦...
2026-05-05 23:53:19.908 | INFO     | Backtest   | [回测 4/5] 模拟第 2741/4845 笔交易: 双环科技...
2026-05-05 23:53:20.177 | INFO     | Backtest   | [回测 4/5] 模拟第 2751/4845 笔交易: 中科软...
2026-05-05 23:53:20.443 | INFO     | Backtest   | [回测 4/5] 模拟第 2761/4845 笔交易: 浙江力诺...
2026-05-05 23:53:20.714 | INFO     | Backtest   | [回测 4/5] 模拟第 2771/4845 笔交易: 索宝蛋白...
2026-05-05 23:53:20.996 | INFO     | Backtest   | [回测 4/5] 模拟第 2781/4845 笔交易: 沈阳机床...
2026-05-05 23:53:21.168 | INFO     | Backtest   | [回测 4/5] 模拟第 2791/4845 笔交易: 京能电力...
2026-05-05 23:53:21.374 | INFO     | Backtest   | [回测 4/5] 模拟第 2801/4845 笔交易: 创业环保...
2026-05-05 23:53:21.591 | INFO     | Backtest   | [回测 4/5] 模拟第 2811/4845 笔交易: 华能国际...
2026-05-05 23:53:21.831 | INFO     | Backtest   | [回测 4/5] 模拟第 2821/4845 笔交易: 中洲特材...
2026-05-05 23:53:22.113 | INFO     | Backtest   | [回测 4/5] 模拟第 2831/4845 笔交易: 涪陵电力...
2026-05-05 23:53:22.371 | INFO     | Backtest   | [回测 4/5] 模拟第 2841/4845 笔交易: 航天智装...
2026-05-05 23:53:22.528 | INFO     | Backtest   | [回测 4/5] 模拟第 2851/4845 笔交易: 中创物流...
2026-05-05 23:53:22.762 | INFO     | Backtest   | [回测 4/5] 模拟第 2861/4845 笔交易: 贵航股份...
2026-05-05 23:53:22.955 | INFO     | Backtest   | [回测 4/5] 模拟第 2871/4845 笔交易: 万凯新材...
2026-05-05 23:53:23.158 | INFO     | Backtest   | [回测 4/5] 模拟第 2881/4845 笔交易: 合金投资...
2026-05-05 23:53:23.369 | INFO     | Backtest   | [回测 4/5] 模拟第 2891/4845 笔交易: 清水源...
2026-05-05 23:53:23.541 | INFO     | Backtest   | [回测 4/5] 模拟第 2901/4845 笔交易: 新集能源...
2026-05-05 23:53:23.778 | INFO     | Backtest   | [回测 4/5] 模拟第 2911/4845 笔交易: 誉衡药业...
2026-05-05 23:53:23.962 | INFO     | Backtest   | [回测 4/5] 模拟第 2921/4845 笔交易: 申昊科技...
2026-05-05 23:53:24.202 | INFO     | Backtest   | [回测 4/5] 模拟第 2931/4845 笔交易: 梅安森...
2026-05-05 23:53:24.458 | INFO     | Backtest   | [回测 4/5] 模拟第 2941/4845 笔交易: 泸天化...
2026-05-05 23:53:24.724 | INFO     | Backtest   | [回测 4/5] 模拟第 2951/4845 笔交易: 海利生物...
2026-05-05 23:53:24.925 | INFO     | Backtest   | [回测 4/5] 模拟第 2961/4845 笔交易: 海欣食品...
2026-05-05 23:53:25.200 | INFO     | Backtest   | [回测 4/5] 模拟第 2971/4845 笔交易: 银星能源...
2026-05-05 23:53:25.479 | INFO     | Backtest   | [回测 4/5] 模拟第 2981/4845 笔交易: 海伦哲...
2026-05-05 23:53:25.725 | INFO     | Backtest   | [回测 4/5] 模拟第 2991/4845 笔交易: 风华高科...
2026-05-05 23:53:25.926 | INFO     | Backtest   | [回测 4/5] 模拟第 3001/4845 笔交易: 亚威股份...
2026-05-05 23:53:26.120 | INFO     | Backtest   | [回测 4/5] 模拟第 3011/4845 笔交易: 长江证券...
2026-05-05 23:53:26.350 | INFO     | Backtest   | [回测 4/5] 模拟第 3021/4845 笔交易: 中国电建...
2026-05-05 23:53:26.564 | INFO     | Backtest   | [回测 4/5] 模拟第 3031/4845 笔交易: 美畅股份...
2026-05-05 23:53:26.761 | INFO     | Backtest   | [回测 4/5] 模拟第 3041/4845 笔交易: 会稽山...
2026-05-05 23:53:26.980 | INFO     | Backtest   | [回测 4/5] 模拟第 3051/4845 笔交易: 海信视像...
2026-05-05 23:53:27.216 | INFO     | Backtest   | [回测 4/5] 模拟第 3061/4845 笔交易: 诺唯赞...
2026-05-05 23:53:27.432 | INFO     | Backtest   | [回测 4/5] 模拟第 3071/4845 笔交易: 冠城新材...
2026-05-05 23:53:27.591 | INFO     | Backtest   | [回测 4/5] 模拟第 3081/4845 笔交易: 奥佳华...
2026-05-05 23:53:27.775 | INFO     | Backtest   | [回测 4/5] 模拟第 3091/4845 笔交易: 美联新材...
2026-05-05 23:53:27.973 | INFO     | Backtest   | [回测 4/5] 模拟第 3101/4845 笔交易: 硅宝科技...
2026-05-05 23:53:28.125 | INFO     | Backtest   | [回测 4/5] 模拟第 3111/4845 笔交易: 江航装备...
2026-05-05 23:53:28.288 | INFO     | Backtest   | [回测 4/5] 模拟第 3121/4845 笔交易: 茂业商业...
2026-05-05 23:53:28.458 | INFO     | Backtest   | [回测 4/5] 模拟第 3131/4845 笔交易: 飞乐音响...
2026-05-05 23:53:28.641 | INFO     | Backtest   | [回测 4/5] 模拟第 3141/4845 笔交易: 银邦股份...
2026-05-05 23:53:28.849 | INFO     | Backtest   | [回测 4/5] 模拟第 3151/4845 笔交易: 森马服饰...
2026-05-05 23:53:29.079 | INFO     | Backtest   | [回测 4/5] 模拟第 3161/4845 笔交易: 汇通集团...
2026-05-05 23:53:29.293 | INFO     | Backtest   | [回测 4/5] 模拟第 3171/4845 笔交易: 花园生物...
2026-05-05 23:53:29.515 | INFO     | Backtest   | [回测 4/5] 模拟第 3181/4845 笔交易: 滨海能源...
2026-05-05 23:53:29.667 | INFO     | Backtest   | [回测 4/5] 模拟第 3191/4845 笔交易: 东港股份...
2026-05-05 23:53:29.858 | INFO     | Backtest   | [回测 4/5] 模拟第 3201/4845 笔交易: 厦门国贸...
2026-05-05 23:53:30.027 | INFO     | Backtest   | [回测 4/5] 模拟第 3211/4845 笔交易: 海南海药...
2026-05-05 23:53:30.210 | INFO     | Backtest   | [回测 4/5] 模拟第 3221/4845 笔交易: 锦富技术...
2026-05-05 23:53:30.401 | INFO     | Backtest   | [回测 4/5] 模拟第 3231/4845 笔交易: 密封科技...
2026-05-05 23:53:30.569 | INFO     | Backtest   | [回测 4/5] 模拟第 3241/4845 笔交易: 瑞泰科技...
2026-05-05 23:53:30.737 | INFO     | Backtest   | [回测 4/5] 模拟第 3251/4845 笔交易: 鄂尔多斯...
2026-05-05 23:53:30.923 | INFO     | Backtest   | [回测 4/5] 模拟第 3261/4845 笔交易: 石化机械...
2026-05-05 23:53:31.146 | INFO     | Backtest   | [回测 4/5] 模拟第 3271/4845 笔交易: 浩通科技...
2026-05-05 23:53:31.327 | INFO     | Backtest   | [回测 4/5] 模拟第 3281/4845 笔交易: 飞鹿股份...
2026-05-05 23:53:31.514 | INFO     | Backtest   | [回测 4/5] 模拟第 3291/4845 笔交易: 高测股份...
2026-05-05 23:53:31.758 | INFO     | Backtest   | [回测 4/5] 模拟第 3301/4845 笔交易: 友好集团...
2026-05-05 23:53:31.948 | INFO     | Backtest   | [回测 4/5] 模拟第 3311/4845 笔交易: 金陵饭店...
2026-05-05 23:53:32.158 | INFO     | Backtest   | [回测 4/5] 模拟第 3321/4845 笔交易: 宏鑫科技...
2026-05-05 23:53:32.397 | INFO     | Backtest   | [回测 4/5] 模拟第 3331/4845 笔交易: 国药一致...
2026-05-05 23:53:32.585 | INFO     | Backtest   | [回测 4/5] 模拟第 3341/4845 笔交易: 凤凰航运...
2026-05-05 23:53:32.783 | INFO     | Backtest   | [回测 4/5] 模拟第 3351/4845 笔交易: 东珠生态...
2026-05-05 23:53:32.982 | INFO     | Backtest   | [回测 4/5] 模拟第 3361/4845 笔交易: 科捷智能...
2026-05-05 23:53:33.166 | INFO     | Backtest   | [回测 4/5] 模拟第 3371/4845 笔交易: 三安光电...
2026-05-05 23:53:33.355 | INFO     | Backtest   | [回测 4/5] 模拟第 3381/4845 笔交易: 中光防雷...
2026-05-05 23:53:33.558 | INFO     | Backtest   | [回测 4/5] 模拟第 3391/4845 笔交易: 信科移动-U...
2026-05-05 23:53:33.730 | INFO     | Backtest   | [回测 4/5] 模拟第 3401/4845 笔交易: 乐凯胶片...
2026-05-05 23:53:33.885 | INFO     | Backtest   | [回测 4/5] 模拟第 3411/4845 笔交易: 松原安全...
2026-05-05 23:53:34.048 | INFO     | Backtest   | [回测 4/5] 模拟第 3421/4845 笔交易: 平潭发展...
2026-05-05 23:53:34.247 | INFO     | Backtest   | [回测 4/5] 模拟第 3431/4845 笔交易: 顺灏股份...
2026-05-05 23:53:34.435 | INFO     | Backtest   | [回测 4/5] 模拟第 3441/4845 笔交易: 英特集团...
2026-05-05 23:53:34.606 | INFO     | Backtest   | [回测 4/5] 模拟第 3451/4845 笔交易: 喜悦智行...
2026-05-05 23:53:34.797 | INFO     | Backtest   | [回测 4/5] 模拟第 3461/4845 笔交易: 奥康国际...
2026-05-05 23:53:34.991 | INFO     | Backtest   | [回测 4/5] 模拟第 3471/4845 笔交易: 乐普医疗...
2026-05-05 23:53:35.147 | INFO     | Backtest   | [回测 4/5] 模拟第 3481/4845 笔交易: 悦康药业...
2026-05-05 23:53:35.296 | INFO     | Backtest   | [回测 4/5] 模拟第 3491/4845 笔交易: 光华股份...
2026-05-05 23:53:35.467 | INFO     | Backtest   | [回测 4/5] 模拟第 3501/4845 笔交易: 鼎汉技术...
2026-05-05 23:53:35.665 | INFO     | Backtest   | [回测 4/5] 模拟第 3511/4845 笔交易: 星球石墨...
2026-05-05 23:53:35.897 | INFO     | Backtest   | [回测 4/5] 模拟第 3521/4845 笔交易: 春立医疗...
2026-05-05 23:53:36.095 | INFO     | Backtest   | [回测 4/5] 模拟第 3531/4845 笔交易: 华海药业...
2026-05-05 23:53:36.314 | INFO     | Backtest   | [回测 4/5] 模拟第 3541/4845 笔交易: 千红制药...
2026-05-05 23:53:36.575 | INFO     | Backtest   | [回测 4/5] 模拟第 3551/4845 笔交易: 四川双马...
2026-05-05 23:53:36.775 | INFO     | Backtest   | [回测 4/5] 模拟第 3561/4845 笔交易: 洽洽食品...
2026-05-05 23:53:36.987 | INFO     | Backtest   | [回测 4/5] 模拟第 3571/4845 笔交易: 诚意药业...
2026-05-05 23:53:37.209 | INFO     | Backtest   | [回测 4/5] 模拟第 3581/4845 笔交易: 创力集团...
2026-05-05 23:53:37.351 | INFO     | Backtest   | [回测 4/5] 模拟第 3591/4845 笔交易: 氯碱化工...
2026-05-05 23:53:37.519 | INFO     | Backtest   | [回测 4/5] 模拟第 3601/4845 笔交易: 张小泉...
2026-05-05 23:53:37.745 | INFO     | Backtest   | [回测 4/5] 模拟第 3611/4845 笔交易: 海新能科...
2026-05-05 23:53:37.917 | INFO     | Backtest   | [回测 4/5] 模拟第 3621/4845 笔交易: 新联电子...
2026-05-05 23:53:38.132 | INFO     | Backtest   | [回测 4/5] 模拟第 3631/4845 笔交易: 长阳科技...
2026-05-05 23:53:38.338 | INFO     | Backtest   | [回测 4/5] 模拟第 3641/4845 笔交易: 天能重工...
2026-05-05 23:53:38.588 | INFO     | Backtest   | [回测 4/5] 模拟第 3651/4845 笔交易: 江南高纤...
2026-05-05 23:53:38.812 | INFO     | Backtest   | [回测 4/5] 模拟第 3661/4845 笔交易: 中国化学...
2026-05-05 23:53:39.034 | INFO     | Backtest   | [回测 4/5] 模拟第 3671/4845 笔交易: 锦江航运...
2026-05-05 23:53:39.171 | INFO     | Backtest   | [回测 4/5] 模拟第 3681/4845 笔交易: 兴瑞科技...
2026-05-05 23:53:39.353 | INFO     | Backtest   | [回测 4/5] 模拟第 3691/4845 笔交易: 宝泰隆...
2026-05-05 23:53:39.538 | INFO     | Backtest   | [回测 4/5] 模拟第 3701/4845 笔交易: 三和管桩...
2026-05-05 23:53:39.712 | INFO     | Backtest   | [回测 4/5] 模拟第 3711/4845 笔交易: 郑中设计...
2026-05-05 23:53:39.886 | INFO     | Backtest   | [回测 4/5] 模拟第 3721/4845 笔交易: 瀚川智能...
2026-05-05 23:53:40.087 | INFO     | Backtest   | [回测 4/5] 模拟第 3731/4845 笔交易: 路德科技...
2026-05-05 23:53:40.317 | INFO     | Backtest   | [回测 4/5] 模拟第 3741/4845 笔交易: 蓝盾光电...
2026-05-05 23:53:40.516 | INFO     | Backtest   | [回测 4/5] 模拟第 3751/4845 笔交易: 汇中股份...
2026-05-05 23:53:40.724 | INFO     | Backtest   | [回测 4/5] 模拟第 3761/4845 笔交易: 北方国际...
2026-05-05 23:53:40.971 | INFO     | Backtest   | [回测 4/5] 模拟第 3771/4845 笔交易: 华骐环保...
2026-05-05 23:53:41.196 | INFO     | Backtest   | [回测 4/5] 模拟第 3781/4845 笔交易: 洪汇新材...
2026-05-05 23:53:41.368 | INFO     | Backtest   | [回测 4/5] 模拟第 3791/4845 笔交易: 富祥药业...
2026-05-05 23:53:41.537 | INFO     | Backtest   | [回测 4/5] 模拟第 3801/4845 笔交易: 万通发展...
2026-05-05 23:53:41.715 | INFO     | Backtest   | [回测 4/5] 模拟第 3811/4845 笔交易: 海南华铁...
2026-05-05 23:53:41.852 | INFO     | Backtest   | [回测 4/5] 模拟第 3821/4845 笔交易: 福成股份...
2026-05-05 23:53:41.999 | INFO     | Backtest   | [回测 4/5] 模拟第 3831/4845 笔交易: 朗科智能...
2026-05-05 23:53:42.151 | INFO     | Backtest   | [回测 4/5] 模拟第 3841/4845 笔交易: 文科股份...
2026-05-05 23:53:42.304 | INFO     | Backtest   | [回测 4/5] 模拟第 3851/4845 笔交易: 延江股份...
2026-05-05 23:53:42.490 | INFO     | Backtest   | [回测 4/5] 模拟第 3861/4845 笔交易: 新黄浦...
2026-05-05 23:53:42.708 | INFO     | Backtest   | [回测 4/5] 模拟第 3871/4845 笔交易: 立新能源...
2026-05-05 23:53:42.912 | INFO     | Backtest   | [回测 4/5] 模拟第 3881/4845 笔交易: 博世科...
2026-05-05 23:53:43.131 | INFO     | Backtest   | [回测 4/5] 模拟第 3891/4845 笔交易: 紫江企业...
2026-05-05 23:53:43.351 | INFO     | Backtest   | [回测 4/5] 模拟第 3901/4845 笔交易: 岳阳林纸...
2026-05-05 23:53:43.554 | INFO     | Backtest   | [回测 4/5] 模拟第 3911/4845 笔交易: 中国重汽...
2026-05-05 23:53:43.726 | INFO     | Backtest   | [回测 4/5] 模拟第 3921/4845 笔交易: 卧龙新能...
2026-05-05 23:53:43.899 | INFO     | Backtest   | [回测 4/5] 模拟第 3931/4845 笔交易: 百达精工...
2026-05-05 23:53:44.049 | INFO     | Backtest   | [回测 4/5] 模拟第 3941/4845 笔交易: 太阳能...
2026-05-05 23:53:44.170 | INFO     | Backtest   | [回测 4/5] 模拟第 3951/4845 笔交易: 南方传媒...
2026-05-05 23:53:44.329 | INFO     | Backtest   | [回测 4/5] 模拟第 3961/4845 笔交易: 莱绅通灵...
2026-05-05 23:53:44.455 | INFO     | Backtest   | [回测 4/5] 模拟第 3971/4845 笔交易: 达意隆...
2026-05-05 23:53:44.597 | INFO     | Backtest   | [回测 4/5] 模拟第 3981/4845 笔交易: 维科技术...
2026-05-05 23:53:44.715 | INFO     | Backtest   | [回测 4/5] 模拟第 3991/4845 笔交易: 华林证券...
2026-05-05 23:53:44.838 | INFO     | Backtest   | [回测 4/5] 模拟第 4001/4845 笔交易: 爱慕股份...
2026-05-05 23:53:44.952 | INFO     | Backtest   | [回测 4/5] 模拟第 4011/4845 笔交易: 上海建工...
2026-05-05 23:53:45.098 | INFO     | Backtest   | [回测 4/5] 模拟第 4021/4845 笔交易: 万丰股份...
2026-05-05 23:53:45.249 | INFO     | Backtest   | [回测 4/5] 模拟第 4031/4845 笔交易: 峨眉山Ａ...
2026-05-05 23:53:45.414 | INFO     | Backtest   | [回测 4/5] 模拟第 4041/4845 笔交易: 美迪凯...
2026-05-05 23:53:45.595 | INFO     | Backtest   | [回测 4/5] 模拟第 4051/4845 笔交易: 桂冠电力...
2026-05-05 23:53:45.789 | INFO     | Backtest   | [回测 4/5] 模拟第 4061/4845 笔交易: 贵绳股份...
2026-05-05 23:53:46.003 | INFO     | Backtest   | [回测 4/5] 模拟第 4071/4845 笔交易: 本立科技...
2026-05-05 23:53:46.227 | INFO     | Backtest   | [回测 4/5] 模拟第 4081/4845 笔交易: 华康股份...
2026-05-05 23:53:46.413 | INFO     | Backtest   | [回测 4/5] 模拟第 4091/4845 笔交易: 尤夫股份...
2026-05-05 23:53:46.575 | INFO     | Backtest   | [回测 4/5] 模拟第 4101/4845 笔交易: 开山股份...
2026-05-05 23:53:46.740 | INFO     | Backtest   | [回测 4/5] 模拟第 4111/4845 笔交易: 大连热电...
2026-05-05 23:53:46.939 | INFO     | Backtest   | [回测 4/5] 模拟第 4121/4845 笔交易: 浙江交科...
2026-05-05 23:53:47.168 | INFO     | Backtest   | [回测 4/5] 模拟第 4131/4845 笔交易: 金富科技...
2026-05-05 23:53:47.306 | INFO     | Backtest   | [回测 4/5] 模拟第 4141/4845 笔交易: 章源钨业...
2026-05-05 23:53:47.458 | INFO     | Backtest   | [回测 4/5] 模拟第 4151/4845 笔交易: 浙江龙盛...
2026-05-05 23:53:47.598 | INFO     | Backtest   | [回测 4/5] 模拟第 4161/4845 笔交易: 望变电气...
2026-05-05 23:53:47.785 | INFO     | Backtest   | [回测 4/5] 模拟第 4171/4845 笔交易: 常宝股份...
2026-05-05 23:53:47.969 | INFO     | Backtest   | [回测 4/5] 模拟第 4181/4845 笔交易: 三六零...
2026-05-05 23:53:48.119 | INFO     | Backtest   | [回测 4/5] 模拟第 4191/4845 笔交易: 宝地矿业...
2026-05-05 23:53:48.315 | INFO     | Backtest   | [回测 4/5] 模拟第 4201/4845 笔交易: 银信科技...
2026-05-05 23:53:48.499 | INFO     | Backtest   | [回测 4/5] 模拟第 4211/4845 笔交易: 美克家居...
2026-05-05 23:53:48.647 | INFO     | Backtest   | [回测 4/5] 模拟第 4221/4845 笔交易: 上海沪工...
2026-05-05 23:53:48.814 | INFO     | Backtest   | [回测 4/5] 模拟第 4231/4845 笔交易: 标准股份...
2026-05-05 23:53:48.959 | INFO     | Backtest   | [回测 4/5] 模拟第 4241/4845 笔交易: 大东南...
2026-05-05 23:53:49.106 | INFO     | Backtest   | [回测 4/5] 模拟第 4251/4845 笔交易: 明志科技...
2026-05-05 23:53:49.212 | INFO     | Backtest   | [回测 4/5] 模拟第 4261/4845 笔交易: 广田集团...
2026-05-05 23:53:49.354 | INFO     | Backtest   | [回测 4/5] 模拟第 4271/4845 笔交易: 上海石化...
2026-05-05 23:53:49.491 | INFO     | Backtest   | [回测 4/5] 模拟第 4281/4845 笔交易: 可立克...
2026-05-05 23:53:49.595 | INFO     | Backtest   | [回测 4/5] 模拟第 4291/4845 笔交易: 交运股份...
2026-05-05 23:53:49.715 | INFO     | Backtest   | [回测 4/5] 模拟第 4301/4845 笔交易: 正丹股份...
2026-05-05 23:53:49.915 | INFO     | Backtest   | [回测 4/5] 模拟第 4311/4845 笔交易: 中炬高新...
2026-05-05 23:53:50.080 | INFO     | Backtest   | [回测 4/5] 模拟第 4321/4845 笔交易: 华瓷股份...
2026-05-05 23:53:50.203 | INFO     | Backtest   | [回测 4/5] 模拟第 4331/4845 笔交易: 博敏电子...
2026-05-05 23:53:50.353 | INFO     | Backtest   | [回测 4/5] 模拟第 4341/4845 笔交易: 中国通号...
2026-05-05 23:53:50.531 | INFO     | Backtest   | [回测 4/5] 模拟第 4351/4845 笔交易: 菲沃泰...
2026-05-05 23:53:50.699 | INFO     | Backtest   | [回测 4/5] 模拟第 4361/4845 笔交易: 运达科技...
2026-05-05 23:53:50.860 | INFO     | Backtest   | [回测 4/5] 模拟第 4371/4845 笔交易: 兴森科技...
2026-05-05 23:53:50.992 | INFO     | Backtest   | [回测 4/5] 模拟第 4381/4845 笔交易: 甘肃能化...
2026-05-05 23:53:51.137 | INFO     | Backtest   | [回测 4/5] 模拟第 4391/4845 笔交易: 惠云钛业...
2026-05-05 23:53:51.274 | INFO     | Backtest   | [回测 4/5] 模拟第 4401/4845 笔交易: 东杰智能...
2026-05-05 23:53:51.362 | INFO     | Backtest   | [回测 4/5] 模拟第 4411/4845 笔交易: 中南文化...
2026-05-05 23:53:51.519 | INFO     | Backtest   | [回测 4/5] 模拟第 4421/4845 笔交易: 凯盛新能...
2026-05-05 23:53:51.670 | INFO     | Backtest   | [回测 4/5] 模拟第 4431/4845 笔交易: 沙河股份...
2026-05-05 23:53:51.814 | INFO     | Backtest   | [回测 4/5] 模拟第 4441/4845 笔交易: 中赋科技...
2026-05-05 23:53:51.978 | INFO     | Backtest   | [回测 4/5] 模拟第 4451/4845 笔交易: 永兴股份...
2026-05-05 23:53:52.129 | INFO     | Backtest   | [回测 4/5] 模拟第 4461/4845 笔交易: 维科技术...
2026-05-05 23:53:52.312 | INFO     | Backtest   | [回测 4/5] 模拟第 4471/4845 笔交易: 福建高速...
2026-05-05 23:53:52.515 | INFO     | Backtest   | [回测 4/5] 模拟第 4481/4845 笔交易: 天津港...
2026-05-05 23:53:52.688 | INFO     | Backtest   | [回测 4/5] 模拟第 4491/4845 笔交易: 金正大...
2026-05-05 23:53:52.858 | INFO     | Backtest   | [回测 4/5] 模拟第 4501/4845 笔交易: 厦门银行...
2026-05-05 23:53:53.002 | INFO     | Backtest   | [回测 4/5] 模拟第 4511/4845 笔交易: 行云科技...
2026-05-05 23:53:53.147 | INFO     | Backtest   | [回测 4/5] 模拟第 4521/4845 笔交易: 力源信息...
2026-05-05 23:53:53.307 | INFO     | Backtest   | [回测 4/5] 模拟第 4531/4845 笔交易: 动力新科...
2026-05-05 23:53:53.501 | INFO     | Backtest   | [回测 4/5] 模拟第 4541/4845 笔交易: 奥飞数据...
2026-05-05 23:53:53.661 | INFO     | Backtest   | [回测 4/5] 模拟第 4551/4845 笔交易: 新华百货...
2026-05-05 23:53:53.843 | INFO     | Backtest   | [回测 4/5] 模拟第 4561/4845 笔交易: 智云股份...
2026-05-05 23:53:54.042 | INFO     | Backtest   | [回测 4/5] 模拟第 4571/4845 笔交易: 南凌科技...
2026-05-05 23:53:54.259 | INFO     | Backtest   | [回测 4/5] 模拟第 4581/4845 笔交易: 南兴股份...
2026-05-05 23:53:54.451 | INFO     | Backtest   | [回测 4/5] 模拟第 4591/4845 笔交易: 舜禹股份...
2026-05-05 23:53:54.644 | INFO     | Backtest   | [回测 4/5] 模拟第 4601/4845 笔交易: 吉视传媒...
2026-05-05 23:53:54.831 | INFO     | Backtest   | [回测 4/5] 模拟第 4611/4845 笔交易: 彩蝶实业...
2026-05-05 23:53:55.029 | INFO     | Backtest   | [回测 4/5] 模拟第 4621/4845 笔交易: 同兴科技...
2026-05-05 23:53:55.221 | INFO     | Backtest   | [回测 4/5] 模拟第 4631/4845 笔交易: 华信新材...
2026-05-05 23:53:55.468 | INFO     | Backtest   | [回测 4/5] 模拟第 4641/4845 笔交易: 新华都...
2026-05-05 23:53:55.681 | INFO     | Backtest   | [回测 4/5] 模拟第 4651/4845 笔交易: 科顺股份...
2026-05-05 23:53:55.842 | INFO     | Backtest   | [回测 4/5] 模拟第 4661/4845 笔交易: 西藏旅游...
2026-05-05 23:53:56.047 | INFO     | Backtest   | [回测 4/5] 模拟第 4671/4845 笔交易: 方正电机...
2026-05-05 23:53:56.247 | INFO     | Backtest   | [回测 4/5] 模拟第 4681/4845 笔交易: 新经典...
2026-05-05 23:53:56.439 | INFO     | Backtest   | [回测 4/5] 模拟第 4691/4845 笔交易: 迈赫股份...
2026-05-05 23:53:56.649 | INFO     | Backtest   | [回测 4/5] 模拟第 4701/4845 笔交易: 湘佳股份...
2026-05-05 23:53:56.836 | INFO     | Backtest   | [回测 4/5] 模拟第 4711/4845 笔交易: 水星家纺...
2026-05-05 23:53:57.007 | INFO     | Backtest   | [回测 4/5] 模拟第 4721/4845 笔交易: 佳力图...
2026-05-05 23:53:57.160 | INFO     | Backtest   | [回测 4/5] 模拟第 4731/4845 笔交易: 金钼股份...
2026-05-05 23:53:57.325 | INFO     | Backtest   | [回测 4/5] 模拟第 4741/4845 笔交易: 光莆股份...
2026-05-05 23:53:57.467 | INFO     | Backtest   | [回测 4/5] 模拟第 4751/4845 笔交易: 平高电气...
2026-05-05 23:53:57.601 | INFO     | Backtest   | [回测 4/5] 模拟第 4761/4845 笔交易: 金信诺...
2026-05-05 23:53:57.761 | INFO     | Backtest   | [回测 4/5] 模拟第 4771/4845 笔交易: 元祖股份...
2026-05-05 23:53:57.891 | INFO     | Backtest   | [回测 4/5] 模拟第 4781/4845 笔交易: 三鑫医疗...
2026-05-05 23:53:58.077 | INFO     | Backtest   | [回测 4/5] 模拟第 4791/4845 笔交易: 湖北宜化...
2026-05-05 23:53:58.167 | INFO     | Backtest   | [回测 4/5] 模拟第 4801/4845 笔交易: 蔚蓝锂芯...
2026-05-05 23:53:58.318 | INFO     | Backtest   | [回测 4/5] 模拟第 4811/4845 笔交易: 初灵信息...
2026-05-05 23:53:58.452 | INFO     | Backtest   | [回测 4/5] 模拟第 4821/4845 笔交易: 麦捷科技...
2026-05-05 23:53:58.572 | INFO     | Backtest   | [回测 4/5] 模拟第 4831/4845 笔交易: 芯联集成-U...
2026-05-05 23:53:58.727 | INFO     | Backtest   | [回测 4/5] 模拟第 4841/4845 笔交易: 广哈通信...
2026-05-05 23:53:58.794 | INFO     | Backtest   | [回测 5/5] 回测任务完成: 1247笔(含0笔平手离场)
2026-05-05 23:55:47.799 | INFO     | DuckDB     | DuckDB | 所有核心表结构初始化完成 (含热点板块)
2026-05-05 23:55:47.799 | INFO     | DuckDB     | DuckDB 核心就绪: E:\1target\p9_project\quant-platform\data\meta\meta.db
2026-05-05 23:55:47.805 | INFO     | Backtest   | [回测 1/5] 筛选回测目标股票...
2026-05-05 23:55:47.814 | INFO     | Backtest   | [回测 2/5] 加载 4972 只股票的历史数据进行快速扫描...
2026-05-05 23:56:04.080 | INFO     | Backtest   | [回测 3/5] 计算策略信号 (基于日线信号库)...
2026-05-05 23:56:04.092 | INFO     | Screener   | 🧬 [Loader] 识别到类继承策略: MA5AngleOriginalStrategy
2026-05-05 23:56:09.801 | INFO     | Backtest   | [回测 4/5] 处理 4845 条信号，执行精细分钟线仿真...
2026-05-05 23:56:09.805 | INFO     | Backtest   | [回测 4/5] 模拟第 1/4845 笔交易: 升达林业...
2026-05-05 23:56:10.130 | INFO     | Backtest   | [回测 4/5] 模拟第 11/4845 笔交易: 万丰股份...
2026-05-05 23:56:10.518 | INFO     | Backtest   | [回测 4/5] 模拟第 21/4845 笔交易: 恒誉环保...
2026-05-05 23:56:10.935 | INFO     | Backtest   | [回测 4/5] 模拟第 31/4845 笔交易: 锦鸡股份...
2026-05-05 23:56:11.419 | INFO     | Backtest   | [回测 4/5] 模拟第 41/4845 笔交易: 君正集团...
2026-05-05 23:56:11.845 | INFO     | Backtest   | [回测 4/5] 模拟第 51/4845 笔交易: 海洋王...
2026-05-05 23:56:12.189 | INFO     | Backtest   | [回测 4/5] 模拟第 61/4845 笔交易: 三雄极光...
2026-05-05 23:56:12.687 | INFO     | Backtest   | [回测 4/5] 模拟第 71/4845 笔交易: 世名科技...
2026-05-05 23:56:13.043 | INFO     | Backtest   | [回测 4/5] 模拟第 81/4845 笔交易: 朝阳科技...
2026-05-05 23:56:13.420 | INFO     | Backtest   | [回测 4/5] 模拟第 91/4845 笔交易: 生意宝...
2026-05-05 23:56:13.924 | INFO     | Backtest   | [回测 4/5] 模拟第 101/4845 笔交易: 联建光电...
2026-05-05 23:56:14.345 | INFO     | Backtest   | [回测 4/5] 模拟第 111/4845 笔交易: 众源新材...
2026-05-05 23:56:14.887 | INFO     | Backtest   | [回测 4/5] 模拟第 121/4845 笔交易: 遥望科技...
2026-05-05 23:56:15.295 | INFO     | Backtest   | [回测 4/5] 模拟第 131/4845 笔交易: 歌尔股份...
2026-05-05 23:56:15.710 | INFO     | Backtest   | [回测 4/5] 模拟第 141/4845 笔交易: 激智科技...
2026-05-05 23:56:16.136 | INFO     | Backtest   | [回测 4/5] 模拟第 151/4845 笔交易: 方正科技...
2026-05-05 23:56:16.538 | INFO     | Backtest   | [回测 4/5] 模拟第 161/4845 笔交易: 烽火通信...
2026-05-05 23:56:16.933 | INFO     | Backtest   | [回测 4/5] 模拟第 171/4845 笔交易: 凯恩股份...
2026-05-05 23:56:17.377 | INFO     | Backtest   | [回测 4/5] 模拟第 181/4845 笔交易: 龙韵股份...
2026-05-05 23:56:17.742 | INFO     | Backtest   | [回测 4/5] 模拟第 191/4845 笔交易: 国安股份...
2026-05-05 23:56:18.255 | INFO     | Backtest   | [回测 4/5] 模拟第 201/4845 笔交易: 柏诚股份...
2026-05-05 23:56:18.803 | INFO     | Backtest   | [回测 4/5] 模拟第 211/4845 笔交易: 物产金轮...
2026-05-05 23:56:19.328 | INFO     | Backtest   | [回测 4/5] 模拟第 221/4845 笔交易: 星源材质...
2026-05-05 23:56:19.691 | INFO     | Backtest   | [回测 4/5] 模拟第 231/4845 笔交易: 深纺织Ａ...
2026-05-05 23:56:20.190 | INFO     | Backtest   | [回测 4/5] 模拟第 241/4845 笔交易: 神思电子...
2026-05-05 23:56:20.587 | INFO     | Backtest   | [回测 4/5] 模拟第 251/4845 笔交易: 道明光学...
2026-05-05 23:56:20.986 | INFO     | Backtest   | [回测 4/5] 模拟第 261/4845 笔交易: 清源股份...
2026-05-05 23:56:21.343 | INFO     | Backtest   | [回测 4/5] 模拟第 271/4845 笔交易: 南矿集团...
2026-05-05 23:56:21.751 | INFO     | Backtest   | [回测 4/5] 模拟第 281/4845 笔交易: 蒙草生态...
2026-05-05 23:56:22.394 | INFO     | Backtest   | [回测 4/5] 模拟第 291/4845 笔交易: 金石亚药...
2026-05-05 23:56:22.980 | INFO     | Backtest   | [回测 4/5] 模拟第 301/4845 笔交易: 贵绳股份...
2026-05-05 23:56:23.467 | INFO     | Backtest   | [回测 4/5] 模拟第 311/4845 笔交易: 有研硅...
2026-05-05 23:56:24.118 | INFO     | Backtest   | [回测 4/5] 模拟第 321/4845 笔交易: 四川双马...
2026-05-05 23:56:24.606 | INFO     | Backtest   | [回测 4/5] 模拟第 331/4845 笔交易: 名臣健康...
2026-05-05 23:56:25.096 | INFO     | Backtest   | [回测 4/5] 模拟第 341/4845 笔交易: 红塔证券...
2026-05-05 23:56:25.571 | INFO     | Backtest   | [回测 4/5] 模拟第 351/4845 笔交易: 爱朋医疗...
2026-05-05 23:56:26.112 | INFO     | Backtest   | [回测 4/5] 模拟第 361/4845 笔交易: 起帆电缆...
2026-05-05 23:56:26.743 | INFO     | Backtest   | [回测 4/5] 模拟第 371/4845 笔交易: 兴业股份...
2026-05-05 23:56:27.211 | INFO     | Backtest   | [回测 4/5] 模拟第 381/4845 笔交易: 赛维时代...
2026-05-05 23:56:27.737 | INFO     | Backtest   | [回测 4/5] 模拟第 391/4845 笔交易: 三态股份...
2026-05-05 23:56:28.111 | INFO     | Backtest   | [回测 4/5] 模拟第 401/4845 笔交易: 兴欣新材...
2026-05-05 23:56:28.507 | INFO     | Backtest   | [回测 4/5] 模拟第 411/4845 笔交易: 云南能投...
2026-05-05 23:56:29.041 | INFO     | Backtest   | [回测 4/5] 模拟第 421/4845 笔交易: 艾比森...
2026-05-05 23:56:29.476 | INFO     | Backtest   | [回测 4/5] 模拟第 431/4845 笔交易: 国旅联合...
2026-05-05 23:56:29.899 | INFO     | Backtest   | [回测 4/5] 模拟第 441/4845 笔交易: 森远股份...
2026-05-05 23:56:30.347 | INFO     | Backtest   | [回测 4/5] 模拟第 451/4845 笔交易: 正虹科技...
2026-05-05 23:56:30.916 | INFO     | Backtest   | [回测 4/5] 模拟第 461/4845 笔交易: 荣盛发展...
2026-05-05 23:56:31.294 | INFO     | Backtest   | [回测 4/5] 模拟第 471/4845 笔交易: 宝立食品...
2026-05-05 23:56:31.739 | INFO     | Backtest   | [回测 4/5] 模拟第 481/4845 笔交易: 青岛食品...
2026-05-05 23:56:32.194 | INFO     | Backtest   | [回测 4/5] 模拟第 491/4845 笔交易: 安阳钢铁...
2026-05-05 23:56:32.614 | INFO     | Backtest   | [回测 4/5] 模拟第 501/4845 笔交易: 一心堂...
2026-05-05 23:56:32.980 | INFO     | Backtest   | [回测 4/5] 模拟第 511/4845 笔交易: 高乐股份...
2026-05-05 23:56:33.317 | INFO     | Backtest   | [回测 4/5] 模拟第 521/4845 笔交易: 海伦钢琴...
2026-05-05 23:56:33.639 | INFO     | Backtest   | [回测 4/5] 模拟第 531/4845 笔交易: 李子园...
2026-05-05 23:56:34.006 | INFO     | Backtest   | [回测 4/5] 模拟第 541/4845 笔交易: 崧盛股份...
2026-05-05 23:56:34.553 | INFO     | Backtest   | [回测 4/5] 模拟第 551/4845 笔交易: 恒尚节能...
2026-05-05 23:56:34.931 | INFO     | Backtest   | [回测 4/5] 模拟第 561/4845 笔交易: 明阳电路...
2026-05-05 23:56:35.332 | INFO     | Backtest   | [回测 4/5] 模拟第 571/4845 笔交易: 电工合金...
2026-05-05 23:56:35.745 | INFO     | Backtest   | [回测 4/5] 模拟第 581/4845 笔交易: 瀛通通讯...
2026-05-05 23:56:36.095 | INFO     | Backtest   | [回测 4/5] 模拟第 591/4845 笔交易: 华夏航空...
2026-05-05 23:56:36.502 | INFO     | Backtest   | [回测 4/5] 模拟第 601/4845 笔交易: 中兰环保...
2026-05-05 23:56:36.879 | INFO     | Backtest   | [回测 4/5] 模拟第 611/4845 笔交易: 浙江东日...
2026-05-05 23:56:37.268 | INFO     | Backtest   | [回测 4/5] 模拟第 621/4845 笔交易: 汉王科技...
2026-05-05 23:56:37.714 | INFO     | Backtest   | [回测 4/5] 模拟第 631/4845 笔交易: 创维数字...
2026-05-05 23:56:38.207 | INFO     | Backtest   | [回测 4/5] 模拟第 641/4845 笔交易: 晨曦航空...
2026-05-05 23:56:38.493 | INFO     | Backtest   | [回测 4/5] 模拟第 651/4845 笔交易: 山子高科...
2026-05-05 23:56:38.826 | INFO     | Backtest   | [回测 4/5] 模拟第 661/4845 笔交易: 尤安设计...
2026-05-05 23:56:39.344 | INFO     | Backtest   | [回测 4/5] 模拟第 671/4845 笔交易: 赫美集团...
2026-05-05 23:56:39.788 | INFO     | Backtest   | [回测 4/5] 模拟第 681/4845 笔交易: 诚达药业...
2026-05-05 23:56:40.224 | INFO     | Backtest   | [回测 4/5] 模拟第 691/4845 笔交易: 森泰股份...
2026-05-05 23:56:40.621 | INFO     | Backtest   | [回测 4/5] 模拟第 701/4845 笔交易: 一彬科技...
2026-05-05 23:56:41.059 | INFO     | Backtest   | [回测 4/5] 模拟第 711/4845 笔交易: 溢多利...
2026-05-05 23:56:41.551 | INFO     | Backtest   | [回测 4/5] 模拟第 721/4845 笔交易: 博晖创新...
2026-05-05 23:56:42.082 | INFO     | Backtest   | [回测 4/5] 模拟第 731/4845 笔交易: 和顺科技...
2026-05-05 23:56:42.543 | INFO     | Backtest   | [回测 4/5] 模拟第 741/4845 笔交易: 宣亚国际...
2026-05-05 23:56:42.982 | INFO     | Backtest   | [回测 4/5] 模拟第 751/4845 笔交易: 浩物股份...
2026-05-05 23:56:43.520 | INFO     | Backtest   | [回测 4/5] 模拟第 761/4845 笔交易: 秦川物联...
2026-05-05 23:56:43.909 | INFO     | Backtest   | [回测 4/5] 模拟第 771/4845 笔交易: 银信科技...
2026-05-05 23:56:44.446 | INFO     | Backtest   | [回测 4/5] 模拟第 781/4845 笔交易: 欧科亿...
2026-05-05 23:56:44.907 | INFO     | Backtest   | [回测 4/5] 模拟第 791/4845 笔交易: 维业股份...
2026-05-05 23:56:45.333 | INFO     | Backtest   | [回测 4/5] 模拟第 801/4845 笔交易: 智动力...
2026-05-05 23:56:45.793 | INFO     | Backtest   | [回测 4/5] 模拟第 811/4845 笔交易: 读者传媒...
2026-05-05 23:56:46.348 | INFO     | Backtest   | [回测 4/5] 模拟第 821/4845 笔交易: 方盛制药...
2026-05-05 23:56:46.807 | INFO     | Backtest   | [回测 4/5] 模拟第 831/4845 笔交易: 三诺生物...
2026-05-05 23:56:47.140 | INFO     | Backtest   | [回测 4/5] 模拟第 841/4845 笔交易: 北化股份...
2026-05-05 23:56:47.555 | INFO     | Backtest   | [回测 4/5] 模拟第 851/4845 笔交易: 迅捷兴...
2026-05-05 23:56:48.018 | INFO     | Backtest   | [回测 4/5] 模拟第 861/4845 笔交易: 源飞宠物...
2026-05-05 23:56:48.411 | INFO     | Backtest   | [回测 4/5] 模拟第 871/4845 笔交易: 横店影视...
2026-05-05 23:56:48.803 | INFO     | Backtest   | [回测 4/5] 模拟第 881/4845 笔交易: 蓝科高新...
2026-05-05 23:56:49.150 | INFO     | Backtest   | [回测 4/5] 模拟第 891/4845 笔交易: 德新科技...
2026-05-05 23:56:49.531 | INFO     | Backtest   | [回测 4/5] 模拟第 901/4845 笔交易: 湘电股份...
2026-05-05 23:56:49.994 | INFO     | Backtest   | [回测 4/5] 模拟第 911/4845 笔交易: 阿石创...
2026-05-05 23:56:50.444 | INFO     | Backtest   | [回测 4/5] 模拟第 921/4845 笔交易: 创元科技...
2026-05-05 23:56:50.863 | INFO     | Backtest   | [回测 4/5] 模拟第 931/4845 笔交易: 西上海...
2026-05-05 23:56:51.166 | INFO     | Backtest   | [回测 4/5] 模拟第 941/4845 笔交易: 电子城...
2026-05-05 23:56:51.510 | INFO     | Backtest   | [回测 4/5] 模拟第 951/4845 笔交易: 安科生物...
2026-05-05 23:56:51.823 | INFO     | Backtest   | [回测 4/5] 模拟第 961/4845 笔交易: 北大医药...
2026-05-05 23:56:52.226 | INFO     | Backtest   | [回测 4/5] 模拟第 971/4845 笔交易: 美腾科技...
2026-05-05 23:56:52.618 | INFO     | Backtest   | [回测 4/5] 模拟第 981/4845 笔交易: 标准股份...
2026-05-05 23:56:53.018 | INFO     | Backtest   | [回测 4/5] 模拟第 991/4845 笔交易: 清水源...
2026-05-05 23:56:53.327 | INFO     | Backtest   | [回测 4/5] 模拟第 1001/4845 笔交易: 景兴纸业...
2026-05-05 23:56:53.693 | INFO     | Backtest   | [回测 4/5] 模拟第 1011/4845 笔交易: 中瑞股份...
2026-05-05 23:56:54.059 | INFO     | Backtest   | [回测 4/5] 模拟第 1021/4845 笔交易: 新化股份...
2026-05-05 23:56:54.423 | INFO     | Backtest   | [回测 4/5] 模拟第 1031/4845 笔交易: 合金投资...
2026-05-05 23:56:54.897 | INFO     | Backtest   | [回测 4/5] 模拟第 1041/4845 笔交易: 奥联电子...
2026-05-05 23:56:55.264 | INFO     | Backtest   | [回测 4/5] 模拟第 1051/4845 笔交易: 中银证券...
2026-05-05 23:56:55.706 | INFO     | Backtest   | [回测 4/5] 模拟第 1061/4845 笔交易: 国统股份...
2026-05-05 23:56:56.303 | INFO     | Backtest   | [回测 4/5] 模拟第 1071/4845 笔交易: 艾隆科技...
2026-05-05 23:56:56.909 | INFO     | Backtest   | [回测 4/5] 模拟第 1081/4845 笔交易: 光云科技...
2026-05-05 23:56:57.344 | INFO     | Backtest   | [回测 4/5] 模拟第 1091/4845 笔交易: 壹石通...
2026-05-05 23:56:57.807 | INFO     | Backtest   | [回测 4/5] 模拟第 1101/4845 笔交易: 热威股份...
2026-05-05 23:56:58.238 | INFO     | Backtest   | [回测 4/5] 模拟第 1111/4845 笔交易: 依米康...
2026-05-05 23:56:58.783 | INFO     | Backtest   | [回测 4/5] 模拟第 1121/4845 笔交易: 首创证券...
2026-05-05 23:56:59.341 | INFO     | Backtest   | [回测 4/5] 模拟第 1131/4845 笔交易: 出版传媒...
2026-05-05 23:56:59.907 | INFO     | Backtest   | [回测 4/5] 模拟第 1141/4845 笔交易: 英威腾...
2026-05-05 23:57:00.466 | INFO     | Backtest   | [回测 4/5] 模拟第 1151/4845 笔交易: 合康新能...
2026-05-05 23:57:01.015 | INFO     | Backtest   | [回测 4/5] 模拟第 1161/4845 笔交易: 万得凯...
2026-05-05 23:57:01.561 | INFO     | Backtest   | [回测 4/5] 模拟第 1171/4845 笔交易: 莱美药业...
2026-05-05 23:57:02.074 | INFO     | Backtest   | [回测 4/5] 模拟第 1181/4845 笔交易: 信雅达...
2026-05-05 23:57:02.565 | INFO     | Backtest   | [回测 4/5] 模拟第 1191/4845 笔交易: 中航重机...
2026-05-05 23:57:03.029 | INFO     | Backtest   | [回测 4/5] 模拟第 1201/4845 笔交易: 华东重机...
2026-05-05 23:57:03.418 | INFO     | Backtest   | [回测 4/5] 模拟第 1211/4845 笔交易: 沃格光电...
2026-05-05 23:57:03.922 | INFO     | Backtest   | [回测 4/5] 模拟第 1221/4845 笔交易: 南极光...
2026-05-05 23:57:04.416 | INFO     | Backtest   | [回测 4/5] 模拟第 1231/4845 笔交易: 福然德...
2026-05-05 23:57:04.785 | INFO     | Backtest   | [回测 4/5] 模拟第 1241/4845 笔交易: 晨化股份...
2026-05-05 23:57:05.154 | INFO     | Backtest   | [回测 4/5] 模拟第 1251/4845 笔交易: 悦达投资...
2026-05-05 23:57:05.494 | INFO     | Backtest   | [回测 4/5] 模拟第 1261/4845 笔交易: 仕净科技...
2026-05-05 23:57:05.810 | INFO     | Backtest   | [回测 4/5] 模拟第 1271/4845 笔交易: 中石科技...
2026-05-05 23:57:06.148 | INFO     | Backtest   | [回测 4/5] 模拟第 1281/4845 笔交易: 长江材料...
2026-05-05 23:57:06.459 | INFO     | Backtest   | [回测 4/5] 模拟第 1291/4845 笔交易: 可立克...
2026-05-05 23:57:06.858 | INFO     | Backtest   | [回测 4/5] 模拟第 1301/4845 笔交易: 数据港...
2026-05-05 23:57:07.199 | INFO     | Backtest   | [回测 4/5] 模拟第 1311/4845 笔交易: 京泉华...
2026-05-05 23:57:07.606 | INFO     | Backtest   | [回测 4/5] 模拟第 1321/4845 笔交易: 广电计量...
2026-05-05 23:57:07.960 | INFO     | Backtest   | [回测 4/5] 模拟第 1331/4845 笔交易: 浙数文化...
2026-05-05 23:57:08.440 | INFO     | Backtest   | [回测 4/5] 模拟第 1341/4845 笔交易: 金圆股份...
2026-05-05 23:57:08.889 | INFO     | Backtest   | [回测 4/5] 模拟第 1351/4845 笔交易: 电科网安...
2026-05-05 23:57:09.244 | INFO     | Backtest   | [回测 4/5] 模拟第 1361/4845 笔交易: 英力特...
2026-05-05 23:57:09.484 | INFO     | Backtest   | [回测 4/5] 模拟第 1371/4845 笔交易: 山西焦化...
2026-05-05 23:57:09.834 | INFO     | Backtest   | [回测 4/5] 模拟第 1381/4845 笔交易: 亚邦股份...
2026-05-05 23:57:10.154 | INFO     | Backtest   | [回测 4/5] 模拟第 1391/4845 笔交易: 亿帆医药...
2026-05-05 23:57:10.569 | INFO     | Backtest   | [回测 4/5] 模拟第 1401/4845 笔交易: 大参林...
2026-05-05 23:57:10.913 | INFO     | Backtest   | [回测 4/5] 模拟第 1411/4845 笔交易: 海鸥股份...
2026-05-05 23:57:11.185 | INFO     | Backtest   | [回测 4/5] 模拟第 1421/4845 笔交易: 正裕工业...
2026-05-05 23:57:11.468 | INFO     | Backtest   | [回测 4/5] 模拟第 1431/4845 笔交易: 方盛制药...
2026-05-05 23:57:11.781 | INFO     | Backtest   | [回测 4/5] 模拟第 1441/4845 笔交易: 开开实业...
2026-05-05 23:57:12.093 | INFO     | Backtest   | [回测 4/5] 模拟第 1451/4845 笔交易: 神奇制药...
2026-05-05 23:57:12.416 | INFO     | Backtest   | [回测 4/5] 模拟第 1461/4845 笔交易: 亚宝药业...
2026-05-05 23:57:12.783 | INFO     | Backtest   | [回测 4/5] 模拟第 1471/4845 笔交易: 金海高科...
2026-05-05 23:57:13.098 | INFO     | Backtest   | [回测 4/5] 模拟第 1481/4845 笔交易: 山河药辅...
2026-05-05 23:57:13.363 | INFO     | Backtest   | [回测 4/5] 模拟第 1491/4845 笔交易: 江海股份...
2026-05-05 23:57:13.664 | INFO     | Backtest   | [回测 4/5] 模拟第 1501/4845 笔交易: 华培动力...
2026-05-05 23:57:14.012 | INFO     | Backtest   | [回测 4/5] 模拟第 1511/4845 笔交易: 法本信息...
2026-05-05 23:57:14.307 | INFO     | Backtest   | [回测 4/5] 模拟第 1521/4845 笔交易: 美思德...
2026-05-05 23:57:14.608 | INFO     | Backtest   | [回测 4/5] 模拟第 1531/4845 笔交易: 裕兴股份...
2026-05-05 23:57:14.877 | INFO     | Backtest   | [回测 4/5] 模拟第 1541/4845 笔交易: 国机重装...
2026-05-05 23:57:15.119 | INFO     | Backtest   | [回测 4/5] 模拟第 1551/4845 笔交易: 闽发铝业...
2026-05-05 23:57:15.341 | INFO     | Backtest   | [回测 4/5] 模拟第 1561/4845 笔交易: 华钰矿业...
2026-05-05 23:57:15.605 | INFO     | Backtest   | [回测 4/5] 模拟第 1571/4845 笔交易: 神火股份...
2026-05-05 23:57:15.914 | INFO     | Backtest   | [回测 4/5] 模拟第 1581/4845 笔交易: 新兴铸管...
2026-05-05 23:57:16.261 | INFO     | Backtest   | [回测 4/5] 模拟第 1591/4845 笔交易: 龙建股份...
2026-05-05 23:57:16.569 | INFO     | Backtest   | [回测 4/5] 模拟第 1601/4845 笔交易: 大西洋...
2026-05-05 23:57:16.874 | INFO     | Backtest   | [回测 4/5] 模拟第 1611/4845 笔交易: 北新路桥...
2026-05-05 23:57:17.136 | INFO     | Backtest   | [回测 4/5] 模拟第 1621/4845 笔交易: 太阳纸业...
2026-05-05 23:57:17.449 | INFO     | Backtest   | [回测 4/5] 模拟第 1631/4845 笔交易: 唐人神...
2026-05-05 23:57:17.816 | INFO     | Backtest   | [回测 4/5] 模拟第 1641/4845 笔交易: 腾达建设...
2026-05-05 23:57:18.187 | INFO     | Backtest   | [回测 4/5] 模拟第 1651/4845 笔交易: 兰花科创...
2026-05-05 23:57:18.493 | INFO     | Backtest   | [回测 4/5] 模拟第 1661/4845 笔交易: 通业科技...
2026-05-05 23:57:18.740 | INFO     | Backtest   | [回测 4/5] 模拟第 1671/4845 笔交易: 科新发展...
2026-05-05 23:57:19.051 | INFO     | Backtest   | [回测 4/5] 模拟第 1681/4845 笔交易: 滨化股份...
2026-05-05 23:57:19.378 | INFO     | Backtest   | [回测 4/5] 模拟第 1691/4845 笔交易: 京基智农...
2026-05-05 23:57:19.639 | INFO     | Backtest   | [回测 4/5] 模拟第 1701/4845 笔交易: 欣龙控股...
2026-05-05 23:57:19.967 | INFO     | Backtest   | [回测 4/5] 模拟第 1711/4845 笔交易: 康美药业...
2026-05-05 23:57:20.287 | INFO     | Backtest   | [回测 4/5] 模拟第 1721/4845 笔交易: 嘉诚国际...
2026-05-05 23:57:20.582 | INFO     | Backtest   | [回测 4/5] 模拟第 1731/4845 笔交易: 东阳光...
2026-05-05 23:57:20.896 | INFO     | Backtest   | [回测 4/5] 模拟第 1741/4845 笔交易: 翰宇药业...
2026-05-05 23:57:21.161 | INFO     | Backtest   | [回测 4/5] 模拟第 1751/4845 笔交易: 三力制药...
2026-05-05 23:57:21.473 | INFO     | Backtest   | [回测 4/5] 模拟第 1761/4845 笔交易: 凯撒旅业...
2026-05-05 23:57:21.706 | INFO     | Backtest   | [回测 4/5] 模拟第 1771/4845 笔交易: 开创国际...
2026-05-05 23:57:22.028 | INFO     | Backtest   | [回测 4/5] 模拟第 1781/4845 笔交易: 宇新股份...
2026-05-05 23:57:22.318 | INFO     | Backtest   | [回测 4/5] 模拟第 1791/4845 笔交易: 柘中股份...
2026-05-05 23:57:22.623 | INFO     | Backtest   | [回测 4/5] 模拟第 1801/4845 笔交易: 纽威数控...
2026-05-05 23:57:22.965 | INFO     | Backtest   | [回测 4/5] 模拟第 1811/4845 笔交易: 江南水务...
2026-05-05 23:57:23.252 | INFO     | Backtest   | [回测 4/5] 模拟第 1821/4845 笔交易: 国新能源...
2026-05-05 23:57:23.631 | INFO     | Backtest   | [回测 4/5] 模拟第 1831/4845 笔交易: 豪能股份...
2026-05-05 23:57:23.983 | INFO     | Backtest   | [回测 4/5] 模拟第 1841/4845 笔交易: 永创智能...
2026-05-05 23:57:24.349 | INFO     | Backtest   | [回测 4/5] 模拟第 1851/4845 笔交易: 璞源材料...
2026-05-05 23:57:24.660 | INFO     | Backtest   | [回测 4/5] 模拟第 1861/4845 笔交易: 秦川机床...
2026-05-05 23:57:24.981 | INFO     | Backtest   | [回测 4/5] 模拟第 1871/4845 笔交易: 科华生物...
2026-05-05 23:57:25.271 | INFO     | Backtest   | [回测 4/5] 模拟第 1881/4845 笔交易: 保立佳...
2026-05-05 23:57:25.575 | INFO     | Backtest   | [回测 4/5] 模拟第 1891/4845 笔交易: 常熟银行...
2026-05-05 23:57:25.934 | INFO     | Backtest   | [回测 4/5] 模拟第 1901/4845 笔交易: 密封科技...
2026-05-05 23:57:26.249 | INFO     | Backtest   | [回测 4/5] 模拟第 1911/4845 笔交易: 盛洋科技...
2026-05-05 23:57:26.587 | INFO     | Backtest   | [回测 4/5] 模拟第 1921/4845 笔交易: 广日股份...
2026-05-05 23:57:26.886 | INFO     | Backtest   | [回测 4/5] 模拟第 1931/4845 笔交易: 玉禾田...
2026-05-05 23:57:27.229 | INFO     | Backtest   | [回测 4/5] 模拟第 1941/4845 笔交易: 百联股份...
2026-05-05 23:57:27.556 | INFO     | Backtest   | [回测 4/5] 模拟第 1951/4845 笔交易: 首都在线...
2026-05-05 23:57:27.858 | INFO     | Backtest   | [回测 4/5] 模拟第 1961/4845 笔交易: 世茂能源...
2026-05-05 23:57:28.136 | INFO     | Backtest   | [回测 4/5] 模拟第 1971/4845 笔交易: 岭南控股...
2026-05-05 23:57:28.436 | INFO     | Backtest   | [回测 4/5] 模拟第 1981/4845 笔交易: 宏发股份...
2026-05-05 23:57:28.760 | INFO     | Backtest   | [回测 4/5] 模拟第 1991/4845 笔交易: 鸿合科技...
2026-05-05 23:57:29.078 | INFO     | Backtest   | [回测 4/5] 模拟第 2001/4845 笔交易: 凌志软件...
2026-05-05 23:57:29.415 | INFO     | Backtest   | [回测 4/5] 模拟第 2011/4845 笔交易: 扬子新材...
2026-05-05 23:57:29.676 | INFO     | Backtest   | [回测 4/5] 模拟第 2021/4845 笔交易: 冠昊生物...
2026-05-05 23:57:29.921 | INFO     | Backtest   | [回测 4/5] 模拟第 2031/4845 笔交易: 天创时尚...
2026-05-05 23:57:30.203 | INFO     | Backtest   | [回测 4/5] 模拟第 2041/4845 笔交易: 圣龙股份...
2026-05-05 23:57:30.482 | INFO     | Backtest   | [回测 4/5] 模拟第 2051/4845 笔交易: 盛屯矿业...
2026-05-05 23:57:30.782 | INFO     | Backtest   | [回测 4/5] 模拟第 2061/4845 笔交易: 高能环境...
2026-05-05 23:57:31.047 | INFO     | Backtest   | [回测 4/5] 模拟第 2071/4845 笔交易: 正泰电源...
2026-05-05 23:57:31.388 | INFO     | Backtest   | [回测 4/5] 模拟第 2081/4845 笔交易: 光峰科技...
2026-05-05 23:57:31.628 | INFO     | Backtest   | [回测 4/5] 模拟第 2091/4845 笔交易: 江阴银行...
2026-05-05 23:57:31.904 | INFO     | Backtest   | [回测 4/5] 模拟第 2101/4845 笔交易: 英飞特...
2026-05-05 23:57:32.224 | INFO     | Backtest   | [回测 4/5] 模拟第 2111/4845 笔交易: 尤夫股份...
2026-05-05 23:57:32.529 | INFO     | Backtest   | [回测 4/5] 模拟第 2121/4845 笔交易: 张家港行...
2026-05-05 23:57:32.765 | INFO     | Backtest   | [回测 4/5] 模拟第 2131/4845 笔交易: 三维化学...
2026-05-05 23:57:33.044 | INFO     | Backtest   | [回测 4/5] 模拟第 2141/4845 笔交易: 东风股份...
2026-05-05 23:57:33.374 | INFO     | Backtest   | [回测 4/5] 模拟第 2151/4845 笔交易: 安迪苏...
2026-05-05 23:57:33.734 | INFO     | Backtest   | [回测 4/5] 模拟第 2161/4845 笔交易: 富奥股份...
2026-05-05 23:57:33.986 | INFO     | Backtest   | [回测 4/5] 模拟第 2171/4845 笔交易: 天域生物...
2026-05-05 23:57:34.289 | INFO     | Backtest   | [回测 4/5] 模拟第 2181/4845 笔交易: 邦基科技...
2026-05-05 23:57:34.554 | INFO     | Backtest   | [回测 4/5] 模拟第 2191/4845 笔交易: 利民股份...
2026-05-05 23:57:34.809 | INFO     | Backtest   | [回测 4/5] 模拟第 2201/4845 笔交易: 北方铜业...
2026-05-05 23:57:35.061 | INFO     | Backtest   | [回测 4/5] 模拟第 2211/4845 笔交易: 金融街...
2026-05-05 23:57:35.342 | INFO     | Backtest   | [回测 4/5] 模拟第 2221/4845 笔交易: 华电科工...
2026-05-05 23:57:35.606 | INFO     | Backtest   | [回测 4/5] 模拟第 2231/4845 笔交易: 泰胜风能...
2026-05-05 23:57:35.809 | INFO     | Backtest   | [回测 4/5] 模拟第 2241/4845 笔交易: 凯美特气...
2026-05-05 23:57:36.058 | INFO     | Backtest   | [回测 4/5] 模拟第 2251/4845 笔交易: 利亚德...
2026-05-05 23:57:36.267 | INFO     | Backtest   | [回测 4/5] 模拟第 2261/4845 笔交易: 佳讯飞鸿...
2026-05-05 23:57:36.518 | INFO     | Backtest   | [回测 4/5] 模拟第 2271/4845 笔交易: 粤桂股份...
2026-05-05 23:57:36.751 | INFO     | Backtest   | [回测 4/5] 模拟第 2281/4845 笔交易: 海鸥股份...
2026-05-05 23:57:37.030 | INFO     | Backtest   | [回测 4/5] 模拟第 2291/4845 笔交易: 巨力索具...
2026-05-05 23:57:37.223 | INFO     | Backtest   | [回测 4/5] 模拟第 2301/4845 笔交易: 新开源...
2026-05-05 23:57:37.452 | INFO     | Backtest   | [回测 4/5] 模拟第 2311/4845 笔交易: 泰瑞机器...
2026-05-05 23:57:37.737 | INFO     | Backtest   | [回测 4/5] 模拟第 2321/4845 笔交易: 塔牌集团...
2026-05-05 23:57:38.006 | INFO     | Backtest   | [回测 4/5] 模拟第 2331/4845 笔交易: 广汇物流...
2026-05-05 23:57:38.263 | INFO     | Backtest   | [回测 4/5] 模拟第 2341/4845 笔交易: 利柏特...
2026-05-05 23:57:38.420 | INFO     | Backtest   | [回测 4/5] 模拟第 2351/4845 笔交易: 物产环能...
2026-05-05 23:57:38.630 | INFO     | Backtest   | [回测 4/5] 模拟第 2361/4845 笔交易: 方正科技...
2026-05-05 23:57:38.869 | INFO     | Backtest   | [回测 4/5] 模拟第 2371/4845 笔交易: 莱宝高科...
2026-05-05 23:57:39.158 | INFO     | Backtest   | [回测 4/5] 模拟第 2381/4845 笔交易: 智云股份...
2026-05-05 23:57:39.477 | INFO     | Backtest   | [回测 4/5] 模拟第 2391/4845 笔交易: 宁波精达...
2026-05-05 23:57:39.739 | INFO     | Backtest   | [回测 4/5] 模拟第 2401/4845 笔交易: 安科瑞...
2026-05-05 23:57:40.078 | INFO     | Backtest   | [回测 4/5] 模拟第 2411/4845 笔交易: 晋控电力...
2026-05-05 23:57:40.381 | INFO     | Backtest   | [回测 4/5] 模拟第 2421/4845 笔交易: 南京证券...
2026-05-05 23:57:40.686 | INFO     | Backtest   | [回测 4/5] 模拟第 2431/4845 笔交易: 中国国航...
2026-05-05 23:57:41.017 | INFO     | Backtest   | [回测 4/5] 模拟第 2441/4845 笔交易: 梅花生物...
2026-05-05 23:57:41.348 | INFO     | Backtest   | [回测 4/5] 模拟第 2451/4845 笔交易: 海航控股...
2026-05-05 23:57:41.693 | INFO     | Backtest   | [回测 4/5] 模拟第 2461/4845 笔交易: 北京利尔...
2026-05-05 23:57:41.999 | INFO     | Backtest   | [回测 4/5] 模拟第 2471/4845 笔交易: 日海智能...
2026-05-05 23:57:42.257 | INFO     | Backtest   | [回测 4/5] 模拟第 2481/4845 笔交易: 美亚光电...
2026-05-05 23:57:42.562 | INFO     | Backtest   | [回测 4/5] 模拟第 2491/4845 笔交易: 海信视像...
2026-05-05 23:57:42.745 | INFO     | Backtest   | [回测 4/5] 模拟第 2501/4845 笔交易: 中山公用...
2026-05-05 23:57:43.031 | INFO     | Backtest   | [回测 4/5] 模拟第 2511/4845 笔交易: 粤电力Ａ...
2026-05-05 23:57:43.343 | INFO     | Backtest   | [回测 4/5] 模拟第 2521/4845 笔交易: 宁波色母...
2026-05-05 23:57:43.558 | INFO     | Backtest   | [回测 4/5] 模拟第 2531/4845 笔交易: 力星股份...
2026-05-05 23:57:43.800 | INFO     | Backtest   | [回测 4/5] 模拟第 2541/4845 笔交易: 金房能源...
2026-05-05 23:57:44.091 | INFO     | Backtest   | [回测 4/5] 模拟第 2551/4845 笔交易: 金现代...
2026-05-05 23:57:44.348 | INFO     | Backtest   | [回测 4/5] 模拟第 2561/4845 笔交易: 濮阳惠成...
2026-05-05 23:57:44.600 | INFO     | Backtest   | [回测 4/5] 模拟第 2571/4845 笔交易: 京能热力...
2026-05-05 23:57:44.833 | INFO     | Backtest   | [回测 4/5] 模拟第 2581/4845 笔交易: 铜陵有色...
2026-05-05 23:57:45.039 | INFO     | Backtest   | [回测 4/5] 模拟第 2591/4845 笔交易: 盛天网络...
2026-05-05 23:57:45.231 | INFO     | Backtest   | [回测 4/5] 模拟第 2601/4845 笔交易: 中国中冶...
2026-05-05 23:57:45.444 | INFO     | Backtest   | [回测 4/5] 模拟第 2611/4845 笔交易: 德力股份...
2026-05-05 23:57:45.668 | INFO     | Backtest   | [回测 4/5] 模拟第 2621/4845 笔交易: 信达证券...
2026-05-05 23:57:45.901 | INFO     | Backtest   | [回测 4/5] 模拟第 2631/4845 笔交易: 仁智股份...
2026-05-05 23:57:46.147 | INFO     | Backtest   | [回测 4/5] 模拟第 2641/4845 笔交易: 中电港...
2026-05-05 23:57:46.366 | INFO     | Backtest   | [回测 4/5] 模拟第 2651/4845 笔交易: 科翔股份...
2026-05-05 23:57:46.616 | INFO     | Backtest   | [回测 4/5] 模拟第 2661/4845 笔交易: 上海建工...
2026-05-05 23:57:46.840 | INFO     | Backtest   | [回测 4/5] 模拟第 2671/4845 笔交易: 望变电气...
2026-05-05 23:57:47.007 | INFO     | Backtest   | [回测 4/5] 模拟第 2681/4845 笔交易: 东箭科技...
2026-05-05 23:57:47.315 | INFO     | Backtest   | [回测 4/5] 模拟第 2691/4845 笔交易: 神通科技...
2026-05-05 23:57:47.566 | INFO     | Backtest   | [回测 4/5] 模拟第 2701/4845 笔交易: 振华重工...
2026-05-05 23:57:47.839 | INFO     | Backtest   | [回测 4/5] 模拟第 2711/4845 笔交易: 出版传媒...
2026-05-05 23:57:48.126 | INFO     | Backtest   | [回测 4/5] 模拟第 2721/4845 笔交易: 泰山石油...
2026-05-05 23:57:48.428 | INFO     | Backtest   | [回测 4/5] 模拟第 2731/4845 笔交易: 宁波富邦...
2026-05-05 23:57:48.719 | INFO     | Backtest   | [回测 4/5] 模拟第 2741/4845 笔交易: 双环科技...
2026-05-05 23:57:49.004 | INFO     | Backtest   | [回测 4/5] 模拟第 2751/4845 笔交易: 中科软...
2026-05-05 23:57:49.328 | INFO     | Backtest   | [回测 4/5] 模拟第 2761/4845 笔交易: 浙江力诺...
2026-05-05 23:57:49.614 | INFO     | Backtest   | [回测 4/5] 模拟第 2771/4845 笔交易: 索宝蛋白...
2026-05-05 23:57:49.935 | INFO     | Backtest   | [回测 4/5] 模拟第 2781/4845 笔交易: 沈阳机床...
2026-05-05 23:57:50.192 | INFO     | Backtest   | [回测 4/5] 模拟第 2791/4845 笔交易: 京能电力...
2026-05-05 23:57:50.462 | INFO     | Backtest   | [回测 4/5] 模拟第 2801/4845 笔交易: 创业环保...
2026-05-05 23:57:50.697 | INFO     | Backtest   | [回测 4/5] 模拟第 2811/4845 笔交易: 华能国际...
2026-05-05 23:57:50.988 | INFO     | Backtest   | [回测 4/5] 模拟第 2821/4845 笔交易: 中洲特材...
2026-05-05 23:57:51.329 | INFO     | Backtest   | [回测 4/5] 模拟第 2831/4845 笔交易: 涪陵电力...
2026-05-05 23:57:51.660 | INFO     | Backtest   | [回测 4/5] 模拟第 2841/4845 笔交易: 航天智装...
2026-05-05 23:57:51.820 | INFO     | Backtest   | [回测 4/5] 模拟第 2851/4845 笔交易: 中创物流...
2026-05-05 23:57:52.074 | INFO     | Backtest   | [回测 4/5] 模拟第 2861/4845 笔交易: 贵航股份...
2026-05-05 23:57:52.298 | INFO     | Backtest   | [回测 4/5] 模拟第 2871/4845 笔交易: 万凯新材...
2026-05-05 23:57:52.570 | INFO     | Backtest   | [回测 4/5] 模拟第 2881/4845 笔交易: 合金投资...
2026-05-05 23:57:52.821 | INFO     | Backtest   | [回测 4/5] 模拟第 2891/4845 笔交易: 清水源...
2026-05-05 23:57:53.021 | INFO     | Backtest   | [回测 4/5] 模拟第 2901/4845 笔交易: 新集能源...
2026-05-05 23:57:53.280 | INFO     | Backtest   | [回测 4/5] 模拟第 2911/4845 笔交易: 誉衡药业...
2026-05-05 23:57:53.510 | INFO     | Backtest   | [回测 4/5] 模拟第 2921/4845 笔交易: 申昊科技...
2026-05-05 23:57:53.757 | INFO     | Backtest   | [回测 4/5] 模拟第 2931/4845 笔交易: 梅安森...
2026-05-05 23:57:54.035 | INFO     | Backtest   | [回测 4/5] 模拟第 2941/4845 笔交易: 泸天化...
2026-05-05 23:57:54.375 | INFO     | Backtest   | [回测 4/5] 模拟第 2951/4845 笔交易: 海利生物...
2026-05-05 23:57:54.598 | INFO     | Backtest   | [回测 4/5] 模拟第 2961/4845 笔交易: 海欣食品...
2026-05-05 23:57:54.961 | INFO     | Backtest   | [回测 4/5] 模拟第 2971/4845 笔交易: 银星能源...
2026-05-05 23:57:55.252 | INFO     | Backtest   | [回测 4/5] 模拟第 2981/4845 笔交易: 海伦哲...
2026-05-05 23:57:55.489 | INFO     | Backtest   | [回测 4/5] 模拟第 2991/4845 笔交易: 风华高科...
2026-05-05 23:57:55.725 | INFO     | Backtest   | [回测 4/5] 模拟第 3001/4845 笔交易: 亚威股份...
2026-05-05 23:57:55.949 | INFO     | Backtest   | [回测 4/5] 模拟第 3011/4845 笔交易: 长江证券...
2026-05-05 23:57:56.228 | INFO     | Backtest   | [回测 4/5] 模拟第 3021/4845 笔交易: 中国电建...
2026-05-05 23:57:56.462 | INFO     | Backtest   | [回测 4/5] 模拟第 3031/4845 笔交易: 美畅股份...
2026-05-05 23:57:56.725 | INFO     | Backtest   | [回测 4/5] 模拟第 3041/4845 笔交易: 会稽山...
2026-05-05 23:57:57.008 | INFO     | Backtest   | [回测 4/5] 模拟第 3051/4845 笔交易: 海信视像...
2026-05-05 23:57:57.258 | INFO     | Backtest   | [回测 4/5] 模拟第 3061/4845 笔交易: 诺唯赞...
2026-05-05 23:57:57.455 | INFO     | Backtest   | [回测 4/5] 模拟第 3071/4845 笔交易: 冠城新材...
2026-05-05 23:57:57.642 | INFO     | Backtest   | [回测 4/5] 模拟第 3081/4845 笔交易: 奥佳华...
2026-05-05 23:57:57.830 | INFO     | Backtest   | [回测 4/5] 模拟第 3091/4845 笔交易: 美联新材...
2026-05-05 23:57:58.005 | INFO     | Backtest   | [回测 4/5] 模拟第 3101/4845 笔交易: 硅宝科技...
2026-05-05 23:57:58.207 | INFO     | Backtest   | [回测 4/5] 模拟第 3111/4845 笔交易: 江航装备...
2026-05-05 23:57:58.374 | INFO     | Backtest   | [回测 4/5] 模拟第 3121/4845 笔交易: 茂业商业...
2026-05-05 23:57:58.629 | INFO     | Backtest   | [回测 4/5] 模拟第 3131/4845 笔交易: 飞乐音响...
2026-05-05 23:57:58.851 | INFO     | Backtest   | [回测 4/5] 模拟第 3141/4845 笔交易: 银邦股份...
2026-05-05 23:57:59.089 | INFO     | Backtest   | [回测 4/5] 模拟第 3151/4845 笔交易: 森马服饰...
2026-05-05 23:57:59.366 | INFO     | Backtest   | [回测 4/5] 模拟第 3161/4845 笔交易: 汇通集团...
2026-05-05 23:57:59.627 | INFO     | Backtest   | [回测 4/5] 模拟第 3171/4845 笔交易: 花园生物...
2026-05-05 23:57:59.868 | INFO     | Backtest   | [回测 4/5] 模拟第 3181/4845 笔交易: 滨海能源...
2026-05-05 23:58:00.016 | INFO     | Backtest   | [回测 4/5] 模拟第 3191/4845 笔交易: 东港股份...
2026-05-05 23:58:00.291 | INFO     | Backtest   | [回测 4/5] 模拟第 3201/4845 笔交易: 厦门国贸...
2026-05-05 23:58:00.475 | INFO     | Backtest   | [回测 4/5] 模拟第 3211/4845 笔交易: 海南海药...
2026-05-05 23:58:00.666 | INFO     | Backtest   | [回测 4/5] 模拟第 3221/4845 笔交易: 锦富技术...
2026-05-05 23:58:00.882 | INFO     | Backtest   | [回测 4/5] 模拟第 3231/4845 笔交易: 密封科技...
2026-05-05 23:58:01.067 | INFO     | Backtest   | [回测 4/5] 模拟第 3241/4845 笔交易: 瑞泰科技...
2026-05-05 23:58:01.259 | INFO     | Backtest   | [回测 4/5] 模拟第 3251/4845 笔交易: 鄂尔多斯...
2026-05-05 23:58:01.564 | INFO     | Backtest   | [回测 4/5] 模拟第 3261/4845 笔交易: 石化机械...
2026-05-05 23:58:01.775 | INFO     | Backtest   | [回测 4/5] 模拟第 3271/4845 笔交易: 浩通科技...
2026-05-05 23:58:01.992 | INFO     | Backtest   | [回测 4/5] 模拟第 3281/4845 笔交易: 飞鹿股份...
2026-05-05 23:58:02.215 | INFO     | Backtest   | [回测 4/5] 模拟第 3291/4845 笔交易: 高测股份...
2026-05-05 23:58:02.458 | INFO     | Backtest   | [回测 4/5] 模拟第 3301/4845 笔交易: 友好集团...
2026-05-05 23:58:02.728 | INFO     | Backtest   | [回测 4/5] 模拟第 3311/4845 笔交易: 金陵饭店...
2026-05-05 23:58:02.998 | INFO     | Backtest   | [回测 4/5] 模拟第 3321/4845 笔交易: 宏鑫科技...
2026-05-05 23:58:03.231 | INFO     | Backtest   | [回测 4/5] 模拟第 3331/4845 笔交易: 国药一致...
2026-05-05 23:58:03.455 | INFO     | Backtest   | [回测 4/5] 模拟第 3341/4845 笔交易: 凤凰航运...
2026-05-05 23:58:03.740 | INFO     | Backtest   | [回测 4/5] 模拟第 3351/4845 笔交易: 东珠生态...
2026-05-05 23:58:03.949 | INFO     | Backtest   | [回测 4/5] 模拟第 3361/4845 笔交易: 科捷智能...
2026-05-05 23:58:04.162 | INFO     | Backtest   | [回测 4/5] 模拟第 3371/4845 笔交易: 三安光电...
2026-05-05 23:58:04.376 | INFO     | Backtest   | [回测 4/5] 模拟第 3381/4845 笔交易: 中光防雷...
2026-05-05 23:58:04.608 | INFO     | Backtest   | [回测 4/5] 模拟第 3391/4845 笔交易: 信科移动-U...
2026-05-05 23:58:04.802 | INFO     | Backtest   | [回测 4/5] 模拟第 3401/4845 笔交易: 乐凯胶片...
2026-05-05 23:58:05.006 | INFO     | Backtest   | [回测 4/5] 模拟第 3411/4845 笔交易: 松原安全...
2026-05-05 23:58:05.209 | INFO     | Backtest   | [回测 4/5] 模拟第 3421/4845 笔交易: 平潭发展...
2026-05-05 23:58:05.449 | INFO     | Backtest   | [回测 4/5] 模拟第 3431/4845 笔交易: 顺灏股份...
2026-05-05 23:58:05.724 | INFO     | Backtest   | [回测 4/5] 模拟第 3441/4845 笔交易: 英特集团...
2026-05-05 23:58:05.939 | INFO     | Backtest   | [回测 4/5] 模拟第 3451/4845 笔交易: 喜悦智行...
2026-05-05 23:58:06.157 | INFO     | Backtest   | [回测 4/5] 模拟第 3461/4845 笔交易: 奥康国际...
2026-05-05 23:58:06.395 | INFO     | Backtest   | [回测 4/5] 模拟第 3471/4845 笔交易: 乐普医疗...
2026-05-05 23:58:06.596 | INFO     | Backtest   | [回测 4/5] 模拟第 3481/4845 笔交易: 悦康药业...
2026-05-05 23:58:06.779 | INFO     | Backtest   | [回测 4/5] 模拟第 3491/4845 笔交易: 光华股份...
2026-05-05 23:58:07.018 | INFO     | Backtest   | [回测 4/5] 模拟第 3501/4845 笔交易: 鼎汉技术...
2026-05-05 23:58:07.283 | INFO     | Backtest   | [回测 4/5] 模拟第 3511/4845 笔交易: 星球石墨...
2026-05-05 23:58:07.507 | INFO     | Backtest   | [回测 4/5] 模拟第 3521/4845 笔交易: 春立医疗...
2026-05-05 23:58:07.717 | INFO     | Backtest   | [回测 4/5] 模拟第 3531/4845 笔交易: 华海药业...
2026-05-05 23:58:07.967 | INFO     | Backtest   | [回测 4/5] 模拟第 3541/4845 笔交易: 千红制药...
2026-05-05 23:58:08.242 | INFO     | Backtest   | [回测 4/5] 模拟第 3551/4845 笔交易: 四川双马...
2026-05-05 23:58:08.491 | INFO     | Backtest   | [回测 4/5] 模拟第 3561/4845 笔交易: 洽洽食品...
2026-05-05 23:58:08.736 | INFO     | Backtest   | [回测 4/5] 模拟第 3571/4845 笔交易: 诚意药业...
2026-05-05 23:58:09.001 | INFO     | Backtest   | [回测 4/5] 模拟第 3581/4845 笔交易: 创力集团...
2026-05-05 23:58:09.224 | INFO     | Backtest   | [回测 4/5] 模拟第 3591/4845 笔交易: 氯碱化工...
2026-05-05 23:58:09.450 | INFO     | Backtest   | [回测 4/5] 模拟第 3601/4845 笔交易: 张小泉...
2026-05-05 23:58:09.680 | INFO     | Backtest   | [回测 4/5] 模拟第 3611/4845 笔交易: 海新能科...
2026-05-05 23:58:09.913 | INFO     | Backtest   | [回测 4/5] 模拟第 3621/4845 笔交易: 新联电子...
2026-05-05 23:58:10.211 | INFO     | Backtest   | [回测 4/5] 模拟第 3631/4845 笔交易: 长阳科技...
2026-05-05 23:58:10.444 | INFO     | Backtest   | [回测 4/5] 模拟第 3641/4845 笔交易: 天能重工...
2026-05-05 23:58:10.740 | INFO     | Backtest   | [回测 4/5] 模拟第 3651/4845 笔交易: 江南高纤...
2026-05-05 23:58:11.067 | INFO     | Backtest   | [回测 4/5] 模拟第 3661/4845 笔交易: 中国化学...
2026-05-05 23:58:11.319 | INFO     | Backtest   | [回测 4/5] 模拟第 3671/4845 笔交易: 锦江航运...
2026-05-05 23:58:11.504 | INFO     | Backtest   | [回测 4/5] 模拟第 3681/4845 笔交易: 兴瑞科技...
2026-05-05 23:58:11.706 | INFO     | Backtest   | [回测 4/5] 模拟第 3691/4845 笔交易: 宝泰隆...
2026-05-05 23:58:11.933 | INFO     | Backtest   | [回测 4/5] 模拟第 3701/4845 笔交易: 三和管桩...
2026-05-05 23:58:12.119 | INFO     | Backtest   | [回测 4/5] 模拟第 3711/4845 笔交易: 郑中设计...
2026-05-05 23:58:12.361 | INFO     | Backtest   | [回测 4/5] 模拟第 3721/4845 笔交易: 瀚川智能...
2026-05-05 23:58:12.627 | INFO     | Backtest   | [回测 4/5] 模拟第 3731/4845 笔交易: 路德科技...
2026-05-05 23:58:12.845 | INFO     | Backtest   | [回测 4/5] 模拟第 3741/4845 笔交易: 蓝盾光电...
2026-05-05 23:58:13.047 | INFO     | Backtest   | [回测 4/5] 模拟第 3751/4845 笔交易: 汇中股份...
2026-05-05 23:58:13.308 | INFO     | Backtest   | [回测 4/5] 模拟第 3761/4845 笔交易: 北方国际...
2026-05-05 23:58:13.531 | INFO     | Backtest   | [回测 4/5] 模拟第 3771/4845 笔交易: 华骐环保...
2026-05-05 23:58:13.775 | INFO     | Backtest   | [回测 4/5] 模拟第 3781/4845 笔交易: 洪汇新材...
2026-05-05 23:58:13.952 | INFO     | Backtest   | [回测 4/5] 模拟第 3791/4845 笔交易: 富祥药业...
2026-05-05 23:58:14.150 | INFO     | Backtest   | [回测 4/5] 模拟第 3801/4845 笔交易: 万通发展...
2026-05-05 23:58:14.343 | INFO     | Backtest   | [回测 4/5] 模拟第 3811/4845 笔交易: 海南华铁...
2026-05-05 23:58:14.526 | INFO     | Backtest   | [回测 4/5] 模拟第 3821/4845 笔交易: 福成股份...
2026-05-05 23:58:14.758 | INFO     | Backtest   | [回测 4/5] 模拟第 3831/4845 笔交易: 朗科智能...
2026-05-05 23:58:14.953 | INFO     | Backtest   | [回测 4/5] 模拟第 3841/4845 笔交易: 文科股份...
2026-05-05 23:58:15.100 | INFO     | Backtest   | [回测 4/5] 模拟第 3851/4845 笔交易: 延江股份...
2026-05-05 23:58:15.293 | INFO     | Backtest   | [回测 4/5] 模拟第 3861/4845 笔交易: 新黄浦...
2026-05-05 23:58:15.527 | INFO     | Backtest   | [回测 4/5] 模拟第 3871/4845 笔交易: 立新能源...
2026-05-05 23:58:15.761 | INFO     | Backtest   | [回测 4/5] 模拟第 3881/4845 笔交易: 博世科...
2026-05-05 23:58:15.998 | INFO     | Backtest   | [回测 4/5] 模拟第 3891/4845 笔交易: 紫江企业...
2026-05-05 23:58:16.246 | INFO     | Backtest   | [回测 4/5] 模拟第 3901/4845 笔交易: 岳阳林纸...
2026-05-05 23:58:16.514 | INFO     | Backtest   | [回测 4/5] 模拟第 3911/4845 笔交易: 中国重汽...
2026-05-05 23:58:16.721 | INFO     | Backtest   | [回测 4/5] 模拟第 3921/4845 笔交易: 卧龙新能...
2026-05-05 23:58:16.918 | INFO     | Backtest   | [回测 4/5] 模拟第 3931/4845 笔交易: 百达精工...
2026-05-05 23:58:17.122 | INFO     | Backtest   | [回测 4/5] 模拟第 3941/4845 笔交易: 太阳能...
2026-05-05 23:58:17.300 | INFO     | Backtest   | [回测 4/5] 模拟第 3951/4845 笔交易: 南方传媒...
2026-05-05 23:58:17.516 | INFO     | Backtest   | [回测 4/5] 模拟第 3961/4845 笔交易: 莱绅通灵...
2026-05-05 23:58:17.678 | INFO     | Backtest   | [回测 4/5] 模拟第 3971/4845 笔交易: 达意隆...
2026-05-05 23:58:17.848 | INFO     | Backtest   | [回测 4/5] 模拟第 3981/4845 笔交易: 维科技术...
2026-05-05 23:58:17.980 | INFO     | Backtest   | [回测 4/5] 模拟第 3991/4845 笔交易: 华林证券...
2026-05-05 23:58:18.113 | INFO     | Backtest   | [回测 4/5] 模拟第 4001/4845 笔交易: 爱慕股份...
2026-05-05 23:58:18.245 | INFO     | Backtest   | [回测 4/5] 模拟第 4011/4845 笔交易: 上海建工...
2026-05-05 23:58:18.435 | INFO     | Backtest   | [回测 4/5] 模拟第 4021/4845 笔交易: 万丰股份...
2026-05-05 23:58:18.653 | INFO     | Backtest   | [回测 4/5] 模拟第 4031/4845 笔交易: 峨眉山Ａ...
2026-05-05 23:58:18.827 | INFO     | Backtest   | [回测 4/5] 模拟第 4041/4845 笔交易: 美迪凯...
2026-05-05 23:58:19.015 | INFO     | Backtest   | [回测 4/5] 模拟第 4051/4845 笔交易: 桂冠电力...
2026-05-05 23:58:19.235 | INFO     | Backtest   | [回测 4/5] 模拟第 4061/4845 笔交易: 贵绳股份...
2026-05-05 23:58:19.473 | INFO     | Backtest   | [回测 4/5] 模拟第 4071/4845 笔交易: 本立科技...
2026-05-05 23:58:19.720 | INFO     | Backtest   | [回测 4/5] 模拟第 4081/4845 笔交易: 华康股份...
2026-05-05 23:58:19.914 | INFO     | Backtest   | [回测 4/5] 模拟第 4091/4845 笔交易: 尤夫股份...
2026-05-05 23:58:20.127 | INFO     | Backtest   | [回测 4/5] 模拟第 4101/4845 笔交易: 开山股份...
2026-05-05 23:58:20.319 | INFO     | Backtest   | [回测 4/5] 模拟第 4111/4845 笔交易: 大连热电...
2026-05-05 23:58:20.543 | INFO     | Backtest   | [回测 4/5] 模拟第 4121/4845 笔交易: 浙江交科...
2026-05-05 23:58:20.847 | INFO     | Backtest   | [回测 4/5] 模拟第 4131/4845 笔交易: 金富科技...
2026-05-05 23:58:21.034 | INFO     | Backtest   | [回测 4/5] 模拟第 4141/4845 笔交易: 章源钨业...
2026-05-05 23:58:21.196 | INFO     | Backtest   | [回测 4/5] 模拟第 4151/4845 笔交易: 浙江龙盛...
2026-05-05 23:58:21.357 | INFO     | Backtest   | [回测 4/5] 模拟第 4161/4845 笔交易: 望变电气...
2026-05-05 23:58:21.580 | INFO     | Backtest   | [回测 4/5] 模拟第 4171/4845 笔交易: 常宝股份...
2026-05-05 23:58:21.771 | INFO     | Backtest   | [回测 4/5] 模拟第 4181/4845 笔交易: 三六零...
2026-05-05 23:58:21.963 | INFO     | Backtest   | [回测 4/5] 模拟第 4191/4845 笔交易: 宝地矿业...
2026-05-05 23:58:22.135 | INFO     | Backtest   | [回测 4/5] 模拟第 4201/4845 笔交易: 银信科技...
2026-05-05 23:58:22.353 | INFO     | Backtest   | [回测 4/5] 模拟第 4211/4845 笔交易: 美克家居...
2026-05-05 23:58:22.518 | INFO     | Backtest   | [回测 4/5] 模拟第 4221/4845 笔交易: 上海沪工...
2026-05-05 23:58:22.705 | INFO     | Backtest   | [回测 4/5] 模拟第 4231/4845 笔交易: 标准股份...
2026-05-05 23:58:22.843 | INFO     | Backtest   | [回测 4/5] 模拟第 4241/4845 笔交易: 大东南...
2026-05-05 23:58:23.029 | INFO     | Backtest   | [回测 4/5] 模拟第 4251/4845 笔交易: 明志科技...
2026-05-05 23:58:23.143 | INFO     | Backtest   | [回测 4/5] 模拟第 4261/4845 笔交易: 广田集团...
2026-05-05 23:58:23.333 | INFO     | Backtest   | [回测 4/5] 模拟第 4271/4845 笔交易: 上海石化...
2026-05-05 23:58:23.486 | INFO     | Backtest   | [回测 4/5] 模拟第 4281/4845 笔交易: 可立克...
2026-05-05 23:58:23.655 | INFO     | Backtest   | [回测 4/5] 模拟第 4291/4845 笔交易: 交运股份...
2026-05-05 23:58:23.783 | INFO     | Backtest   | [回测 4/5] 模拟第 4301/4845 笔交易: 正丹股份...
2026-05-05 23:58:23.992 | INFO     | Backtest   | [回测 4/5] 模拟第 4311/4845 笔交易: 中炬高新...
2026-05-05 23:58:24.168 | INFO     | Backtest   | [回测 4/5] 模拟第 4321/4845 笔交易: 华瓷股份...
2026-05-05 23:58:24.305 | INFO     | Backtest   | [回测 4/5] 模拟第 4331/4845 笔交易: 博敏电子...
2026-05-05 23:58:24.483 | INFO     | Backtest   | [回测 4/5] 模拟第 4341/4845 笔交易: 中国通号...
2026-05-05 23:58:24.696 | INFO     | Backtest   | [回测 4/5] 模拟第 4351/4845 笔交易: 菲沃泰...
2026-05-05 23:58:24.866 | INFO     | Backtest   | [回测 4/5] 模拟第 4361/4845 笔交易: 运达科技...
2026-05-05 23:58:25.063 | INFO     | Backtest   | [回测 4/5] 模拟第 4371/4845 笔交易: 兴森科技...
2026-05-05 23:58:25.227 | INFO     | Backtest   | [回测 4/5] 模拟第 4381/4845 笔交易: 甘肃能化...
2026-05-05 23:58:25.394 | INFO     | Backtest   | [回测 4/5] 模拟第 4391/4845 笔交易: 惠云钛业...
2026-05-05 23:58:25.549 | INFO     | Backtest   | [回测 4/5] 模拟第 4401/4845 笔交易: 东杰智能...
2026-05-05 23:58:25.639 | INFO     | Backtest   | [回测 4/5] 模拟第 4411/4845 笔交易: 中南文化...
2026-05-05 23:58:25.790 | INFO     | Backtest   | [回测 4/5] 模拟第 4421/4845 笔交易: 凯盛新能...
2026-05-05 23:58:25.958 | INFO     | Backtest   | [回测 4/5] 模拟第 4431/4845 笔交易: 沙河股份...
2026-05-05 23:58:26.158 | INFO     | Backtest   | [回测 4/5] 模拟第 4441/4845 笔交易: 中赋科技...
2026-05-05 23:58:26.388 | INFO     | Backtest   | [回测 4/5] 模拟第 4451/4845 笔交易: 永兴股份...
2026-05-05 23:58:26.592 | INFO     | Backtest   | [回测 4/5] 模拟第 4461/4845 笔交易: 维科技术...
2026-05-05 23:58:26.773 | INFO     | Backtest   | [回测 4/5] 模拟第 4471/4845 笔交易: 福建高速...
2026-05-05 23:58:27.011 | INFO     | Backtest   | [回测 4/5] 模拟第 4481/4845 笔交易: 天津港...
2026-05-05 23:58:27.237 | INFO     | Backtest   | [回测 4/5] 模拟第 4491/4845 笔交易: 金正大...
2026-05-05 23:58:27.421 | INFO     | Backtest   | [回测 4/5] 模拟第 4501/4845 笔交易: 厦门银行...
2026-05-05 23:58:27.600 | INFO     | Backtest   | [回测 4/5] 模拟第 4511/4845 笔交易: 行云科技...
2026-05-05 23:58:27.779 | INFO     | Backtest   | [回测 4/5] 模拟第 4521/4845 笔交易: 力源信息...
2026-05-05 23:58:27.921 | INFO     | Backtest   | [回测 4/5] 模拟第 4531/4845 笔交易: 动力新科...
2026-05-05 23:58:28.158 | INFO     | Backtest   | [回测 4/5] 模拟第 4541/4845 笔交易: 奥飞数据...
2026-05-05 23:58:28.328 | INFO     | Backtest   | [回测 4/5] 模拟第 4551/4845 笔交易: 新华百货...
2026-05-05 23:58:28.511 | INFO     | Backtest   | [回测 4/5] 模拟第 4561/4845 笔交易: 智云股份...
2026-05-05 23:58:28.759 | INFO     | Backtest   | [回测 4/5] 模拟第 4571/4845 笔交易: 南凌科技...
2026-05-05 23:58:28.949 | INFO     | Backtest   | [回测 4/5] 模拟第 4581/4845 笔交易: 南兴股份...
2026-05-05 23:58:29.177 | INFO     | Backtest   | [回测 4/5] 模拟第 4591/4845 笔交易: 舜禹股份...
2026-05-05 23:58:29.429 | INFO     | Backtest   | [回测 4/5] 模拟第 4601/4845 笔交易: 吉视传媒...
2026-05-05 23:58:29.636 | INFO     | Backtest   | [回测 4/5] 模拟第 4611/4845 笔交易: 彩蝶实业...
2026-05-05 23:58:29.892 | INFO     | Backtest   | [回测 4/5] 模拟第 4621/4845 笔交易: 同兴科技...
2026-05-05 23:58:30.151 | INFO     | Backtest   | [回测 4/5] 模拟第 4631/4845 笔交易: 华信新材...
2026-05-05 23:58:30.389 | INFO     | Backtest   | [回测 4/5] 模拟第 4641/4845 笔交易: 新华都...
2026-05-05 23:58:30.657 | INFO     | Backtest   | [回测 4/5] 模拟第 4651/4845 笔交易: 科顺股份...
2026-05-05 23:58:30.848 | INFO     | Backtest   | [回测 4/5] 模拟第 4661/4845 笔交易: 西藏旅游...
2026-05-05 23:58:31.071 | INFO     | Backtest   | [回测 4/5] 模拟第 4671/4845 笔交易: 方正电机...
2026-05-05 23:58:31.324 | INFO     | Backtest   | [回测 4/5] 模拟第 4681/4845 笔交易: 新经典...
2026-05-05 23:58:31.562 | INFO     | Backtest   | [回测 4/5] 模拟第 4691/4845 笔交易: 迈赫股份...
2026-05-05 23:58:31.776 | INFO     | Backtest   | [回测 4/5] 模拟第 4701/4845 笔交易: 湘佳股份...
2026-05-05 23:58:32.054 | INFO     | Backtest   | [回测 4/5] 模拟第 4711/4845 笔交易: 水星家纺...
2026-05-05 23:58:32.277 | INFO     | Backtest   | [回测 4/5] 模拟第 4721/4845 笔交易: 佳力图...
2026-05-05 23:58:32.452 | INFO     | Backtest   | [回测 4/5] 模拟第 4731/4845 笔交易: 金钼股份...
2026-05-05 23:58:32.656 | INFO     | Backtest   | [回测 4/5] 模拟第 4741/4845 笔交易: 光莆股份...
2026-05-05 23:58:32.776 | INFO     | Backtest   | [回测 4/5] 模拟第 4751/4845 笔交易: 平高电气...
2026-05-05 23:58:32.906 | INFO     | Backtest   | [回测 4/5] 模拟第 4761/4845 笔交易: 金信诺...
2026-05-05 23:58:33.093 | INFO     | Backtest   | [回测 4/5] 模拟第 4771/4845 笔交易: 元祖股份...
2026-05-05 23:58:33.224 | INFO     | Backtest   | [回测 4/5] 模拟第 4781/4845 笔交易: 三鑫医疗...
2026-05-05 23:58:33.433 | INFO     | Backtest   | [回测 4/5] 模拟第 4791/4845 笔交易: 湖北宜化...
2026-05-05 23:58:33.525 | INFO     | Backtest   | [回测 4/5] 模拟第 4801/4845 笔交易: 蔚蓝锂芯...
2026-05-05 23:58:33.716 | INFO     | Backtest   | [回测 4/5] 模拟第 4811/4845 笔交易: 初灵信息...
2026-05-05 23:58:33.826 | INFO     | Backtest   | [回测 4/5] 模拟第 4821/4845 笔交易: 麦捷科技...
2026-05-05 23:58:33.960 | INFO     | Backtest   | [回测 4/5] 模拟第 4831/4845 笔交易: 芯联集成-U...
2026-05-05 23:58:34.130 | INFO     | Backtest   | [回测 4/5] 模拟第 4841/4845 笔交易: 广哈通信...
2026-05-05 23:58:34.204 | INFO     | Backtest   | [回测 5/5] 回测任务完成: 1142笔(含0笔平手离场)
2026-05-05 23:58:35.027 | INFO     | Backtest   | [回测 1/5] 筛选回测目标股票...
2026-05-05 23:58:35.043 | INFO     | Backtest   | [回测 2/5] 加载 4972 只股票的历史数据进行快速扫描...
2026-05-05 23:58:50.009 | INFO     | Backtest   | [回测 3/5] 计算策略信号 (基于日线信号库)...
2026-05-05 23:58:50.016 | INFO     | Screener   | 🧬 [Loader] 识别到类继承策略: MA5AngleOriginalStrategy
2026-05-05 23:58:55.732 | INFO     | Backtest   | [回测 4/5] 处理 4821 条信号，执行精细分钟线仿真...
2026-05-05 23:58:55.737 | INFO     | Backtest   | [回测 4/5] 模拟第 1/4821 笔交易: 科达制造...
2026-05-05 23:58:56.146 | INFO     | Backtest   | [回测 4/5] 模拟第 11/4821 笔交易: 鹿山新材...
2026-05-05 23:58:56.566 | INFO     | Backtest   | [回测 4/5] 模拟第 21/4821 笔交易: 绿茵生态...
2026-05-05 23:58:57.025 | INFO     | Backtest   | [回测 4/5] 模拟第 31/4821 笔交易: 铭科精技...
2026-05-05 23:58:57.512 | INFO     | Backtest   | [回测 4/5] 模拟第 41/4821 笔交易: 蠡湖股份...
2026-05-05 23:58:57.925 | INFO     | Backtest   | [回测 4/5] 模拟第 51/4821 笔交易: 超频三...
2026-05-05 23:58:58.375 | INFO     | Backtest   | [回测 4/5] 模拟第 61/4821 笔交易: 悦安新材...
2026-05-05 23:58:58.916 | INFO     | Backtest   | [回测 4/5] 模拟第 71/4821 笔交易: 中船防务...
2026-05-05 23:58:59.270 | INFO     | Backtest   | [回测 4/5] 模拟第 81/4821 笔交易: 普天科技...
2026-05-05 23:58:59.675 | INFO     | Backtest   | [回测 4/5] 模拟第 91/4821 笔交易: 天微电子...
2026-05-05 23:59:00.021 | INFO     | Backtest   | [回测 4/5] 模拟第 101/4821 笔交易: 恒锋信息...
2026-05-05 23:59:00.430 | INFO     | Backtest   | [回测 4/5] 模拟第 111/4821 笔交易: 风语筑...
2026-05-05 23:59:00.882 | INFO     | Backtest   | [回测 4/5] 模拟第 121/4821 笔交易: 旗天科技...
2026-05-05 23:59:01.443 | INFO     | Backtest   | [回测 4/5] 模拟第 131/4821 笔交易: 万控智造...
2026-05-05 23:59:01.982 | INFO     | Backtest   | [回测 4/5] 模拟第 141/4821 笔交易: 农心科技...
2026-05-05 23:59:02.444 | INFO     | Backtest   | [回测 4/5] 模拟第 151/4821 笔交易: 科陆电子...
2026-05-05 23:59:02.853 | INFO     | Backtest   | [回测 4/5] 模拟第 161/4821 笔交易: 金埔园林...
2026-05-05 23:59:03.285 | INFO     | Backtest   | [回测 4/5] 模拟第 171/4821 笔交易: 大智慧...
2026-05-05 23:59:03.714 | INFO     | Backtest   | [回测 4/5] 模拟第 181/4821 笔交易: 中海达...
2026-05-05 23:59:04.128 | INFO     | Backtest   | [回测 4/5] 模拟第 191/4821 笔交易: 汇创达...
2026-05-05 23:59:04.563 | INFO     | Backtest   | [回测 4/5] 模拟第 201/4821 笔交易: 蔚蓝锂芯...
2026-05-05 23:59:05.066 | INFO     | Backtest   | [回测 4/5] 模拟第 211/4821 笔交易: 软控股份...
2026-05-05 23:59:05.585 | INFO     | Backtest   | [回测 4/5] 模拟第 221/4821 笔交易: 诚志股份...
2026-05-05 23:59:06.168 | INFO     | Backtest   | [回测 4/5] 模拟第 231/4821 笔交易: 皓宸医疗...
2026-05-05 23:59:06.623 | INFO     | Backtest   | [回测 4/5] 模拟第 241/4821 笔交易: 火星人...
2026-05-05 23:59:07.020 | INFO     | Backtest   | [回测 4/5] 模拟第 251/4821 笔交易: 能辉科技...
2026-05-05 23:59:07.530 | INFO     | Backtest   | [回测 4/5] 模拟第 261/4821 笔交易: 四创电子...
2026-05-05 23:59:07.980 | INFO     | Backtest   | [回测 4/5] 模拟第 271/4821 笔交易: 广电运通...
2026-05-05 23:59:08.536 | INFO     | Backtest   | [回测 4/5] 模拟第 281/4821 笔交易: 赛伍技术...
2026-05-05 23:59:08.993 | INFO     | Backtest   | [回测 4/5] 模拟第 291/4821 笔交易: 亿华通-U...
2026-05-05 23:59:09.436 | INFO     | Backtest   | [回测 4/5] 模拟第 301/4821 笔交易: 悦心健康...
2026-05-05 23:59:09.916 | INFO     | Backtest   | [回测 4/5] 模拟第 311/4821 笔交易: 越秀资本...
2026-05-05 23:59:10.378 | INFO     | Backtest   | [回测 4/5] 模拟第 321/4821 笔交易: 金圆股份...
2026-05-05 23:59:10.818 | INFO     | Backtest   | [回测 4/5] 模拟第 331/4821 笔交易: 太平洋...
2026-05-05 23:59:11.372 | INFO     | Backtest   | [回测 4/5] 模拟第 341/4821 笔交易: 中国巨石...
2026-05-05 23:59:11.808 | INFO     | Backtest   | [回测 4/5] 模拟第 351/4821 笔交易: 招标股份...
2026-05-05 23:59:12.245 | INFO     | Backtest   | [回测 4/5] 模拟第 361/4821 笔交易: 鲁信创投...
2026-05-05 23:59:12.793 | INFO     | Backtest   | [回测 4/5] 模拟第 371/4821 笔交易: 康众医疗...
2026-05-05 23:59:13.248 | INFO     | Backtest   | [回测 4/5] 模拟第 381/4821 笔交易: 集泰股份...
2026-05-05 23:59:13.744 | INFO     | Backtest   | [回测 4/5] 模拟第 391/4821 笔交易: 康鹏科技...
2026-05-05 23:59:14.133 | INFO     | Backtest   | [回测 4/5] 模拟第 401/4821 笔交易: 天利科技...
2026-05-05 23:59:14.565 | INFO     | Backtest   | [回测 4/5] 模拟第 411/4821 笔交易: 祥源文旅...
2026-05-05 23:59:15.017 | INFO     | Backtest   | [回测 4/5] 模拟第 421/4821 笔交易: 山外山...
2026-05-05 23:59:15.420 | INFO     | Backtest   | [回测 4/5] 模拟第 431/4821 笔交易: 华安证券...
2026-05-05 23:59:15.768 | INFO     | Backtest   | [回测 4/5] 模拟第 441/4821 笔交易: 中重科技...
2026-05-05 23:59:16.206 | INFO     | Backtest   | [回测 4/5] 模拟第 451/4821 笔交易: 巴比食品...
2026-05-05 23:59:16.561 | INFO     | Backtest   | [回测 4/5] 模拟第 461/4821 笔交易: 国城矿业...
2026-05-05 23:59:17.058 | INFO     | Backtest   | [回测 4/5] 模拟第 471/4821 笔交易: 汇嘉时代...
2026-05-05 23:59:17.476 | INFO     | Backtest   | [回测 4/5] 模拟第 481/4821 笔交易: 煌上煌...
2026-05-05 23:59:17.946 | INFO     | Backtest   | [回测 4/5] 模拟第 491/4821 笔交易: 锦和商管...
2026-05-05 23:59:18.438 | INFO     | Backtest   | [回测 4/5] 模拟第 501/4821 笔交易: 金春股份...
2026-05-05 23:59:18.736 | INFO     | Backtest   | [回测 4/5] 模拟第 511/4821 笔交易: 华东重机...
2026-05-05 23:59:19.128 | INFO     | Backtest   | [回测 4/5] 模拟第 521/4821 笔交易: 格灵深瞳...
2026-05-05 23:59:19.471 | INFO     | Backtest   | [回测 4/5] 模拟第 531/4821 笔交易: 元琛科技...
2026-05-05 23:59:19.907 | INFO     | Backtest   | [回测 4/5] 模拟第 541/4821 笔交易: 佳云科技...
2026-05-05 23:59:20.291 | INFO     | Backtest   | [回测 4/5] 模拟第 551/4821 笔交易: 隆扬电子...
2026-05-05 23:59:20.619 | INFO     | Backtest   | [回测 4/5] 模拟第 561/4821 笔交易: 百洋医药...
2026-05-05 23:59:21.057 | INFO     | Backtest   | [回测 4/5] 模拟第 571/4821 笔交易: 大港股份...
2026-05-05 23:59:21.449 | INFO     | Backtest   | [回测 4/5] 模拟第 581/4821 笔交易: 天铁科技...
2026-05-05 23:59:21.830 | INFO     | Backtest   | [回测 4/5] 模拟第 591/4821 笔交易: 久立特材...
2026-05-05 23:59:22.219 | INFO     | Backtest   | [回测 4/5] 模拟第 601/4821 笔交易: 德龙汇能...
2026-05-05 23:59:22.622 | INFO     | Backtest   | [回测 4/5] 模拟第 611/4821 笔交易: 红相股份...
2026-05-05 23:59:23.041 | INFO     | Backtest   | [回测 4/5] 模拟第 621/4821 笔交易: 中国一重...
2026-05-05 23:59:23.544 | INFO     | Backtest   | [回测 4/5] 模拟第 631/4821 笔交易: 航天宏图...
2026-05-05 23:59:23.917 | INFO     | Backtest   | [回测 4/5] 模拟第 641/4821 笔交易: 深南电A...
2026-05-05 23:59:24.354 | INFO     | Backtest   | [回测 4/5] 模拟第 651/4821 笔交易: 博瑞传播...
2026-05-05 23:59:24.859 | INFO     | Backtest   | [回测 4/5] 模拟第 661/4821 笔交易: 正元地信...
2026-05-05 23:59:25.384 | INFO     | Backtest   | [回测 4/5] 模拟第 671/4821 笔交易: 数码视讯...
2026-05-05 23:59:25.766 | INFO     | Backtest   | [回测 4/5] 模拟第 681/4821 笔交易: 安居宝...
2026-05-05 23:59:26.285 | INFO     | Backtest   | [回测 4/5] 模拟第 691/4821 笔交易: 广济药业...
2026-05-05 23:59:26.808 | INFO     | Backtest   | [回测 4/5] 模拟第 701/4821 笔交易: 宏昌电子...
2026-05-05 23:59:27.225 | INFO     | Backtest   | [回测 4/5] 模拟第 711/4821 笔交易: 熙菱信息...
2026-05-05 23:59:27.678 | INFO     | Backtest   | [回测 4/5] 模拟第 721/4821 笔交易: 合富中国...
2026-05-05 23:59:28.105 | INFO     | Backtest   | [回测 4/5] 模拟第 731/4821 笔交易: 宣泰医药...
2026-05-05 23:59:28.520 | INFO     | Backtest   | [回测 4/5] 模拟第 741/4821 笔交易: 澳弘电子...
2026-05-05 23:59:28.967 | INFO     | Backtest   | [回测 4/5] 模拟第 751/4821 笔交易: 戴维医疗...
2026-05-05 23:59:29.354 | INFO     | Backtest   | [回测 4/5] 模拟第 761/4821 笔交易: 东方生物...
2026-05-05 23:59:29.807 | INFO     | Backtest   | [回测 4/5] 模拟第 771/4821 笔交易: 科华控股...
2026-05-05 23:59:30.259 | INFO     | Backtest   | [回测 4/5] 模拟第 781/4821 笔交易: 哈药股份...
2026-05-05 23:59:30.744 | INFO     | Backtest   | [回测 4/5] 模拟第 791/4821 笔交易: 威派格...
2026-05-05 23:59:31.180 | INFO     | Backtest   | [回测 4/5] 模拟第 801/4821 笔交易: 申联生物...
2026-05-05 23:59:31.674 | INFO     | Backtest   | [回测 4/5] 模拟第 811/4821 笔交易: 福莱蒽特...
2026-05-05 23:59:32.119 | INFO     | Backtest   | [回测 4/5] 模拟第 821/4821 笔交易: 赢合科技...
2026-05-05 23:59:32.550 | INFO     | Backtest   | [回测 4/5] 模拟第 831/4821 笔交易: 哈三联...
2026-05-05 23:59:32.869 | INFO     | Backtest   | [回测 4/5] 模拟第 841/4821 笔交易: 江苏有线...
2026-05-05 23:59:33.287 | INFO     | Backtest   | [回测 4/5] 模拟第 851/4821 笔交易: 华谊集团...
2026-05-05 23:59:33.626 | INFO     | Backtest   | [回测 4/5] 模拟第 861/4821 笔交易: 西麦食品...
2026-05-05 23:59:34.047 | INFO     | Backtest   | [回测 4/5] 模拟第 871/4821 笔交易: 北矿科技...
2026-05-05 23:59:34.397 | INFO     | Backtest   | [回测 4/5] 模拟第 881/4821 笔交易: 英派斯...
2026-05-05 23:59:34.770 | INFO     | Backtest   | [回测 4/5] 模拟第 891/4821 笔交易: 交大昂立...
2026-05-05 23:59:35.141 | INFO     | Backtest   | [回测 4/5] 模拟第 901/4821 笔交易: 江苏神通...
2026-05-05 23:59:35.561 | INFO     | Backtest   | [回测 4/5] 模拟第 911/4821 笔交易: 创业慧康...
2026-05-05 23:59:35.970 | INFO     | Backtest   | [回测 4/5] 模拟第 921/4821 笔交易: 金麒麟...
2026-05-05 23:59:36.333 | INFO     | Backtest   | [回测 4/5] 模拟第 931/4821 笔交易: 爱司凯...
2026-05-05 23:59:36.665 | INFO     | Backtest   | [回测 4/5] 模拟第 941/4821 笔交易: 珍宝岛...
2026-05-05 23:59:36.955 | INFO     | Backtest   | [回测 4/5] 模拟第 951/4821 笔交易: 凡拓数创...
2026-05-05 23:59:37.290 | INFO     | Backtest   | [回测 4/5] 模拟第 961/4821 笔交易: 神州信息...
2026-05-05 23:59:37.620 | INFO     | Backtest   | [回测 4/5] 模拟第 971/4821 笔交易: 电气风电...
2026-05-05 23:59:37.934 | INFO     | Backtest   | [回测 4/5] 模拟第 981/4821 笔交易: 金安国纪...
2026-05-05 23:59:38.251 | INFO     | Backtest   | [回测 4/5] 模拟第 991/4821 笔交易: 韩建河山...
2026-05-05 23:59:38.629 | INFO     | Backtest   | [回测 4/5] 模拟第 1001/4821 笔交易: 茶花股份...
2026-05-05 23:59:39.004 | INFO     | Backtest   | [回测 4/5] 模拟第 1011/4821 笔交易: 运机集团...
2026-05-05 23:59:39.382 | INFO     | Backtest   | [回测 4/5] 模拟第 1021/4821 笔交易: 金煤科技...
2026-05-05 23:59:39.753 | INFO     | Backtest   | [回测 4/5] 模拟第 1031/4821 笔交易: 甘化科工...
2026-05-05 23:59:40.084 | INFO     | Backtest   | [回测 4/5] 模拟第 1041/4821 笔交易: 奥福科技...
2026-05-05 23:59:40.416 | INFO     | Backtest   | [回测 4/5] 模拟第 1051/4821 笔交易: 利德曼...
2026-05-05 23:59:40.767 | INFO     | Backtest   | [回测 4/5] 模拟第 1061/4821 笔交易: 天原股份...
2026-05-05 23:59:41.084 | INFO     | Backtest   | [回测 4/5] 模拟第 1071/4821 笔交易: 远大控股...
2026-05-05 23:59:41.407 | INFO     | Backtest   | [回测 4/5] 模拟第 1081/4821 笔交易: 赛升药业...
2026-05-05 23:59:41.687 | INFO     | Backtest   | [回测 4/5] 模拟第 1091/4821 笔交易: 宇瞳光学...
2026-05-05 23:59:42.024 | INFO     | Backtest   | [回测 4/5] 模拟第 1101/4821 笔交易: 和顺电气...
2026-05-05 23:59:42.319 | INFO     | Backtest   | [回测 4/5] 模拟第 1111/4821 笔交易: 中设股份...
2026-05-05 23:59:42.662 | INFO     | Backtest   | [回测 4/5] 模拟第 1121/4821 笔交易: 欣灵电气...
2026-05-05 23:59:42.984 | INFO     | Backtest   | [回测 4/5] 模拟第 1131/4821 笔交易: 九州一轨...
2026-05-05 23:59:43.325 | INFO     | Backtest   | [回测 4/5] 模拟第 1141/4821 笔交易: 凯文教育...
2026-05-05 23:59:43.649 | INFO     | Backtest   | [回测 4/5] 模拟第 1151/4821 笔交易: 绿田机械...
2026-05-05 23:59:43.968 | INFO     | Backtest   | [回测 4/5] 模拟第 1161/4821 笔交易: 太龙药业...
2026-05-05 23:59:44.258 | INFO     | Backtest   | [回测 4/5] 模拟第 1171/4821 笔交易: 南山控股...
2026-05-05 23:59:44.568 | INFO     | Backtest   | [回测 4/5] 模拟第 1181/4821 笔交易: 四川双马...
2026-05-05 23:59:44.836 | INFO     | Backtest   | [回测 4/5] 模拟第 1191/4821 笔交易: 完美世界...
2026-05-05 23:59:45.117 | INFO     | Backtest   | [回测 4/5] 模拟第 1201/4821 笔交易: 京能电力...
2026-05-05 23:59:45.328 | INFO     | Backtest   | [回测 4/5] 模拟第 1211/4821 笔交易: 众生药业...
2026-05-05 23:59:45.636 | INFO     | Backtest   | [回测 4/5] 模拟第 1221/4821 笔交易: 长沙银行...
2026-05-05 23:59:45.917 | INFO     | Backtest   | [回测 4/5] 模拟第 1231/4821 笔交易: 朗迪集团...
2026-05-05 23:59:46.235 | INFO     | Backtest   | [回测 4/5] 模拟第 1241/4821 笔交易: 川能动力...
2026-05-05 23:59:46.543 | INFO     | Backtest   | [回测 4/5] 模拟第 1251/4821 笔交易: 金时科技...
2026-05-05 23:59:46.789 | INFO     | Backtest   | [回测 4/5] 模拟第 1261/4821 笔交易: 三变科技...
2026-05-05 23:59:47.072 | INFO     | Backtest   | [回测 4/5] 模拟第 1271/4821 笔交易: 金龙机电...
2026-05-05 23:59:47.362 | INFO     | Backtest   | [回测 4/5] 模拟第 1281/4821 笔交易: 森特股份...
2026-05-05 23:59:47.656 | INFO     | Backtest   | [回测 4/5] 模拟第 1291/4821 笔交易: 朗科智能...
2026-05-05 23:59:47.975 | INFO     | Backtest   | [回测 4/5] 模拟第 1301/4821 笔交易: 铜峰电子...
2026-05-05 23:59:48.280 | INFO     | Backtest   | [回测 4/5] 模拟第 1311/4821 笔交易: 日科化学...
2026-05-05 23:59:48.609 | INFO     | Backtest   | [回测 4/5] 模拟第 1321/4821 笔交易: 鼎汉技术...
2026-05-05 23:59:48.940 | INFO     | Backtest   | [回测 4/5] 模拟第 1331/4821 笔交易: 和胜股份...
2026-05-05 23:59:49.241 | INFO     | Backtest   | [回测 4/5] 模拟第 1341/4821 笔交易: 城地香江...
2026-05-05 23:59:49.545 | INFO     | Backtest   | [回测 4/5] 模拟第 1351/4821 笔交易: 科信技术...
2026-05-05 23:59:49.798 | INFO     | Backtest   | [回测 4/5] 模拟第 1361/4821 笔交易: 永和智控...
2026-05-05 23:59:50.079 | INFO     | Backtest   | [回测 4/5] 模拟第 1371/4821 笔交易: 中泰化学...
2026-05-05 23:59:50.358 | INFO     | Backtest   | [回测 4/5] 模拟第 1381/4821 笔交易: 盟科药业-U...
2026-05-05 23:59:50.635 | INFO     | Backtest   | [回测 4/5] 模拟第 1391/4821 笔交易: 杭叉集团...
2026-05-05 23:59:50.947 | INFO     | Backtest   | [回测 4/5] 模拟第 1401/4821 笔交易: 天禄科技...
2026-05-05 23:59:51.243 | INFO     | Backtest   | [回测 4/5] 模拟第 1411/4821 笔交易: 亚太药业...
2026-05-05 23:59:51.484 | INFO     | Backtest   | [回测 4/5] 模拟第 1421/4821 笔交易: 尔康制药...
2026-05-05 23:59:51.816 | INFO     | Backtest   | [回测 4/5] 模拟第 1431/4821 笔交易: 维康药业...
2026-05-05 23:59:52.078 | INFO     | Backtest   | [回测 4/5] 模拟第 1441/4821 笔交易: 精华制药...
2026-05-05 23:59:52.404 | INFO     | Backtest   | [回测 4/5] 模拟第 1451/4821 笔交易: 华源控股...
2026-05-05 23:59:52.696 | INFO     | Backtest   | [回测 4/5] 模拟第 1461/4821 笔交易: 鲁抗医药...
2026-05-05 23:59:52.991 | INFO     | Backtest   | [回测 4/5] 模拟第 1471/4821 笔交易: 威龙股份...
2026-05-05 23:59:53.238 | INFO     | Backtest   | [回测 4/5] 模拟第 1481/4821 笔交易: 海汽集团...
2026-05-05 23:59:53.507 | INFO     | Backtest   | [回测 4/5] 模拟第 1491/4821 笔交易: 物产环能...
2026-05-05 23:59:53.776 | INFO     | Backtest   | [回测 4/5] 模拟第 1501/4821 笔交易: 新赛股份...
2026-05-05 23:59:54.047 | INFO     | Backtest   | [回测 4/5] 模拟第 1511/4821 笔交易: 闽东电力...
2026-05-05 23:59:54.330 | INFO     | Backtest   | [回测 4/5] 模拟第 1521/4821 笔交易: 濮阳惠成...
2026-05-05 23:59:54.594 | INFO     | Backtest   | [回测 4/5] 模拟第 1531/4821 笔交易: 筑博设计...
2026-05-05 23:59:54.828 | INFO     | Backtest   | [回测 4/5] 模拟第 1541/4821 笔交易: 中铁工业...
2026-05-05 23:59:55.055 | INFO     | Backtest   | [回测 4/5] 模拟第 1551/4821 笔交易: 易普力...
2026-05-05 23:59:55.306 | INFO     | Backtest   | [回测 4/5] 模拟第 1561/4821 笔交易: 创力集团...
2026-05-05 23:59:55.530 | INFO     | Backtest   | [回测 4/5] 模拟第 1571/4821 笔交易: 中信特钢...
2026-05-05 23:59:55.821 | INFO     | Backtest   | [回测 4/5] 模拟第 1581/4821 笔交易: 新疆天业...
2026-05-05 23:59:56.110 | INFO     | Backtest   | [回测 4/5] 模拟第 1591/4821 笔交易: 银禧科技...
2026-05-05 23:59:56.407 | INFO     | Backtest   | [回测 4/5] 模拟第 1601/4821 笔交易: 甘咨询...
2026-05-05 23:59:56.633 | INFO     | Backtest   | [回测 4/5] 模拟第 1611/4821 笔交易: 中国银河...
2026-05-05 23:59:56.935 | INFO     | Backtest   | [回测 4/5] 模拟第 1621/4821 笔交易: 新疆众和...
2026-05-05 23:59:57.248 | INFO     | Backtest   | [回测 4/5] 模拟第 1631/4821 笔交易: 碧水源...
2026-05-05 23:59:57.534 | INFO     | Backtest   | [回测 4/5] 模拟第 1641/4821 笔交易: 浙江交科...
2026-05-05 23:59:57.809 | INFO     | Backtest   | [回测 4/5] 模拟第 1651/4821 笔交易: 华控赛格...
2026-05-05 23:59:58.062 | INFO     | Backtest   | [回测 4/5] 模拟第 1661/4821 笔交易: 通威股份...
2026-05-05 23:59:58.315 | INFO     | Backtest   | [回测 4/5] 模拟第 1671/4821 笔交易: 东岳硅材...
2026-05-05 23:59:58.582 | INFO     | Backtest   | [回测 4/5] 模拟第 1681/4821 笔交易: 华侨城Ａ...
2026-05-05 23:59:58.830 | INFO     | Backtest   | [回测 4/5] 模拟第 1691/4821 笔交易: XD江河集...
2026-05-05 23:59:59.112 | INFO     | Backtest   | [回测 4/5] 模拟第 1701/4821 笔交易: 国联股份...
2026-05-05 23:59:59.421 | INFO     | Backtest   | [回测 4/5] 模拟第 1711/4821 笔交易: 华鹏飞...
2026-05-05 23:59:59.678 | INFO     | Backtest   | [回测 4/5] 模拟第 1721/4821 笔交易: 银河微电...
2026-05-05 23:59:59.964 | INFO     | Backtest   | [回测 4/5] 模拟第 1731/4821 笔交易: 博实股份...
