2026-05-03 08:11:25.049 | INFO     | DuckDB     | DuckDB | 所有核心表结构初始化完成 (含热点板块)
2026-05-03 08:11:25.050 | INFO     | DuckDB     | DuckDB 核心就绪: E:\1target\p9_project\quant-platform\data\meta\meta.db
2026-05-03 08:11:25.064 | INFO     | Backtest   | [回测 1/5] 筛选回测目标股票...
2026-05-03 08:11:25.073 | INFO     | Backtest   | [回测 2/5] 加载 5010 只股票的历史数据进行快速扫描...
2026-05-03 08:11:40.369 | INFO     | Backtest   | [回测 3/5] 计算策略信号 (基于日线信号库)...
2026-05-03 08:11:40.377 | INFO     | Screener   | 🧬 [Loader] 识别到类继承策略: MA5AngleOriginalStrategy
2026-05-03 08:11:48.699 | INFO     | Backtest   | [回测 4/5] 处理 4905 条信号，执行精细分钟线仿真...
2026-05-03 08:11:48.704 | INFO     | Backtest   | [回测 4/5] 模拟第 1/4905 笔交易: 升达林业...
2026-05-03 08:11:49.100 | INFO     | Backtest   | [回测 4/5] 模拟第 11/4905 笔交易: 万丰股份...
2026-05-03 08:11:49.525 | INFO     | Backtest   | [回测 4/5] 模拟第 21/4905 笔交易: 恒誉环保...
2026-05-03 08:11:49.959 | INFO     | Backtest   | [回测 4/5] 模拟第 31/4905 笔交易: 锦鸡股份...
2026-05-03 08:11:50.419 | INFO     | Backtest   | [回测 4/5] 模拟第 41/4905 笔交易: 君正集团...
2026-05-03 08:11:50.866 | INFO     | Backtest   | [回测 4/5] 模拟第 51/4905 笔交易: 海洋王...
2026-05-03 08:11:51.295 | INFO     | Backtest   | [回测 4/5] 模拟第 61/4905 笔交易: 三雄极光...
2026-05-03 08:11:51.731 | INFO     | Backtest   | [回测 4/5] 模拟第 71/4905 笔交易: 世名科技...
2026-05-03 08:11:52.132 | INFO     | Backtest   | [回测 4/5] 模拟第 81/4905 笔交易: 朝阳科技...
2026-05-03 08:11:52.548 | INFO     | Backtest   | [回测 4/5] 模拟第 91/4905 笔交易: 飞荣达...
2026-05-03 08:11:52.998 | INFO     | Backtest   | [回测 4/5] 模拟第 101/4905 笔交易: 春兴精工...
2026-05-03 08:11:53.452 | INFO     | Backtest   | [回测 4/5] 模拟第 111/4905 笔交易: 苏州科达...
2026-05-03 08:11:53.911 | INFO     | Backtest   | [回测 4/5] 模拟第 121/4905 笔交易: 海默科技...
2026-05-03 08:11:54.378 | INFO     | Backtest   | [回测 4/5] 模拟第 131/4905 笔交易: 立昂技术...
2026-05-03 08:11:54.795 | INFO     | Backtest   | [回测 4/5] 模拟第 141/4905 笔交易: 多伦科技...
2026-05-03 08:11:55.264 | INFO     | Backtest   | [回测 4/5] 模拟第 151/4905 笔交易: 易瑞生物...
2026-05-03 08:11:55.691 | INFO     | Backtest   | [回测 4/5] 模拟第 161/4905 笔交易: 宇环数控...
2026-05-03 08:11:56.153 | INFO     | Backtest   | [回测 4/5] 模拟第 171/4905 笔交易: 格尔软件...
2026-05-03 08:11:56.595 | INFO     | Backtest   | [回测 4/5] 模拟第 181/4905 笔交易: 神州信息...
2026-05-03 08:11:57.063 | INFO     | Backtest   | [回测 4/5] 模拟第 191/4905 笔交易: 鸿特科技...
2026-05-03 08:11:57.525 | INFO     | Backtest   | [回测 4/5] 模拟第 201/4905 笔交易: 东方智造...
2026-05-03 08:11:58.018 | INFO     | Backtest   | [回测 4/5] 模拟第 211/4905 笔交易: 粤桂股份...
2026-05-03 08:11:58.499 | INFO     | Backtest   | [回测 4/5] 模拟第 221/4905 笔交易: 松霖科技...
2026-05-03 08:11:58.977 | INFO     | Backtest   | [回测 4/5] 模拟第 231/4905 笔交易: 久其软件...
2026-05-03 08:11:59.427 | INFO     | Backtest   | [回测 4/5] 模拟第 241/4905 笔交易: 锦龙股份...
2026-05-03 08:11:59.884 | INFO     | Backtest   | [回测 4/5] 模拟第 251/4905 笔交易: 菲沃泰...
2026-05-03 08:12:00.335 | INFO     | Backtest   | [回测 4/5] 模拟第 261/4905 笔交易: 山高环能...
2026-05-03 08:12:00.793 | INFO     | Backtest   | [回测 4/5] 模拟第 271/4905 笔交易: 四创电子...
2026-05-03 08:12:01.245 | INFO     | Backtest   | [回测 4/5] 模拟第 281/4905 笔交易: 广电运通...
2026-05-03 08:12:01.726 | INFO     | Backtest   | [回测 4/5] 模拟第 291/4905 笔交易: 中科江南...
2026-05-03 08:12:02.197 | INFO     | Backtest   | [回测 4/5] 模拟第 301/4905 笔交易: 钛能化学...
2026-05-03 08:12:02.657 | INFO     | Backtest   | [回测 4/5] 模拟第 311/4905 笔交易: 华鼎股份...
2026-05-03 08:12:03.130 | INFO     | Backtest   | [回测 4/5] 模拟第 321/4905 笔交易: 钱江生化...
2026-05-03 08:12:03.626 | INFO     | Backtest   | [回测 4/5] 模拟第 331/4905 笔交易: 德冠新材...
2026-05-03 08:12:04.064 | INFO     | Backtest   | [回测 4/5] 模拟第 341/4905 笔交易: 罗平锌电...
2026-05-03 08:12:04.516 | INFO     | Backtest   | [回测 4/5] 模拟第 351/4905 笔交易: 金智科技...
2026-05-03 08:12:04.942 | INFO     | Backtest   | [回测 4/5] 模拟第 361/4905 笔交易: 宏盛华源...
2026-05-03 08:12:05.396 | INFO     | Backtest   | [回测 4/5] 模拟第 371/4905 笔交易: 东软集团...
2026-05-03 08:12:05.867 | INFO     | Backtest   | [回测 4/5] 模拟第 381/4905 笔交易: 泰和科技...
2026-05-03 08:12:06.316 | INFO     | Backtest   | [回测 4/5] 模拟第 391/4905 笔交易: 海德股份...
2026-05-03 08:12:06.764 | INFO     | Backtest   | [回测 4/5] 模拟第 401/4905 笔交易: 中关村...
2026-05-03 08:12:07.203 | INFO     | Backtest   | [回测 4/5] 模拟第 411/4905 笔交易: 彩蝶实业...
2026-05-03 08:12:07.668 | INFO     | Backtest   | [回测 4/5] 模拟第 421/4905 笔交易: 汇金通...
2026-05-03 08:12:08.173 | INFO     | Backtest   | [回测 4/5] 模拟第 431/4905 笔交易: 西部矿业...
2026-05-03 08:12:08.604 | INFO     | Backtest   | [回测 4/5] 模拟第 441/4905 笔交易: 游族网络...
2026-05-03 08:12:09.052 | INFO     | Backtest   | [回测 4/5] 模拟第 451/4905 笔交易: 保龄宝...
2026-05-03 08:12:09.447 | INFO     | Backtest   | [回测 4/5] 模拟第 461/4905 笔交易: 麦克奥迪...
2026-05-03 08:12:09.859 | INFO     | Backtest   | [回测 4/5] 模拟第 471/4905 笔交易: 博汇纸业...
2026-05-03 08:12:10.305 | INFO     | Backtest   | [回测 4/5] 模拟第 481/4905 笔交易: 得利斯...
2026-05-03 08:12:10.751 | INFO     | Backtest   | [回测 4/5] 模拟第 491/4905 笔交易: 宁波富达...
2026-05-03 08:12:11.237 | INFO     | Backtest   | [回测 4/5] 模拟第 501/4905 笔交易: 上海九百...
2026-05-03 08:12:11.667 | INFO     | Backtest   | [回测 4/5] 模拟第 511/4905 笔交易: 粤高速Ａ...
2026-05-03 08:12:12.100 | INFO     | Backtest   | [回测 4/5] 模拟第 521/4905 笔交易: 高乐股份...
2026-05-03 08:12:12.489 | INFO     | Backtest   | [回测 4/5] 模拟第 531/4905 笔交易: 海伦钢琴...
2026-05-03 08:12:12.902 | INFO     | Backtest   | [回测 4/5] 模拟第 541/4905 笔交易: 李子园...
2026-05-03 08:12:13.380 | INFO     | Backtest   | [回测 4/5] 模拟第 551/4905 笔交易: 崧盛股份...
2026-05-03 08:12:13.833 | INFO     | Backtest   | [回测 4/5] 模拟第 561/4905 笔交易: 恒尚节能...
2026-05-03 08:12:14.247 | INFO     | Backtest   | [回测 4/5] 模拟第 571/4905 笔交易: 明阳电路...
2026-05-03 08:12:14.643 | INFO     | Backtest   | [回测 4/5] 模拟第 581/4905 笔交易: 二六三...
2026-05-03 08:12:15.082 | INFO     | Backtest   | [回测 4/5] 模拟第 591/4905 笔交易: 大为股份...
2026-05-03 08:12:15.486 | INFO     | Backtest   | [回测 4/5] 模拟第 601/4905 笔交易: 星网宇达...
2026-05-03 08:12:15.904 | INFO     | Backtest   | [回测 4/5] 模拟第 611/4905 笔交易: 锦江在线...
2026-05-03 08:12:16.299 | INFO     | Backtest   | [回测 4/5] 模拟第 621/4905 笔交易: 再升科技...
2026-05-03 08:12:16.737 | INFO     | Backtest   | [回测 4/5] 模拟第 631/4905 笔交易: 汉缆股份...
2026-05-03 08:12:17.195 | INFO     | Backtest   | [回测 4/5] 模拟第 641/4905 笔交易: 奥拓电子...
2026-05-03 08:12:17.642 | INFO     | Backtest   | [回测 4/5] 模拟第 651/4905 笔交易: 三维通信...
2026-05-03 08:12:18.027 | INFO     | Backtest   | [回测 4/5] 模拟第 661/4905 笔交易: 杭州高新...
2026-05-03 08:12:18.453 | INFO     | Backtest   | [回测 4/5] 模拟第 671/4905 笔交易: 南新制药...
2026-05-03 08:12:18.887 | INFO     | Backtest   | [回测 4/5] 模拟第 681/4905 笔交易: 华媒控股...
2026-05-03 08:12:19.339 | INFO     | Backtest   | [回测 4/5] 模拟第 691/4905 笔交易: 康泰医学...
2026-05-03 08:12:19.771 | INFO     | Backtest   | [回测 4/5] 模拟第 701/4905 笔交易: 三旺通信...
2026-05-03 08:12:20.227 | INFO     | Backtest   | [回测 4/5] 模拟第 711/4905 笔交易: 雅博股份...
2026-05-03 08:12:20.687 | INFO     | Backtest   | [回测 4/5] 模拟第 721/4905 笔交易: 泰祥股份...
2026-05-03 08:12:21.147 | INFO     | Backtest   | [回测 4/5] 模拟第 731/4905 笔交易: 熙菱信息...
2026-05-03 08:12:21.615 | INFO     | Backtest   | [回测 4/5] 模拟第 741/4905 笔交易: 合富中国...
2026-05-03 08:12:22.092 | INFO     | Backtest   | [回测 4/5] 模拟第 751/4905 笔交易: 宣泰医药...
2026-05-03 08:12:22.547 | INFO     | Backtest   | [回测 4/5] 模拟第 761/4905 笔交易: 澳弘电子...
2026-05-03 08:12:23.024 | INFO     | Backtest   | [回测 4/5] 模拟第 771/4905 笔交易: 戴维医疗...
2026-05-03 08:12:23.475 | INFO     | Backtest   | [回测 4/5] 模拟第 781/4905 笔交易: 东方生物...
2026-05-03 08:12:23.927 | INFO     | Backtest   | [回测 4/5] 模拟第 791/4905 笔交易: 科华控股...
2026-05-03 08:12:24.381 | INFO     | Backtest   | [回测 4/5] 模拟第 801/4905 笔交易: 哈药股份...
2026-05-03 08:12:24.852 | INFO     | Backtest   | [回测 4/5] 模拟第 811/4905 笔交易: 威派格...
2026-05-03 08:12:25.290 | INFO     | Backtest   | [回测 4/5] 模拟第 821/4905 笔交易: 申联生物...
2026-05-03 08:12:25.741 | INFO     | Backtest   | [回测 4/5] 模拟第 831/4905 笔交易: 福莱蒽特...
2026-05-03 08:12:26.186 | INFO     | Backtest   | [回测 4/5] 模拟第 841/4905 笔交易: 赢合科技...
2026-05-03 08:12:26.627 | INFO     | Backtest   | [回测 4/5] 模拟第 851/4905 笔交易: 哈三联...
2026-05-03 08:12:27.019 | INFO     | Backtest   | [回测 4/5] 模拟第 861/4905 笔交易: 江苏有线...
2026-05-03 08:12:27.431 | INFO     | Backtest   | [回测 4/5] 模拟第 871/4905 笔交易: 华谊集团...
2026-05-03 08:12:27.840 | INFO     | Backtest   | [回测 4/5] 模拟第 881/4905 笔交易: 西麦食品...
2026-05-03 08:12:28.278 | INFO     | Backtest   | [回测 4/5] 模拟第 891/4905 笔交易: 北矿科技...
2026-05-03 08:12:28.697 | INFO     | Backtest   | [回测 4/5] 模拟第 901/4905 笔交易: 英派斯...
2026-05-03 08:12:29.114 | INFO     | Backtest   | [回测 4/5] 模拟第 911/4905 笔交易: 交大昂立...
2026-05-03 08:12:29.494 | INFO     | Backtest   | [回测 4/5] 模拟第 921/4905 笔交易: 江苏神通...
2026-05-03 08:12:29.855 | INFO     | Backtest   | [回测 4/5] 模拟第 931/4905 笔交易: 长缆科技...
2026-05-03 08:12:30.296 | INFO     | Backtest   | [回测 4/5] 模拟第 941/4905 笔交易: 元隆雅图...
2026-05-03 08:12:30.628 | INFO     | Backtest   | [回测 4/5] 模拟第 951/4905 笔交易: 中国石化...
2026-05-03 08:12:31.009 | INFO     | Backtest   | [回测 4/5] 模拟第 961/4905 笔交易: 歌力思...
2026-05-03 08:12:31.375 | INFO     | Backtest   | [回测 4/5] 模拟第 971/4905 笔交易: 文峰股份...
2026-05-03 08:12:31.747 | INFO     | Backtest   | [回测 4/5] 模拟第 981/4905 笔交易: 创识科技...
2026-05-03 08:12:32.078 | INFO     | Backtest   | [回测 4/5] 模拟第 991/4905 笔交易: 友邦吊顶...
2026-05-03 08:12:32.437 | INFO     | Backtest   | [回测 4/5] 模拟第 1001/4905 笔交易: 沃尔核材...
2026-05-03 08:12:32.857 | INFO     | Backtest   | [回测 4/5] 模拟第 1011/4905 笔交易: 上海银行...
2026-05-03 08:12:33.203 | INFO     | Backtest   | [回测 4/5] 模拟第 1021/4905 笔交易: 新亚强...
2026-05-03 08:12:33.555 | INFO     | Backtest   | [回测 4/5] 模拟第 1031/4905 笔交易: 三和管桩...
2026-05-03 08:12:33.973 | INFO     | Backtest   | [回测 4/5] 模拟第 1041/4905 笔交易: 鹿山新材...
2026-05-03 08:12:34.324 | INFO     | Backtest   | [回测 4/5] 模拟第 1051/4905 笔交易: 塞力医疗...
2026-05-03 08:12:34.707 | INFO     | Backtest   | [回测 4/5] 模拟第 1061/4905 笔交易: 建设工业...
2026-05-03 08:12:35.105 | INFO     | Backtest   | [回测 4/5] 模拟第 1071/4905 笔交易: 招金黄金...
2026-05-03 08:12:35.468 | INFO     | Backtest   | [回测 4/5] 模拟第 1081/4905 笔交易: 朗坤科技...
2026-05-03 08:12:35.887 | INFO     | Backtest   | [回测 4/5] 模拟第 1091/4905 笔交易: 信音电子...
2026-05-03 08:12:36.257 | INFO     | Backtest   | [回测 4/5] 模拟第 1101/4905 笔交易: 德创环保...
2026-05-03 08:12:36.657 | INFO     | Backtest   | [回测 4/5] 模拟第 1111/4905 笔交易: 国盛证券...
2026-05-03 08:12:36.998 | INFO     | Backtest   | [回测 4/5] 模拟第 1121/4905 笔交易: 研奥股份...
2026-05-03 08:12:37.406 | INFO     | Backtest   | [回测 4/5] 模拟第 1131/4905 笔交易: 华骐环保...
2026-05-03 08:12:37.829 | INFO     | Backtest   | [回测 4/5] 模拟第 1141/4905 笔交易: 楚江新材...
2026-05-03 08:12:38.294 | INFO     | Backtest   | [回测 4/5] 模拟第 1151/4905 笔交易: 机器人...
2026-05-03 08:12:38.699 | INFO     | Backtest   | [回测 4/5] 模拟第 1161/4905 笔交易: 红塔证券...
2026-05-03 08:12:39.107 | INFO     | Backtest   | [回测 4/5] 模拟第 1171/4905 笔交易: 金奥博...
2026-05-03 08:12:39.476 | INFO     | Backtest   | [回测 4/5] 模拟第 1181/4905 笔交易: 中国电建...
2026-05-03 08:12:39.908 | INFO     | Backtest   | [回测 4/5] 模拟第 1191/4905 笔交易: 永安期货...
2026-05-03 08:12:40.260 | INFO     | Backtest   | [回测 4/5] 模拟第 1201/4905 笔交易: 香溢融通...
2026-05-03 08:12:40.668 | INFO     | Backtest   | [回测 4/5] 模拟第 1211/4905 笔交易: 晨曦航空...
2026-05-03 08:12:40.980 | INFO     | Backtest   | [回测 4/5] 模拟第 1221/4905 笔交易: 中远通...
2026-05-03 08:12:41.290 | INFO     | Backtest   | [回测 4/5] 模拟第 1231/4905 笔交易: 宏昌电子...
2026-05-03 08:12:41.601 | INFO     | Backtest   | [回测 4/5] 模拟第 1241/4905 笔交易: 歌尔股份...
2026-05-03 08:12:41.966 | INFO     | Backtest   | [回测 4/5] 模拟第 1251/4905 笔交易: 世茂能源...
2026-05-03 08:12:42.327 | INFO     | Backtest   | [回测 4/5] 模拟第 1261/4905 笔交易: 中南传媒...
2026-05-03 08:12:42.767 | INFO     | Backtest   | [回测 4/5] 模拟第 1271/4905 笔交易: 悦达投资...
2026-05-03 08:12:43.096 | INFO     | Backtest   | [回测 4/5] 模拟第 1281/4905 笔交易: 仕净科技...
2026-05-03 08:12:43.444 | INFO     | Backtest   | [回测 4/5] 模拟第 1291/4905 笔交易: 中石科技...
2026-05-03 08:12:43.807 | INFO     | Backtest   | [回测 4/5] 模拟第 1301/4905 笔交易: 长江材料...
2026-05-03 08:12:44.180 | INFO     | Backtest   | [回测 4/5] 模拟第 1311/4905 笔交易: 可立克...
2026-05-03 08:12:44.576 | INFO     | Backtest   | [回测 4/5] 模拟第 1321/4905 笔交易: 盐湖股份...
2026-05-03 08:12:44.982 | INFO     | Backtest   | [回测 4/5] 模拟第 1331/4905 笔交易: 协鑫集成...
2026-05-03 08:12:45.357 | INFO     | Backtest   | [回测 4/5] 模拟第 1341/4905 笔交易: 雅化集团...
2026-05-03 08:12:45.763 | INFO     | Backtest   | [回测 4/5] 模拟第 1351/4905 笔交易: 宁夏建材...
2026-05-03 08:12:46.146 | INFO     | Backtest   | [回测 4/5] 模拟第 1361/4905 笔交易: 天玑科技...
2026-05-03 08:12:46.517 | INFO     | Backtest   | [回测 4/5] 模拟第 1371/4905 笔交易: 光莆股份...
2026-05-03 08:12:46.869 | INFO     | Backtest   | [回测 4/5] 模拟第 1381/4905 笔交易: 六国化工...
2026-05-03 08:12:47.224 | INFO     | Backtest   | [回测 4/5] 模拟第 1391/4905 笔交易: 亚士创能...
2026-05-03 08:12:47.592 | INFO     | Backtest   | [回测 4/5] 模拟第 1401/4905 笔交易: 园林股份...
2026-05-03 08:12:47.957 | INFO     | Backtest   | [回测 4/5] 模拟第 1411/4905 笔交易: 诚意药业...
2026-05-03 08:12:48.344 | INFO     | Backtest   | [回测 4/5] 模拟第 1421/4905 笔交易: 海象新材...
2026-05-03 08:12:48.721 | INFO     | Backtest   | [回测 4/5] 模拟第 1431/4905 笔交易: 安利股份...
2026-05-03 08:12:49.081 | INFO     | Backtest   | [回测 4/5] 模拟第 1441/4905 笔交易: 迅捷兴...
2026-05-03 08:12:49.387 | INFO     | Backtest   | [回测 4/5] 模拟第 1451/4905 笔交易: 顺网科技...
2026-05-03 08:12:49.770 | INFO     | Backtest   | [回测 4/5] 模拟第 1461/4905 笔交易: 银龙股份...
2026-05-03 08:12:50.099 | INFO     | Backtest   | [回测 4/5] 模拟第 1471/4905 笔交易: 森麒麟...
2026-05-03 08:12:50.469 | INFO     | Backtest   | [回测 4/5] 模拟第 1481/4905 笔交易: 红日药业...
2026-05-03 08:12:50.834 | INFO     | Backtest   | [回测 4/5] 模拟第 1491/4905 笔交易: 仁智股份...
2026-05-03 08:12:51.197 | INFO     | Backtest   | [回测 4/5] 模拟第 1501/4905 笔交易: 飞乐音响...
2026-05-03 08:12:51.515 | INFO     | Backtest   | [回测 4/5] 模拟第 1511/4905 笔交易: 泰坦股份...
2026-05-03 08:12:51.886 | INFO     | Backtest   | [回测 4/5] 模拟第 1521/4905 笔交易: 物产环能...
2026-05-03 08:12:52.195 | INFO     | Backtest   | [回测 4/5] 模拟第 1531/4905 笔交易: 新赛股份...
2026-05-03 08:12:52.577 | INFO     | Backtest   | [回测 4/5] 模拟第 1541/4905 笔交易: 华建集团...
2026-05-03 08:12:52.959 | INFO     | Backtest   | [回测 4/5] 模拟第 1551/4905 笔交易: 华峰化学...
2026-05-03 08:12:53.345 | INFO     | Backtest   | [回测 4/5] 模拟第 1561/4905 笔交易: 铁建重工...
2026-05-03 08:12:53.637 | INFO     | Backtest   | [回测 4/5] 模拟第 1571/4905 笔交易: 西部建设...
2026-05-03 08:12:53.948 | INFO     | Backtest   | [回测 4/5] 模拟第 1581/4905 笔交易: 建设机械...
2026-05-03 08:12:54.251 | INFO     | Backtest   | [回测 4/5] 模拟第 1591/4905 笔交易: 福建水泥...
2026-05-03 08:12:54.505 | INFO     | Backtest   | [回测 4/5] 模拟第 1601/4905 笔交易: 节能铁汉...
2026-05-03 08:12:54.865 | INFO     | Backtest   | [回测 4/5] 模拟第 1611/4905 笔交易: 通裕重工...
2026-05-03 08:12:55.226 | INFO     | Backtest   | [回测 4/5] 模拟第 1621/4905 笔交易: 中国一重...
2026-05-03 08:12:55.540 | INFO     | Backtest   | [回测 4/5] 模拟第 1631/4905 笔交易: 智慧农业...
2026-05-03 08:12:55.810 | INFO     | Backtest   | [回测 4/5] 模拟第 1641/4905 笔交易: 晋控煤业...
2026-05-03 08:12:56.181 | INFO     | Backtest   | [回测 4/5] 模拟第 1651/4905 笔交易: 名雕股份...
2026-05-03 08:12:56.545 | INFO     | Backtest   | [回测 4/5] 模拟第 1661/4905 笔交易: 蒙草生态...
2026-05-03 08:12:56.881 | INFO     | Backtest   | [回测 4/5] 模拟第 1671/4905 笔交易: 曙光股份...
2026-05-03 08:12:57.220 | INFO     | Backtest   | [回测 4/5] 模拟第 1681/4905 笔交易: 清新环境...
2026-05-03 08:12:57.580 | INFO     | Backtest   | [回测 4/5] 模拟第 1691/4905 笔交易: 金安国纪...
2026-05-03 08:12:57.872 | INFO     | Backtest   | [回测 4/5] 模拟第 1701/4905 笔交易: 远东股份...
2026-05-03 08:12:58.250 | INFO     | Backtest   | [回测 4/5] 模拟第 1711/4905 笔交易: 天地科技...
2026-05-03 08:12:58.587 | INFO     | Backtest   | [回测 4/5] 模拟第 1721/4905 笔交易: 汇通集团...
2026-05-03 08:12:58.923 | INFO     | Backtest   | [回测 4/5] 模拟第 1731/4905 笔交易: 英洛华...
2026-05-03 08:12:59.279 | INFO     | Backtest   | [回测 4/5] 模拟第 1741/4905 笔交易: 三诺生物...
2026-05-03 08:12:59.602 | INFO     | Backtest   | [回测 4/5] 模拟第 1751/4905 笔交易: 先锋电子...
2026-05-03 08:12:59.919 | INFO     | Backtest   | [回测 4/5] 模拟第 1761/4905 笔交易: 华星创业...
2026-05-03 08:13:00.212 | INFO     | Backtest   | [回测 4/5] 模拟第 1771/4905 笔交易: 奥翔药业...
2026-05-03 08:13:00.508 | INFO     | Backtest   | [回测 4/5] 模拟第 1781/4905 笔交易: 京新药业...
2026-05-03 08:13:00.819 | INFO     | Backtest   | [回测 4/5] 模拟第 1791/4905 笔交易: 河化股份...
2026-05-03 08:13:01.120 | INFO     | Backtest   | [回测 4/5] 模拟第 1801/4905 笔交易: 中国医药...
2026-05-03 08:13:01.503 | INFO     | Backtest   | [回测 4/5] 模拟第 1811/4905 笔交易: 天和防务...
2026-05-03 08:13:01.845 | INFO     | Backtest   | [回测 4/5] 模拟第 1821/4905 笔交易: 深深房Ａ...
2026-05-03 08:13:02.205 | INFO     | Backtest   | [回测 4/5] 模拟第 1831/4905 笔交易: 联美控股...
2026-05-03 08:13:02.554 | INFO     | Backtest   | [回测 4/5] 模拟第 1841/4905 笔交易: 维力医疗...
2026-05-03 08:13:02.907 | INFO     | Backtest   | [回测 4/5] 模拟第 1851/4905 笔交易: 宇环数控...
2026-05-03 08:13:03.291 | INFO     | Backtest   | [回测 4/5] 模拟第 1861/4905 笔交易: 贝斯特...
2026-05-03 08:13:03.645 | INFO     | Backtest   | [回测 4/5] 模拟第 1871/4905 笔交易: 沈阳机床...
2026-05-03 08:13:04.020 | INFO     | Backtest   | [回测 4/5] 模拟第 1881/4905 笔交易: 双杰电气...
2026-05-03 08:13:04.414 | INFO     | Backtest   | [回测 4/5] 模拟第 1891/4905 笔交易: 国茂股份...
2026-05-03 08:13:04.677 | INFO     | Backtest   | [回测 4/5] 模拟第 1901/4905 笔交易: 上实发展...
2026-05-03 08:13:04.975 | INFO     | Backtest   | [回测 4/5] 模拟第 1911/4905 笔交易: 嘉麟杰...
2026-05-03 08:13:05.263 | INFO     | Backtest   | [回测 4/5] 模拟第 1921/4905 笔交易: 金枫酒业...
2026-05-03 08:13:05.593 | INFO     | Backtest   | [回测 4/5] 模拟第 1931/4905 笔交易: 新宝股份...
2026-05-03 08:13:05.952 | INFO     | Backtest   | [回测 4/5] 模拟第 1941/4905 笔交易: 铜陵有色...
2026-05-03 08:13:06.281 | INFO     | Backtest   | [回测 4/5] 模拟第 1951/4905 笔交易: 齐鲁银行...
2026-05-03 08:13:06.569 | INFO     | Backtest   | [回测 4/5] 模拟第 1961/4905 笔交易: 金发科技...
2026-05-03 08:13:06.887 | INFO     | Backtest   | [回测 4/5] 模拟第 1971/4905 笔交易: 景兴纸业...
2026-05-03 08:13:07.216 | INFO     | Backtest   | [回测 4/5] 模拟第 1981/4905 笔交易: 中兰环保...
2026-05-03 08:13:07.537 | INFO     | Backtest   | [回测 4/5] 模拟第 1991/4905 笔交易: 斯瑞新材...
2026-05-03 08:13:07.861 | INFO     | Backtest   | [回测 4/5] 模拟第 2001/4905 笔交易: 华力创通...
2026-05-03 08:13:08.236 | INFO     | Backtest   | [回测 4/5] 模拟第 2011/4905 笔交易: 久日新材...
2026-05-03 08:13:08.573 | INFO     | Backtest   | [回测 4/5] 模拟第 2021/4905 笔交易: 气派科技...
2026-05-03 08:13:08.910 | INFO     | Backtest   | [回测 4/5] 模拟第 2031/4905 笔交易: 南威软件...
2026-05-03 08:13:09.224 | INFO     | Backtest   | [回测 4/5] 模拟第 2041/4905 笔交易: 确成股份...
2026-05-03 08:13:09.523 | INFO     | Backtest   | [回测 4/5] 模拟第 2051/4905 笔交易: 南京新百...
2026-05-03 08:13:09.724 | INFO     | Backtest   | [回测 4/5] 模拟第 2061/4905 笔交易: 集泰股份...
2026-05-03 08:13:10.034 | INFO     | Backtest   | [回测 4/5] 模拟第 2071/4905 笔交易: 新致软件...
2026-05-03 08:13:10.358 | INFO     | Backtest   | [回测 4/5] 模拟第 2081/4905 笔交易: 国新健康...
2026-05-03 08:13:10.644 | INFO     | Backtest   | [回测 4/5] 模拟第 2091/4905 笔交易: 亨通股份...
2026-05-03 08:13:10.983 | INFO     | Backtest   | [回测 4/5] 模拟第 2101/4905 笔交易: 绿盟科技...
2026-05-03 08:13:11.292 | INFO     | Backtest   | [回测 4/5] 模拟第 2111/4905 笔交易: 统一股份...
2026-05-03 08:13:11.604 | INFO     | Backtest   | [回测 4/5] 模拟第 2121/4905 笔交易: 慈文传媒...
2026-05-03 08:13:11.866 | INFO     | Backtest   | [回测 4/5] 模拟第 2131/4905 笔交易: 城市传媒...
2026-05-03 08:13:12.220 | INFO     | Backtest   | [回测 4/5] 模拟第 2141/4905 笔交易: 美利信...
2026-05-03 08:13:12.566 | INFO     | Backtest   | [回测 4/5] 模拟第 2151/4905 笔交易: 有友食品...
2026-05-03 08:13:12.789 | INFO     | Backtest   | [回测 4/5] 模拟第 2161/4905 笔交易: 沃顿科技...
2026-05-03 08:13:13.129 | INFO     | Backtest   | [回测 4/5] 模拟第 2171/4905 笔交易: 华域汽车...
2026-05-03 08:13:13.474 | INFO     | Backtest   | [回测 4/5] 模拟第 2181/4905 笔交易: 先导基电...
2026-05-03 08:13:13.818 | INFO     | Backtest   | [回测 4/5] 模拟第 2191/4905 笔交易: 明牌珠宝...
2026-05-03 08:13:14.107 | INFO     | Backtest   | [回测 4/5] 模拟第 2201/4905 笔交易: 廊坊发展...
2026-05-03 08:13:14.433 | INFO     | Backtest   | [回测 4/5] 模拟第 2211/4905 笔交易: 华峰化学...
2026-05-03 08:13:14.751 | INFO     | Backtest   | [回测 4/5] 模拟第 2221/4905 笔交易: 衢州东峰...
2026-05-03 08:13:15.017 | INFO     | Backtest   | [回测 4/5] 模拟第 2231/4905 笔交易: 万凯新材...
2026-05-03 08:13:15.313 | INFO     | Backtest   | [回测 4/5] 模拟第 2241/4905 笔交易: 容百科技...
2026-05-03 08:13:15.601 | INFO     | Backtest   | [回测 4/5] 模拟第 2251/4905 笔交易: 城投控股...
2026-05-03 08:13:15.870 | INFO     | Backtest   | [回测 4/5] 模拟第 2261/4905 笔交易: 中国化学...
2026-05-03 08:13:16.097 | INFO     | Backtest   | [回测 4/5] 模拟第 2271/4905 笔交易: 电科芯片...
2026-05-03 08:13:16.355 | INFO     | Backtest   | [回测 4/5] 模拟第 2281/4905 笔交易: 中京电子...
2026-05-03 08:13:16.615 | INFO     | Backtest   | [回测 4/5] 模拟第 2291/4905 笔交易: 国盛证券...
2026-05-03 08:13:16.843 | INFO     | Backtest   | [回测 4/5] 模拟第 2301/4905 笔交易: 万泽股份...
2026-05-03 08:13:17.135 | INFO     | Backtest   | [回测 4/5] 模拟第 2311/4905 笔交易: 浙农股份...
2026-05-03 08:13:17.450 | INFO     | Backtest   | [回测 4/5] 模拟第 2321/4905 笔交易: 华通线缆...
2026-05-03 08:13:17.704 | INFO     | Backtest   | [回测 4/5] 模拟第 2331/4905 笔交易: 浙富控股...
2026-05-03 08:13:17.977 | INFO     | Backtest   | [回测 4/5] 模拟第 2341/4905 笔交易: 青山纸业...
2026-05-03 08:13:18.251 | INFO     | Backtest   | [回测 4/5] 模拟第 2351/4905 笔交易: 新通联...
2026-05-03 08:13:18.574 | INFO     | Backtest   | [回测 4/5] 模拟第 2361/4905 笔交易: 安控科技...
2026-05-03 08:13:18.820 | INFO     | Backtest   | [回测 4/5] 模拟第 2371/4905 笔交易: 世纪鼎利...
2026-05-03 08:13:18.989 | INFO     | Backtest   | [回测 4/5] 模拟第 2381/4905 笔交易: 物产环能...
2026-05-03 08:13:19.246 | INFO     | Backtest   | [回测 4/5] 模拟第 2391/4905 笔交易: 能辉科技...
2026-05-03 08:13:19.451 | INFO     | Backtest   | [回测 4/5] 模拟第 2401/4905 笔交易: 雪天盐业...
2026-05-03 08:13:19.739 | INFO     | Backtest   | [回测 4/5] 模拟第 2411/4905 笔交易: 特锐德...
2026-05-03 08:13:20.001 | INFO     | Backtest   | [回测 4/5] 模拟第 2421/4905 笔交易: 特力Ａ...
2026-05-03 08:13:20.273 | INFO     | Backtest   | [回测 4/5] 模拟第 2431/4905 笔交易: 智能自控...
2026-05-03 08:13:20.646 | INFO     | Backtest   | [回测 4/5] 模拟第 2441/4905 笔交易: 众业达...
2026-05-03 08:13:20.949 | INFO     | Backtest   | [回测 4/5] 模拟第 2451/4905 笔交易: 广汽集团...
2026-05-03 08:13:21.278 | INFO     | Backtest   | [回测 4/5] 模拟第 2461/4905 笔交易: 盐湖股份...
2026-05-03 08:13:21.594 | INFO     | Backtest   | [回测 4/5] 模拟第 2471/4905 笔交易: 合锻智能...
2026-05-03 08:13:21.928 | INFO     | Backtest   | [回测 4/5] 模拟第 2481/4905 笔交易: 厦门港务...
2026-05-03 08:13:22.324 | INFO     | Backtest   | [回测 4/5] 模拟第 2491/4905 笔交易: 星辉娱乐...
2026-05-03 08:13:22.628 | INFO     | Backtest   | [回测 4/5] 模拟第 2501/4905 笔交易: 众信旅游...
2026-05-03 08:13:22.941 | INFO     | Backtest   | [回测 4/5] 模拟第 2511/4905 笔交易: 云意电气...
2026-05-03 08:13:23.219 | INFO     | Backtest   | [回测 4/5] 模拟第 2521/4905 笔交易: 中成股份...
2026-05-03 08:13:23.422 | INFO     | Backtest   | [回测 4/5] 模拟第 2531/4905 笔交易: 峰璟股份...
2026-05-03 08:13:23.737 | INFO     | Backtest   | [回测 4/5] 模拟第 2541/4905 笔交易: S佳通...
2026-05-03 08:13:24.024 | INFO     | Backtest   | [回测 4/5] 模拟第 2551/4905 笔交易: 春立医疗...
2026-05-03 08:13:24.291 | INFO     | Backtest   | [回测 4/5] 模拟第 2561/4905 笔交易: 中科通达...
2026-05-03 08:13:24.527 | INFO     | Backtest   | [回测 4/5] 模拟第 2571/4905 笔交易: 太极实业...
2026-05-03 08:13:24.795 | INFO     | Backtest   | [回测 4/5] 模拟第 2581/4905 笔交易: 华蓝集团...
2026-05-03 08:13:25.087 | INFO     | Backtest   | [回测 4/5] 模拟第 2591/4905 笔交易: 江铃汽车...
2026-05-03 08:13:25.363 | INFO     | Backtest   | [回测 4/5] 模拟第 2601/4905 笔交易: 中仑新材...
2026-05-03 08:13:25.617 | INFO     | Backtest   | [回测 4/5] 模拟第 2611/4905 笔交易: 富临精工...
2026-05-03 08:13:25.834 | INFO     | Backtest   | [回测 4/5] 模拟第 2621/4905 笔交易: 泓淋电力...
2026-05-03 08:13:26.054 | INFO     | Backtest   | [回测 4/5] 模拟第 2631/4905 笔交易: 云南铜业...
2026-05-03 08:13:26.332 | INFO     | Backtest   | [回测 4/5] 模拟第 2641/4905 笔交易: 鲁信创投...
2026-05-03 08:13:26.521 | INFO     | Backtest   | [回测 4/5] 模拟第 2651/4905 笔交易: 南山铝业...
2026-05-03 08:13:26.813 | INFO     | Backtest   | [回测 4/5] 模拟第 2661/4905 笔交易: 招商轮船...
2026-05-03 08:13:27.034 | INFO     | Backtest   | [回测 4/5] 模拟第 2671/4905 笔交易: 侨银股份...
2026-05-03 08:13:27.271 | INFO     | Backtest   | [回测 4/5] 模拟第 2681/4905 笔交易: 新锐股份...
2026-05-03 08:13:27.490 | INFO     | Backtest   | [回测 4/5] 模拟第 2691/4905 笔交易: 厚普股份...
2026-05-03 08:13:27.825 | INFO     | Backtest   | [回测 4/5] 模拟第 2701/4905 笔交易: 中国长城...
2026-05-03 08:13:28.017 | INFO     | Backtest   | [回测 4/5] 模拟第 2711/4905 笔交易: 天洋新材...
2026-05-03 08:13:28.251 | INFO     | Backtest   | [回测 4/5] 模拟第 2721/4905 笔交易: 工大高科...
2026-05-03 08:13:28.527 | INFO     | Backtest   | [回测 4/5] 模拟第 2731/4905 笔交易: 大中矿业...
2026-05-03 08:13:28.835 | INFO     | Backtest   | [回测 4/5] 模拟第 2741/4905 笔交易: 锋龙股份...
2026-05-03 08:13:29.084 | INFO     | Backtest   | [回测 4/5] 模拟第 2751/4905 笔交易: 建科智能...
2026-05-03 08:13:29.387 | INFO     | Backtest   | [回测 4/5] 模拟第 2761/4905 笔交易: 易天股份...
2026-05-03 08:13:29.685 | INFO     | Backtest   | [回测 4/5] 模拟第 2771/4905 笔交易: 华电科工...
2026-05-03 08:13:29.961 | INFO     | Backtest   | [回测 4/5] 模拟第 2781/4905 笔交易: 保立佳...
2026-05-03 08:13:30.271 | INFO     | Backtest   | [回测 4/5] 模拟第 2791/4905 笔交易: 钱江生化...
2026-05-03 08:13:30.561 | INFO     | Backtest   | [回测 4/5] 模拟第 2801/4905 笔交易: 富瑞特装...
2026-05-03 08:13:30.849 | INFO     | Backtest   | [回测 4/5] 模拟第 2811/4905 笔交易: 天虹股份...
2026-05-03 08:13:31.131 | INFO     | Backtest   | [回测 4/5] 模拟第 2821/4905 笔交易: 迪普科技...
2026-05-03 08:13:31.362 | INFO     | Backtest   | [回测 4/5] 模拟第 2831/4905 笔交易: 特力Ａ...
2026-05-03 08:13:31.604 | INFO     | Backtest   | [回测 4/5] 模拟第 2841/4905 笔交易: 中农联合...
2026-05-03 08:13:31.874 | INFO     | Backtest   | [回测 4/5] 模拟第 2851/4905 笔交易: 中信特钢...
2026-05-03 08:13:32.171 | INFO     | Backtest   | [回测 4/5] 模拟第 2861/4905 笔交易: 泰和新材...
2026-05-03 08:13:32.510 | INFO     | Backtest   | [回测 4/5] 模拟第 2871/4905 笔交易: 驰宏锌锗...
2026-05-03 08:13:32.768 | INFO     | Backtest   | [回测 4/5] 模拟第 2881/4905 笔交易: 科陆电子...
2026-05-03 08:13:32.990 | INFO     | Backtest   | [回测 4/5] 模拟第 2891/4905 笔交易: 中国卫通...
2026-05-03 08:13:33.207 | INFO     | Backtest   | [回测 4/5] 模拟第 2901/4905 笔交易: 欣锐科技...
2026-05-03 08:13:33.464 | INFO     | Backtest   | [回测 4/5] 模拟第 2911/4905 笔交易: 安泰科技...
2026-05-03 08:13:33.720 | INFO     | Backtest   | [回测 4/5] 模拟第 2921/4905 笔交易: 宏源药业...
2026-05-03 08:13:33.954 | INFO     | Backtest   | [回测 4/5] 模拟第 2931/4905 笔交易: 海南发展...
2026-05-03 08:13:34.219 | INFO     | Backtest   | [回测 4/5] 模拟第 2941/4905 笔交易: 西高院...
2026-05-03 08:13:34.470 | INFO     | Backtest   | [回测 4/5] 模拟第 2951/4905 笔交易: 雅本化学...
2026-05-03 08:13:34.725 | INFO     | Backtest   | [回测 4/5] 模拟第 2961/4905 笔交易: 完美世界...
2026-05-03 08:13:34.993 | INFO     | Backtest   | [回测 4/5] 模拟第 2971/4905 笔交易: 远望谷...
2026-05-03 08:13:35.276 | INFO     | Backtest   | [回测 4/5] 模拟第 2981/4905 笔交易: 恒华科技...
2026-05-03 08:13:35.560 | INFO     | Backtest   | [回测 4/5] 模拟第 2991/4905 笔交易: 惠天热电...
2026-05-03 08:13:35.831 | INFO     | Backtest   | [回测 4/5] 模拟第 3001/4905 笔交易: 健麾信息...
2026-05-03 08:13:36.136 | INFO     | Backtest   | [回测 4/5] 模拟第 3011/4905 笔交易: 茂硕电源...
2026-05-03 08:13:36.456 | INFO     | Backtest   | [回测 4/5] 模拟第 3021/4905 笔交易: 九洲集团...
2026-05-03 08:13:36.702 | INFO     | Backtest   | [回测 4/5] 模拟第 3031/4905 笔交易: 九鼎投资...
2026-05-03 08:13:36.953 | INFO     | Backtest   | [回测 4/5] 模拟第 3041/4905 笔交易: 亚威股份...
2026-05-03 08:13:37.178 | INFO     | Backtest   | [回测 4/5] 模拟第 3051/4905 笔交易: 长江证券...
2026-05-03 08:13:37.428 | INFO     | Backtest   | [回测 4/5] 模拟第 3061/4905 笔交易: 中国电建...
2026-05-03 08:13:37.692 | INFO     | Backtest   | [回测 4/5] 模拟第 3071/4905 笔交易: 美畅股份...
2026-05-03 08:13:37.968 | INFO     | Backtest   | [回测 4/5] 模拟第 3081/4905 笔交易: 会稽山...
2026-05-03 08:13:38.246 | INFO     | Backtest   | [回测 4/5] 模拟第 3091/4905 笔交易: 海信视像...
2026-05-03 08:13:38.522 | INFO     | Backtest   | [回测 4/5] 模拟第 3101/4905 笔交易: 诺唯赞...
2026-05-03 08:13:38.757 | INFO     | Backtest   | [回测 4/5] 模拟第 3111/4905 笔交易: 冠城新材...
2026-05-03 08:13:38.946 | INFO     | Backtest   | [回测 4/5] 模拟第 3121/4905 笔交易: 光云科技...
2026-05-03 08:13:39.130 | INFO     | Backtest   | [回测 4/5] 模拟第 3131/4905 笔交易: 宁波建工...
2026-05-03 08:13:39.346 | INFO     | Backtest   | [回测 4/5] 模拟第 3141/4905 笔交易: 中电环保...
2026-05-03 08:13:39.530 | INFO     | Backtest   | [回测 4/5] 模拟第 3151/4905 笔交易: 永艺股份...
2026-05-03 08:13:39.756 | INFO     | Backtest   | [回测 4/5] 模拟第 3161/4905 笔交易: 德创环保...
2026-05-03 08:13:39.955 | INFO     | Backtest   | [回测 4/5] 模拟第 3171/4905 笔交易: 光莆股份...
2026-05-03 08:13:40.164 | INFO     | Backtest   | [回测 4/5] 模拟第 3181/4905 笔交易: 锡业股份...
2026-05-03 08:13:40.457 | INFO     | Backtest   | [回测 4/5] 模拟第 3191/4905 笔交易: 浙数文化...
2026-05-03 08:13:40.695 | INFO     | Backtest   | [回测 4/5] 模拟第 3201/4905 笔交易: 太龙药业...
2026-05-03 08:13:40.932 | INFO     | Backtest   | [回测 4/5] 模拟第 3211/4905 笔交易: 天铁科技...
2026-05-03 08:13:41.217 | INFO     | Backtest   | [回测 4/5] 模拟第 3221/4905 笔交易: 集泰股份...
2026-05-03 08:13:41.381 | INFO     | Backtest   | [回测 4/5] 模拟第 3231/4905 笔交易: 航天信息...
2026-05-03 08:13:41.635 | INFO     | Backtest   | [回测 4/5] 模拟第 3241/4905 笔交易: 合百集团...
2026-05-03 08:13:41.876 | INFO     | Backtest   | [回测 4/5] 模拟第 3251/4905 笔交易: 安妮股份...
2026-05-03 08:13:42.067 | INFO     | Backtest   | [回测 4/5] 模拟第 3261/4905 笔交易: 省广集团...
2026-05-03 08:13:42.271 | INFO     | Backtest   | [回测 4/5] 模拟第 3271/4905 笔交易: 福安药业...
2026-05-03 08:13:42.499 | INFO     | Backtest   | [回测 4/5] 模拟第 3281/4905 笔交易: 航天软件...
2026-05-03 08:13:42.697 | INFO     | Backtest   | [回测 4/5] 模拟第 3291/4905 笔交易: 阳光乳业...
2026-05-03 08:13:42.971 | INFO     | Backtest   | [回测 4/5] 模拟第 3301/4905 笔交易: 比依股份...
2026-05-03 08:13:43.291 | INFO     | Backtest   | [回测 4/5] 模拟第 3311/4905 笔交易: 雪迪龙...
2026-05-03 08:13:43.511 | INFO     | Backtest   | [回测 4/5] 模拟第 3321/4905 笔交易: 新疆交建...
2026-05-03 08:13:43.705 | INFO     | Backtest   | [回测 4/5] 模拟第 3331/4905 笔交易: 领益智造...
2026-05-03 08:13:44.002 | INFO     | Backtest   | [回测 4/5] 模拟第 3341/4905 笔交易: 上海九百...
2026-05-03 08:13:44.234 | INFO     | Backtest   | [回测 4/5] 模拟第 3351/4905 笔交易: 永新股份...
2026-05-03 08:13:44.486 | INFO     | Backtest   | [回测 4/5] 模拟第 3361/4905 笔交易: 威星智能...
2026-05-03 08:13:44.743 | INFO     | Backtest   | [回测 4/5] 模拟第 3371/4905 笔交易: 三角轮胎...
2026-05-03 08:13:45.018 | INFO     | Backtest   | [回测 4/5] 模拟第 3381/4905 笔交易: 中威电子...
2026-05-03 08:13:45.271 | INFO     | Backtest   | [回测 4/5] 模拟第 3391/4905 笔交易: 万里扬...
2026-05-03 08:13:45.487 | INFO     | Backtest   | [回测 4/5] 模拟第 3401/4905 笔交易: 中国一重...
2026-05-03 08:13:45.706 | INFO     | Backtest   | [回测 4/5] 模拟第 3411/4905 笔交易: 光力科技...
2026-05-03 08:13:45.935 | INFO     | Backtest   | [回测 4/5] 模拟第 3421/4905 笔交易: 颀中科技...
2026-05-03 08:13:46.209 | INFO     | Backtest   | [回测 4/5] 模拟第 3431/4905 笔交易: 耀皮玻璃...
2026-05-03 08:13:46.416 | INFO     | Backtest   | [回测 4/5] 模拟第 3441/4905 笔交易: 泓淋电力...
2026-05-03 08:13:46.603 | INFO     | Backtest   | [回测 4/5] 模拟第 3451/4905 笔交易: 和顺电气...
2026-05-03 08:13:46.802 | INFO     | Backtest   | [回测 4/5] 模拟第 3461/4905 笔交易: 银邦股份...
2026-05-03 08:13:46.993 | INFO     | Backtest   | [回测 4/5] 模拟第 3471/4905 笔交易: 上海银行...
2026-05-03 08:13:47.227 | INFO     | Backtest   | [回测 4/5] 模拟第 3481/4905 笔交易: 美能能源...
2026-05-03 08:13:47.436 | INFO     | Backtest   | [回测 4/5] 模拟第 3491/4905 笔交易: 雄塑科技...
2026-05-03 08:13:47.668 | INFO     | Backtest   | [回测 4/5] 模拟第 3501/4905 笔交易: 天下秀...
2026-05-03 08:13:47.912 | INFO     | Backtest   | [回测 4/5] 模拟第 3511/4905 笔交易: 锦江酒店...
2026-05-03 08:13:48.111 | INFO     | Backtest   | [回测 4/5] 模拟第 3521/4905 笔交易: 前沿生物-U...
2026-05-03 08:13:48.298 | INFO     | Backtest   | [回测 4/5] 模拟第 3531/4905 笔交易: 艾隆科技...
2026-05-03 08:13:48.514 | INFO     | Backtest   | [回测 4/5] 模拟第 3541/4905 笔交易: 阳普医疗...
2026-05-03 08:13:48.739 | INFO     | Backtest   | [回测 4/5] 模拟第 3551/4905 笔交易: 豪江智能...
2026-05-03 08:13:49.023 | INFO     | Backtest   | [回测 4/5] 模拟第 3561/4905 笔交易: 广发证券...
2026-05-03 08:13:49.232 | INFO     | Backtest   | [回测 4/5] 模拟第 3571/4905 笔交易: 奥赛康...
2026-05-03 08:13:49.446 | INFO     | Backtest   | [回测 4/5] 模拟第 3581/4905 笔交易: 利德曼...
2026-05-03 08:13:49.688 | INFO     | Backtest   | [回测 4/5] 模拟第 3591/4905 笔交易: 城发环境...
2026-05-03 08:13:49.999 | INFO     | Backtest   | [回测 4/5] 模拟第 3601/4905 笔交易: 东方生物...
2026-05-03 08:13:50.220 | INFO     | Backtest   | [回测 4/5] 模拟第 3611/4905 笔交易: 美康生物...
2026-05-03 08:13:50.485 | INFO     | Backtest   | [回测 4/5] 模拟第 3621/4905 笔交易: 新天药业...
2026-05-03 08:13:50.697 | INFO     | Backtest   | [回测 4/5] 模拟第 3631/4905 笔交易: 神州高铁...
2026-05-03 08:13:50.943 | INFO     | Backtest   | [回测 4/5] 模拟第 3641/4905 笔交易: 千里科技...
2026-05-03 08:13:51.160 | INFO     | Backtest   | [回测 4/5] 模拟第 3651/4905 笔交易: 天瑞仪器...
2026-05-03 08:13:51.425 | INFO     | Backtest   | [回测 4/5] 模拟第 3661/4905 笔交易: 利尔化学...
2026-05-03 08:13:51.658 | INFO     | Backtest   | [回测 4/5] 模拟第 3671/4905 笔交易: 红宝丽...
2026-05-03 08:13:51.950 | INFO     | Backtest   | [回测 4/5] 模拟第 3681/4905 笔交易: 晶瑞电材...
2026-05-03 08:13:52.206 | INFO     | Backtest   | [回测 4/5] 模拟第 3691/4905 笔交易: 山西证券...
2026-05-03 08:13:52.475 | INFO     | Backtest   | [回测 4/5] 模拟第 3701/4905 笔交易: 东风科技...
2026-05-03 08:13:52.710 | INFO     | Backtest   | [回测 4/5] 模拟第 3711/4905 笔交易: 腾达科技...
2026-05-03 08:13:52.976 | INFO     | Backtest   | [回测 4/5] 模拟第 3721/4905 笔交易: 华光环能...
2026-05-03 08:13:53.154 | INFO     | Backtest   | [回测 4/5] 模拟第 3731/4905 笔交易: 康盛股份...
2026-05-03 08:13:53.345 | INFO     | Backtest   | [回测 4/5] 模拟第 3741/4905 笔交易: 中瑞股份...
2026-05-03 08:13:53.607 | INFO     | Backtest   | [回测 4/5] 模拟第 3751/4905 笔交易: 泰豪科技...
2026-05-03 08:13:53.829 | INFO     | Backtest   | [回测 4/5] 模拟第 3761/4905 笔交易: 翔港科技...
2026-05-03 08:13:54.050 | INFO     | Backtest   | [回测 4/5] 模拟第 3771/4905 笔交易: 厚普股份...
2026-05-03 08:13:54.313 | INFO     | Backtest   | [回测 4/5] 模拟第 3781/4905 笔交易: 富煌钢构...
2026-05-03 08:13:54.572 | INFO     | Backtest   | [回测 4/5] 模拟第 3791/4905 笔交易: 汇金通...
2026-05-03 08:13:54.803 | INFO     | Backtest   | [回测 4/5] 模拟第 3801/4905 笔交易: 捷安高科...
2026-05-03 08:13:55.065 | INFO     | Backtest   | [回测 4/5] 模拟第 3811/4905 笔交易: 建研院...
2026-05-03 08:13:55.317 | INFO     | Backtest   | [回测 4/5] 模拟第 3821/4905 笔交易: 时代万恒...
2026-05-03 08:13:55.575 | INFO     | Backtest   | [回测 4/5] 模拟第 3831/4905 笔交易: 森泰股份...
2026-05-03 08:13:55.781 | INFO     | Backtest   | [回测 4/5] 模拟第 3841/4905 笔交易: 富祥药业...
2026-05-03 08:13:56.022 | INFO     | Backtest   | [回测 4/5] 模拟第 3851/4905 笔交易: 华谊兄弟...
2026-05-03 08:13:56.241 | INFO     | Backtest   | [回测 4/5] 模拟第 3861/4905 笔交易: 东华能源...
2026-05-03 08:13:56.456 | INFO     | Backtest   | [回测 4/5] 模拟第 3871/4905 笔交易: 森赫股份...
2026-05-03 08:13:56.676 | INFO     | Backtest   | [回测 4/5] 模拟第 3881/4905 笔交易: 飞天诚信...
2026-05-03 08:13:56.924 | INFO     | Backtest   | [回测 4/5] 模拟第 3891/4905 笔交易: 洛阳钼业...
2026-05-03 08:13:57.093 | INFO     | Backtest   | [回测 4/5] 模拟第 3901/4905 笔交易: 博源化工...
2026-05-03 08:13:57.249 | INFO     | Backtest   | [回测 4/5] 模拟第 3911/4905 笔交易: 双象股份...
2026-05-03 08:13:57.505 | INFO     | Backtest   | [回测 4/5] 模拟第 3921/4905 笔交易: 深南电A...
2026-05-03 08:13:57.734 | INFO     | Backtest   | [回测 4/5] 模拟第 3931/4905 笔交易: 京源环保...
2026-05-03 08:13:58.017 | INFO     | Backtest   | [回测 4/5] 模拟第 3941/4905 笔交易: 福然德...
2026-05-03 08:13:58.291 | INFO     | Backtest   | [回测 4/5] 模拟第 3951/4905 笔交易: 同和药业...
2026-05-03 08:13:58.527 | INFO     | Backtest   | [回测 4/5] 模拟第 3961/4905 笔交易: 一拖股份...
2026-05-03 08:13:58.784 | INFO     | Backtest   | [回测 4/5] 模拟第 3971/4905 笔交易: 宁波精达...
2026-05-03 08:13:58.949 | INFO     | Backtest   | [回测 4/5] 模拟第 3981/4905 笔交易: 西藏城投...
2026-05-03 08:13:59.135 | INFO     | Backtest   | [回测 4/5] 模拟第 3991/4905 笔交易: 西藏珠峰...
2026-05-03 08:13:59.310 | INFO     | Backtest   | [回测 4/5] 模拟第 4001/4905 笔交易: 天合光能...
2026-05-03 08:13:59.504 | INFO     | Backtest   | [回测 4/5] 模拟第 4011/4905 笔交易: 九州通...
2026-05-03 08:13:59.691 | INFO     | Backtest   | [回测 4/5] 模拟第 4021/4905 笔交易: 芯能科技...
2026-05-03 08:13:59.898 | INFO     | Backtest   | [回测 4/5] 模拟第 4031/4905 笔交易: 中信金属...
2026-05-03 08:14:00.049 | INFO     | Backtest   | [回测 4/5] 模拟第 4041/4905 笔交易: 汤姆猫...
2026-05-03 08:14:00.167 | INFO     | Backtest   | [回测 4/5] 模拟第 4051/4905 笔交易: 亚虹医药-U...
2026-05-03 08:14:00.328 | INFO     | Backtest   | [回测 4/5] 模拟第 4061/4905 笔交易: XD宝丰能...
2026-05-03 08:14:00.509 | INFO     | Backtest   | [回测 4/5] 模拟第 4071/4905 笔交易: 嘉化能源...
2026-05-03 08:14:00.666 | INFO     | Backtest   | [回测 4/5] 模拟第 4081/4905 笔交易: 黄山旅游...
2026-05-03 08:14:00.908 | INFO     | Backtest   | [回测 4/5] 模拟第 4091/4905 笔交易: 晋亿实业...
2026-05-03 08:14:01.106 | INFO     | Backtest   | [回测 4/5] 模拟第 4101/4905 笔交易: 哈空调...
2026-05-03 08:14:01.331 | INFO     | Backtest   | [回测 4/5] 模拟第 4111/4905 笔交易: 浙江医药...
2026-05-03 08:14:01.536 | INFO     | Backtest   | [回测 4/5] 模拟第 4121/4905 笔交易: 公元股份...
2026-05-03 08:14:01.801 | INFO     | Backtest   | [回测 4/5] 模拟第 4131/4905 笔交易: 捷顺科技...
2026-05-03 08:14:02.075 | INFO     | Backtest   | [回测 4/5] 模拟第 4141/4905 笔交易: 国网英大...
2026-05-03 08:14:02.265 | INFO     | Backtest   | [回测 4/5] 模拟第 4151/4905 笔交易: 晶澳科技...
2026-05-03 08:14:02.474 | INFO     | Backtest   | [回测 4/5] 模拟第 4161/4905 笔交易: 保龄宝...
2026-05-03 08:14:02.687 | INFO     | Backtest   | [回测 4/5] 模拟第 4171/4905 笔交易: 安彩高科...
2026-05-03 08:14:02.986 | INFO     | Backtest   | [回测 4/5] 模拟第 4181/4905 笔交易: 瑞茂通...
2026-05-03 08:14:03.175 | INFO     | Backtest   | [回测 4/5] 模拟第 4191/4905 笔交易: 厦门港务...
2026-05-03 08:14:03.366 | INFO     | Backtest   | [回测 4/5] 模拟第 4201/4905 笔交易: 金瑞矿业...
2026-05-03 08:14:03.555 | INFO     | Backtest   | [回测 4/5] 模拟第 4211/4905 笔交易: 兔宝宝...
2026-05-03 08:14:03.719 | INFO     | Backtest   | [回测 4/5] 模拟第 4221/4905 笔交易: 掌阅科技...
2026-05-03 08:14:03.956 | INFO     | Backtest   | [回测 4/5] 模拟第 4231/4905 笔交易: 辉隆股份...
2026-05-03 08:14:04.197 | INFO     | Backtest   | [回测 4/5] 模拟第 4241/4905 笔交易: 太龙股份...
2026-05-03 08:14:04.353 | INFO     | Backtest   | [回测 4/5] 模拟第 4251/4905 笔交易: 先进数通...
2026-05-03 08:14:04.543 | INFO     | Backtest   | [回测 4/5] 模拟第 4261/4905 笔交易: 长阳科技...
2026-05-03 08:14:04.777 | INFO     | Backtest   | [回测 4/5] 模拟第 4271/4905 笔交易: 宏源药业...
2026-05-03 08:14:04.986 | INFO     | Backtest   | [回测 4/5] 模拟第 4281/4905 笔交易: 彩虹股份...
2026-05-03 08:14:05.148 | INFO     | Backtest   | [回测 4/5] 模拟第 4291/4905 笔交易: 孚日股份...
2026-05-03 08:14:05.291 | INFO     | Backtest   | [回测 4/5] 模拟第 4301/4905 笔交易: 新劲刚...
2026-05-03 08:14:05.438 | INFO     | Backtest   | [回测 4/5] 模拟第 4311/4905 笔交易: 圣农发展...
2026-05-03 08:14:05.589 | INFO     | Backtest   | [回测 4/5] 模拟第 4321/4905 笔交易: 华创云信...
2026-05-03 08:14:05.754 | INFO     | Backtest   | [回测 4/5] 模拟第 4331/4905 笔交易: 新凤鸣...
2026-05-03 08:14:05.914 | INFO     | Backtest   | [回测 4/5] 模拟第 4341/4905 笔交易: 亚星化学...
2026-05-03 08:14:06.059 | INFO     | Backtest   | [回测 4/5] 模拟第 4351/4905 笔交易: 赞宇科技...
2026-05-03 08:14:06.227 | INFO     | Backtest   | [回测 4/5] 模拟第 4361/4905 笔交易: 海天精工...
2026-05-03 08:14:06.457 | INFO     | Backtest   | [回测 4/5] 模拟第 4371/4905 笔交易: 航锦科技...
2026-05-03 08:14:06.622 | INFO     | Backtest   | [回测 4/5] 模拟第 4381/4905 笔交易: 精进电动-UW...
2026-05-03 08:14:06.768 | INFO     | Backtest   | [回测 4/5] 模拟第 4391/4905 笔交易: 昌红科技...
2026-05-03 08:14:07.000 | INFO     | Backtest   | [回测 4/5] 模拟第 4401/4905 笔交易: 大西洋...
2026-05-03 08:14:07.182 | INFO     | Backtest   | [回测 4/5] 模拟第 4411/4905 笔交易: 山东玻纤...
2026-05-03 08:14:07.315 | INFO     | Backtest   | [回测 4/5] 模拟第 4421/4905 笔交易: 双星新材...
2026-05-03 08:14:07.481 | INFO     | Backtest   | [回测 4/5] 模拟第 4431/4905 笔交易: 三友化工...
2026-05-03 08:14:07.678 | INFO     | Backtest   | [回测 4/5] 模拟第 4441/4905 笔交易: 钛能化学...
2026-05-03 08:14:07.837 | INFO     | Backtest   | [回测 4/5] 模拟第 4451/4905 笔交易: 鲁北化工...
2026-05-03 08:14:08.006 | INFO     | Backtest   | [回测 4/5] 模拟第 4461/4905 笔交易: 青松股份...
2026-05-03 08:14:08.140 | INFO     | Backtest   | [回测 4/5] 模拟第 4471/4905 笔交易: 皇氏集团...
2026-05-03 08:14:08.353 | INFO     | Backtest   | [回测 4/5] 模拟第 4481/4905 笔交易: 时代万恒...
2026-05-03 08:14:08.517 | INFO     | Backtest   | [回测 4/5] 模拟第 4491/4905 笔交易: 大连热电...
2026-05-03 08:14:08.708 | INFO     | Backtest   | [回测 4/5] 模拟第 4501/4905 笔交易: 中远通...
2026-05-03 08:14:08.948 | INFO     | Backtest   | [回测 4/5] 模拟第 4511/4905 笔交易: 狮头股份...
2026-05-03 08:14:09.130 | INFO     | Backtest   | [回测 4/5] 模拟第 4521/4905 笔交易: 振东制药...
2026-05-03 08:14:09.342 | INFO     | Backtest   | [回测 4/5] 模拟第 4531/4905 笔交易: 开尔新材...
2026-05-03 08:14:09.624 | INFO     | Backtest   | [回测 4/5] 模拟第 4541/4905 笔交易: XD高能环...
2026-05-03 08:14:09.814 | INFO     | Backtest   | [回测 4/5] 模拟第 4551/4905 笔交易: 我武生物...
2026-05-03 08:14:10.031 | INFO     | Backtest   | [回测 4/5] 模拟第 4561/4905 笔交易: 上海家化...
2026-05-03 08:14:10.215 | INFO     | Backtest   | [回测 4/5] 模拟第 4571/4905 笔交易: 鹏鹞环保...
2026-05-03 08:14:10.379 | INFO     | Backtest   | [回测 4/5] 模拟第 4581/4905 笔交易: 莲花控股...
2026-05-03 08:14:10.555 | INFO     | Backtest   | [回测 4/5] 模拟第 4591/4905 笔交易: 凯美特气...
2026-05-03 08:14:10.765 | INFO     | Backtest   | [回测 4/5] 模拟第 4601/4905 笔交易: 创维数字...
2026-05-03 08:14:10.925 | INFO     | Backtest   | [回测 4/5] 模拟第 4611/4905 笔交易: 恒盛能源...
2026-05-03 08:14:11.125 | INFO     | Backtest   | [回测 4/5] 模拟第 4621/4905 笔交易: 智光电气...
2026-05-03 08:14:11.370 | INFO     | Backtest   | [回测 4/5] 模拟第 4631/4905 笔交易: 康斯特...
2026-05-03 08:14:11.579 | INFO     | Backtest   | [回测 4/5] 模拟第 4641/4905 笔交易: 幸福蓝海...
2026-05-03 08:14:11.742 | INFO     | Backtest   | [回测 4/5] 模拟第 4651/4905 笔交易: 福达股份...
2026-05-03 08:14:11.969 | INFO     | Backtest   | [回测 4/5] 模拟第 4661/4905 笔交易: 聚光科技...
2026-05-03 08:14:12.186 | INFO     | Backtest   | [回测 4/5] 模拟第 4671/4905 笔交易: 瑞泰新材...
2026-05-03 08:14:12.419 | INFO     | Backtest   | [回测 4/5] 模拟第 4681/4905 笔交易: 华源控股...
2026-05-03 08:14:12.644 | INFO     | Backtest   | [回测 4/5] 模拟第 4691/4905 笔交易: 飞力达...
2026-05-03 08:14:12.886 | INFO     | Backtest   | [回测 4/5] 模拟第 4701/4905 笔交易: 嘉应制药...
2026-05-03 08:14:13.107 | INFO     | Backtest   | [回测 4/5] 模拟第 4711/4905 笔交易: 德艺文创...
2026-05-03 08:14:13.260 | INFO     | Backtest   | [回测 4/5] 模拟第 4721/4905 笔交易: 海联金汇...
2026-05-03 08:14:13.493 | INFO     | Backtest   | [回测 4/5] 模拟第 4731/4905 笔交易: 宏达高科...
2026-05-03 08:14:13.709 | INFO     | Backtest   | [回测 4/5] 模拟第 4741/4905 笔交易: 吉林敖东...
2026-05-03 08:14:13.904 | INFO     | Backtest   | [回测 4/5] 模拟第 4751/4905 笔交易: 迈赫股份...
2026-05-03 08:14:14.127 | INFO     | Backtest   | [回测 4/5] 模拟第 4761/4905 笔交易: 湘佳股份...
2026-05-03 08:14:14.341 | INFO     | Backtest   | [回测 4/5] 模拟第 4771/4905 笔交易: 水星家纺...
2026-05-03 08:14:14.527 | INFO     | Backtest   | [回测 4/5] 模拟第 4781/4905 笔交易: 佳力图...
2026-05-03 08:14:14.690 | INFO     | Backtest   | [回测 4/5] 模拟第 4791/4905 笔交易: 金钼股份...
2026-05-03 08:14:14.872 | INFO     | Backtest   | [回测 4/5] 模拟第 4801/4905 笔交易: 光莆股份...
2026-05-03 08:14:15.039 | INFO     | Backtest   | [回测 4/5] 模拟第 4811/4905 笔交易: 平高电气...
2026-05-03 08:14:15.165 | INFO     | Backtest   | [回测 4/5] 模拟第 4821/4905 笔交易: 金信诺...
2026-05-03 08:14:15.350 | INFO     | Backtest   | [回测 4/5] 模拟第 4831/4905 笔交易: 元祖股份...
2026-05-03 08:14:15.472 | INFO     | Backtest   | [回测 4/5] 模拟第 4841/4905 笔交易: 三鑫医疗...
2026-05-03 08:14:15.669 | INFO     | Backtest   | [回测 4/5] 模拟第 4851/4905 笔交易: 湖北宜化...
2026-05-03 08:14:15.759 | INFO     | Backtest   | [回测 4/5] 模拟第 4861/4905 笔交易: 蔚蓝锂芯...
2026-05-03 08:14:15.908 | INFO     | Backtest   | [回测 4/5] 模拟第 4871/4905 笔交易: 初灵信息...
2026-05-03 08:14:16.044 | INFO     | Backtest   | [回测 4/5] 模拟第 4881/4905 笔交易: 麦捷科技...
2026-05-03 08:14:16.174 | INFO     | Backtest   | [回测 4/5] 模拟第 4891/4905 笔交易: 芯联集成-U...
2026-05-03 08:14:16.332 | INFO     | Backtest   | [回测 4/5] 模拟第 4901/4905 笔交易: 广哈通信...
2026-05-03 08:14:16.408 | INFO     | Backtest   | [回测 5/5] 回测任务完成: 1145笔(含0笔平手离场)
2026-05-03 08:14:17.230 | INFO     | Backtest   | [回测 1/5] 筛选回测目标股票...
2026-05-03 08:14:17.244 | INFO     | Backtest   | [回测 2/5] 加载 5010 只股票的历史数据进行快速扫描...
2026-05-03 08:14:30.936 | INFO     | Backtest   | [回测 3/5] 计算策略信号 (基于日线信号库)...
2026-05-03 08:14:30.943 | INFO     | Screener   | 🧬 [Loader] 识别到类继承策略: MA5AngleOriginalStrategy
2026-05-03 08:14:38.329 | INFO     | Backtest   | [回测 4/5] 处理 4905 条信号，执行精细分钟线仿真...
2026-05-03 08:14:38.334 | INFO     | Backtest   | [回测 4/5] 模拟第 1/4905 笔交易: 升达林业...
2026-05-03 08:14:38.671 | INFO     | Backtest   | [回测 4/5] 模拟第 11/4905 笔交易: 万丰股份...
2026-05-03 08:14:39.065 | INFO     | Backtest   | [回测 4/5] 模拟第 21/4905 笔交易: 恒誉环保...
2026-05-03 08:14:39.460 | INFO     | Backtest   | [回测 4/5] 模拟第 31/4905 笔交易: 锦鸡股份...
2026-05-03 08:14:39.895 | INFO     | Backtest   | [回测 4/5] 模拟第 41/4905 笔交易: 君正集团...
2026-05-03 08:14:40.322 | INFO     | Backtest   | [回测 4/5] 模拟第 51/4905 笔交易: 海洋王...
2026-05-03 08:14:40.693 | INFO     | Backtest   | [回测 4/5] 模拟第 61/4905 笔交易: 三雄极光...
2026-05-03 08:14:41.082 | INFO     | Backtest   | [回测 4/5] 模拟第 71/4905 笔交易: 世名科技...
2026-05-03 08:14:41.426 | INFO     | Backtest   | [回测 4/5] 模拟第 81/4905 笔交易: 朝阳科技...
2026-05-03 08:14:41.804 | INFO     | Backtest   | [回测 4/5] 模拟第 91/4905 笔交易: 飞荣达...
2026-05-03 08:14:42.186 | INFO     | Backtest   | [回测 4/5] 模拟第 101/4905 笔交易: 春兴精工...
2026-05-03 08:14:42.579 | INFO     | Backtest   | [回测 4/5] 模拟第 111/4905 笔交易: 苏州科达...
2026-05-03 08:14:43.046 | INFO     | Backtest   | [回测 4/5] 模拟第 121/4905 笔交易: 海默科技...
2026-05-03 08:14:43.482 | INFO     | Backtest   | [回测 4/5] 模拟第 131/4905 笔交易: 立昂技术...
2026-05-03 08:14:43.874 | INFO     | Backtest   | [回测 4/5] 模拟第 141/4905 笔交易: 多伦科技...
2026-05-03 08:14:44.311 | INFO     | Backtest   | [回测 4/5] 模拟第 151/4905 笔交易: 易瑞生物...
2026-05-03 08:14:44.706 | INFO     | Backtest   | [回测 4/5] 模拟第 161/4905 笔交易: 宇环数控...
2026-05-03 08:14:45.123 | INFO     | Backtest   | [回测 4/5] 模拟第 171/4905 笔交易: 格尔软件...
2026-05-03 08:14:45.535 | INFO     | Backtest   | [回测 4/5] 模拟第 181/4905 笔交易: 神州信息...
2026-05-03 08:14:45.940 | INFO     | Backtest   | [回测 4/5] 模拟第 191/4905 笔交易: 鸿特科技...
2026-05-03 08:14:46.334 | INFO     | Backtest   | [回测 4/5] 模拟第 201/4905 笔交易: 东方智造...
2026-05-03 08:14:46.731 | INFO     | Backtest   | [回测 4/5] 模拟第 211/4905 笔交易: 粤桂股份...
2026-05-03 08:14:47.150 | INFO     | Backtest   | [回测 4/5] 模拟第 221/4905 笔交易: 松霖科技...
2026-05-03 08:14:47.553 | INFO     | Backtest   | [回测 4/5] 模拟第 231/4905 笔交易: 久其软件...
2026-05-03 08:14:47.985 | INFO     | Backtest   | [回测 4/5] 模拟第 241/4905 笔交易: 锦龙股份...
2026-05-03 08:14:48.414 | INFO     | Backtest   | [回测 4/5] 模拟第 251/4905 笔交易: 菲沃泰...
2026-05-03 08:14:48.817 | INFO     | Backtest   | [回测 4/5] 模拟第 261/4905 笔交易: 山高环能...
2026-05-03 08:14:49.221 | INFO     | Backtest   | [回测 4/5] 模拟第 271/4905 笔交易: 四创电子...
2026-05-03 08:14:49.611 | INFO     | Backtest   | [回测 4/5] 模拟第 281/4905 笔交易: 广电运通...
2026-05-03 08:14:50.016 | INFO     | Backtest   | [回测 4/5] 模拟第 291/4905 笔交易: 中科江南...
2026-05-03 08:14:50.439 | INFO     | Backtest   | [回测 4/5] 模拟第 301/4905 笔交易: 钛能化学...
2026-05-03 08:14:50.829 | INFO     | Backtest   | [回测 4/5] 模拟第 311/4905 笔交易: 华鼎股份...
2026-05-03 08:14:51.226 | INFO     | Backtest   | [回测 4/5] 模拟第 321/4905 笔交易: 钱江生化...
2026-05-03 08:14:51.642 | INFO     | Backtest   | [回测 4/5] 模拟第 331/4905 笔交易: 德冠新材...
2026-05-03 08:14:52.025 | INFO     | Backtest   | [回测 4/5] 模拟第 341/4905 笔交易: 罗平锌电...
2026-05-03 08:14:52.424 | INFO     | Backtest   | [回测 4/5] 模拟第 351/4905 笔交易: 金智科技...
2026-05-03 08:14:52.799 | INFO     | Backtest   | [回测 4/5] 模拟第 361/4905 笔交易: 宏盛华源...
2026-05-03 08:14:53.216 | INFO     | Backtest   | [回测 4/5] 模拟第 371/4905 笔交易: 东软集团...
2026-05-03 08:14:53.635 | INFO     | Backtest   | [回测 4/5] 模拟第 381/4905 笔交易: 泰和科技...
2026-05-03 08:14:54.010 | INFO     | Backtest   | [回测 4/5] 模拟第 391/4905 笔交易: 海德股份...
2026-05-03 08:14:54.417 | INFO     | Backtest   | [回测 4/5] 模拟第 401/4905 笔交易: 中关村...
2026-05-03 08:14:54.821 | INFO     | Backtest   | [回测 4/5] 模拟第 411/4905 笔交易: 彩蝶实业...
2026-05-03 08:14:55.195 | INFO     | Backtest   | [回测 4/5] 模拟第 421/4905 笔交易: 汇金通...
2026-05-03 08:14:55.608 | INFO     | Backtest   | [回测 4/5] 模拟第 431/4905 笔交易: 西部矿业...
2026-05-03 08:14:55.985 | INFO     | Backtest   | [回测 4/5] 模拟第 441/4905 笔交易: 游族网络...
2026-05-03 08:14:56.364 | INFO     | Backtest   | [回测 4/5] 模拟第 451/4905 笔交易: 保龄宝...
2026-05-03 08:14:56.715 | INFO     | Backtest   | [回测 4/5] 模拟第 461/4905 笔交易: 麦克奥迪...
2026-05-03 08:14:57.061 | INFO     | Backtest   | [回测 4/5] 模拟第 471/4905 笔交易: 博汇纸业...
2026-05-03 08:14:57.443 | INFO     | Backtest   | [回测 4/5] 模拟第 481/4905 笔交易: 得利斯...
2026-05-03 08:14:57.842 | INFO     | Backtest   | [回测 4/5] 模拟第 491/4905 笔交易: 宁波富达...
2026-05-03 08:14:58.272 | INFO     | Backtest   | [回测 4/5] 模拟第 501/4905 笔交易: 上海九百...
2026-05-03 08:14:58.687 | INFO     | Backtest   | [回测 4/5] 模拟第 511/4905 笔交易: 粤高速Ａ...
2026-05-03 08:14:59.077 | INFO     | Backtest   | [回测 4/5] 模拟第 521/4905 笔交易: 高乐股份...
2026-05-03 08:14:59.462 | INFO     | Backtest   | [回测 4/5] 模拟第 531/4905 笔交易: 海伦钢琴...
2026-05-03 08:14:59.832 | INFO     | Backtest   | [回测 4/5] 模拟第 541/4905 笔交易: 李子园...
2026-05-03 08:15:00.224 | INFO     | Backtest   | [回测 4/5] 模拟第 551/4905 笔交易: 崧盛股份...
2026-05-03 08:15:00.626 | INFO     | Backtest   | [回测 4/5] 模拟第 561/4905 笔交易: 恒尚节能...
2026-05-03 08:15:00.986 | INFO     | Backtest   | [回测 4/5] 模拟第 571/4905 笔交易: 明阳电路...
2026-05-03 08:15:01.379 | INFO     | Backtest   | [回测 4/5] 模拟第 581/4905 笔交易: 二六三...
2026-05-03 08:15:01.755 | INFO     | Backtest   | [回测 4/5] 模拟第 591/4905 笔交易: 大为股份...
2026-05-03 08:15:02.141 | INFO     | Backtest   | [回测 4/5] 模拟第 601/4905 笔交易: 星网宇达...
2026-05-03 08:15:02.513 | INFO     | Backtest   | [回测 4/5] 模拟第 611/4905 笔交易: 锦江在线...
2026-05-03 08:15:02.906 | INFO     | Backtest   | [回测 4/5] 模拟第 621/4905 笔交易: 再升科技...
2026-05-03 08:15:03.319 | INFO     | Backtest   | [回测 4/5] 模拟第 631/4905 笔交易: 汉缆股份...
2026-05-03 08:15:03.720 | INFO     | Backtest   | [回测 4/5] 模拟第 641/4905 笔交易: 奥拓电子...
2026-05-03 08:15:04.106 | INFO     | Backtest   | [回测 4/5] 模拟第 651/4905 笔交易: 三维通信...
2026-05-03 08:15:04.407 | INFO     | Backtest   | [回测 4/5] 模拟第 661/4905 笔交易: 杭州高新...
2026-05-03 08:15:04.822 | INFO     | Backtest   | [回测 4/5] 模拟第 671/4905 笔交易: 南新制药...
2026-05-03 08:15:05.205 | INFO     | Backtest   | [回测 4/5] 模拟第 681/4905 笔交易: 华媒控股...
2026-05-03 08:15:05.600 | INFO     | Backtest   | [回测 4/5] 模拟第 691/4905 笔交易: 康泰医学...
2026-05-03 08:15:05.988 | INFO     | Backtest   | [回测 4/5] 模拟第 701/4905 笔交易: 三旺通信...
2026-05-03 08:15:06.396 | INFO     | Backtest   | [回测 4/5] 模拟第 711/4905 笔交易: 雅博股份...
2026-05-03 08:15:06.790 | INFO     | Backtest   | [回测 4/5] 模拟第 721/4905 笔交易: 泰祥股份...
2026-05-03 08:15:07.199 | INFO     | Backtest   | [回测 4/5] 模拟第 731/4905 笔交易: 熙菱信息...
2026-05-03 08:15:07.616 | INFO     | Backtest   | [回测 4/5] 模拟第 741/4905 笔交易: 合富中国...
2026-05-03 08:15:08.056 | INFO     | Backtest   | [回测 4/5] 模拟第 751/4905 笔交易: 宣泰医药...
2026-05-03 08:15:08.493 | INFO     | Backtest   | [回测 4/5] 模拟第 761/4905 笔交易: 澳弘电子...
2026-05-03 08:15:08.909 | INFO     | Backtest   | [回测 4/5] 模拟第 771/4905 笔交易: 戴维医疗...
2026-05-03 08:15:09.319 | INFO     | Backtest   | [回测 4/5] 模拟第 781/4905 笔交易: 东方生物...
2026-05-03 08:15:09.716 | INFO     | Backtest   | [回测 4/5] 模拟第 791/4905 笔交易: 科华控股...
2026-05-03 08:15:10.113 | INFO     | Backtest   | [回测 4/5] 模拟第 801/4905 笔交易: 哈药股份...
2026-05-03 08:15:10.520 | INFO     | Backtest   | [回测 4/5] 模拟第 811/4905 笔交易: 威派格...
2026-05-03 08:15:10.901 | INFO     | Backtest   | [回测 4/5] 模拟第 821/4905 笔交易: 申联生物...
2026-05-03 08:15:11.334 | INFO     | Backtest   | [回测 4/5] 模拟第 831/4905 笔交易: 福莱蒽特...
2026-05-03 08:15:11.737 | INFO     | Backtest   | [回测 4/5] 模拟第 841/4905 笔交易: 赢合科技...
2026-05-03 08:15:12.151 | INFO     | Backtest   | [回测 4/5] 模拟第 851/4905 笔交易: 哈三联...
2026-05-03 08:15:12.466 | INFO     | Backtest   | [回测 4/5] 模拟第 861/4905 笔交易: 江苏有线...
2026-05-03 08:15:12.855 | INFO     | Backtest   | [回测 4/5] 模拟第 871/4905 笔交易: 华谊集团...
2026-05-03 08:15:13.227 | INFO     | Backtest   | [回测 4/5] 模拟第 881/4905 笔交易: 西麦食品...
2026-05-03 08:15:13.609 | INFO     | Backtest   | [回测 4/5] 模拟第 891/4905 笔交易: 北矿科技...
2026-05-03 08:15:13.975 | INFO     | Backtest   | [回测 4/5] 模拟第 901/4905 笔交易: 英派斯...
2026-05-03 08:15:14.320 | INFO     | Backtest   | [回测 4/5] 模拟第 911/4905 笔交易: 交大昂立...
2026-05-03 08:15:14.677 | INFO     | Backtest   | [回测 4/5] 模拟第 921/4905 笔交易: 江苏神通...
2026-05-03 08:15:15.014 | INFO     | Backtest   | [回测 4/5] 模拟第 931/4905 笔交易: 长缆科技...
2026-05-03 08:15:15.406 | INFO     | Backtest   | [回测 4/5] 模拟第 941/4905 笔交易: 元隆雅图...
2026-05-03 08:15:15.706 | INFO     | Backtest   | [回测 4/5] 模拟第 951/4905 笔交易: 中国石化...
2026-05-03 08:15:16.037 | INFO     | Backtest   | [回测 4/5] 模拟第 961/4905 笔交易: 歌力思...
2026-05-03 08:15:16.361 | INFO     | Backtest   | [回测 4/5] 模拟第 971/4905 笔交易: 文峰股份...
2026-05-03 08:15:16.700 | INFO     | Backtest   | [回测 4/5] 模拟第 981/4905 笔交易: 创识科技...
2026-05-03 08:15:17.013 | INFO     | Backtest   | [回测 4/5] 模拟第 991/4905 笔交易: 友邦吊顶...
2026-05-03 08:15:17.339 | INFO     | Backtest   | [回测 4/5] 模拟第 1001/4905 笔交易: 沃尔核材...
2026-05-03 08:15:17.683 | INFO     | Backtest   | [回测 4/5] 模拟第 1011/4905 笔交易: 上海银行...
2026-05-03 08:15:17.985 | INFO     | Backtest   | [回测 4/5] 模拟第 1021/4905 笔交易: 新亚强...
2026-05-03 08:15:18.318 | INFO     | Backtest   | [回测 4/5] 模拟第 1031/4905 笔交易: 三和管桩...
2026-05-03 08:15:18.683 | INFO     | Backtest   | [回测 4/5] 模拟第 1041/4905 笔交易: 鹿山新材...
2026-05-03 08:15:18.991 | INFO     | Backtest   | [回测 4/5] 模拟第 1051/4905 笔交易: 塞力医疗...
2026-05-03 08:15:19.339 | INFO     | Backtest   | [回测 4/5] 模拟第 1061/4905 笔交易: 建设工业...
2026-05-03 08:15:19.682 | INFO     | Backtest   | [回测 4/5] 模拟第 1071/4905 笔交易: 招金黄金...
2026-05-03 08:15:20.015 | INFO     | Backtest   | [回测 4/5] 模拟第 1081/4905 笔交易: 朗坤科技...
2026-05-03 08:15:20.386 | INFO     | Backtest   | [回测 4/5] 模拟第 1091/4905 笔交易: 信音电子...
2026-05-03 08:15:20.734 | INFO     | Backtest   | [回测 4/5] 模拟第 1101/4905 笔交易: 德创环保...
2026-05-03 08:15:21.085 | INFO     | Backtest   | [回测 4/5] 模拟第 1111/4905 笔交易: 国盛证券...
2026-05-03 08:15:21.410 | INFO     | Backtest   | [回测 4/5] 模拟第 1121/4905 笔交易: 研奥股份...
2026-05-03 08:15:21.772 | INFO     | Backtest   | [回测 4/5] 模拟第 1131/4905 笔交易: 华骐环保...
2026-05-03 08:15:22.125 | INFO     | Backtest   | [回测 4/5] 模拟第 1141/4905 笔交易: 楚江新材...
2026-05-03 08:15:22.498 | INFO     | Backtest   | [回测 4/5] 模拟第 1151/4905 笔交易: 机器人...
2026-05-03 08:15:22.874 | INFO     | Backtest   | [回测 4/5] 模拟第 1161/4905 笔交易: 红塔证券...
2026-05-03 08:15:23.256 | INFO     | Backtest   | [回测 4/5] 模拟第 1171/4905 笔交易: 金奥博...
2026-05-03 08:15:23.625 | INFO     | Backtest   | [回测 4/5] 模拟第 1181/4905 笔交易: 中国电建...
2026-05-03 08:15:24.015 | INFO     | Backtest   | [回测 4/5] 模拟第 1191/4905 笔交易: 永安期货...
2026-05-03 08:15:24.341 | INFO     | Backtest   | [回测 4/5] 模拟第 1201/4905 笔交易: 香溢融通...
2026-05-03 08:15:24.690 | INFO     | Backtest   | [回测 4/5] 模拟第 1211/4905 笔交易: 晨曦航空...
2026-05-03 08:15:24.996 | INFO     | Backtest   | [回测 4/5] 模拟第 1221/4905 笔交易: 中远通...
2026-05-03 08:15:25.297 | INFO     | Backtest   | [回测 4/5] 模拟第 1231/4905 笔交易: 宏昌电子...
2026-05-03 08:15:25.630 | INFO     | Backtest   | [回测 4/5] 模拟第 1241/4905 笔交易: 歌尔股份...
2026-05-03 08:15:25.950 | INFO     | Backtest   | [回测 4/5] 模拟第 1251/4905 笔交易: 世茂能源...
2026-05-03 08:15:26.270 | INFO     | Backtest   | [回测 4/5] 模拟第 1261/4905 笔交易: 中南传媒...
2026-05-03 08:15:26.624 | INFO     | Backtest   | [回测 4/5] 模拟第 1271/4905 笔交易: 悦达投资...
2026-05-03 08:15:26.937 | INFO     | Backtest   | [回测 4/5] 模拟第 1281/4905 笔交易: 仕净科技...
2026-05-03 08:15:27.257 | INFO     | Backtest   | [回测 4/5] 模拟第 1291/4905 笔交易: 中石科技...
2026-05-03 08:15:27.608 | INFO     | Backtest   | [回测 4/5] 模拟第 1301/4905 笔交易: 长江材料...
2026-05-03 08:15:27.937 | INFO     | Backtest   | [回测 4/5] 模拟第 1311/4905 笔交易: 可立克...
2026-05-03 08:15:28.324 | INFO     | Backtest   | [回测 4/5] 模拟第 1321/4905 笔交易: 盐湖股份...
2026-05-03 08:15:28.685 | INFO     | Backtest   | [回测 4/5] 模拟第 1331/4905 笔交易: 协鑫集成...
2026-05-03 08:15:29.046 | INFO     | Backtest   | [回测 4/5] 模拟第 1341/4905 笔交易: 雅化集团...
2026-05-03 08:15:29.403 | INFO     | Backtest   | [回测 4/5] 模拟第 1351/4905 笔交易: 宁夏建材...
2026-05-03 08:15:29.740 | INFO     | Backtest   | [回测 4/5] 模拟第 1361/4905 笔交易: 天玑科技...
2026-05-03 08:15:30.083 | INFO     | Backtest   | [回测 4/5] 模拟第 1371/4905 笔交易: 光莆股份...
2026-05-03 08:15:30.424 | INFO     | Backtest   | [回测 4/5] 模拟第 1381/4905 笔交易: 六国化工...
2026-05-03 08:15:30.695 | INFO     | Backtest   | [回测 4/5] 模拟第 1391/4905 笔交易: 亚士创能...
2026-05-03 08:15:31.034 | INFO     | Backtest   | [回测 4/5] 模拟第 1401/4905 笔交易: 园林股份...
2026-05-03 08:15:31.344 | INFO     | Backtest   | [回测 4/5] 模拟第 1411/4905 笔交易: 诚意药业...
2026-05-03 08:15:31.684 | INFO     | Backtest   | [回测 4/5] 模拟第 1421/4905 笔交易: 海象新材...
2026-05-03 08:15:32.021 | INFO     | Backtest   | [回测 4/5] 模拟第 1431/4905 笔交易: 安利股份...
2026-05-03 08:15:32.346 | INFO     | Backtest   | [回测 4/5] 模拟第 1441/4905 笔交易: 迅捷兴...
2026-05-03 08:15:32.611 | INFO     | Backtest   | [回测 4/5] 模拟第 1451/4905 笔交易: 顺网科技...
2026-05-03 08:15:32.957 | INFO     | Backtest   | [回测 4/5] 模拟第 1461/4905 笔交易: 银龙股份...
2026-05-03 08:15:33.269 | INFO     | Backtest   | [回测 4/5] 模拟第 1471/4905 笔交易: 森麒麟...
2026-05-03 08:15:33.630 | INFO     | Backtest   | [回测 4/5] 模拟第 1481/4905 笔交易: 红日药业...
2026-05-03 08:15:33.948 | INFO     | Backtest   | [回测 4/5] 模拟第 1491/4905 笔交易: 仁智股份...
2026-05-03 08:15:34.280 | INFO     | Backtest   | [回测 4/5] 模拟第 1501/4905 笔交易: 飞乐音响...
2026-05-03 08:15:34.548 | INFO     | Backtest   | [回测 4/5] 模拟第 1511/4905 笔交易: 泰坦股份...
2026-05-03 08:15:34.878 | INFO     | Backtest   | [回测 4/5] 模拟第 1521/4905 笔交易: 物产环能...
2026-05-03 08:15:35.191 | INFO     | Backtest   | [回测 4/5] 模拟第 1531/4905 笔交易: 新赛股份...
2026-05-03 08:15:35.516 | INFO     | Backtest   | [回测 4/5] 模拟第 1541/4905 笔交易: 华建集团...
2026-05-03 08:15:35.810 | INFO     | Backtest   | [回测 4/5] 模拟第 1551/4905 笔交易: 华峰化学...
2026-05-03 08:15:36.125 | INFO     | Backtest   | [回测 4/5] 模拟第 1561/4905 笔交易: 铁建重工...
2026-05-03 08:15:36.352 | INFO     | Backtest   | [回测 4/5] 模拟第 1571/4905 笔交易: 西部建设...
2026-05-03 08:15:36.622 | INFO     | Backtest   | [回测 4/5] 模拟第 1581/4905 笔交易: 建设机械...
2026-05-03 08:15:36.874 | INFO     | Backtest   | [回测 4/5] 模拟第 1591/4905 笔交易: 福建水泥...
2026-05-03 08:15:37.104 | INFO     | Backtest   | [回测 4/5] 模拟第 1601/4905 笔交易: 节能铁汉...
2026-05-03 08:15:37.393 | INFO     | Backtest   | [回测 4/5] 模拟第 1611/4905 笔交易: 通裕重工...
2026-05-03 08:15:37.698 | INFO     | Backtest   | [回测 4/5] 模拟第 1621/4905 笔交易: 中国一重...
2026-05-03 08:15:38.001 | INFO     | Backtest   | [回测 4/5] 模拟第 1631/4905 笔交易: 智慧农业...
2026-05-03 08:15:38.289 | INFO     | Backtest   | [回测 4/5] 模拟第 1641/4905 笔交易: 晋控煤业...
2026-05-03 08:15:38.586 | INFO     | Backtest   | [回测 4/5] 模拟第 1651/4905 笔交易: 名雕股份...
2026-05-03 08:15:38.916 | INFO     | Backtest   | [回测 4/5] 模拟第 1661/4905 笔交易: 蒙草生态...
2026-05-03 08:15:39.224 | INFO     | Backtest   | [回测 4/5] 模拟第 1671/4905 笔交易: 曙光股份...
2026-05-03 08:15:39.523 | INFO     | Backtest   | [回测 4/5] 模拟第 1681/4905 笔交易: 清新环境...
2026-05-03 08:15:39.820 | INFO     | Backtest   | [回测 4/5] 模拟第 1691/4905 笔交易: 金安国纪...
2026-05-03 08:15:40.092 | INFO     | Backtest   | [回测 4/5] 模拟第 1701/4905 笔交易: 远东股份...
2026-05-03 08:15:40.417 | INFO     | Backtest   | [回测 4/5] 模拟第 1711/4905 笔交易: 天地科技...
2026-05-03 08:15:40.719 | INFO     | Backtest   | [回测 4/5] 模拟第 1721/4905 笔交易: 汇通集团...
2026-05-03 08:15:41.009 | INFO     | Backtest   | [回测 4/5] 模拟第 1731/4905 笔交易: 英洛华...
2026-05-03 08:15:41.319 | INFO     | Backtest   | [回测 4/5] 模拟第 1741/4905 笔交易: 三诺生物...
2026-05-03 08:15:41.627 | INFO     | Backtest   | [回测 4/5] 模拟第 1751/4905 笔交易: 先锋电子...
2026-05-03 08:15:41.899 | INFO     | Backtest   | [回测 4/5] 模拟第 1761/4905 笔交易: 华星创业...
2026-05-03 08:15:42.192 | INFO     | Backtest   | [回测 4/5] 模拟第 1771/4905 笔交易: 奥翔药业...
2026-05-03 08:15:42.436 | INFO     | Backtest   | [回测 4/5] 模拟第 1781/4905 笔交易: 京新药业...
2026-05-03 08:15:42.719 | INFO     | Backtest   | [回测 4/5] 模拟第 1791/4905 笔交易: 河化股份...
2026-05-03 08:15:42.984 | INFO     | Backtest   | [回测 4/5] 模拟第 1801/4905 笔交易: 中国医药...
2026-05-03 08:15:43.335 | INFO     | Backtest   | [回测 4/5] 模拟第 1811/4905 笔交易: 天和防务...
2026-05-03 08:15:43.621 | INFO     | Backtest   | [回测 4/5] 模拟第 1821/4905 笔交易: 深深房Ａ...
2026-05-03 08:15:43.934 | INFO     | Backtest   | [回测 4/5] 模拟第 1831/4905 笔交易: 联美控股...
2026-05-03 08:15:44.242 | INFO     | Backtest   | [回测 4/5] 模拟第 1841/4905 笔交易: 维力医疗...
2026-05-03 08:15:44.533 | INFO     | Backtest   | [回测 4/5] 模拟第 1851/4905 笔交易: 宇环数控...
2026-05-03 08:15:44.870 | INFO     | Backtest   | [回测 4/5] 模拟第 1861/4905 笔交易: 贝斯特...
2026-05-03 08:15:45.172 | INFO     | Backtest   | [回测 4/5] 模拟第 1871/4905 笔交易: 沈阳机床...
2026-05-03 08:15:45.495 | INFO     | Backtest   | [回测 4/5] 模拟第 1881/4905 笔交易: 双杰电气...
2026-05-03 08:15:45.813 | INFO     | Backtest   | [回测 4/5] 模拟第 1891/4905 笔交易: 国茂股份...
2026-05-03 08:15:46.065 | INFO     | Backtest   | [回测 4/5] 模拟第 1901/4905 笔交易: 上实发展...
2026-05-03 08:15:46.338 | INFO     | Backtest   | [回测 4/5] 模拟第 1911/4905 笔交易: 嘉麟杰...
2026-05-03 08:15:46.620 | INFO     | Backtest   | [回测 4/5] 模拟第 1921/4905 笔交易: 金枫酒业...
2026-05-03 08:15:46.930 | INFO     | Backtest   | [回测 4/5] 模拟第 1931/4905 笔交易: 新宝股份...
2026-05-03 08:15:47.258 | INFO     | Backtest   | [回测 4/5] 模拟第 1941/4905 笔交易: 铜陵有色...
2026-05-03 08:15:47.548 | INFO     | Backtest   | [回测 4/5] 模拟第 1951/4905 笔交易: 齐鲁银行...
2026-05-03 08:15:47.817 | INFO     | Backtest   | [回测 4/5] 模拟第 1961/4905 笔交易: 金发科技...
2026-05-03 08:15:48.118 | INFO     | Backtest   | [回测 4/5] 模拟第 1971/4905 笔交易: 景兴纸业...
2026-05-03 08:15:48.438 | INFO     | Backtest   | [回测 4/5] 模拟第 1981/4905 笔交易: 中兰环保...
2026-05-03 08:15:48.721 | INFO     | Backtest   | [回测 4/5] 模拟第 1991/4905 笔交易: 斯瑞新材...
2026-05-03 08:15:48.998 | INFO     | Backtest   | [回测 4/5] 模拟第 2001/4905 笔交易: 华力创通...
2026-05-03 08:15:49.306 | INFO     | Backtest   | [回测 4/5] 模拟第 2011/4905 笔交易: 久日新材...
2026-05-03 08:15:49.602 | INFO     | Backtest   | [回测 4/5] 模拟第 2021/4905 笔交易: 气派科技...
2026-05-03 08:15:49.906 | INFO     | Backtest   | [回测 4/5] 模拟第 2031/4905 笔交易: 南威软件...
2026-05-03 08:15:50.172 | INFO     | Backtest   | [回测 4/5] 模拟第 2041/4905 笔交易: 确成股份...
2026-05-03 08:15:50.452 | INFO     | Backtest   | [回测 4/5] 模拟第 2051/4905 笔交易: 南京新百...
2026-05-03 08:15:50.651 | INFO     | Backtest   | [回测 4/5] 模拟第 2061/4905 笔交易: 集泰股份...
2026-05-03 08:15:50.960 | INFO     | Backtest   | [回测 4/5] 模拟第 2071/4905 笔交易: 新致软件...
2026-05-03 08:15:51.231 | INFO     | Backtest   | [回测 4/5] 模拟第 2081/4905 笔交易: 国新健康...
2026-05-03 08:15:51.501 | INFO     | Backtest   | [回测 4/5] 模拟第 2091/4905 笔交易: 亨通股份...
2026-05-03 08:15:51.788 | INFO     | Backtest   | [回测 4/5] 模拟第 2101/4905 笔交易: 绿盟科技...
2026-05-03 08:15:52.058 | INFO     | Backtest   | [回测 4/5] 模拟第 2111/4905 笔交易: 统一股份...
2026-05-03 08:15:52.333 | INFO     | Backtest   | [回测 4/5] 模拟第 2121/4905 笔交易: 慈文传媒...
2026-05-03 08:15:52.575 | INFO     | Backtest   | [回测 4/5] 模拟第 2131/4905 笔交易: 城市传媒...
2026-05-03 08:15:52.916 | INFO     | Backtest   | [回测 4/5] 模拟第 2141/4905 笔交易: 美利信...
2026-05-03 08:15:53.223 | INFO     | Backtest   | [回测 4/5] 模拟第 2151/4905 笔交易: 有友食品...
2026-05-03 08:15:53.472 | INFO     | Backtest   | [回测 4/5] 模拟第 2161/4905 笔交易: 沃顿科技...
2026-05-03 08:15:53.723 | INFO     | Backtest   | [回测 4/5] 模拟第 2171/4905 笔交易: 华域汽车...
2026-05-03 08:15:54.033 | INFO     | Backtest   | [回测 4/5] 模拟第 2181/4905 笔交易: 先导基电...
2026-05-03 08:15:54.351 | INFO     | Backtest   | [回测 4/5] 模拟第 2191/4905 笔交易: 明牌珠宝...
2026-05-03 08:15:54.585 | INFO     | Backtest   | [回测 4/5] 模拟第 2201/4905 笔交易: 廊坊发展...
2026-05-03 08:15:54.879 | INFO     | Backtest   | [回测 4/5] 模拟第 2211/4905 笔交易: 华峰化学...
2026-05-03 08:15:55.146 | INFO     | Backtest   | [回测 4/5] 模拟第 2221/4905 笔交易: 衢州东峰...
2026-05-03 08:15:55.414 | INFO     | Backtest   | [回测 4/5] 模拟第 2231/4905 笔交易: 万凯新材...
2026-05-03 08:15:55.671 | INFO     | Backtest   | [回测 4/5] 模拟第 2241/4905 笔交易: 容百科技...
2026-05-03 08:15:55.958 | INFO     | Backtest   | [回测 4/5] 模拟第 2251/4905 笔交易: 城投控股...
2026-05-03 08:15:56.223 | INFO     | Backtest   | [回测 4/5] 模拟第 2261/4905 笔交易: 中国化学...
2026-05-03 08:15:56.448 | INFO     | Backtest   | [回测 4/5] 模拟第 2271/4905 笔交易: 电科芯片...
2026-05-03 08:15:56.703 | INFO     | Backtest   | [回测 4/5] 模拟第 2281/4905 笔交易: 中京电子...
2026-05-03 08:15:56.927 | INFO     | Backtest   | [回测 4/5] 模拟第 2291/4905 笔交易: 国盛证券...
2026-05-03 08:15:57.187 | INFO     | Backtest   | [回测 4/5] 模拟第 2301/4905 笔交易: 万泽股份...
2026-05-03 08:15:57.451 | INFO     | Backtest   | [回测 4/5] 模拟第 2311/4905 笔交易: 浙农股份...
2026-05-03 08:15:57.746 | INFO     | Backtest   | [回测 4/5] 模拟第 2321/4905 笔交易: 华通线缆...
2026-05-03 08:15:57.945 | INFO     | Backtest   | [回测 4/5] 模拟第 2331/4905 笔交易: 浙富控股...
2026-05-03 08:15:58.190 | INFO     | Backtest   | [回测 4/5] 模拟第 2341/4905 笔交易: 青山纸业...
2026-05-03 08:15:58.456 | INFO     | Backtest   | [回测 4/5] 模拟第 2351/4905 笔交易: 新通联...
2026-05-03 08:15:58.725 | INFO     | Backtest   | [回测 4/5] 模拟第 2361/4905 笔交易: 安控科技...
2026-05-03 08:15:58.988 | INFO     | Backtest   | [回测 4/5] 模拟第 2371/4905 笔交易: 世纪鼎利...
2026-05-03 08:15:59.189 | INFO     | Backtest   | [回测 4/5] 模拟第 2381/4905 笔交易: 物产环能...
2026-05-03 08:15:59.444 | INFO     | Backtest   | [回测 4/5] 模拟第 2391/4905 笔交易: 能辉科技...
2026-05-03 08:15:59.659 | INFO     | Backtest   | [回测 4/5] 模拟第 2401/4905 笔交易: 雪天盐业...
2026-05-03 08:15:59.920 | INFO     | Backtest   | [回测 4/5] 模拟第 2411/4905 笔交易: 特锐德...
2026-05-03 08:16:00.185 | INFO     | Backtest   | [回测 4/5] 模拟第 2421/4905 笔交易: 特力Ａ...
2026-05-03 08:16:00.445 | INFO     | Backtest   | [回测 4/5] 模拟第 2431/4905 笔交易: 智能自控...
2026-05-03 08:16:00.754 | INFO     | Backtest   | [回测 4/5] 模拟第 2441/4905 笔交易: 众业达...
2026-05-03 08:16:01.019 | INFO     | Backtest   | [回测 4/5] 模拟第 2451/4905 笔交易: 广汽集团...
2026-05-03 08:16:01.302 | INFO     | Backtest   | [回测 4/5] 模拟第 2461/4905 笔交易: 盐湖股份...
2026-05-03 08:16:01.585 | INFO     | Backtest   | [回测 4/5] 模拟第 2471/4905 笔交易: 合锻智能...
2026-05-03 08:16:01.869 | INFO     | Backtest   | [回测 4/5] 模拟第 2481/4905 笔交易: 厦门港务...
2026-05-03 08:16:02.189 | INFO     | Backtest   | [回测 4/5] 模拟第 2491/4905 笔交易: 星辉娱乐...
2026-05-03 08:16:02.438 | INFO     | Backtest   | [回测 4/5] 模拟第 2501/4905 笔交易: 众信旅游...
2026-05-03 08:16:02.701 | INFO     | Backtest   | [回测 4/5] 模拟第 2511/4905 笔交易: 云意电气...
2026-05-03 08:16:02.940 | INFO     | Backtest   | [回测 4/5] 模拟第 2521/4905 笔交易: 中成股份...
2026-05-03 08:16:03.172 | INFO     | Backtest   | [回测 4/5] 模拟第 2531/4905 笔交易: 峰璟股份...
2026-05-03 08:16:03.436 | INFO     | Backtest   | [回测 4/5] 模拟第 2541/4905 笔交易: S佳通...
2026-05-03 08:16:03.690 | INFO     | Backtest   | [回测 4/5] 模拟第 2551/4905 笔交易: 春立医疗...
2026-05-03 08:16:03.939 | INFO     | Backtest   | [回测 4/5] 模拟第 2561/4905 笔交易: 中科通达...
2026-05-03 08:16:04.147 | INFO     | Backtest   | [回测 4/5] 模拟第 2571/4905 笔交易: 太极实业...
2026-05-03 08:16:04.413 | INFO     | Backtest   | [回测 4/5] 模拟第 2581/4905 笔交易: 华蓝集团...
2026-05-03 08:16:04.670 | INFO     | Backtest   | [回测 4/5] 模拟第 2591/4905 笔交易: 江铃汽车...
2026-05-03 08:16:04.934 | INFO     | Backtest   | [回测 4/5] 模拟第 2601/4905 笔交易: 中仑新材...
2026-05-03 08:16:05.199 | INFO     | Backtest   | [回测 4/5] 模拟第 2611/4905 笔交易: 富临精工...
2026-05-03 08:16:05.406 | INFO     | Backtest   | [回测 4/5] 模拟第 2621/4905 笔交易: 泓淋电力...
2026-05-03 08:16:05.631 | INFO     | Backtest   | [回测 4/5] 模拟第 2631/4905 笔交易: 云南铜业...
2026-05-03 08:16:05.846 | INFO     | Backtest   | [回测 4/5] 模拟第 2641/4905 笔交易: 鲁信创投...
2026-05-03 08:16:06.056 | INFO     | Backtest   | [回测 4/5] 模拟第 2651/4905 笔交易: 南山铝业...
2026-05-03 08:16:06.317 | INFO     | Backtest   | [回测 4/5] 模拟第 2661/4905 笔交易: 招商轮船...
2026-05-03 08:16:06.522 | INFO     | Backtest   | [回测 4/5] 模拟第 2671/4905 笔交易: 侨银股份...
2026-05-03 08:16:06.740 | INFO     | Backtest   | [回测 4/5] 模拟第 2681/4905 笔交易: 新锐股份...
2026-05-03 08:16:06.955 | INFO     | Backtest   | [回测 4/5] 模拟第 2691/4905 笔交易: 厚普股份...
2026-05-03 08:16:07.205 | INFO     | Backtest   | [回测 4/5] 模拟第 2701/4905 笔交易: 中国长城...
2026-05-03 08:16:07.429 | INFO     | Backtest   | [回测 4/5] 模拟第 2711/4905 笔交易: 天洋新材...
2026-05-03 08:16:07.611 | INFO     | Backtest   | [回测 4/5] 模拟第 2721/4905 笔交易: 工大高科...
2026-05-03 08:16:07.873 | INFO     | Backtest   | [回测 4/5] 模拟第 2731/4905 笔交易: 大中矿业...
2026-05-03 08:16:08.150 | INFO     | Backtest   | [回测 4/5] 模拟第 2741/4905 笔交易: 锋龙股份...
2026-05-03 08:16:08.396 | INFO     | Backtest   | [回测 4/5] 模拟第 2751/4905 笔交易: 建科智能...
2026-05-03 08:16:08.677 | INFO     | Backtest   | [回测 4/5] 模拟第 2761/4905 笔交易: 易天股份...
2026-05-03 08:16:08.945 | INFO     | Backtest   | [回测 4/5] 模拟第 2771/4905 笔交易: 华电科工...
2026-05-03 08:16:09.215 | INFO     | Backtest   | [回测 4/5] 模拟第 2781/4905 笔交易: 保立佳...
2026-05-03 08:16:09.478 | INFO     | Backtest   | [回测 4/5] 模拟第 2791/4905 笔交易: 钱江生化...
2026-05-03 08:16:09.745 | INFO     | Backtest   | [回测 4/5] 模拟第 2801/4905 笔交易: 富瑞特装...
2026-05-03 08:16:10.025 | INFO     | Backtest   | [回测 4/5] 模拟第 2811/4905 笔交易: 天虹股份...
2026-05-03 08:16:10.284 | INFO     | Backtest   | [回测 4/5] 模拟第 2821/4905 笔交易: 迪普科技...
2026-05-03 08:16:10.517 | INFO     | Backtest   | [回测 4/5] 模拟第 2831/4905 笔交易: 特力Ａ...
2026-05-03 08:16:10.735 | INFO     | Backtest   | [回测 4/5] 模拟第 2841/4905 笔交易: 中农联合...
2026-05-03 08:16:10.965 | INFO     | Backtest   | [回测 4/5] 模拟第 2851/4905 笔交易: 中信特钢...
2026-05-03 08:16:11.235 | INFO     | Backtest   | [回测 4/5] 模拟第 2861/4905 笔交易: 泰和新材...
2026-05-03 08:16:11.518 | INFO     | Backtest   | [回测 4/5] 模拟第 2871/4905 笔交易: 驰宏锌锗...
2026-05-03 08:16:11.757 | INFO     | Backtest   | [回测 4/5] 模拟第 2881/4905 笔交易: 科陆电子...
2026-05-03 08:16:11.967 | INFO     | Backtest   | [回测 4/5] 模拟第 2891/4905 笔交易: 中国卫通...
2026-05-03 08:16:12.175 | INFO     | Backtest   | [回测 4/5] 模拟第 2901/4905 笔交易: 欣锐科技...
2026-05-03 08:16:12.406 | INFO     | Backtest   | [回测 4/5] 模拟第 2911/4905 笔交易: 安泰科技...
2026-05-03 08:16:12.637 | INFO     | Backtest   | [回测 4/5] 模拟第 2921/4905 笔交易: 宏源药业...
2026-05-03 08:16:12.846 | INFO     | Backtest   | [回测 4/5] 模拟第 2931/4905 笔交易: 海南发展...
2026-05-03 08:16:13.100 | INFO     | Backtest   | [回测 4/5] 模拟第 2941/4905 笔交易: 西高院...
2026-05-03 08:16:13.340 | INFO     | Backtest   | [回测 4/5] 模拟第 2951/4905 笔交易: 雅本化学...
2026-05-03 08:16:13.607 | INFO     | Backtest   | [回测 4/5] 模拟第 2961/4905 笔交易: 完美世界...
2026-05-03 08:16:13.847 | INFO     | Backtest   | [回测 4/5] 模拟第 2971/4905 笔交易: 远望谷...
2026-05-03 08:16:14.102 | INFO     | Backtest   | [回测 4/5] 模拟第 2981/4905 笔交易: 恒华科技...
2026-05-03 08:16:14.393 | INFO     | Backtest   | [回测 4/5] 模拟第 2991/4905 笔交易: 惠天热电...
2026-05-03 08:16:14.589 | INFO     | Backtest   | [回测 4/5] 模拟第 3001/4905 笔交易: 健麾信息...
2026-05-03 08:16:14.875 | INFO     | Backtest   | [回测 4/5] 模拟第 3011/4905 笔交易: 茂硕电源...
2026-05-03 08:16:15.162 | INFO     | Backtest   | [回测 4/5] 模拟第 3021/4905 笔交易: 九洲集团...
2026-05-03 08:16:15.392 | INFO     | Backtest   | [回测 4/5] 模拟第 3031/4905 笔交易: 九鼎投资...
2026-05-03 08:16:15.637 | INFO     | Backtest   | [回测 4/5] 模拟第 3041/4905 笔交易: 亚威股份...
2026-05-03 08:16:15.852 | INFO     | Backtest   | [回测 4/5] 模拟第 3051/4905 笔交易: 长江证券...
2026-05-03 08:16:16.084 | INFO     | Backtest   | [回测 4/5] 模拟第 3061/4905 笔交易: 中国电建...
2026-05-03 08:16:16.324 | INFO     | Backtest   | [回测 4/5] 模拟第 3071/4905 笔交易: 美畅股份...
2026-05-03 08:16:16.537 | INFO     | Backtest   | [回测 4/5] 模拟第 3081/4905 笔交易: 会稽山...
2026-05-03 08:16:16.775 | INFO     | Backtest   | [回测 4/5] 模拟第 3091/4905 笔交易: 海信视像...
2026-05-03 08:16:17.034 | INFO     | Backtest   | [回测 4/5] 模拟第 3101/4905 笔交易: 诺唯赞...
2026-05-03 08:16:17.236 | INFO     | Backtest   | [回测 4/5] 模拟第 3111/4905 笔交易: 冠城新材...
2026-05-03 08:16:17.438 | INFO     | Backtest   | [回测 4/5] 模拟第 3121/4905 笔交易: 光云科技...
2026-05-03 08:16:17.629 | INFO     | Backtest   | [回测 4/5] 模拟第 3131/4905 笔交易: 宁波建工...
2026-05-03 08:16:17.824 | INFO     | Backtest   | [回测 4/5] 模拟第 3141/4905 笔交易: 中电环保...
2026-05-03 08:16:18.025 | INFO     | Backtest   | [回测 4/5] 模拟第 3151/4905 笔交易: 永艺股份...
2026-05-03 08:16:18.225 | INFO     | Backtest   | [回测 4/5] 模拟第 3161/4905 笔交易: 德创环保...
2026-05-03 08:16:18.421 | INFO     | Backtest   | [回测 4/5] 模拟第 3171/4905 笔交易: 光莆股份...
2026-05-03 08:16:18.644 | INFO     | Backtest   | [回测 4/5] 模拟第 3181/4905 笔交易: 锡业股份...
2026-05-03 08:16:18.865 | INFO     | Backtest   | [回测 4/5] 模拟第 3191/4905 笔交易: 浙数文化...
2026-05-03 08:16:19.120 | INFO     | Backtest   | [回测 4/5] 模拟第 3201/4905 笔交易: 太龙药业...
2026-05-03 08:16:19.345 | INFO     | Backtest   | [回测 4/5] 模拟第 3211/4905 笔交易: 天铁科技...
2026-05-03 08:16:19.591 | INFO     | Backtest   | [回测 4/5] 模拟第 3221/4905 笔交易: 集泰股份...
2026-05-03 08:16:19.793 | INFO     | Backtest   | [回测 4/5] 模拟第 3231/4905 笔交易: 航天信息...
2026-05-03 08:16:20.006 | INFO     | Backtest   | [回测 4/5] 模拟第 3241/4905 笔交易: 合百集团...
2026-05-03 08:16:20.197 | INFO     | Backtest   | [回测 4/5] 模拟第 3251/4905 笔交易: 安妮股份...
2026-05-03 08:16:20.396 | INFO     | Backtest   | [回测 4/5] 模拟第 3261/4905 笔交易: 省广集团...
2026-05-03 08:16:20.600 | INFO     | Backtest   | [回测 4/5] 模拟第 3271/4905 笔交易: 福安药业...
2026-05-03 08:16:20.795 | INFO     | Backtest   | [回测 4/5] 模拟第 3281/4905 笔交易: 航天软件...
2026-05-03 08:16:20.975 | INFO     | Backtest   | [回测 4/5] 模拟第 3291/4905 笔交易: 阳光乳业...
2026-05-03 08:16:21.184 | INFO     | Backtest   | [回测 4/5] 模拟第 3301/4905 笔交易: 比依股份...
2026-05-03 08:16:21.424 | INFO     | Backtest   | [回测 4/5] 模拟第 3311/4905 笔交易: 雪迪龙...
2026-05-03 08:16:21.636 | INFO     | Backtest   | [回测 4/5] 模拟第 3321/4905 笔交易: 新疆交建...
2026-05-03 08:16:21.834 | INFO     | Backtest   | [回测 4/5] 模拟第 3331/4905 笔交易: 领益智造...
2026-05-03 08:16:22.071 | INFO     | Backtest   | [回测 4/5] 模拟第 3341/4905 笔交易: 上海九百...
2026-05-03 08:16:22.293 | INFO     | Backtest   | [回测 4/5] 模拟第 3351/4905 笔交易: 永新股份...
2026-05-03 08:16:22.526 | INFO     | Backtest   | [回测 4/5] 模拟第 3361/4905 笔交易: 威星智能...
2026-05-03 08:16:22.769 | INFO     | Backtest   | [回测 4/5] 模拟第 3371/4905 笔交易: 三角轮胎...
2026-05-03 08:16:23.017 | INFO     | Backtest   | [回测 4/5] 模拟第 3381/4905 笔交易: 中威电子...
2026-05-03 08:16:23.261 | INFO     | Backtest   | [回测 4/5] 模拟第 3391/4905 笔交易: 万里扬...
2026-05-03 08:16:23.482 | INFO     | Backtest   | [回测 4/5] 模拟第 3401/4905 笔交易: 中国一重...
2026-05-03 08:16:23.697 | INFO     | Backtest   | [回测 4/5] 模拟第 3411/4905 笔交易: 光力科技...
2026-05-03 08:16:23.900 | INFO     | Backtest   | [回测 4/5] 模拟第 3421/4905 笔交易: 颀中科技...
2026-05-03 08:16:24.128 | INFO     | Backtest   | [回测 4/5] 模拟第 3431/4905 笔交易: 耀皮玻璃...
2026-05-03 08:16:24.324 | INFO     | Backtest   | [回测 4/5] 模拟第 3441/4905 笔交易: 泓淋电力...
2026-05-03 08:16:24.499 | INFO     | Backtest   | [回测 4/5] 模拟第 3451/4905 笔交易: 和顺电气...
2026-05-03 08:16:24.687 | INFO     | Backtest   | [回测 4/5] 模拟第 3461/4905 笔交易: 银邦股份...
2026-05-03 08:16:24.867 | INFO     | Backtest   | [回测 4/5] 模拟第 3471/4905 笔交易: 上海银行...
2026-05-03 08:16:25.096 | INFO     | Backtest   | [回测 4/5] 模拟第 3481/4905 笔交易: 美能能源...
2026-05-03 08:16:25.299 | INFO     | Backtest   | [回测 4/5] 模拟第 3491/4905 笔交易: 雄塑科技...
2026-05-03 08:16:25.515 | INFO     | Backtest   | [回测 4/5] 模拟第 3501/4905 笔交易: 天下秀...
2026-05-03 08:16:25.737 | INFO     | Backtest   | [回测 4/5] 模拟第 3511/4905 笔交易: 锦江酒店...
2026-05-03 08:16:25.904 | INFO     | Backtest   | [回测 4/5] 模拟第 3521/4905 笔交易: 前沿生物-U...
2026-05-03 08:16:26.092 | INFO     | Backtest   | [回测 4/5] 模拟第 3531/4905 笔交易: 艾隆科技...
2026-05-03 08:16:26.272 | INFO     | Backtest   | [回测 4/5] 模拟第 3541/4905 笔交易: 阳普医疗...
2026-05-03 08:16:26.482 | INFO     | Backtest   | [回测 4/5] 模拟第 3551/4905 笔交易: 豪江智能...
2026-05-03 08:16:26.731 | INFO     | Backtest   | [回测 4/5] 模拟第 3561/4905 笔交易: 广发证券...
2026-05-03 08:16:26.948 | INFO     | Backtest   | [回测 4/5] 模拟第 3571/4905 笔交易: 奥赛康...
2026-05-03 08:16:27.148 | INFO     | Backtest   | [回测 4/5] 模拟第 3581/4905 笔交易: 利德曼...
2026-05-03 08:16:27.401 | INFO     | Backtest   | [回测 4/5] 模拟第 3591/4905 笔交易: 城发环境...
2026-05-03 08:16:27.636 | INFO     | Backtest   | [回测 4/5] 模拟第 3601/4905 笔交易: 东方生物...
2026-05-03 08:16:27.859 | INFO     | Backtest   | [回测 4/5] 模拟第 3611/4905 笔交易: 美康生物...
2026-05-03 08:16:28.122 | INFO     | Backtest   | [回测 4/5] 模拟第 3621/4905 笔交易: 新天药业...
2026-05-03 08:16:28.333 | INFO     | Backtest   | [回测 4/5] 模拟第 3631/4905 笔交易: 神州高铁...
2026-05-03 08:16:28.570 | INFO     | Backtest   | [回测 4/5] 模拟第 3641/4905 笔交易: 千里科技...
2026-05-03 08:16:28.797 | INFO     | Backtest   | [回测 4/5] 模拟第 3651/4905 笔交易: 天瑞仪器...
2026-05-03 08:16:29.016 | INFO     | Backtest   | [回测 4/5] 模拟第 3661/4905 笔交易: 利尔化学...
2026-05-03 08:16:29.235 | INFO     | Backtest   | [回测 4/5] 模拟第 3671/4905 笔交易: 红宝丽...
2026-05-03 08:16:29.509 | INFO     | Backtest   | [回测 4/5] 模拟第 3681/4905 笔交易: 晶瑞电材...
2026-05-03 08:16:29.711 | INFO     | Backtest   | [回测 4/5] 模拟第 3691/4905 笔交易: 山西证券...
2026-05-03 08:16:29.954 | INFO     | Backtest   | [回测 4/5] 模拟第 3701/4905 笔交易: 东风科技...
2026-05-03 08:16:30.181 | INFO     | Backtest   | [回测 4/5] 模拟第 3711/4905 笔交易: 腾达科技...
2026-05-03 08:16:30.401 | INFO     | Backtest   | [回测 4/5] 模拟第 3721/4905 笔交易: 华光环能...
2026-05-03 08:16:30.573 | INFO     | Backtest   | [回测 4/5] 模拟第 3731/4905 笔交易: 康盛股份...
2026-05-03 08:16:30.805 | INFO     | Backtest   | [回测 4/5] 模拟第 3741/4905 笔交易: 中瑞股份...
2026-05-03 08:16:31.015 | INFO     | Backtest   | [回测 4/5] 模拟第 3751/4905 笔交易: 泰豪科技...
2026-05-03 08:16:31.208 | INFO     | Backtest   | [回测 4/5] 模拟第 3761/4905 笔交易: 翔港科技...
2026-05-03 08:16:31.424 | INFO     | Backtest   | [回测 4/5] 模拟第 3771/4905 笔交易: 厚普股份...
2026-05-03 08:16:31.656 | INFO     | Backtest   | [回测 4/5] 模拟第 3781/4905 笔交易: 富煌钢构...
2026-05-03 08:16:31.871 | INFO     | Backtest   | [回测 4/5] 模拟第 3791/4905 笔交易: 汇金通...
2026-05-03 08:16:32.100 | INFO     | Backtest   | [回测 4/5] 模拟第 3801/4905 笔交易: 捷安高科...
2026-05-03 08:16:32.351 | INFO     | Backtest   | [回测 4/5] 模拟第 3811/4905 笔交易: 建研院...
2026-05-03 08:16:32.583 | INFO     | Backtest   | [回测 4/5] 模拟第 3821/4905 笔交易: 时代万恒...
2026-05-03 08:16:32.830 | INFO     | Backtest   | [回测 4/5] 模拟第 3831/4905 笔交易: 森泰股份...
2026-05-03 08:16:33.030 | INFO     | Backtest   | [回测 4/5] 模拟第 3841/4905 笔交易: 富祥药业...
2026-05-03 08:16:33.221 | INFO     | Backtest   | [回测 4/5] 模拟第 3851/4905 笔交易: 华谊兄弟...
2026-05-03 08:16:33.433 | INFO     | Backtest   | [回测 4/5] 模拟第 3861/4905 笔交易: 东华能源...
2026-05-03 08:16:33.660 | INFO     | Backtest   | [回测 4/5] 模拟第 3871/4905 笔交易: 森赫股份...
2026-05-03 08:16:33.848 | INFO     | Backtest   | [回测 4/5] 模拟第 3881/4905 笔交易: 飞天诚信...
2026-05-03 08:16:34.064 | INFO     | Backtest   | [回测 4/5] 模拟第 3891/4905 笔交易: 洛阳钼业...
2026-05-03 08:16:34.252 | INFO     | Backtest   | [回测 4/5] 模拟第 3901/4905 笔交易: 博源化工...
2026-05-03 08:16:34.428 | INFO     | Backtest   | [回测 4/5] 模拟第 3911/4905 笔交易: 双象股份...
2026-05-03 08:16:34.657 | INFO     | Backtest   | [回测 4/5] 模拟第 3921/4905 笔交易: 深南电A...
2026-05-03 08:16:34.879 | INFO     | Backtest   | [回测 4/5] 模拟第 3931/4905 笔交易: 京源环保...
2026-05-03 08:16:35.123 | INFO     | Backtest   | [回测 4/5] 模拟第 3941/4905 笔交易: 福然德...
2026-05-03 08:16:35.350 | INFO     | Backtest   | [回测 4/5] 模拟第 3951/4905 笔交易: 同和药业...
2026-05-03 08:16:35.599 | INFO     | Backtest   | [回测 4/5] 模拟第 3961/4905 笔交易: 一拖股份...
2026-05-03 08:16:35.817 | INFO     | Backtest   | [回测 4/5] 模拟第 3971/4905 笔交易: 宁波精达...
2026-05-03 08:16:35.991 | INFO     | Backtest   | [回测 4/5] 模拟第 3981/4905 笔交易: 西藏城投...
2026-05-03 08:16:36.181 | INFO     | Backtest   | [回测 4/5] 模拟第 3991/4905 笔交易: 西藏珠峰...
2026-05-03 08:16:36.352 | INFO     | Backtest   | [回测 4/5] 模拟第 4001/4905 笔交易: 天合光能...
2026-05-03 08:16:36.527 | INFO     | Backtest   | [回测 4/5] 模拟第 4011/4905 笔交易: 九州通...
2026-05-03 08:16:36.688 | INFO     | Backtest   | [回测 4/5] 模拟第 4021/4905 笔交易: 芯能科技...
2026-05-03 08:16:36.884 | INFO     | Backtest   | [回测 4/5] 模拟第 4031/4905 笔交易: 中信金属...
2026-05-03 08:16:37.055 | INFO     | Backtest   | [回测 4/5] 模拟第 4041/4905 笔交易: 汤姆猫...
2026-05-03 08:16:37.172 | INFO     | Backtest   | [回测 4/5] 模拟第 4051/4905 笔交易: 亚虹医药-U...
2026-05-03 08:16:37.334 | INFO     | Backtest   | [回测 4/5] 模拟第 4061/4905 笔交易: XD宝丰能...
2026-05-03 08:16:37.485 | INFO     | Backtest   | [回测 4/5] 模拟第 4071/4905 笔交易: 嘉化能源...
2026-05-03 08:16:37.629 | INFO     | Backtest   | [回测 4/5] 模拟第 4081/4905 笔交易: 黄山旅游...
2026-05-03 08:16:37.835 | INFO     | Backtest   | [回测 4/5] 模拟第 4091/4905 笔交易: 晋亿实业...
2026-05-03 08:16:38.028 | INFO     | Backtest   | [回测 4/5] 模拟第 4101/4905 笔交易: 哈空调...
2026-05-03 08:16:38.252 | INFO     | Backtest   | [回测 4/5] 模拟第 4111/4905 笔交易: 浙江医药...
2026-05-03 08:16:38.465 | INFO     | Backtest   | [回测 4/5] 模拟第 4121/4905 笔交易: 公元股份...
2026-05-03 08:16:38.736 | INFO     | Backtest   | [回测 4/5] 模拟第 4131/4905 笔交易: 捷顺科技...
2026-05-03 08:16:38.963 | INFO     | Backtest   | [回测 4/5] 模拟第 4141/4905 笔交易: 国网英大...
2026-05-03 08:16:39.145 | INFO     | Backtest   | [回测 4/5] 模拟第 4151/4905 笔交易: 晶澳科技...
2026-05-03 08:16:39.362 | INFO     | Backtest   | [回测 4/5] 模拟第 4161/4905 笔交易: 保龄宝...
2026-05-03 08:16:39.556 | INFO     | Backtest   | [回测 4/5] 模拟第 4171/4905 笔交易: 安彩高科...
2026-05-03 08:16:39.793 | INFO     | Backtest   | [回测 4/5] 模拟第 4181/4905 笔交易: 瑞茂通...
2026-05-03 08:16:39.967 | INFO     | Backtest   | [回测 4/5] 模拟第 4191/4905 笔交易: 厦门港务...
2026-05-03 08:16:40.144 | INFO     | Backtest   | [回测 4/5] 模拟第 4201/4905 笔交易: 金瑞矿业...
2026-05-03 08:16:40.340 | INFO     | Backtest   | [回测 4/5] 模拟第 4211/4905 笔交易: 兔宝宝...
2026-05-03 08:16:40.499 | INFO     | Backtest   | [回测 4/5] 模拟第 4221/4905 笔交易: 掌阅科技...
2026-05-03 08:16:40.710 | INFO     | Backtest   | [回测 4/5] 模拟第 4231/4905 笔交易: 辉隆股份...
2026-05-03 08:16:40.934 | INFO     | Backtest   | [回测 4/5] 模拟第 4241/4905 笔交易: 太龙股份...
2026-05-03 08:16:41.108 | INFO     | Backtest   | [回测 4/5] 模拟第 4251/4905 笔交易: 先进数通...
2026-05-03 08:16:41.311 | INFO     | Backtest   | [回测 4/5] 模拟第 4261/4905 笔交易: 长阳科技...
2026-05-03 08:16:41.512 | INFO     | Backtest   | [回测 4/5] 模拟第 4271/4905 笔交易: 宏源药业...
2026-05-03 08:16:41.686 | INFO     | Backtest   | [回测 4/5] 模拟第 4281/4905 笔交易: 彩虹股份...
2026-05-03 08:16:41.851 | INFO     | Backtest   | [回测 4/5] 模拟第 4291/4905 笔交易: 孚日股份...
2026-05-03 08:16:42.037 | INFO     | Backtest   | [回测 4/5] 模拟第 4301/4905 笔交易: 新劲刚...
2026-05-03 08:16:42.163 | INFO     | Backtest   | [回测 4/5] 模拟第 4311/4905 笔交易: 圣农发展...
2026-05-03 08:16:42.294 | INFO     | Backtest   | [回测 4/5] 模拟第 4321/4905 笔交易: 华创云信...
2026-05-03 08:16:42.443 | INFO     | Backtest   | [回测 4/5] 模拟第 4331/4905 笔交易: 新凤鸣...
2026-05-03 08:16:42.628 | INFO     | Backtest   | [回测 4/5] 模拟第 4341/4905 笔交易: 亚星化学...
2026-05-03 08:16:42.774 | INFO     | Backtest   | [回测 4/5] 模拟第 4351/4905 笔交易: 赞宇科技...
2026-05-03 08:16:42.941 | INFO     | Backtest   | [回测 4/5] 模拟第 4361/4905 笔交易: 海天精工...
2026-05-03 08:16:43.188 | INFO     | Backtest   | [回测 4/5] 模拟第 4371/4905 笔交易: 航锦科技...
2026-05-03 08:16:43.353 | INFO     | Backtest   | [回测 4/5] 模拟第 4381/4905 笔交易: 精进电动-UW...
2026-05-03 08:16:43.513 | INFO     | Backtest   | [回测 4/5] 模拟第 4391/4905 笔交易: 昌红科技...
2026-05-03 08:16:43.716 | INFO     | Backtest   | [回测 4/5] 模拟第 4401/4905 笔交易: 大西洋...
2026-05-03 08:16:43.915 | INFO     | Backtest   | [回测 4/5] 模拟第 4411/4905 笔交易: 山东玻纤...
2026-05-03 08:16:44.074 | INFO     | Backtest   | [回测 4/5] 模拟第 4421/4905 笔交易: 双星新材...
2026-05-03 08:16:44.254 | INFO     | Backtest   | [回测 4/5] 模拟第 4431/4905 笔交易: 三友化工...
2026-05-03 08:16:44.433 | INFO     | Backtest   | [回测 4/5] 模拟第 4441/4905 笔交易: 钛能化学...
2026-05-03 08:16:44.616 | INFO     | Backtest   | [回测 4/5] 模拟第 4451/4905 笔交易: 鲁北化工...
2026-05-03 08:16:44.765 | INFO     | Backtest   | [回测 4/5] 模拟第 4461/4905 笔交易: 青松股份...
2026-05-03 08:16:44.881 | INFO     | Backtest   | [回测 4/5] 模拟第 4471/4905 笔交易: 皇氏集团...
2026-05-03 08:16:45.042 | INFO     | Backtest   | [回测 4/5] 模拟第 4481/4905 笔交易: 时代万恒...
2026-05-03 08:16:45.202 | INFO     | Backtest   | [回测 4/5] 模拟第 4491/4905 笔交易: 大连热电...
2026-05-03 08:16:45.384 | INFO     | Backtest   | [回测 4/5] 模拟第 4501/4905 笔交易: 中远通...
2026-05-03 08:16:45.586 | INFO     | Backtest   | [回测 4/5] 模拟第 4511/4905 笔交易: 狮头股份...
2026-05-03 08:16:45.747 | INFO     | Backtest   | [回测 4/5] 模拟第 4521/4905 笔交易: 振东制药...
2026-05-03 08:16:45.923 | INFO     | Backtest   | [回测 4/5] 模拟第 4531/4905 笔交易: 开尔新材...
2026-05-03 08:16:46.160 | INFO     | Backtest   | [回测 4/5] 模拟第 4541/4905 笔交易: XD高能环...
2026-05-03 08:16:46.366 | INFO     | Backtest   | [回测 4/5] 模拟第 4551/4905 笔交易: 我武生物...
2026-05-03 08:16:46.562 | INFO     | Backtest   | [回测 4/5] 模拟第 4561/4905 笔交易: 上海家化...
2026-05-03 08:16:46.709 | INFO     | Backtest   | [回测 4/5] 模拟第 4571/4905 笔交易: 鹏鹞环保...
2026-05-03 08:16:46.869 | INFO     | Backtest   | [回测 4/5] 模拟第 4581/4905 笔交易: 莲花控股...
2026-05-03 08:16:47.037 | INFO     | Backtest   | [回测 4/5] 模拟第 4591/4905 笔交易: 凯美特气...
2026-05-03 08:16:47.225 | INFO     | Backtest   | [回测 4/5] 模拟第 4601/4905 笔交易: 创维数字...
2026-05-03 08:16:47.420 | INFO     | Backtest   | [回测 4/5] 模拟第 4611/4905 笔交易: 恒盛能源...
2026-05-03 08:16:47.615 | INFO     | Backtest   | [回测 4/5] 模拟第 4621/4905 笔交易: 智光电气...
2026-05-03 08:16:47.833 | INFO     | Backtest   | [回测 4/5] 模拟第 4631/4905 笔交易: 康斯特...
2026-05-03 08:16:48.045 | INFO     | Backtest   | [回测 4/5] 模拟第 4641/4905 笔交易: 幸福蓝海...
2026-05-03 08:16:48.241 | INFO     | Backtest   | [回测 4/5] 模拟第 4651/4905 笔交易: 福达股份...
2026-05-03 08:16:48.458 | INFO     | Backtest   | [回测 4/5] 模拟第 4661/4905 笔交易: 聚光科技...
2026-05-03 08:16:48.694 | INFO     | Backtest   | [回测 4/5] 模拟第 4671/4905 笔交易: 瑞泰新材...
2026-05-03 08:16:48.916 | INFO     | Backtest   | [回测 4/5] 模拟第 4681/4905 笔交易: 华源控股...
2026-05-03 08:16:49.118 | INFO     | Backtest   | [回测 4/5] 模拟第 4691/4905 笔交易: 飞力达...
2026-05-03 08:16:49.339 | INFO     | Backtest   | [回测 4/5] 模拟第 4701/4905 笔交易: 嘉应制药...
2026-05-03 08:16:49.551 | INFO     | Backtest   | [回测 4/5] 模拟第 4711/4905 笔交易: 德艺文创...
2026-05-03 08:16:49.744 | INFO     | Backtest   | [回测 4/5] 模拟第 4721/4905 笔交易: 海联金汇...
2026-05-03 08:16:49.971 | INFO     | Backtest   | [回测 4/5] 模拟第 4731/4905 笔交易: 宏达高科...
2026-05-03 08:16:50.175 | INFO     | Backtest   | [回测 4/5] 模拟第 4741/4905 笔交易: 吉林敖东...
2026-05-03 08:16:50.352 | INFO     | Backtest   | [回测 4/5] 模拟第 4751/4905 笔交易: 迈赫股份...
2026-05-03 08:16:50.559 | INFO     | Backtest   | [回测 4/5] 模拟第 4761/4905 笔交易: 湘佳股份...
2026-05-03 08:16:50.766 | INFO     | Backtest   | [回测 4/5] 模拟第 4771/4905 笔交易: 水星家纺...
2026-05-03 08:16:50.975 | INFO     | Backtest   | [回测 4/5] 模拟第 4781/4905 笔交易: 佳力图...
2026-05-03 08:16:51.145 | INFO     | Backtest   | [回测 4/5] 模拟第 4791/4905 笔交易: 金钼股份...
2026-05-03 08:16:51.320 | INFO     | Backtest   | [回测 4/5] 模拟第 4801/4905 笔交易: 光莆股份...
2026-05-03 08:16:51.444 | INFO     | Backtest   | [回测 4/5] 模拟第 4811/4905 笔交易: 平高电气...
2026-05-03 08:16:51.578 | INFO     | Backtest   | [回测 4/5] 模拟第 4821/4905 笔交易: 金信诺...
2026-05-03 08:16:51.740 | INFO     | Backtest   | [回测 4/5] 模拟第 4831/4905 笔交易: 元祖股份...
2026-05-03 08:16:51.902 | INFO     | Backtest   | [回测 4/5] 模拟第 4841/4905 笔交易: 三鑫医疗...
2026-05-03 08:16:52.101 | INFO     | Backtest   | [回测 4/5] 模拟第 4851/4905 笔交易: 湖北宜化...
2026-05-03 08:16:52.195 | INFO     | Backtest   | [回测 4/5] 模拟第 4861/4905 笔交易: 蔚蓝锂芯...
2026-05-03 08:16:52.352 | INFO     | Backtest   | [回测 4/5] 模拟第 4871/4905 笔交易: 初灵信息...
2026-05-03 08:16:52.466 | INFO     | Backtest   | [回测 4/5] 模拟第 4881/4905 笔交易: 麦捷科技...
2026-05-03 08:16:52.589 | INFO     | Backtest   | [回测 4/5] 模拟第 4891/4905 笔交易: 芯联集成-U...
2026-05-03 08:16:52.750 | INFO     | Backtest   | [回测 4/5] 模拟第 4901/4905 笔交易: 广哈通信...
2026-05-03 08:16:52.841 | INFO     | Backtest   | [回测 5/5] 回测任务完成: 1146笔(含0笔平手离场)
2026-05-03 08:16:53.718 | INFO     | Backtest   | [回测 1/5] 筛选回测目标股票...
2026-05-03 08:16:53.735 | INFO     | Backtest   | [回测 2/5] 加载 5010 只股票的历史数据进行快速扫描...
2026-05-03 08:17:07.406 | INFO     | Backtest   | [回测 3/5] 计算策略信号 (基于日线信号库)...
2026-05-03 08:17:07.413 | INFO     | Screener   | 🧬 [Loader] 识别到类继承策略: MA5AngleOriginalStrategy
2026-05-03 08:17:14.876 | INFO     | Backtest   | [回测 4/5] 处理 4905 条信号，执行精细分钟线仿真...
2026-05-03 08:17:14.881 | INFO     | Backtest   | [回测 4/5] 模拟第 1/4905 笔交易: 升达林业...
2026-05-03 08:17:15.213 | INFO     | Backtest   | [回测 4/5] 模拟第 11/4905 笔交易: 万丰股份...
2026-05-03 08:17:15.583 | INFO     | Backtest   | [回测 4/5] 模拟第 21/4905 笔交易: 恒誉环保...
2026-05-03 08:17:15.973 | INFO     | Backtest   | [回测 4/5] 模拟第 31/4905 笔交易: 锦鸡股份...
2026-05-03 08:17:16.407 | INFO     | Backtest   | [回测 4/5] 模拟第 41/4905 笔交易: 君正集团...
2026-05-03 08:17:16.826 | INFO     | Backtest   | [回测 4/5] 模拟第 51/4905 笔交易: 海洋王...
2026-05-03 08:17:17.223 | INFO     | Backtest   | [回测 4/5] 模拟第 61/4905 笔交易: 三雄极光...
2026-05-03 08:17:17.615 | INFO     | Backtest   | [回测 4/5] 模拟第 71/4905 笔交易: 世名科技...
2026-05-03 08:17:17.979 | INFO     | Backtest   | [回测 4/5] 模拟第 81/4905 笔交易: 朝阳科技...
2026-05-03 08:17:18.364 | INFO     | Backtest   | [回测 4/5] 模拟第 91/4905 笔交易: 飞荣达...
2026-05-03 08:17:18.760 | INFO     | Backtest   | [回测 4/5] 模拟第 101/4905 笔交易: 春兴精工...
2026-05-03 08:17:19.176 | INFO     | Backtest   | [回测 4/5] 模拟第 111/4905 笔交易: 苏州科达...
2026-05-03 08:17:19.625 | INFO     | Backtest   | [回测 4/5] 模拟第 121/4905 笔交易: 海默科技...
2026-05-03 08:17:20.051 | INFO     | Backtest   | [回测 4/5] 模拟第 131/4905 笔交易: 立昂技术...
2026-05-03 08:17:20.444 | INFO     | Backtest   | [回测 4/5] 模拟第 141/4905 笔交易: 多伦科技...
2026-05-03 08:17:20.870 | INFO     | Backtest   | [回测 4/5] 模拟第 151/4905 笔交易: 易瑞生物...
2026-05-03 08:17:21.259 | INFO     | Backtest   | [回测 4/5] 模拟第 161/4905 笔交易: 宇环数控...
2026-05-03 08:17:21.684 | INFO     | Backtest   | [回测 4/5] 模拟第 171/4905 笔交易: 格尔软件...
2026-05-03 08:17:22.071 | INFO     | Backtest   | [回测 4/5] 模拟第 181/4905 笔交易: 神州信息...
2026-05-03 08:17:22.484 | INFO     | Backtest   | [回测 4/5] 模拟第 191/4905 笔交易: 鸿特科技...
2026-05-03 08:17:22.885 | INFO     | Backtest   | [回测 4/5] 模拟第 201/4905 笔交易: 东方智造...
2026-05-03 08:17:23.336 | INFO     | Backtest   | [回测 4/5] 模拟第 211/4905 笔交易: 粤桂股份...
2026-05-03 08:17:23.769 | INFO     | Backtest   | [回测 4/5] 模拟第 221/4905 笔交易: 松霖科技...
2026-05-03 08:17:24.194 | INFO     | Backtest   | [回测 4/5] 模拟第 231/4905 笔交易: 久其软件...
2026-05-03 08:17:24.638 | INFO     | Backtest   | [回测 4/5] 模拟第 241/4905 笔交易: 锦龙股份...
2026-05-03 08:17:25.056 | INFO     | Backtest   | [回测 4/5] 模拟第 251/4905 笔交易: 菲沃泰...
2026-05-03 08:17:25.495 | INFO     | Backtest   | [回测 4/5] 模拟第 261/4905 笔交易: 山高环能...
2026-05-03 08:17:25.937 | INFO     | Backtest   | [回测 4/5] 模拟第 271/4905 笔交易: 四创电子...
2026-05-03 08:17:26.335 | INFO     | Backtest   | [回测 4/5] 模拟第 281/4905 笔交易: 广电运通...
2026-05-03 08:17:26.771 | INFO     | Backtest   | [回测 4/5] 模拟第 291/4905 笔交易: 中科江南...
2026-05-03 08:17:27.215 | INFO     | Backtest   | [回测 4/5] 模拟第 301/4905 笔交易: 钛能化学...
2026-05-03 08:17:27.637 | INFO     | Backtest   | [回测 4/5] 模拟第 311/4905 笔交易: 华鼎股份...
2026-05-03 08:17:28.086 | INFO     | Backtest   | [回测 4/5] 模拟第 321/4905 笔交易: 钱江生化...
2026-05-03 08:17:28.532 | INFO     | Backtest   | [回测 4/5] 模拟第 331/4905 笔交易: 德冠新材...
2026-05-03 08:17:28.956 | INFO     | Backtest   | [回测 4/5] 模拟第 341/4905 笔交易: 罗平锌电...
2026-05-03 08:17:29.362 | INFO     | Backtest   | [回测 4/5] 模拟第 351/4905 笔交易: 金智科技...
2026-05-03 08:17:29.743 | INFO     | Backtest   | [回测 4/5] 模拟第 361/4905 笔交易: 宏盛华源...
2026-05-03 08:17:30.171 | INFO     | Backtest   | [回测 4/5] 模拟第 371/4905 笔交易: 东软集团...
2026-05-03 08:17:30.585 | INFO     | Backtest   | [回测 4/5] 模拟第 381/4905 笔交易: 泰和科技...
2026-05-03 08:17:30.980 | INFO     | Backtest   | [回测 4/5] 模拟第 391/4905 笔交易: 海德股份...
2026-05-03 08:17:31.375 | INFO     | Backtest   | [回测 4/5] 模拟第 401/4905 笔交易: 中关村...
2026-05-03 08:17:31.801 | INFO     | Backtest   | [回测 4/5] 模拟第 411/4905 笔交易: 彩蝶实业...
2026-05-03 08:17:32.214 | INFO     | Backtest   | [回测 4/5] 模拟第 421/4905 笔交易: 汇金通...
2026-05-03 08:17:32.643 | INFO     | Backtest   | [回测 4/5] 模拟第 431/4905 笔交易: 西部矿业...
2026-05-03 08:17:33.065 | INFO     | Backtest   | [回测 4/5] 模拟第 441/4905 笔交易: 游族网络...
2026-05-03 08:17:33.462 | INFO     | Backtest   | [回测 4/5] 模拟第 451/4905 笔交易: 保龄宝...
2026-05-03 08:17:33.825 | INFO     | Backtest   | [回测 4/5] 模拟第 461/4905 笔交易: 麦克奥迪...
2026-05-03 08:17:34.189 | INFO     | Backtest   | [回测 4/5] 模拟第 471/4905 笔交易: 博汇纸业...
2026-05-03 08:17:34.600 | INFO     | Backtest   | [回测 4/5] 模拟第 481/4905 笔交易: 得利斯...
2026-05-03 08:17:35.021 | INFO     | Backtest   | [回测 4/5] 模拟第 491/4905 笔交易: 宁波富达...
2026-05-03 08:17:35.439 | INFO     | Backtest   | [回测 4/5] 模拟第 501/4905 笔交易: 上海九百...
2026-05-03 08:17:35.856 | INFO     | Backtest   | [回测 4/5] 模拟第 511/4905 笔交易: 粤高速Ａ...
2026-05-03 08:17:36.253 | INFO     | Backtest   | [回测 4/5] 模拟第 521/4905 笔交易: 高乐股份...
2026-05-03 08:17:36.665 | INFO     | Backtest   | [回测 4/5] 模拟第 531/4905 笔交易: 海伦钢琴...
2026-05-03 08:17:37.024 | INFO     | Backtest   | [回测 4/5] 模拟第 541/4905 笔交易: 李子园...
2026-05-03 08:17:37.428 | INFO     | Backtest   | [回测 4/5] 模拟第 551/4905 笔交易: 崧盛股份...
2026-05-03 08:17:37.843 | INFO     | Backtest   | [回测 4/5] 模拟第 561/4905 笔交易: 恒尚节能...
2026-05-03 08:17:38.245 | INFO     | Backtest   | [回测 4/5] 模拟第 571/4905 笔交易: 明阳电路...
2026-05-03 08:17:38.689 | INFO     | Backtest   | [回测 4/5] 模拟第 581/4905 笔交易: 二六三...
2026-05-03 08:17:39.083 | INFO     | Backtest   | [回测 4/5] 模拟第 591/4905 笔交易: 大为股份...
2026-05-03 08:17:39.492 | INFO     | Backtest   | [回测 4/5] 模拟第 601/4905 笔交易: 星网宇达...
2026-05-03 08:17:39.888 | INFO     | Backtest   | [回测 4/5] 模拟第 611/4905 笔交易: 锦江在线...
2026-05-03 08:17:40.261 | INFO     | Backtest   | [回测 4/5] 模拟第 621/4905 笔交易: 再升科技...
2026-05-03 08:17:40.664 | INFO     | Backtest   | [回测 4/5] 模拟第 631/4905 笔交易: 汉缆股份...
2026-05-03 08:17:41.065 | INFO     | Backtest   | [回测 4/5] 模拟第 641/4905 笔交易: 奥拓电子...
2026-05-03 08:17:41.466 | INFO     | Backtest   | [回测 4/5] 模拟第 651/4905 笔交易: 三维通信...
2026-05-03 08:17:41.761 | INFO     | Backtest   | [回测 4/5] 模拟第 661/4905 笔交易: 杭州高新...
2026-05-03 08:17:42.157 | INFO     | Backtest   | [回测 4/5] 模拟第 671/4905 笔交易: 南新制药...
2026-05-03 08:17:42.555 | INFO     | Backtest   | [回测 4/5] 模拟第 681/4905 笔交易: 华媒控股...
2026-05-03 08:17:42.950 | INFO     | Backtest   | [回测 4/5] 模拟第 691/4905 笔交易: 康泰医学...
2026-05-03 08:17:43.380 | INFO     | Backtest   | [回测 4/5] 模拟第 701/4905 笔交易: 三旺通信...
2026-05-03 08:17:43.806 | INFO     | Backtest   | [回测 4/5] 模拟第 711/4905 笔交易: 雅博股份...
2026-05-03 08:17:44.222 | INFO     | Backtest   | [回测 4/5] 模拟第 721/4905 笔交易: 泰祥股份...
2026-05-03 08:17:44.608 | INFO     | Backtest   | [回测 4/5] 模拟第 731/4905 笔交易: 熙菱信息...
2026-05-03 08:17:45.029 | INFO     | Backtest   | [回测 4/5] 模拟第 741/4905 笔交易: 合富中国...
2026-05-03 08:17:45.432 | INFO     | Backtest   | [回测 4/5] 模拟第 751/4905 笔交易: 宣泰医药...
2026-05-03 08:17:45.837 | INFO     | Backtest   | [回测 4/5] 模拟第 761/4905 笔交易: 澳弘电子...
2026-05-03 08:17:46.257 | INFO     | Backtest   | [回测 4/5] 模拟第 771/4905 笔交易: 戴维医疗...
2026-05-03 08:17:46.628 | INFO     | Backtest   | [回测 4/5] 模拟第 781/4905 笔交易: 东方生物...
2026-05-03 08:17:47.047 | INFO     | Backtest   | [回测 4/5] 模拟第 791/4905 笔交易: 科华控股...
2026-05-03 08:17:47.435 | INFO     | Backtest   | [回测 4/5] 模拟第 801/4905 笔交易: 哈药股份...
2026-05-03 08:17:47.843 | INFO     | Backtest   | [回测 4/5] 模拟第 811/4905 笔交易: 威派格...
2026-05-03 08:17:48.252 | INFO     | Backtest   | [回测 4/5] 模拟第 821/4905 笔交易: 申联生物...
2026-05-03 08:17:48.678 | INFO     | Backtest   | [回测 4/5] 模拟第 831/4905 笔交易: 福莱蒽特...
2026-05-03 08:17:49.085 | INFO     | Backtest   | [回测 4/5] 模拟第 841/4905 笔交易: 赢合科技...
2026-05-03 08:17:49.473 | INFO     | Backtest   | [回测 4/5] 模拟第 851/4905 笔交易: 哈三联...
2026-05-03 08:17:49.799 | INFO     | Backtest   | [回测 4/5] 模拟第 861/4905 笔交易: 江苏有线...
2026-05-03 08:17:50.154 | INFO     | Backtest   | [回测 4/5] 模拟第 871/4905 笔交易: 华谊集团...
2026-05-03 08:17:50.526 | INFO     | Backtest   | [回测 4/5] 模拟第 881/4905 笔交易: 西麦食品...
2026-05-03 08:17:50.886 | INFO     | Backtest   | [回测 4/5] 模拟第 891/4905 笔交易: 北矿科技...
2026-05-03 08:17:51.232 | INFO     | Backtest   | [回测 4/5] 模拟第 901/4905 笔交易: 英派斯...
2026-05-03 08:17:51.593 | INFO     | Backtest   | [回测 4/5] 模拟第 911/4905 笔交易: 交大昂立...
2026-05-03 08:17:51.950 | INFO     | Backtest   | [回测 4/5] 模拟第 921/4905 笔交易: 江苏神通...
2026-05-03 08:17:52.302 | INFO     | Backtest   | [回测 4/5] 模拟第 931/4905 笔交易: 长缆科技...
2026-05-03 08:17:52.680 | INFO     | Backtest   | [回测 4/5] 模拟第 941/4905 笔交易: 元隆雅图...
2026-05-03 08:17:52.984 | INFO     | Backtest   | [回测 4/5] 模拟第 951/4905 笔交易: 中国石化...
2026-05-03 08:17:53.335 | INFO     | Backtest   | [回测 4/5] 模拟第 961/4905 笔交易: 歌力思...
2026-05-03 08:17:53.674 | INFO     | Backtest   | [回测 4/5] 模拟第 971/4905 笔交易: 文峰股份...
2026-05-03 08:17:53.994 | INFO     | Backtest   | [回测 4/5] 模拟第 981/4905 笔交易: 创识科技...
2026-05-03 08:17:54.327 | INFO     | Backtest   | [回测 4/5] 模拟第 991/4905 笔交易: 友邦吊顶...
2026-05-03 08:17:54.656 | INFO     | Backtest   | [回测 4/5] 模拟第 1001/4905 笔交易: 沃尔核材...
2026-05-03 08:17:55.005 | INFO     | Backtest   | [回测 4/5] 模拟第 1011/4905 笔交易: 上海银行...
2026-05-03 08:17:55.290 | INFO     | Backtest   | [回测 4/5] 模拟第 1021/4905 笔交易: 新亚强...
2026-05-03 08:17:55.618 | INFO     | Backtest   | [回测 4/5] 模拟第 1031/4905 笔交易: 三和管桩...
2026-05-03 08:17:55.967 | INFO     | Backtest   | [回测 4/5] 模拟第 1041/4905 笔交易: 鹿山新材...
2026-05-03 08:17:56.278 | INFO     | Backtest   | [回测 4/5] 模拟第 1051/4905 笔交易: 塞力医疗...
2026-05-03 08:17:56.635 | INFO     | Backtest   | [回测 4/5] 模拟第 1061/4905 笔交易: 建设工业...
2026-05-03 08:17:56.960 | INFO     | Backtest   | [回测 4/5] 模拟第 1071/4905 笔交易: 招金黄金...
2026-05-03 08:17:57.306 | INFO     | Backtest   | [回测 4/5] 模拟第 1081/4905 笔交易: 朗坤科技...
2026-05-03 08:17:57.651 | INFO     | Backtest   | [回测 4/5] 模拟第 1091/4905 笔交易: 信音电子...
2026-05-03 08:17:58.012 | INFO     | Backtest   | [回测 4/5] 模拟第 1101/4905 笔交易: 德创环保...
2026-05-03 08:17:58.360 | INFO     | Backtest   | [回测 4/5] 模拟第 1111/4905 笔交易: 国盛证券...
2026-05-03 08:17:58.714 | INFO     | Backtest   | [回测 4/5] 模拟第 1121/4905 笔交易: 研奥股份...
2026-05-03 08:17:59.070 | INFO     | Backtest   | [回测 4/5] 模拟第 1131/4905 笔交易: 华骐环保...
2026-05-03 08:17:59.445 | INFO     | Backtest   | [回测 4/5] 模拟第 1141/4905 笔交易: 楚江新材...
2026-05-03 08:17:59.816 | INFO     | Backtest   | [回测 4/5] 模拟第 1151/4905 笔交易: 机器人...
2026-05-03 08:18:00.204 | INFO     | Backtest   | [回测 4/5] 模拟第 1161/4905 笔交易: 红塔证券...
2026-05-03 08:18:00.564 | INFO     | Backtest   | [回测 4/5] 模拟第 1171/4905 笔交易: 金奥博...
2026-05-03 08:18:00.938 | INFO     | Backtest   | [回测 4/5] 模拟第 1181/4905 笔交易: 中国电建...
2026-05-03 08:18:01.308 | INFO     | Backtest   | [回测 4/5] 模拟第 1191/4905 笔交易: 永安期货...
2026-05-03 08:18:01.647 | INFO     | Backtest   | [回测 4/5] 模拟第 1201/4905 笔交易: 香溢融通...
2026-05-03 08:18:01.987 | INFO     | Backtest   | [回测 4/5] 模拟第 1211/4905 笔交易: 晨曦航空...
2026-05-03 08:18:02.287 | INFO     | Backtest   | [回测 4/5] 模拟第 1221/4905 笔交易: 中远通...
2026-05-03 08:18:02.584 | INFO     | Backtest   | [回测 4/5] 模拟第 1231/4905 笔交易: 宏昌电子...
2026-05-03 08:18:02.925 | INFO     | Backtest   | [回测 4/5] 模拟第 1241/4905 笔交易: 歌尔股份...
2026-05-03 08:18:03.274 | INFO     | Backtest   | [回测 4/5] 模拟第 1251/4905 笔交易: 世茂能源...
2026-05-03 08:18:03.618 | INFO     | Backtest   | [回测 4/5] 模拟第 1261/4905 笔交易: 中南传媒...
2026-05-03 08:18:03.995 | INFO     | Backtest   | [回测 4/5] 模拟第 1271/4905 笔交易: 悦达投资...
2026-05-03 08:18:04.297 | INFO     | Backtest   | [回测 4/5] 模拟第 1281/4905 笔交易: 仕净科技...
2026-05-03 08:18:04.633 | INFO     | Backtest   | [回测 4/5] 模拟第 1291/4905 笔交易: 中石科技...
2026-05-03 08:18:04.973 | INFO     | Backtest   | [回测 4/5] 模拟第 1301/4905 笔交易: 长江材料...
2026-05-03 08:18:05.308 | INFO     | Backtest   | [回测 4/5] 模拟第 1311/4905 笔交易: 可立克...
2026-05-03 08:18:05.649 | INFO     | Backtest   | [回测 4/5] 模拟第 1321/4905 笔交易: 盐湖股份...
2026-05-03 08:18:06.009 | INFO     | Backtest   | [回测 4/5] 模拟第 1331/4905 笔交易: 协鑫集成...
2026-05-03 08:18:06.342 | INFO     | Backtest   | [回测 4/5] 模拟第 1341/4905 笔交易: 雅化集团...
2026-05-03 08:18:06.721 | INFO     | Backtest   | [回测 4/5] 模拟第 1351/4905 笔交易: 宁夏建材...
2026-05-03 08:18:07.061 | INFO     | Backtest   | [回测 4/5] 模拟第 1361/4905 笔交易: 天玑科技...
2026-05-03 08:18:07.420 | INFO     | Backtest   | [回测 4/5] 模拟第 1371/4905 笔交易: 光莆股份...
2026-05-03 08:18:07.758 | INFO     | Backtest   | [回测 4/5] 模拟第 1381/4905 笔交易: 六国化工...
2026-05-03 08:18:08.070 | INFO     | Backtest   | [回测 4/5] 模拟第 1391/4905 笔交易: 亚士创能...
2026-05-03 08:18:08.418 | INFO     | Backtest   | [回测 4/5] 模拟第 1401/4905 笔交易: 园林股份...
2026-05-03 08:18:08.759 | INFO     | Backtest   | [回测 4/5] 模拟第 1411/4905 笔交易: 诚意药业...
2026-05-03 08:18:09.082 | INFO     | Backtest   | [回测 4/5] 模拟第 1421/4905 笔交易: 海象新材...
2026-05-03 08:18:09.445 | INFO     | Backtest   | [回测 4/5] 模拟第 1431/4905 笔交易: 安利股份...
2026-05-03 08:18:09.744 | INFO     | Backtest   | [回测 4/5] 模拟第 1441/4905 笔交易: 迅捷兴...
2026-05-03 08:18:10.048 | INFO     | Backtest   | [回测 4/5] 模拟第 1451/4905 笔交易: 顺网科技...
2026-05-03 08:18:10.369 | INFO     | Backtest   | [回测 4/5] 模拟第 1461/4905 笔交易: 银龙股份...
2026-05-03 08:18:10.685 | INFO     | Backtest   | [回测 4/5] 模拟第 1471/4905 笔交易: 森麒麟...
2026-05-03 08:18:11.021 | INFO     | Backtest   | [回测 4/5] 模拟第 1481/4905 笔交易: 红日药业...
2026-05-03 08:18:11.367 | INFO     | Backtest   | [回测 4/5] 模拟第 1491/4905 笔交易: 仁智股份...
2026-05-03 08:18:11.688 | INFO     | Backtest   | [回测 4/5] 模拟第 1501/4905 笔交易: 飞乐音响...
2026-05-03 08:18:11.997 | INFO     | Backtest   | [回测 4/5] 模拟第 1511/4905 笔交易: 泰坦股份...
2026-05-03 08:18:12.324 | INFO     | Backtest   | [回测 4/5] 模拟第 1521/4905 笔交易: 物产环能...
2026-05-03 08:18:12.658 | INFO     | Backtest   | [回测 4/5] 模拟第 1531/4905 笔交易: 新赛股份...
2026-05-03 08:18:12.971 | INFO     | Backtest   | [回测 4/5] 模拟第 1541/4905 笔交易: 华建集团...
2026-05-03 08:18:13.307 | INFO     | Backtest   | [回测 4/5] 模拟第 1551/4905 笔交易: 华峰化学...
2026-05-03 08:18:13.621 | INFO     | Backtest   | [回测 4/5] 模拟第 1561/4905 笔交易: 铁建重工...
2026-05-03 08:18:13.870 | INFO     | Backtest   | [回测 4/5] 模拟第 1571/4905 笔交易: 西部建设...
2026-05-03 08:18:14.126 | INFO     | Backtest   | [回测 4/5] 模拟第 1581/4905 笔交易: 建设机械...
2026-05-03 08:18:14.399 | INFO     | Backtest   | [回测 4/5] 模拟第 1591/4905 笔交易: 福建水泥...
2026-05-03 08:18:14.617 | INFO     | Backtest   | [回测 4/5] 模拟第 1601/4905 笔交易: 节能铁汉...
2026-05-03 08:18:14.925 | INFO     | Backtest   | [回测 4/5] 模拟第 1611/4905 笔交易: 通裕重工...
2026-05-03 08:18:15.215 | INFO     | Backtest   | [回测 4/5] 模拟第 1621/4905 笔交易: 中国一重...
2026-05-03 08:18:15.535 | INFO     | Backtest   | [回测 4/5] 模拟第 1631/4905 笔交易: 智慧农业...
2026-05-03 08:18:15.797 | INFO     | Backtest   | [回测 4/5] 模拟第 1641/4905 笔交易: 晋控煤业...
2026-05-03 08:18:16.118 | INFO     | Backtest   | [回测 4/5] 模拟第 1651/4905 笔交易: 名雕股份...
2026-05-03 08:18:16.448 | INFO     | Backtest   | [回测 4/5] 模拟第 1661/4905 笔交易: 蒙草生态...
2026-05-03 08:18:16.765 | INFO     | Backtest   | [回测 4/5] 模拟第 1671/4905 笔交易: 曙光股份...
2026-05-03 08:18:17.077 | INFO     | Backtest   | [回测 4/5] 模拟第 1681/4905 笔交易: 清新环境...
2026-05-03 08:18:17.369 | INFO     | Backtest   | [回测 4/5] 模拟第 1691/4905 笔交易: 金安国纪...
2026-05-03 08:18:17.655 | INFO     | Backtest   | [回测 4/5] 模拟第 1701/4905 笔交易: 远东股份...
2026-05-03 08:18:17.974 | INFO     | Backtest   | [回测 4/5] 模拟第 1711/4905 笔交易: 天地科技...
2026-05-03 08:18:18.298 | INFO     | Backtest   | [回测 4/5] 模拟第 1721/4905 笔交易: 汇通集团...
2026-05-03 08:18:18.591 | INFO     | Backtest   | [回测 4/5] 模拟第 1731/4905 笔交易: 英洛华...
2026-05-03 08:18:18.935 | INFO     | Backtest   | [回测 4/5] 模拟第 1741/4905 笔交易: 三诺生物...
2026-05-03 08:18:19.237 | INFO     | Backtest   | [回测 4/5] 模拟第 1751/4905 笔交易: 先锋电子...
2026-05-03 08:18:19.551 | INFO     | Backtest   | [回测 4/5] 模拟第 1761/4905 笔交易: 华星创业...
2026-05-03 08:18:19.830 | INFO     | Backtest   | [回测 4/5] 模拟第 1771/4905 笔交易: 奥翔药业...
2026-05-03 08:18:20.116 | INFO     | Backtest   | [回测 4/5] 模拟第 1781/4905 笔交易: 京新药业...
2026-05-03 08:18:20.395 | INFO     | Backtest   | [回测 4/5] 模拟第 1791/4905 笔交易: 河化股份...
2026-05-03 08:18:20.671 | INFO     | Backtest   | [回测 4/5] 模拟第 1801/4905 笔交易: 中国医药...
2026-05-03 08:18:20.985 | INFO     | Backtest   | [回测 4/5] 模拟第 1811/4905 笔交易: 天和防务...
2026-05-03 08:18:21.290 | INFO     | Backtest   | [回测 4/5] 模拟第 1821/4905 笔交易: 深深房Ａ...
2026-05-03 08:18:21.588 | INFO     | Backtest   | [回测 4/5] 模拟第 1831/4905 笔交易: 联美控股...
2026-05-03 08:18:21.915 | INFO     | Backtest   | [回测 4/5] 模拟第 1841/4905 笔交易: 维力医疗...
2026-05-03 08:18:22.223 | INFO     | Backtest   | [回测 4/5] 模拟第 1851/4905 笔交易: 宇环数控...
2026-05-03 08:18:22.564 | INFO     | Backtest   | [回测 4/5] 模拟第 1861/4905 笔交易: 贝斯特...
2026-05-03 08:18:22.889 | INFO     | Backtest   | [回测 4/5] 模拟第 1871/4905 笔交易: 沈阳机床...
2026-05-03 08:18:23.232 | INFO     | Backtest   | [回测 4/5] 模拟第 1881/4905 笔交易: 双杰电气...
2026-05-03 08:18:23.590 | INFO     | Backtest   | [回测 4/5] 模拟第 1891/4905 笔交易: 国茂股份...
2026-05-03 08:18:23.841 | INFO     | Backtest   | [回测 4/5] 模拟第 1901/4905 笔交易: 上实发展...
2026-05-03 08:18:24.148 | INFO     | Backtest   | [回测 4/5] 模拟第 1911/4905 笔交易: 嘉麟杰...
2026-05-03 08:18:24.421 | INFO     | Backtest   | [回测 4/5] 模拟第 1921/4905 笔交易: 金枫酒业...
2026-05-03 08:18:24.768 | INFO     | Backtest   | [回测 4/5] 模拟第 1931/4905 笔交易: 新宝股份...
2026-05-03 08:18:25.075 | INFO     | Backtest   | [回测 4/5] 模拟第 1941/4905 笔交易: 铜陵有色...
2026-05-03 08:18:25.386 | INFO     | Backtest   | [回测 4/5] 模拟第 1951/4905 笔交易: 齐鲁银行...
2026-05-03 08:18:25.636 | INFO     | Backtest   | [回测 4/5] 模拟第 1961/4905 笔交易: 金发科技...
2026-05-03 08:18:25.943 | INFO     | Backtest   | [回测 4/5] 模拟第 1971/4905 笔交易: 景兴纸业...
2026-05-03 08:18:26.238 | INFO     | Backtest   | [回测 4/5] 模拟第 1981/4905 笔交易: 中兰环保...
2026-05-03 08:18:26.541 | INFO     | Backtest   | [回测 4/5] 模拟第 1991/4905 笔交易: 斯瑞新材...
2026-05-03 08:18:26.809 | INFO     | Backtest   | [回测 4/5] 模拟第 2001/4905 笔交易: 华力创通...
2026-05-03 08:18:27.113 | INFO     | Backtest   | [回测 4/5] 模拟第 2011/4905 笔交易: 久日新材...
2026-05-03 08:18:27.426 | INFO     | Backtest   | [回测 4/5] 模拟第 2021/4905 笔交易: 气派科技...
2026-05-03 08:18:27.716 | INFO     | Backtest   | [回测 4/5] 模拟第 2031/4905 笔交易: 南威软件...
2026-05-03 08:18:28.019 | INFO     | Backtest   | [回测 4/5] 模拟第 2041/4905 笔交易: 确成股份...
2026-05-03 08:18:28.296 | INFO     | Backtest   | [回测 4/5] 模拟第 2051/4905 笔交易: 南京新百...
2026-05-03 08:18:28.529 | INFO     | Backtest   | [回测 4/5] 模拟第 2061/4905 笔交易: 集泰股份...
2026-05-03 08:18:28.836 | INFO     | Backtest   | [回测 4/5] 模拟第 2071/4905 笔交易: 新致软件...
2026-05-03 08:18:29.142 | INFO     | Backtest   | [回测 4/5] 模拟第 2081/4905 笔交易: 国新健康...
2026-05-03 08:18:29.400 | INFO     | Backtest   | [回测 4/5] 模拟第 2091/4905 笔交易: 亨通股份...
2026-05-03 08:18:29.679 | INFO     | Backtest   | [回测 4/5] 模拟第 2101/4905 笔交易: 绿盟科技...
2026-05-03 08:18:29.957 | INFO     | Backtest   | [回测 4/5] 模拟第 2111/4905 笔交易: 统一股份...
2026-05-03 08:18:30.208 | INFO     | Backtest   | [回测 4/5] 模拟第 2121/4905 笔交易: 慈文传媒...
2026-05-03 08:18:30.458 | INFO     | Backtest   | [回测 4/5] 模拟第 2131/4905 笔交易: 城市传媒...
2026-05-03 08:18:30.766 | INFO     | Backtest   | [回测 4/5] 模拟第 2141/4905 笔交易: 美利信...
2026-05-03 08:18:31.081 | INFO     | Backtest   | [回测 4/5] 模拟第 2151/4905 笔交易: 有友食品...
2026-05-03 08:18:31.292 | INFO     | Backtest   | [回测 4/5] 模拟第 2161/4905 笔交易: 沃顿科技...
2026-05-03 08:18:31.568 | INFO     | Backtest   | [回测 4/5] 模拟第 2171/4905 笔交易: 华域汽车...
2026-05-03 08:18:31.871 | INFO     | Backtest   | [回测 4/5] 模拟第 2181/4905 笔交易: 先导基电...
2026-05-03 08:18:32.177 | INFO     | Backtest   | [回测 4/5] 模拟第 2191/4905 笔交易: 明牌珠宝...
2026-05-03 08:18:32.432 | INFO     | Backtest   | [回测 4/5] 模拟第 2201/4905 笔交易: 廊坊发展...
2026-05-03 08:18:32.715 | INFO     | Backtest   | [回测 4/5] 模拟第 2211/4905 笔交易: 华峰化学...
2026-05-03 08:18:33.011 | INFO     | Backtest   | [回测 4/5] 模拟第 2221/4905 笔交易: 衢州东峰...
2026-05-03 08:18:33.270 | INFO     | Backtest   | [回测 4/5] 模拟第 2231/4905 笔交易: 万凯新材...
2026-05-03 08:18:33.561 | INFO     | Backtest   | [回测 4/5] 模拟第 2241/4905 笔交易: 容百科技...
2026-05-03 08:18:33.836 | INFO     | Backtest   | [回测 4/5] 模拟第 2251/4905 笔交易: 城投控股...
2026-05-03 08:18:34.129 | INFO     | Backtest   | [回测 4/5] 模拟第 2261/4905 笔交易: 中国化学...
2026-05-03 08:18:34.357 | INFO     | Backtest   | [回测 4/5] 模拟第 2271/4905 笔交易: 电科芯片...
2026-05-03 08:18:34.602 | INFO     | Backtest   | [回测 4/5] 模拟第 2281/4905 笔交易: 中京电子...
2026-05-03 08:18:34.849 | INFO     | Backtest   | [回测 4/5] 模拟第 2291/4905 笔交易: 国盛证券...
2026-05-03 08:18:35.081 | INFO     | Backtest   | [回测 4/5] 模拟第 2301/4905 笔交易: 万泽股份...
2026-05-03 08:18:35.352 | INFO     | Backtest   | [回测 4/5] 模拟第 2311/4905 笔交易: 浙农股份...
2026-05-03 08:18:35.622 | INFO     | Backtest   | [回测 4/5] 模拟第 2321/4905 笔交易: 华通线缆...
2026-05-03 08:18:35.844 | INFO     | Backtest   | [回测 4/5] 模拟第 2331/4905 笔交易: 浙富控股...
2026-05-03 08:18:36.080 | INFO     | Backtest   | [回测 4/5] 模拟第 2341/4905 笔交易: 青山纸业...
2026-05-03 08:18:36.333 | INFO     | Backtest   | [回测 4/5] 模拟第 2351/4905 笔交易: 新通联...
2026-05-03 08:18:36.616 | INFO     | Backtest   | [回测 4/5] 模拟第 2361/4905 笔交易: 安控科技...
2026-05-03 08:18:36.881 | INFO     | Backtest   | [回测 4/5] 模拟第 2371/4905 笔交易: 世纪鼎利...
2026-05-03 08:18:37.105 | INFO     | Backtest   | [回测 4/5] 模拟第 2381/4905 笔交易: 物产环能...
2026-05-03 08:18:37.345 | INFO     | Backtest   | [回测 4/5] 模拟第 2391/4905 笔交易: 能辉科技...
2026-05-03 08:18:37.578 | INFO     | Backtest   | [回测 4/5] 模拟第 2401/4905 笔交易: 雪天盐业...
2026-05-03 08:18:37.828 | INFO     | Backtest   | [回测 4/5] 模拟第 2411/4905 笔交易: 特锐德...
2026-05-03 08:18:38.087 | INFO     | Backtest   | [回测 4/5] 模拟第 2421/4905 笔交易: 特力Ａ...
2026-05-03 08:18:38.369 | INFO     | Backtest   | [回测 4/5] 模拟第 2431/4905 笔交易: 智能自控...
2026-05-03 08:18:38.674 | INFO     | Backtest   | [回测 4/5] 模拟第 2441/4905 笔交易: 众业达...
2026-05-03 08:18:38.974 | INFO     | Backtest   | [回测 4/5] 模拟第 2451/4905 笔交易: 广汽集团...
2026-05-03 08:18:39.244 | INFO     | Backtest   | [回测 4/5] 模拟第 2461/4905 笔交易: 盐湖股份...
2026-05-03 08:18:39.548 | INFO     | Backtest   | [回测 4/5] 模拟第 2471/4905 笔交易: 合锻智能...
2026-05-03 08:18:39.825 | INFO     | Backtest   | [回测 4/5] 模拟第 2481/4905 笔交易: 厦门港务...
2026-05-03 08:18:40.142 | INFO     | Backtest   | [回测 4/5] 模拟第 2491/4905 笔交易: 星辉娱乐...
2026-05-03 08:18:40.406 | INFO     | Backtest   | [回测 4/5] 模拟第 2501/4905 笔交易: 众信旅游...
2026-05-03 08:18:40.656 | INFO     | Backtest   | [回测 4/5] 模拟第 2511/4905 笔交易: 云意电气...
2026-05-03 08:18:40.925 | INFO     | Backtest   | [回测 4/5] 模拟第 2521/4905 笔交易: 中成股份...
2026-05-03 08:18:41.132 | INFO     | Backtest   | [回测 4/5] 模拟第 2531/4905 笔交易: 峰璟股份...
2026-05-03 08:18:41.408 | INFO     | Backtest   | [回测 4/5] 模拟第 2541/4905 笔交易: S佳通...
2026-05-03 08:18:41.681 | INFO     | Backtest   | [回测 4/5] 模拟第 2551/4905 笔交易: 春立医疗...
2026-05-03 08:18:41.915 | INFO     | Backtest   | [回测 4/5] 模拟第 2561/4905 笔交易: 中科通达...
2026-05-03 08:18:42.142 | INFO     | Backtest   | [回测 4/5] 模拟第 2571/4905 笔交易: 太极实业...
2026-05-03 08:18:42.401 | INFO     | Backtest   | [回测 4/5] 模拟第 2581/4905 笔交易: 华蓝集团...
2026-05-03 08:18:42.684 | INFO     | Backtest   | [回测 4/5] 模拟第 2591/4905 笔交易: 江铃汽车...
2026-05-03 08:18:42.947 | INFO     | Backtest   | [回测 4/5] 模拟第 2601/4905 笔交易: 中仑新材...
2026-05-03 08:18:43.193 | INFO     | Backtest   | [回测 4/5] 模拟第 2611/4905 笔交易: 富临精工...
2026-05-03 08:18:43.416 | INFO     | Backtest   | [回测 4/5] 模拟第 2621/4905 笔交易: 泓淋电力...
2026-05-03 08:18:43.643 | INFO     | Backtest   | [回测 4/5] 模拟第 2631/4905 笔交易: 云南铜业...
2026-05-03 08:18:43.883 | INFO     | Backtest   | [回测 4/5] 模拟第 2641/4905 笔交易: 鲁信创投...
2026-05-03 08:18:44.105 | INFO     | Backtest   | [回测 4/5] 模拟第 2651/4905 笔交易: 南山铝业...
2026-05-03 08:18:44.365 | INFO     | Backtest   | [回测 4/5] 模拟第 2661/4905 笔交易: 招商轮船...
2026-05-03 08:18:44.598 | INFO     | Backtest   | [回测 4/5] 模拟第 2671/4905 笔交易: 侨银股份...
2026-05-03 08:18:44.810 | INFO     | Backtest   | [回测 4/5] 模拟第 2681/4905 笔交易: 新锐股份...
2026-05-03 08:18:45.060 | INFO     | Backtest   | [回测 4/5] 模拟第 2691/4905 笔交易: 厚普股份...
2026-05-03 08:18:45.313 | INFO     | Backtest   | [回测 4/5] 模拟第 2701/4905 笔交易: 中国长城...
2026-05-03 08:18:45.541 | INFO     | Backtest   | [回测 4/5] 模拟第 2711/4905 笔交易: 天洋新材...
2026-05-03 08:18:45.745 | INFO     | Backtest   | [回测 4/5] 模拟第 2721/4905 笔交易: 工大高科...
2026-05-03 08:18:45.987 | INFO     | Backtest   | [回测 4/5] 模拟第 2731/4905 笔交易: 大中矿业...
2026-05-03 08:18:46.284 | INFO     | Backtest   | [回测 4/5] 模拟第 2741/4905 笔交易: 锋龙股份...
2026-05-03 08:18:46.518 | INFO     | Backtest   | [回测 4/5] 模拟第 2751/4905 笔交易: 建科智能...
2026-05-03 08:18:46.775 | INFO     | Backtest   | [回测 4/5] 模拟第 2761/4905 笔交易: 易天股份...
2026-05-03 08:18:47.067 | INFO     | Backtest   | [回测 4/5] 模拟第 2771/4905 笔交易: 华电科工...
2026-05-03 08:18:47.329 | INFO     | Backtest   | [回测 4/5] 模拟第 2781/4905 笔交易: 保立佳...
2026-05-03 08:18:47.625 | INFO     | Backtest   | [回测 4/5] 模拟第 2791/4905 笔交易: 钱江生化...
2026-05-03 08:18:47.896 | INFO     | Backtest   | [回测 4/5] 模拟第 2801/4905 笔交易: 富瑞特装...
2026-05-03 08:18:48.173 | INFO     | Backtest   | [回测 4/5] 模拟第 2811/4905 笔交易: 天虹股份...
2026-05-03 08:18:48.458 | INFO     | Backtest   | [回测 4/5] 模拟第 2821/4905 笔交易: 迪普科技...
2026-05-03 08:18:48.683 | INFO     | Backtest   | [回测 4/5] 模拟第 2831/4905 笔交易: 特力Ａ...
2026-05-03 08:18:48.939 | INFO     | Backtest   | [回测 4/5] 模拟第 2841/4905 笔交易: 中农联合...
2026-05-03 08:18:49.180 | INFO     | Backtest   | [回测 4/5] 模拟第 2851/4905 笔交易: 中信特钢...
2026-05-03 08:18:49.428 | INFO     | Backtest   | [回测 4/5] 模拟第 2861/4905 笔交易: 泰和新材...
2026-05-03 08:18:49.733 | INFO     | Backtest   | [回测 4/5] 模拟第 2871/4905 笔交易: 驰宏锌锗...
2026-05-03 08:18:49.957 | INFO     | Backtest   | [回测 4/5] 模拟第 2881/4905 笔交易: 科陆电子...
2026-05-03 08:18:50.171 | INFO     | Backtest   | [回测 4/5] 模拟第 2891/4905 笔交易: 中国卫通...
2026-05-03 08:18:50.411 | INFO     | Backtest   | [回测 4/5] 模拟第 2901/4905 笔交易: 欣锐科技...
2026-05-03 08:18:50.629 | INFO     | Backtest   | [回测 4/5] 模拟第 2911/4905 笔交易: 安泰科技...
2026-05-03 08:18:50.884 | INFO     | Backtest   | [回测 4/5] 模拟第 2921/4905 笔交易: 宏源药业...
2026-05-03 08:18:51.094 | INFO     | Backtest   | [回测 4/5] 模拟第 2931/4905 笔交易: 海南发展...
2026-05-03 08:18:51.326 | INFO     | Backtest   | [回测 4/5] 模拟第 2941/4905 笔交易: 西高院...
2026-05-03 08:18:51.591 | INFO     | Backtest   | [回测 4/5] 模拟第 2951/4905 笔交易: 雅本化学...
2026-05-03 08:18:51.845 | INFO     | Backtest   | [回测 4/5] 模拟第 2961/4905 笔交易: 完美世界...
2026-05-03 08:18:52.102 | INFO     | Backtest   | [回测 4/5] 模拟第 2971/4905 笔交易: 远望谷...
2026-05-03 08:18:52.380 | INFO     | Backtest   | [回测 4/5] 模拟第 2981/4905 笔交易: 恒华科技...
2026-05-03 08:18:52.654 | INFO     | Backtest   | [回测 4/5] 模拟第 2991/4905 笔交易: 惠天热电...
2026-05-03 08:18:52.882 | INFO     | Backtest   | [回测 4/5] 模拟第 3001/4905 笔交易: 健麾信息...
2026-05-03 08:18:53.167 | INFO     | Backtest   | [回测 4/5] 模拟第 3011/4905 笔交易: 茂硕电源...
2026-05-03 08:18:53.449 | INFO     | Backtest   | [回测 4/5] 模拟第 3021/4905 笔交易: 九洲集团...
2026-05-03 08:18:53.710 | INFO     | Backtest   | [回测 4/5] 模拟第 3031/4905 笔交易: 九鼎投资...
2026-05-03 08:18:53.941 | INFO     | Backtest   | [回测 4/5] 模拟第 3041/4905 笔交易: 亚威股份...
2026-05-03 08:18:54.168 | INFO     | Backtest   | [回测 4/5] 模拟第 3051/4905 笔交易: 长江证券...
2026-05-03 08:18:54.416 | INFO     | Backtest   | [回测 4/5] 模拟第 3061/4905 笔交易: 中国电建...
2026-05-03 08:18:54.642 | INFO     | Backtest   | [回测 4/5] 模拟第 3071/4905 笔交易: 美畅股份...
2026-05-03 08:18:54.890 | INFO     | Backtest   | [回测 4/5] 模拟第 3081/4905 笔交易: 会稽山...
2026-05-03 08:18:55.132 | INFO     | Backtest   | [回测 4/5] 模拟第 3091/4905 笔交易: 海信视像...
2026-05-03 08:18:55.388 | INFO     | Backtest   | [回测 4/5] 模拟第 3101/4905 笔交易: 诺唯赞...
2026-05-03 08:18:55.620 | INFO     | Backtest   | [回测 4/5] 模拟第 3111/4905 笔交易: 冠城新材...
2026-05-03 08:18:55.814 | INFO     | Backtest   | [回测 4/5] 模拟第 3121/4905 笔交易: 光云科技...
2026-05-03 08:18:56.024 | INFO     | Backtest   | [回测 4/5] 模拟第 3131/4905 笔交易: 宁波建工...
2026-05-03 08:18:56.232 | INFO     | Backtest   | [回测 4/5] 模拟第 3141/4905 笔交易: 中电环保...
2026-05-03 08:18:56.407 | INFO     | Backtest   | [回测 4/5] 模拟第 3151/4905 笔交易: 永艺股份...
2026-05-03 08:18:56.649 | INFO     | Backtest   | [回测 4/5] 模拟第 3161/4905 笔交易: 德创环保...
2026-05-03 08:18:56.833 | INFO     | Backtest   | [回测 4/5] 模拟第 3171/4905 笔交易: 光莆股份...
2026-05-03 08:18:57.038 | INFO     | Backtest   | [回测 4/5] 模拟第 3181/4905 笔交易: 锡业股份...
2026-05-03 08:18:57.282 | INFO     | Backtest   | [回测 4/5] 模拟第 3191/4905 笔交易: 浙数文化...
2026-05-03 08:18:57.511 | INFO     | Backtest   | [回测 4/5] 模拟第 3201/4905 笔交易: 太龙药业...
2026-05-03 08:18:57.742 | INFO     | Backtest   | [回测 4/5] 模拟第 3211/4905 笔交易: 天铁科技...
2026-05-03 08:18:58.011 | INFO     | Backtest   | [回测 4/5] 模拟第 3221/4905 笔交易: 集泰股份...
2026-05-03 08:18:58.209 | INFO     | Backtest   | [回测 4/5] 模拟第 3231/4905 笔交易: 航天信息...
2026-05-03 08:18:58.446 | INFO     | Backtest   | [回测 4/5] 模拟第 3241/4905 笔交易: 合百集团...
2026-05-03 08:18:58.668 | INFO     | Backtest   | [回测 4/5] 模拟第 3251/4905 笔交易: 安妮股份...
2026-05-03 08:18:58.854 | INFO     | Backtest   | [回测 4/5] 模拟第 3261/4905 笔交易: 省广集团...
2026-05-03 08:18:59.068 | INFO     | Backtest   | [回测 4/5] 模拟第 3271/4905 笔交易: 福安药业...
2026-05-03 08:18:59.300 | INFO     | Backtest   | [回测 4/5] 模拟第 3281/4905 笔交易: 航天软件...
2026-05-03 08:18:59.477 | INFO     | Backtest   | [回测 4/5] 模拟第 3291/4905 笔交易: 阳光乳业...
2026-05-03 08:18:59.702 | INFO     | Backtest   | [回测 4/5] 模拟第 3301/4905 笔交易: 比依股份...
2026-05-03 08:18:59.962 | INFO     | Backtest   | [回测 4/5] 模拟第 3311/4905 笔交易: 雪迪龙...
2026-05-03 08:19:00.166 | INFO     | Backtest   | [回测 4/5] 模拟第 3321/4905 笔交易: 新疆交建...
2026-05-03 08:19:00.380 | INFO     | Backtest   | [回测 4/5] 模拟第 3331/4905 笔交易: 领益智造...
2026-05-03 08:19:00.634 | INFO     | Backtest   | [回测 4/5] 模拟第 3341/4905 笔交易: 上海九百...
2026-05-03 08:19:00.838 | INFO     | Backtest   | [回测 4/5] 模拟第 3351/4905 笔交易: 永新股份...
2026-05-03 08:19:01.093 | INFO     | Backtest   | [回测 4/5] 模拟第 3361/4905 笔交易: 威星智能...
2026-05-03 08:19:01.324 | INFO     | Backtest   | [回测 4/5] 模拟第 3371/4905 笔交易: 三角轮胎...
2026-05-03 08:19:01.552 | INFO     | Backtest   | [回测 4/5] 模拟第 3381/4905 笔交易: 中威电子...
2026-05-03 08:19:01.809 | INFO     | Backtest   | [回测 4/5] 模拟第 3391/4905 笔交易: 万里扬...
2026-05-03 08:19:02.014 | INFO     | Backtest   | [回测 4/5] 模拟第 3401/4905 笔交易: 中国一重...
2026-05-03 08:19:02.217 | INFO     | Backtest   | [回测 4/5] 模拟第 3411/4905 笔交易: 光力科技...
2026-05-03 08:19:02.455 | INFO     | Backtest   | [回测 4/5] 模拟第 3421/4905 笔交易: 颀中科技...
2026-05-03 08:19:02.682 | INFO     | Backtest   | [回测 4/5] 模拟第 3431/4905 笔交易: 耀皮玻璃...
2026-05-03 08:19:02.882 | INFO     | Backtest   | [回测 4/5] 模拟第 3441/4905 笔交易: 泓淋电力...
2026-05-03 08:19:03.085 | INFO     | Backtest   | [回测 4/5] 模拟第 3451/4905 笔交易: 和顺电气...
2026-05-03 08:19:03.278 | INFO     | Backtest   | [回测 4/5] 模拟第 3461/4905 笔交易: 银邦股份...
2026-05-03 08:19:03.462 | INFO     | Backtest   | [回测 4/5] 模拟第 3471/4905 笔交易: 上海银行...
2026-05-03 08:19:03.730 | INFO     | Backtest   | [回测 4/5] 模拟第 3481/4905 笔交易: 美能能源...
2026-05-03 08:19:03.943 | INFO     | Backtest   | [回测 4/5] 模拟第 3491/4905 笔交易: 雄塑科技...
2026-05-03 08:19:04.155 | INFO     | Backtest   | [回测 4/5] 模拟第 3501/4905 笔交易: 天下秀...
2026-05-03 08:19:04.410 | INFO     | Backtest   | [回测 4/5] 模拟第 3511/4905 笔交易: 锦江酒店...
2026-05-03 08:19:04.596 | INFO     | Backtest   | [回测 4/5] 模拟第 3521/4905 笔交易: 前沿生物-U...
2026-05-03 08:19:04.762 | INFO     | Backtest   | [回测 4/5] 模拟第 3531/4905 笔交易: 艾隆科技...
2026-05-03 08:19:04.970 | INFO     | Backtest   | [回测 4/5] 模拟第 3541/4905 笔交易: 阳普医疗...
2026-05-03 08:19:05.180 | INFO     | Backtest   | [回测 4/5] 模拟第 3551/4905 笔交易: 豪江智能...
2026-05-03 08:19:05.407 | INFO     | Backtest   | [回测 4/5] 模拟第 3561/4905 笔交易: 广发证券...
2026-05-03 08:19:05.644 | INFO     | Backtest   | [回测 4/5] 模拟第 3571/4905 笔交易: 奥赛康...
2026-05-03 08:19:05.855 | INFO     | Backtest   | [回测 4/5] 模拟第 3581/4905 笔交易: 利德曼...
2026-05-03 08:19:06.092 | INFO     | Backtest   | [回测 4/5] 模拟第 3591/4905 笔交易: 城发环境...
2026-05-03 08:19:06.352 | INFO     | Backtest   | [回测 4/5] 模拟第 3601/4905 笔交易: 东方生物...
2026-05-03 08:19:06.588 | INFO     | Backtest   | [回测 4/5] 模拟第 3611/4905 笔交易: 美康生物...
2026-05-03 08:19:06.829 | INFO     | Backtest   | [回测 4/5] 模拟第 3621/4905 笔交易: 新天药业...
2026-05-03 08:19:07.058 | INFO     | Backtest   | [回测 4/5] 模拟第 3631/4905 笔交易: 神州高铁...
2026-05-03 08:19:07.296 | INFO     | Backtest   | [回测 4/5] 模拟第 3641/4905 笔交易: 千里科技...
2026-05-03 08:19:07.504 | INFO     | Backtest   | [回测 4/5] 模拟第 3651/4905 笔交易: 天瑞仪器...
2026-05-03 08:19:07.749 | INFO     | Backtest   | [回测 4/5] 模拟第 3661/4905 笔交易: 利尔化学...
2026-05-03 08:19:07.971 | INFO     | Backtest   | [回测 4/5] 模拟第 3671/4905 笔交易: 红宝丽...
2026-05-03 08:19:08.240 | INFO     | Backtest   | [回测 4/5] 模拟第 3681/4905 笔交易: 晶瑞电材...
2026-05-03 08:19:08.480 | INFO     | Backtest   | [回测 4/5] 模拟第 3691/4905 笔交易: 山西证券...
2026-05-03 08:19:08.737 | INFO     | Backtest   | [回测 4/5] 模拟第 3701/4905 笔交易: 东风科技...
2026-05-03 08:19:08.952 | INFO     | Backtest   | [回测 4/5] 模拟第 3711/4905 笔交易: 腾达科技...
2026-05-03 08:19:09.177 | INFO     | Backtest   | [回测 4/5] 模拟第 3721/4905 笔交易: 华光环能...
2026-05-03 08:19:09.370 | INFO     | Backtest   | [回测 4/5] 模拟第 3731/4905 笔交易: 康盛股份...
2026-05-03 08:19:09.577 | INFO     | Backtest   | [回测 4/5] 模拟第 3741/4905 笔交易: 中瑞股份...
2026-05-03 08:19:09.790 | INFO     | Backtest   | [回测 4/5] 模拟第 3751/4905 笔交易: 泰豪科技...
2026-05-03 08:19:10.002 | INFO     | Backtest   | [回测 4/5] 模拟第 3761/4905 笔交易: 翔港科技...
2026-05-03 08:19:10.207 | INFO     | Backtest   | [回测 4/5] 模拟第 3771/4905 笔交易: 厚普股份...
2026-05-03 08:19:10.446 | INFO     | Backtest   | [回测 4/5] 模拟第 3781/4905 笔交易: 富煌钢构...
2026-05-03 08:19:10.689 | INFO     | Backtest   | [回测 4/5] 模拟第 3791/4905 笔交易: 汇金通...
2026-05-03 08:19:10.923 | INFO     | Backtest   | [回测 4/5] 模拟第 3801/4905 笔交易: 捷安高科...
2026-05-03 08:19:11.164 | INFO     | Backtest   | [回测 4/5] 模拟第 3811/4905 笔交易: 建研院...
2026-05-03 08:19:11.425 | INFO     | Backtest   | [回测 4/5] 模拟第 3821/4905 笔交易: 时代万恒...
2026-05-03 08:19:11.666 | INFO     | Backtest   | [回测 4/5] 模拟第 3831/4905 笔交易: 森泰股份...
2026-05-03 08:19:11.838 | INFO     | Backtest   | [回测 4/5] 模拟第 3841/4905 笔交易: 富祥药业...
2026-05-03 08:19:12.043 | INFO     | Backtest   | [回测 4/5] 模拟第 3851/4905 笔交易: 华谊兄弟...
2026-05-03 08:19:12.239 | INFO     | Backtest   | [回测 4/5] 模拟第 3861/4905 笔交易: 东华能源...
2026-05-03 08:19:12.444 | INFO     | Backtest   | [回测 4/5] 模拟第 3871/4905 笔交易: 森赫股份...
2026-05-03 08:19:12.656 | INFO     | Backtest   | [回测 4/5] 模拟第 3881/4905 笔交易: 飞天诚信...
2026-05-03 08:19:12.869 | INFO     | Backtest   | [回测 4/5] 模拟第 3891/4905 笔交易: 洛阳钼业...
2026-05-03 08:19:13.036 | INFO     | Backtest   | [回测 4/5] 模拟第 3901/4905 笔交易: 博源化工...
2026-05-03 08:19:13.234 | INFO     | Backtest   | [回测 4/5] 模拟第 3911/4905 笔交易: 双象股份...
2026-05-03 08:19:13.492 | INFO     | Backtest   | [回测 4/5] 模拟第 3921/4905 笔交易: 深南电A...
2026-05-03 08:19:13.699 | INFO     | Backtest   | [回测 4/5] 模拟第 3931/4905 笔交易: 京源环保...
2026-05-03 08:19:13.948 | INFO     | Backtest   | [回测 4/5] 模拟第 3941/4905 笔交易: 福然德...
2026-05-03 08:19:14.190 | INFO     | Backtest   | [回测 4/5] 模拟第 3951/4905 笔交易: 同和药业...
2026-05-03 08:19:14.413 | INFO     | Backtest   | [回测 4/5] 模拟第 3961/4905 笔交易: 一拖股份...
2026-05-03 08:19:14.628 | INFO     | Backtest   | [回测 4/5] 模拟第 3971/4905 笔交易: 宁波精达...
2026-05-03 08:19:14.822 | INFO     | Backtest   | [回测 4/5] 模拟第 3981/4905 笔交易: 西藏城投...
2026-05-03 08:19:15.003 | INFO     | Backtest   | [回测 4/5] 模拟第 3991/4905 笔交易: 西藏珠峰...
2026-05-03 08:19:15.168 | INFO     | Backtest   | [回测 4/5] 模拟第 4001/4905 笔交易: 天合光能...
2026-05-03 08:19:15.366 | INFO     | Backtest   | [回测 4/5] 模拟第 4011/4905 笔交易: 九州通...
2026-05-03 08:19:15.525 | INFO     | Backtest   | [回测 4/5] 模拟第 4021/4905 笔交易: 芯能科技...
2026-05-03 08:19:15.710 | INFO     | Backtest   | [回测 4/5] 模拟第 4031/4905 笔交易: 中信金属...
2026-05-03 08:19:15.898 | INFO     | Backtest   | [回测 4/5] 模拟第 4041/4905 笔交易: 汤姆猫...
2026-05-03 08:19:16.023 | INFO     | Backtest   | [回测 4/5] 模拟第 4051/4905 笔交易: 亚虹医药-U...
2026-05-03 08:19:16.190 | INFO     | Backtest   | [回测 4/5] 模拟第 4061/4905 笔交易: XD宝丰能...
2026-05-03 08:19:16.352 | INFO     | Backtest   | [回测 4/5] 模拟第 4071/4905 笔交易: 嘉化能源...
2026-05-03 08:19:16.518 | INFO     | Backtest   | [回测 4/5] 模拟第 4081/4905 笔交易: 黄山旅游...
2026-05-03 08:19:16.704 | INFO     | Backtest   | [回测 4/5] 模拟第 4091/4905 笔交易: 晋亿实业...
2026-05-03 08:19:16.889 | INFO     | Backtest   | [回测 4/5] 模拟第 4101/4905 笔交易: 哈空调...
2026-05-03 08:19:17.126 | INFO     | Backtest   | [回测 4/5] 模拟第 4111/4905 笔交易: 浙江医药...
2026-05-03 08:19:17.340 | INFO     | Backtest   | [回测 4/5] 模拟第 4121/4905 笔交易: 公元股份...
2026-05-03 08:19:17.578 | INFO     | Backtest   | [回测 4/5] 模拟第 4131/4905 笔交易: 捷顺科技...
2026-05-03 08:19:17.806 | INFO     | Backtest   | [回测 4/5] 模拟第 4141/4905 笔交易: 国网英大...
2026-05-03 08:19:17.999 | INFO     | Backtest   | [回测 4/5] 模拟第 4151/4905 笔交易: 晶澳科技...
2026-05-03 08:19:18.199 | INFO     | Backtest   | [回测 4/5] 模拟第 4161/4905 笔交易: 保龄宝...
2026-05-03 08:19:18.398 | INFO     | Backtest   | [回测 4/5] 模拟第 4171/4905 笔交易: 安彩高科...
2026-05-03 08:19:18.658 | INFO     | Backtest   | [回测 4/5] 模拟第 4181/4905 笔交易: 瑞茂通...
2026-05-03 08:19:18.831 | INFO     | Backtest   | [回测 4/5] 模拟第 4191/4905 笔交易: 厦门港务...
2026-05-03 08:19:18.995 | INFO     | Backtest   | [回测 4/5] 模拟第 4201/4905 笔交易: 金瑞矿业...
2026-05-03 08:19:19.193 | INFO     | Backtest   | [回测 4/5] 模拟第 4211/4905 笔交易: 兔宝宝...
2026-05-03 08:19:19.381 | INFO     | Backtest   | [回测 4/5] 模拟第 4221/4905 笔交易: 掌阅科技...
2026-05-03 08:19:19.563 | INFO     | Backtest   | [回测 4/5] 模拟第 4231/4905 笔交易: 辉隆股份...
2026-05-03 08:19:19.783 | INFO     | Backtest   | [回测 4/5] 模拟第 4241/4905 笔交易: 太龙股份...
2026-05-03 08:19:19.982 | INFO     | Backtest   | [回测 4/5] 模拟第 4251/4905 笔交易: 先进数通...
2026-05-03 08:19:20.180 | INFO     | Backtest   | [回测 4/5] 模拟第 4261/4905 笔交易: 长阳科技...
2026-05-03 08:19:20.365 | INFO     | Backtest   | [回测 4/5] 模拟第 4271/4905 笔交易: 宏源药业...
2026-05-03 08:19:20.555 | INFO     | Backtest   | [回测 4/5] 模拟第 4281/4905 笔交易: 彩虹股份...
2026-05-03 08:19:20.735 | INFO     | Backtest   | [回测 4/5] 模拟第 4291/4905 笔交易: 孚日股份...
2026-05-03 08:19:20.895 | INFO     | Backtest   | [回测 4/5] 模拟第 4301/4905 笔交易: 新劲刚...
2026-05-03 08:19:21.032 | INFO     | Backtest   | [回测 4/5] 模拟第 4311/4905 笔交易: 圣农发展...
2026-05-03 08:19:21.196 | INFO     | Backtest   | [回测 4/5] 模拟第 4321/4905 笔交易: 华创云信...
2026-05-03 08:19:21.342 | INFO     | Backtest   | [回测 4/5] 模拟第 4331/4905 笔交易: 新凤鸣...
2026-05-03 08:19:21.507 | INFO     | Backtest   | [回测 4/5] 模拟第 4341/4905 笔交易: 亚星化学...
2026-05-03 08:19:21.655 | INFO     | Backtest   | [回测 4/5] 模拟第 4351/4905 笔交易: 赞宇科技...
2026-05-03 08:19:21.857 | INFO     | Backtest   | [回测 4/5] 模拟第 4361/4905 笔交易: 海天精工...
2026-05-03 08:19:22.070 | INFO     | Backtest   | [回测 4/5] 模拟第 4371/4905 笔交易: 航锦科技...
2026-05-03 08:19:22.225 | INFO     | Backtest   | [回测 4/5] 模拟第 4381/4905 笔交易: 精进电动-UW...
2026-05-03 08:19:22.402 | INFO     | Backtest   | [回测 4/5] 模拟第 4391/4905 笔交易: 昌红科技...
2026-05-03 08:19:22.603 | INFO     | Backtest   | [回测 4/5] 模拟第 4401/4905 笔交易: 大西洋...
2026-05-03 08:19:22.781 | INFO     | Backtest   | [回测 4/5] 模拟第 4411/4905 笔交易: 山东玻纤...
2026-05-03 08:19:22.939 | INFO     | Backtest   | [回测 4/5] 模拟第 4421/4905 笔交易: 双星新材...
2026-05-03 08:19:23.148 | INFO     | Backtest   | [回测 4/5] 模拟第 4431/4905 笔交易: 三友化工...
2026-05-03 08:19:23.336 | INFO     | Backtest   | [回测 4/5] 模拟第 4441/4905 笔交易: 钛能化学...
2026-05-03 08:19:23.507 | INFO     | Backtest   | [回测 4/5] 模拟第 4451/4905 笔交易: 鲁北化工...
2026-05-03 08:19:23.665 | INFO     | Backtest   | [回测 4/5] 模拟第 4461/4905 笔交易: 青松股份...
2026-05-03 08:19:23.812 | INFO     | Backtest   | [回测 4/5] 模拟第 4471/4905 笔交易: 皇氏集团...
2026-05-03 08:19:23.981 | INFO     | Backtest   | [回测 4/5] 模拟第 4481/4905 笔交易: 时代万恒...
2026-05-03 08:19:24.154 | INFO     | Backtest   | [回测 4/5] 模拟第 4491/4905 笔交易: 大连热电...
2026-05-03 08:19:24.314 | INFO     | Backtest   | [回测 4/5] 模拟第 4501/4905 笔交易: 中远通...
2026-05-03 08:19:24.522 | INFO     | Backtest   | [回测 4/5] 模拟第 4511/4905 笔交易: 狮头股份...
2026-05-03 08:19:24.696 | INFO     | Backtest   | [回测 4/5] 模拟第 4521/4905 笔交易: 振东制药...
2026-05-03 08:19:24.897 | INFO     | Backtest   | [回测 4/5] 模拟第 4531/4905 笔交易: 开尔新材...
2026-05-03 08:19:25.129 | INFO     | Backtest   | [回测 4/5] 模拟第 4541/4905 笔交易: XD高能环...
2026-05-03 08:19:25.309 | INFO     | Backtest   | [回测 4/5] 模拟第 4551/4905 笔交易: 我武生物...
2026-05-03 08:19:25.513 | INFO     | Backtest   | [回测 4/5] 模拟第 4561/4905 笔交易: 上海家化...
2026-05-03 08:19:25.681 | INFO     | Backtest   | [回测 4/5] 模拟第 4571/4905 笔交易: 鹏鹞环保...
2026-05-03 08:19:25.882 | INFO     | Backtest   | [回测 4/5] 模拟第 4581/4905 笔交易: 莲花控股...
2026-05-03 08:19:26.074 | INFO     | Backtest   | [回测 4/5] 模拟第 4591/4905 笔交易: 凯美特气...
2026-05-03 08:19:26.282 | INFO     | Backtest   | [回测 4/5] 模拟第 4601/4905 笔交易: 创维数字...
2026-05-03 08:19:26.463 | INFO     | Backtest   | [回测 4/5] 模拟第 4611/4905 笔交易: 恒盛能源...
2026-05-03 08:19:26.664 | INFO     | Backtest   | [回测 4/5] 模拟第 4621/4905 笔交易: 智光电气...
2026-05-03 08:19:26.884 | INFO     | Backtest   | [回测 4/5] 模拟第 4631/4905 笔交易: 康斯特...
2026-05-03 08:19:27.117 | INFO     | Backtest   | [回测 4/5] 模拟第 4641/4905 笔交易: 幸福蓝海...
2026-05-03 08:19:27.314 | INFO     | Backtest   | [回测 4/5] 模拟第 4651/4905 笔交易: 福达股份...
2026-05-03 08:19:27.520 | INFO     | Backtest   | [回测 4/5] 模拟第 4661/4905 笔交易: 聚光科技...
2026-05-03 08:19:27.735 | INFO     | Backtest   | [回测 4/5] 模拟第 4671/4905 笔交易: 瑞泰新材...
2026-05-03 08:19:27.953 | INFO     | Backtest   | [回测 4/5] 模拟第 4681/4905 笔交易: 华源控股...
2026-05-03 08:19:28.188 | INFO     | Backtest   | [回测 4/5] 模拟第 4691/4905 笔交易: 飞力达...
2026-05-03 08:19:28.421 | INFO     | Backtest   | [回测 4/5] 模拟第 4701/4905 笔交易: 嘉应制药...
2026-05-03 08:19:28.654 | INFO     | Backtest   | [回测 4/5] 模拟第 4711/4905 笔交易: 德艺文创...
2026-05-03 08:19:28.839 | INFO     | Backtest   | [回测 4/5] 模拟第 4721/4905 笔交易: 海联金汇...
2026-05-03 08:19:29.074 | INFO     | Backtest   | [回测 4/5] 模拟第 4731/4905 笔交易: 宏达高科...
2026-05-03 08:19:29.295 | INFO     | Backtest   | [回测 4/5] 模拟第 4741/4905 笔交易: 吉林敖东...
2026-05-03 08:19:29.504 | INFO     | Backtest   | [回测 4/5] 模拟第 4751/4905 笔交易: 迈赫股份...
2026-05-03 08:19:29.716 | INFO     | Backtest   | [回测 4/5] 模拟第 4761/4905 笔交易: 湘佳股份...
2026-05-03 08:19:29.919 | INFO     | Backtest   | [回测 4/5] 模拟第 4771/4905 笔交易: 水星家纺...
2026-05-03 08:19:30.113 | INFO     | Backtest   | [回测 4/5] 模拟第 4781/4905 笔交易: 佳力图...
2026-05-03 08:19:30.277 | INFO     | Backtest   | [回测 4/5] 模拟第 4791/4905 笔交易: 金钼股份...
2026-05-03 08:19:30.456 | INFO     | Backtest   | [回测 4/5] 模拟第 4801/4905 笔交易: 光莆股份...
2026-05-03 08:19:30.592 | INFO     | Backtest   | [回测 4/5] 模拟第 4811/4905 笔交易: 平高电气...
2026-05-03 08:19:30.726 | INFO     | Backtest   | [回测 4/5] 模拟第 4821/4905 笔交易: 金信诺...
2026-05-03 08:19:30.891 | INFO     | Backtest   | [回测 4/5] 模拟第 4831/4905 笔交易: 元祖股份...
2026-05-03 08:19:31.031 | INFO     | Backtest   | [回测 4/5] 模拟第 4841/4905 笔交易: 三鑫医疗...
2026-05-03 08:19:31.224 | INFO     | Backtest   | [回测 4/5] 模拟第 4851/4905 笔交易: 湖北宜化...
2026-05-03 08:19:31.320 | INFO     | Backtest   | [回测 4/5] 模拟第 4861/4905 笔交易: 蔚蓝锂芯...
2026-05-03 08:19:31.481 | INFO     | Backtest   | [回测 4/5] 模拟第 4871/4905 笔交易: 初灵信息...
2026-05-03 08:19:31.615 | INFO     | Backtest   | [回测 4/5] 模拟第 4881/4905 笔交易: 麦捷科技...
2026-05-03 08:19:31.741 | INFO     | Backtest   | [回测 4/5] 模拟第 4891/4905 笔交易: 芯联集成-U...
2026-05-03 08:19:31.903 | INFO     | Backtest   | [回测 4/5] 模拟第 4901/4905 笔交易: 广哈通信...
2026-05-03 08:19:31.977 | INFO     | Backtest   | [回测 5/5] 回测任务完成: 1154笔(含0笔平手离场)
2026-05-03 08:19:32.847 | INFO     | Backtest   | [回测 1/5] 筛选回测目标股票...
2026-05-03 08:19:32.862 | INFO     | Backtest   | [回测 2/5] 加载 5010 只股票的历史数据进行快速扫描...
2026-05-03 08:19:46.706 | INFO     | Backtest   | [回测 3/5] 计算策略信号 (基于日线信号库)...
2026-05-03 08:19:46.713 | INFO     | Screener   | 🧬 [Loader] 识别到类继承策略: MA5AngleOriginalStrategy
2026-05-03 08:19:54.556 | INFO     | Backtest   | [回测 4/5] 处理 4905 条信号，执行精细分钟线仿真...
2026-05-03 08:19:54.563 | INFO     | Backtest   | [回测 4/5] 模拟第 1/4905 笔交易: 升达林业...
2026-05-03 08:19:54.964 | INFO     | Backtest   | [回测 4/5] 模拟第 11/4905 笔交易: 万丰股份...
2026-05-03 08:19:55.374 | INFO     | Backtest   | [回测 4/5] 模拟第 21/4905 笔交易: 恒誉环保...
2026-05-03 08:19:55.760 | INFO     | Backtest   | [回测 4/5] 模拟第 31/4905 笔交易: 锦鸡股份...
2026-05-03 08:19:56.162 | INFO     | Backtest   | [回测 4/5] 模拟第 41/4905 笔交易: 君正集团...
2026-05-03 08:19:56.564 | INFO     | Backtest   | [回测 4/5] 模拟第 51/4905 笔交易: 海洋王...
2026-05-03 08:19:56.914 | INFO     | Backtest   | [回测 4/5] 模拟第 61/4905 笔交易: 三雄极光...
2026-05-03 08:19:57.290 | INFO     | Backtest   | [回测 4/5] 模拟第 71/4905 笔交易: 世名科技...
2026-05-03 08:19:57.646 | INFO     | Backtest   | [回测 4/5] 模拟第 81/4905 笔交易: 朝阳科技...
2026-05-03 08:19:58.007 | INFO     | Backtest   | [回测 4/5] 模拟第 91/4905 笔交易: 飞荣达...
2026-05-03 08:19:58.396 | INFO     | Backtest   | [回测 4/5] 模拟第 101/4905 笔交易: 春兴精工...
2026-05-03 08:19:58.790 | INFO     | Backtest   | [回测 4/5] 模拟第 111/4905 笔交易: 苏州科达...
2026-05-03 08:19:59.240 | INFO     | Backtest   | [回测 4/5] 模拟第 121/4905 笔交易: 海默科技...
2026-05-03 08:19:59.650 | INFO     | Backtest   | [回测 4/5] 模拟第 131/4905 笔交易: 立昂技术...
2026-05-03 08:20:00.015 | INFO     | Backtest   | [回测 4/5] 模拟第 141/4905 笔交易: 多伦科技...
2026-05-03 08:20:00.429 | INFO     | Backtest   | [回测 4/5] 模拟第 151/4905 笔交易: 易瑞生物...
2026-05-03 08:20:00.807 | INFO     | Backtest   | [回测 4/5] 模拟第 161/4905 笔交易: 宇环数控...
2026-05-03 08:20:01.202 | INFO     | Backtest   | [回测 4/5] 模拟第 171/4905 笔交易: 格尔软件...
2026-05-03 08:20:01.604 | INFO     | Backtest   | [回测 4/5] 模拟第 181/4905 笔交易: 神州信息...
2026-05-03 08:20:01.991 | INFO     | Backtest   | [回测 4/5] 模拟第 191/4905 笔交易: 鸿特科技...
2026-05-03 08:20:02.379 | INFO     | Backtest   | [回测 4/5] 模拟第 201/4905 笔交易: 东方智造...
2026-05-03 08:20:02.783 | INFO     | Backtest   | [回测 4/5] 模拟第 211/4905 笔交易: 粤桂股份...
2026-05-03 08:20:03.194 | INFO     | Backtest   | [回测 4/5] 模拟第 221/4905 笔交易: 松霖科技...
2026-05-03 08:20:03.598 | INFO     | Backtest   | [回测 4/5] 模拟第 231/4905 笔交易: 久其软件...
2026-05-03 08:20:04.013 | INFO     | Backtest   | [回测 4/5] 模拟第 241/4905 笔交易: 锦龙股份...
2026-05-03 08:20:04.431 | INFO     | Backtest   | [回测 4/5] 模拟第 251/4905 笔交易: 菲沃泰...
2026-05-03 08:20:04.895 | INFO     | Backtest   | [回测 4/5] 模拟第 261/4905 笔交易: 山高环能...
2026-05-03 08:20:05.322 | INFO     | Backtest   | [回测 4/5] 模拟第 271/4905 笔交易: 四创电子...
2026-05-03 08:20:05.719 | INFO     | Backtest   | [回测 4/5] 模拟第 281/4905 笔交易: 广电运通...
2026-05-03 08:20:06.127 | INFO     | Backtest   | [回测 4/5] 模拟第 291/4905 笔交易: 中科江南...
2026-05-03 08:20:06.542 | INFO     | Backtest   | [回测 4/5] 模拟第 301/4905 笔交易: 钛能化学...
2026-05-03 08:20:06.936 | INFO     | Backtest   | [回测 4/5] 模拟第 311/4905 笔交易: 华鼎股份...
2026-05-03 08:20:07.344 | INFO     | Backtest   | [回测 4/5] 模拟第 321/4905 笔交易: 钱江生化...
2026-05-03 08:20:07.766 | INFO     | Backtest   | [回测 4/5] 模拟第 331/4905 笔交易: 德冠新材...
2026-05-03 08:20:08.169 | INFO     | Backtest   | [回测 4/5] 模拟第 341/4905 笔交易: 罗平锌电...
2026-05-03 08:20:08.587 | INFO     | Backtest   | [回测 4/5] 模拟第 351/4905 笔交易: 金智科技...
2026-05-03 08:20:08.953 | INFO     | Backtest   | [回测 4/5] 模拟第 361/4905 笔交易: 宏盛华源...
2026-05-03 08:20:09.366 | INFO     | Backtest   | [回测 4/5] 模拟第 371/4905 笔交易: 东软集团...
2026-05-03 08:20:09.773 | INFO     | Backtest   | [回测 4/5] 模拟第 381/4905 笔交易: 泰和科技...
2026-05-03 08:20:10.156 | INFO     | Backtest   | [回测 4/5] 模拟第 391/4905 笔交易: 海德股份...
2026-05-03 08:20:10.562 | INFO     | Backtest   | [回测 4/5] 模拟第 401/4905 笔交易: 中关村...
2026-05-03 08:20:10.964 | INFO     | Backtest   | [回测 4/5] 模拟第 411/4905 笔交易: 彩蝶实业...
2026-05-03 08:20:11.362 | INFO     | Backtest   | [回测 4/5] 模拟第 421/4905 笔交易: 汇金通...
2026-05-03 08:20:11.788 | INFO     | Backtest   | [回测 4/5] 模拟第 431/4905 笔交易: 西部矿业...
2026-05-03 08:20:12.194 | INFO     | Backtest   | [回测 4/5] 模拟第 441/4905 笔交易: 游族网络...
2026-05-03 08:20:12.590 | INFO     | Backtest   | [回测 4/5] 模拟第 451/4905 笔交易: 保龄宝...
2026-05-03 08:20:12.948 | INFO     | Backtest   | [回测 4/5] 模拟第 461/4905 笔交易: 麦克奥迪...
2026-05-03 08:20:13.327 | INFO     | Backtest   | [回测 4/5] 模拟第 471/4905 笔交易: 博汇纸业...
2026-05-03 08:20:13.720 | INFO     | Backtest   | [回测 4/5] 模拟第 481/4905 笔交易: 得利斯...
2026-05-03 08:20:14.122 | INFO     | Backtest   | [回测 4/5] 模拟第 491/4905 笔交易: 宁波富达...
2026-05-03 08:20:14.521 | INFO     | Backtest   | [回测 4/5] 模拟第 501/4905 笔交易: 上海九百...
2026-05-03 08:20:14.942 | INFO     | Backtest   | [回测 4/5] 模拟第 511/4905 笔交易: 粤高速Ａ...
2026-05-03 08:20:15.353 | INFO     | Backtest   | [回测 4/5] 模拟第 521/4905 笔交易: 高乐股份...
2026-05-03 08:20:15.755 | INFO     | Backtest   | [回测 4/5] 模拟第 531/4905 笔交易: 海伦钢琴...
2026-05-03 08:20:16.153 | INFO     | Backtest   | [回测 4/5] 模拟第 541/4905 笔交易: 李子园...
2026-05-03 08:20:16.550 | INFO     | Backtest   | [回测 4/5] 模拟第 551/4905 笔交易: 崧盛股份...
2026-05-03 08:20:16.954 | INFO     | Backtest   | [回测 4/5] 模拟第 561/4905 笔交易: 恒尚节能...
2026-05-03 08:20:17.316 | INFO     | Backtest   | [回测 4/5] 模拟第 571/4905 笔交易: 明阳电路...
2026-05-03 08:20:17.705 | INFO     | Backtest   | [回测 4/5] 模拟第 581/4905 笔交易: 二六三...
2026-05-03 08:20:18.102 | INFO     | Backtest   | [回测 4/5] 模拟第 591/4905 笔交易: 大为股份...
2026-05-03 08:20:18.504 | INFO     | Backtest   | [回测 4/5] 模拟第 601/4905 笔交易: 星网宇达...
2026-05-03 08:20:18.923 | INFO     | Backtest   | [回测 4/5] 模拟第 611/4905 笔交易: 锦江在线...
2026-05-03 08:20:19.301 | INFO     | Backtest   | [回测 4/5] 模拟第 621/4905 笔交易: 再升科技...
2026-05-03 08:20:19.716 | INFO     | Backtest   | [回测 4/5] 模拟第 631/4905 笔交易: 汉缆股份...
2026-05-03 08:20:20.136 | INFO     | Backtest   | [回测 4/5] 模拟第 641/4905 笔交易: 奥拓电子...
2026-05-03 08:20:20.540 | INFO     | Backtest   | [回测 4/5] 模拟第 651/4905 笔交易: 三维通信...
2026-05-03 08:20:20.861 | INFO     | Backtest   | [回测 4/5] 模拟第 661/4905 笔交易: 杭州高新...
2026-05-03 08:20:21.244 | INFO     | Backtest   | [回测 4/5] 模拟第 671/4905 笔交易: 南新制药...
2026-05-03 08:20:21.626 | INFO     | Backtest   | [回测 4/5] 模拟第 681/4905 笔交易: 华媒控股...
2026-05-03 08:20:21.995 | INFO     | Backtest   | [回测 4/5] 模拟第 691/4905 笔交易: 康泰医学...
2026-05-03 08:20:22.385 | INFO     | Backtest   | [回测 4/5] 模拟第 701/4905 笔交易: 三旺通信...
2026-05-03 08:20:22.801 | INFO     | Backtest   | [回测 4/5] 模拟第 711/4905 笔交易: 雅博股份...
2026-05-03 08:20:23.223 | INFO     | Backtest   | [回测 4/5] 模拟第 721/4905 笔交易: 泰祥股份...
2026-05-03 08:20:23.649 | INFO     | Backtest   | [回测 4/5] 模拟第 731/4905 笔交易: 熙菱信息...
2026-05-03 08:20:24.065 | INFO     | Backtest   | [回测 4/5] 模拟第 741/4905 笔交易: 合富中国...
2026-05-03 08:20:24.501 | INFO     | Backtest   | [回测 4/5] 模拟第 751/4905 笔交易: 宣泰医药...
2026-05-03 08:20:24.887 | INFO     | Backtest   | [回测 4/5] 模拟第 761/4905 笔交易: 澳弘电子...
2026-05-03 08:20:25.315 | INFO     | Backtest   | [回测 4/5] 模拟第 771/4905 笔交易: 戴维医疗...
2026-05-03 08:20:25.694 | INFO     | Backtest   | [回测 4/5] 模拟第 781/4905 笔交易: 东方生物...
2026-05-03 08:20:26.093 | INFO     | Backtest   | [回测 4/5] 模拟第 791/4905 笔交易: 科华控股...
2026-05-03 08:20:26.496 | INFO     | Backtest   | [回测 4/5] 模拟第 801/4905 笔交易: 哈药股份...
2026-05-03 08:20:26.922 | INFO     | Backtest   | [回测 4/5] 模拟第 811/4905 笔交易: 威派格...
2026-05-03 08:20:27.330 | INFO     | Backtest   | [回测 4/5] 模拟第 821/4905 笔交易: 申联生物...
2026-05-03 08:20:27.741 | INFO     | Backtest   | [回测 4/5] 模拟第 831/4905 笔交易: 福莱蒽特...
2026-05-03 08:20:28.162 | INFO     | Backtest   | [回测 4/5] 模拟第 841/4905 笔交易: 赢合科技...
2026-05-03 08:20:28.565 | INFO     | Backtest   | [回测 4/5] 模拟第 851/4905 笔交易: 哈三联...
2026-05-03 08:20:28.903 | INFO     | Backtest   | [回测 4/5] 模拟第 861/4905 笔交易: 江苏有线...
2026-05-03 08:20:29.260 | INFO     | Backtest   | [回测 4/5] 模拟第 871/4905 笔交易: 华谊集团...
2026-05-03 08:20:29.629 | INFO     | Backtest   | [回测 4/5] 模拟第 881/4905 笔交易: 西麦食品...
2026-05-03 08:20:30.002 | INFO     | Backtest   | [回测 4/5] 模拟第 891/4905 笔交易: 北矿科技...
2026-05-03 08:20:30.356 | INFO     | Backtest   | [回测 4/5] 模拟第 901/4905 笔交易: 英派斯...
2026-05-03 08:20:30.747 | INFO     | Backtest   | [回测 4/5] 模拟第 911/4905 笔交易: 交大昂立...
2026-05-03 08:20:31.094 | INFO     | Backtest   | [回测 4/5] 模拟第 921/4905 笔交易: 江苏神通...
2026-05-03 08:20:31.471 | INFO     | Backtest   | [回测 4/5] 模拟第 931/4905 笔交易: 长缆科技...
2026-05-03 08:20:31.841 | INFO     | Backtest   | [回测 4/5] 模拟第 941/4905 笔交易: 元隆雅图...
2026-05-03 08:20:32.143 | INFO     | Backtest   | [回测 4/5] 模拟第 951/4905 笔交易: 中国石化...
2026-05-03 08:20:32.475 | INFO     | Backtest   | [回测 4/5] 模拟第 961/4905 笔交易: 歌力思...
2026-05-03 08:20:32.818 | INFO     | Backtest   | [回测 4/5] 模拟第 971/4905 笔交易: 文峰股份...
2026-05-03 08:20:33.153 | INFO     | Backtest   | [回测 4/5] 模拟第 981/4905 笔交易: 创识科技...
2026-05-03 08:20:33.498 | INFO     | Backtest   | [回测 4/5] 模拟第 991/4905 笔交易: 友邦吊顶...
2026-05-03 08:20:33.860 | INFO     | Backtest   | [回测 4/5] 模拟第 1001/4905 笔交易: 沃尔核材...
2026-05-03 08:20:34.221 | INFO     | Backtest   | [回测 4/5] 模拟第 1011/4905 笔交易: 上海银行...
2026-05-03 08:20:34.538 | INFO     | Backtest   | [回测 4/5] 模拟第 1021/4905 笔交易: 新亚强...
2026-05-03 08:20:34.859 | INFO     | Backtest   | [回测 4/5] 模拟第 1031/4905 笔交易: 三和管桩...
2026-05-03 08:20:35.235 | INFO     | Backtest   | [回测 4/5] 模拟第 1041/4905 笔交易: 鹿山新材...
2026-05-03 08:20:35.538 | INFO     | Backtest   | [回测 4/5] 模拟第 1051/4905 笔交易: 塞力医疗...
2026-05-03 08:20:35.914 | INFO     | Backtest   | [回测 4/5] 模拟第 1061/4905 笔交易: 建设工业...
2026-05-03 08:20:36.227 | INFO     | Backtest   | [回测 4/5] 模拟第 1071/4905 笔交易: 招金黄金...
2026-05-03 08:20:36.575 | INFO     | Backtest   | [回测 4/5] 模拟第 1081/4905 笔交易: 朗坤科技...
2026-05-03 08:20:36.933 | INFO     | Backtest   | [回测 4/5] 模拟第 1091/4905 笔交易: 信音电子...
2026-05-03 08:20:37.301 | INFO     | Backtest   | [回测 4/5] 模拟第 1101/4905 笔交易: 德创环保...
2026-05-03 08:20:37.643 | INFO     | Backtest   | [回测 4/5] 模拟第 1111/4905 笔交易: 国盛证券...
2026-05-03 08:20:37.987 | INFO     | Backtest   | [回测 4/5] 模拟第 1121/4905 笔交易: 研奥股份...
2026-05-03 08:20:38.360 | INFO     | Backtest   | [回测 4/5] 模拟第 1131/4905 笔交易: 华骐环保...
2026-05-03 08:20:38.738 | INFO     | Backtest   | [回测 4/5] 模拟第 1141/4905 笔交易: 楚江新材...
2026-05-03 08:20:39.113 | INFO     | Backtest   | [回测 4/5] 模拟第 1151/4905 笔交易: 机器人...
2026-05-03 08:20:39.486 | INFO     | Backtest   | [回测 4/5] 模拟第 1161/4905 笔交易: 红塔证券...
2026-05-03 08:20:39.832 | INFO     | Backtest   | [回测 4/5] 模拟第 1171/4905 笔交易: 金奥博...
2026-05-03 08:20:40.191 | INFO     | Backtest   | [回测 4/5] 模拟第 1181/4905 笔交易: 中国电建...
2026-05-03 08:20:40.557 | INFO     | Backtest   | [回测 4/5] 模拟第 1191/4905 笔交易: 永安期货...
2026-05-03 08:20:40.874 | INFO     | Backtest   | [回测 4/5] 模拟第 1201/4905 笔交易: 香溢融通...
2026-05-03 08:20:41.232 | INFO     | Backtest   | [回测 4/5] 模拟第 1211/4905 笔交易: 晨曦航空...
2026-05-03 08:20:41.519 | INFO     | Backtest   | [回测 4/5] 模拟第 1221/4905 笔交易: 中远通...
2026-05-03 08:20:41.835 | INFO     | Backtest   | [回测 4/5] 模拟第 1231/4905 笔交易: 宏昌电子...
2026-05-03 08:20:42.161 | INFO     | Backtest   | [回测 4/5] 模拟第 1241/4905 笔交易: 歌尔股份...
2026-05-03 08:20:42.501 | INFO     | Backtest   | [回测 4/5] 模拟第 1251/4905 笔交易: 世茂能源...
2026-05-03 08:20:42.803 | INFO     | Backtest   | [回测 4/5] 模拟第 1261/4905 笔交易: 中南传媒...
2026-05-03 08:20:43.161 | INFO     | Backtest   | [回测 4/5] 模拟第 1271/4905 笔交易: 悦达投资...
2026-05-03 08:20:43.462 | INFO     | Backtest   | [回测 4/5] 模拟第 1281/4905 笔交易: 仕净科技...
2026-05-03 08:20:43.795 | INFO     | Backtest   | [回测 4/5] 模拟第 1291/4905 笔交易: 中石科技...
2026-05-03 08:20:44.136 | INFO     | Backtest   | [回测 4/5] 模拟第 1301/4905 笔交易: 长江材料...
2026-05-03 08:20:44.468 | INFO     | Backtest   | [回测 4/5] 模拟第 1311/4905 笔交易: 可立克...
2026-05-03 08:20:44.811 | INFO     | Backtest   | [回测 4/5] 模拟第 1321/4905 笔交易: 盐湖股份...
2026-05-03 08:20:45.179 | INFO     | Backtest   | [回测 4/5] 模拟第 1331/4905 笔交易: 协鑫集成...
2026-05-03 08:20:45.517 | INFO     | Backtest   | [回测 4/5] 模拟第 1341/4905 笔交易: 雅化集团...
2026-05-03 08:20:45.880 | INFO     | Backtest   | [回测 4/5] 模拟第 1351/4905 笔交易: 宁夏建材...
2026-05-03 08:20:46.204 | INFO     | Backtest   | [回测 4/5] 模拟第 1361/4905 笔交易: 天玑科技...
2026-05-03 08:20:46.551 | INFO     | Backtest   | [回测 4/5] 模拟第 1371/4905 笔交易: 光莆股份...
2026-05-03 08:20:46.874 | INFO     | Backtest   | [回测 4/5] 模拟第 1381/4905 笔交易: 六国化工...
2026-05-03 08:20:47.167 | INFO     | Backtest   | [回测 4/5] 模拟第 1391/4905 笔交易: 亚士创能...
2026-05-03 08:20:47.494 | INFO     | Backtest   | [回测 4/5] 模拟第 1401/4905 笔交易: 园林股份...
2026-05-03 08:20:47.813 | INFO     | Backtest   | [回测 4/5] 模拟第 1411/4905 笔交易: 诚意药业...
2026-05-03 08:20:48.129 | INFO     | Backtest   | [回测 4/5] 模拟第 1421/4905 笔交易: 海象新材...
2026-05-03 08:20:48.480 | INFO     | Backtest   | [回测 4/5] 模拟第 1431/4905 笔交易: 安利股份...
2026-05-03 08:20:48.787 | INFO     | Backtest   | [回测 4/5] 模拟第 1441/4905 笔交易: 迅捷兴...
2026-05-03 08:20:49.085 | INFO     | Backtest   | [回测 4/5] 模拟第 1451/4905 笔交易: 顺网科技...
2026-05-03 08:20:49.413 | INFO     | Backtest   | [回测 4/5] 模拟第 1461/4905 笔交易: 银龙股份...
2026-05-03 08:20:49.726 | INFO     | Backtest   | [回测 4/5] 模拟第 1471/4905 笔交易: 森麒麟...
2026-05-03 08:20:50.055 | INFO     | Backtest   | [回测 4/5] 模拟第 1481/4905 笔交易: 红日药业...
2026-05-03 08:20:50.386 | INFO     | Backtest   | [回测 4/5] 模拟第 1491/4905 笔交易: 仁智股份...
2026-05-03 08:20:50.701 | INFO     | Backtest   | [回测 4/5] 模拟第 1501/4905 笔交易: 飞乐音响...
2026-05-03 08:20:50.982 | INFO     | Backtest   | [回测 4/5] 模拟第 1511/4905 笔交易: 泰坦股份...
2026-05-03 08:20:51.308 | INFO     | Backtest   | [回测 4/5] 模拟第 1521/4905 笔交易: 物产环能...
2026-05-03 08:20:51.627 | INFO     | Backtest   | [回测 4/5] 模拟第 1531/4905 笔交易: 新赛股份...
2026-05-03 08:20:51.944 | INFO     | Backtest   | [回测 4/5] 模拟第 1541/4905 笔交易: 华建集团...
2026-05-03 08:20:52.253 | INFO     | Backtest   | [回测 4/5] 模拟第 1551/4905 笔交易: 华峰化学...
2026-05-03 08:20:52.556 | INFO     | Backtest   | [回测 4/5] 模拟第 1561/4905 笔交易: 铁建重工...
2026-05-03 08:20:52.799 | INFO     | Backtest   | [回测 4/5] 模拟第 1571/4905 笔交易: 西部建设...
2026-05-03 08:20:53.054 | INFO     | Backtest   | [回测 4/5] 模拟第 1581/4905 笔交易: 建设机械...
2026-05-03 08:20:53.327 | INFO     | Backtest   | [回测 4/5] 模拟第 1591/4905 笔交易: 福建水泥...
2026-05-03 08:20:53.554 | INFO     | Backtest   | [回测 4/5] 模拟第 1601/4905 笔交易: 节能铁汉...
2026-05-03 08:20:53.871 | INFO     | Backtest   | [回测 4/5] 模拟第 1611/4905 笔交易: 通裕重工...
2026-05-03 08:20:54.166 | INFO     | Backtest   | [回测 4/5] 模拟第 1621/4905 笔交易: 中国一重...
2026-05-03 08:20:54.469 | INFO     | Backtest   | [回测 4/5] 模拟第 1631/4905 笔交易: 智慧农业...
2026-05-03 08:20:54.726 | INFO     | Backtest   | [回测 4/5] 模拟第 1641/4905 笔交易: 晋控煤业...
2026-05-03 08:20:55.036 | INFO     | Backtest   | [回测 4/5] 模拟第 1651/4905 笔交易: 名雕股份...
2026-05-03 08:20:55.362 | INFO     | Backtest   | [回测 4/5] 模拟第 1661/4905 笔交易: 蒙草生态...
2026-05-03 08:20:55.686 | INFO     | Backtest   | [回测 4/5] 模拟第 1671/4905 笔交易: 曙光股份...
2026-05-03 08:20:55.984 | INFO     | Backtest   | [回测 4/5] 模拟第 1681/4905 笔交易: 清新环境...
2026-05-03 08:20:56.299 | INFO     | Backtest   | [回测 4/5] 模拟第 1691/4905 笔交易: 金安国纪...
2026-05-03 08:20:56.584 | INFO     | Backtest   | [回测 4/5] 模拟第 1701/4905 笔交易: 远东股份...
2026-05-03 08:20:56.916 | INFO     | Backtest   | [回测 4/5] 模拟第 1711/4905 笔交易: 天地科技...
2026-05-03 08:20:57.202 | INFO     | Backtest   | [回测 4/5] 模拟第 1721/4905 笔交易: 汇通集团...
2026-05-03 08:20:57.492 | INFO     | Backtest   | [回测 4/5] 模拟第 1731/4905 笔交易: 英洛华...
2026-05-03 08:20:57.810 | INFO     | Backtest   | [回测 4/5] 模拟第 1741/4905 笔交易: 三诺生物...
2026-05-03 08:20:58.130 | INFO     | Backtest   | [回测 4/5] 模拟第 1751/4905 笔交易: 先锋电子...
2026-05-03 08:20:58.431 | INFO     | Backtest   | [回测 4/5] 模拟第 1761/4905 笔交易: 华星创业...
2026-05-03 08:20:58.731 | INFO     | Backtest   | [回测 4/5] 模拟第 1771/4905 笔交易: 奥翔药业...
2026-05-03 08:20:59.009 | INFO     | Backtest   | [回测 4/5] 模拟第 1781/4905 笔交易: 京新药业...
2026-05-03 08:20:59.291 | INFO     | Backtest   | [回测 4/5] 模拟第 1791/4905 笔交易: 河化股份...
2026-05-03 08:20:59.571 | INFO     | Backtest   | [回测 4/5] 模拟第 1801/4905 笔交易: 中国医药...
2026-05-03 08:20:59.898 | INFO     | Backtest   | [回测 4/5] 模拟第 1811/4905 笔交易: 天和防务...
2026-05-03 08:21:00.199 | INFO     | Backtest   | [回测 4/5] 模拟第 1821/4905 笔交易: 深深房Ａ...
2026-05-03 08:21:00.497 | INFO     | Backtest   | [回测 4/5] 模拟第 1831/4905 笔交易: 联美控股...
2026-05-03 08:21:00.821 | INFO     | Backtest   | [回测 4/5] 模拟第 1841/4905 笔交易: 维力医疗...
2026-05-03 08:21:01.106 | INFO     | Backtest   | [回测 4/5] 模拟第 1851/4905 笔交易: 宇环数控...
2026-05-03 08:21:01.451 | INFO     | Backtest   | [回测 4/5] 模拟第 1861/4905 笔交易: 贝斯特...
2026-05-03 08:21:01.758 | INFO     | Backtest   | [回测 4/5] 模拟第 1871/4905 笔交易: 沈阳机床...
2026-05-03 08:21:02.115 | INFO     | Backtest   | [回测 4/5] 模拟第 1881/4905 笔交易: 双杰电气...
2026-05-03 08:21:02.441 | INFO     | Backtest   | [回测 4/5] 模拟第 1891/4905 笔交易: 国茂股份...
2026-05-03 08:21:02.699 | INFO     | Backtest   | [回测 4/5] 模拟第 1901/4905 笔交易: 上实发展...
2026-05-03 08:21:02.990 | INFO     | Backtest   | [回测 4/5] 模拟第 1911/4905 笔交易: 嘉麟杰...
2026-05-03 08:21:03.270 | INFO     | Backtest   | [回测 4/5] 模拟第 1921/4905 笔交易: 金枫酒业...
2026-05-03 08:21:03.608 | INFO     | Backtest   | [回测 4/5] 模拟第 1931/4905 笔交易: 新宝股份...
2026-05-03 08:21:03.934 | INFO     | Backtest   | [回测 4/5] 模拟第 1941/4905 笔交易: 铜陵有色...
2026-05-03 08:21:04.254 | INFO     | Backtest   | [回测 4/5] 模拟第 1951/4905 笔交易: 齐鲁银行...
2026-05-03 08:21:04.512 | INFO     | Backtest   | [回测 4/5] 模拟第 1961/4905 笔交易: 金发科技...
2026-05-03 08:21:04.815 | INFO     | Backtest   | [回测 4/5] 模拟第 1971/4905 笔交易: 景兴纸业...
2026-05-03 08:21:05.098 | INFO     | Backtest   | [回测 4/5] 模拟第 1981/4905 笔交易: 中兰环保...
2026-05-03 08:21:05.385 | INFO     | Backtest   | [回测 4/5] 模拟第 1991/4905 笔交易: 斯瑞新材...
2026-05-03 08:21:05.641 | INFO     | Backtest   | [回测 4/5] 模拟第 2001/4905 笔交易: 华力创通...
2026-05-03 08:21:05.957 | INFO     | Backtest   | [回测 4/5] 模拟第 2011/4905 笔交易: 久日新材...
2026-05-03 08:21:06.258 | INFO     | Backtest   | [回测 4/5] 模拟第 2021/4905 笔交易: 气派科技...
2026-05-03 08:21:06.568 | INFO     | Backtest   | [回测 4/5] 模拟第 2031/4905 笔交易: 南威软件...
2026-05-03 08:21:06.859 | INFO     | Backtest   | [回测 4/5] 模拟第 2041/4905 笔交易: 确成股份...
2026-05-03 08:21:07.129 | INFO     | Backtest   | [回测 4/5] 模拟第 2051/4905 笔交易: 南京新百...
2026-05-03 08:21:07.345 | INFO     | Backtest   | [回测 4/5] 模拟第 2061/4905 笔交易: 集泰股份...
2026-05-03 08:21:07.638 | INFO     | Backtest   | [回测 4/5] 模拟第 2071/4905 笔交易: 新致软件...
2026-05-03 08:21:07.937 | INFO     | Backtest   | [回测 4/5] 模拟第 2081/4905 笔交易: 国新健康...
2026-05-03 08:21:08.188 | INFO     | Backtest   | [回测 4/5] 模拟第 2091/4905 笔交易: 亨通股份...
2026-05-03 08:21:08.486 | INFO     | Backtest   | [回测 4/5] 模拟第 2101/4905 笔交易: 绿盟科技...
2026-05-03 08:21:08.762 | INFO     | Backtest   | [回测 4/5] 模拟第 2111/4905 笔交易: 统一股份...
2026-05-03 08:21:09.040 | INFO     | Backtest   | [回测 4/5] 模拟第 2121/4905 笔交易: 慈文传媒...
2026-05-03 08:21:09.277 | INFO     | Backtest   | [回测 4/5] 模拟第 2131/4905 笔交易: 城市传媒...
2026-05-03 08:21:09.588 | INFO     | Backtest   | [回测 4/5] 模拟第 2141/4905 笔交易: 美利信...
2026-05-03 08:21:09.895 | INFO     | Backtest   | [回测 4/5] 模拟第 2151/4905 笔交易: 有友食品...
2026-05-03 08:21:10.123 | INFO     | Backtest   | [回测 4/5] 模拟第 2161/4905 笔交易: 沃顿科技...
2026-05-03 08:21:10.411 | INFO     | Backtest   | [回测 4/5] 模拟第 2171/4905 笔交易: 华域汽车...
2026-05-03 08:21:10.729 | INFO     | Backtest   | [回测 4/5] 模拟第 2181/4905 笔交易: 先导基电...
2026-05-03 08:21:11.056 | INFO     | Backtest   | [回测 4/5] 模拟第 2191/4905 笔交易: 明牌珠宝...
2026-05-03 08:21:11.305 | INFO     | Backtest   | [回测 4/5] 模拟第 2201/4905 笔交易: 廊坊发展...
2026-05-03 08:21:11.610 | INFO     | Backtest   | [回测 4/5] 模拟第 2211/4905 笔交易: 华峰化学...
2026-05-03 08:21:11.871 | INFO     | Backtest   | [回测 4/5] 模拟第 2221/4905 笔交易: 衢州东峰...
2026-05-03 08:21:12.133 | INFO     | Backtest   | [回测 4/5] 模拟第 2231/4905 笔交易: 万凯新材...
2026-05-03 08:21:12.397 | INFO     | Backtest   | [回测 4/5] 模拟第 2241/4905 笔交易: 容百科技...
2026-05-03 08:21:12.668 | INFO     | Backtest   | [回测 4/5] 模拟第 2251/4905 笔交易: 城投控股...
2026-05-03 08:21:12.958 | INFO     | Backtest   | [回测 4/5] 模拟第 2261/4905 笔交易: 中国化学...
2026-05-03 08:21:13.201 | INFO     | Backtest   | [回测 4/5] 模拟第 2271/4905 笔交易: 电科芯片...
2026-05-03 08:21:13.479 | INFO     | Backtest   | [回测 4/5] 模拟第 2281/4905 笔交易: 中京电子...
2026-05-03 08:21:13.727 | INFO     | Backtest   | [回测 4/5] 模拟第 2291/4905 笔交易: 国盛证券...
2026-05-03 08:21:13.992 | INFO     | Backtest   | [回测 4/5] 模拟第 2301/4905 笔交易: 万泽股份...
2026-05-03 08:21:14.269 | INFO     | Backtest   | [回测 4/5] 模拟第 2311/4905 笔交易: 浙农股份...
2026-05-03 08:21:14.548 | INFO     | Backtest   | [回测 4/5] 模拟第 2321/4905 笔交易: 华通线缆...
2026-05-03 08:21:14.793 | INFO     | Backtest   | [回测 4/5] 模拟第 2331/4905 笔交易: 浙富控股...
2026-05-03 08:21:15.036 | INFO     | Backtest   | [回测 4/5] 模拟第 2341/4905 笔交易: 青山纸业...
2026-05-03 08:21:15.301 | INFO     | Backtest   | [回测 4/5] 模拟第 2351/4905 笔交易: 新通联...
2026-05-03 08:21:15.575 | INFO     | Backtest   | [回测 4/5] 模拟第 2361/4905 笔交易: 安控科技...
2026-05-03 08:21:15.856 | INFO     | Backtest   | [回测 4/5] 模拟第 2371/4905 笔交易: 世纪鼎利...
2026-05-03 08:21:16.062 | INFO     | Backtest   | [回测 4/5] 模拟第 2381/4905 笔交易: 物产环能...
2026-05-03 08:21:16.306 | INFO     | Backtest   | [回测 4/5] 模拟第 2391/4905 笔交易: 能辉科技...
2026-05-03 08:21:16.543 | INFO     | Backtest   | [回测 4/5] 模拟第 2401/4905 笔交易: 雪天盐业...
2026-05-03 08:21:16.802 | INFO     | Backtest   | [回测 4/5] 模拟第 2411/4905 笔交易: 特锐德...
2026-05-03 08:21:17.072 | INFO     | Backtest   | [回测 4/5] 模拟第 2421/4905 笔交易: 特力Ａ...
2026-05-03 08:21:17.332 | INFO     | Backtest   | [回测 4/5] 模拟第 2431/4905 笔交易: 智能自控...
2026-05-03 08:21:17.651 | INFO     | Backtest   | [回测 4/5] 模拟第 2441/4905 笔交易: 众业达...
2026-05-03 08:21:17.931 | INFO     | Backtest   | [回测 4/5] 模拟第 2451/4905 笔交易: 广汽集团...
2026-05-03 08:21:18.236 | INFO     | Backtest   | [回测 4/5] 模拟第 2461/4905 笔交易: 盐湖股份...
2026-05-03 08:21:18.531 | INFO     | Backtest   | [回测 4/5] 模拟第 2471/4905 笔交易: 合锻智能...
2026-05-03 08:21:18.832 | INFO     | Backtest   | [回测 4/5] 模拟第 2481/4905 笔交易: 厦门港务...
2026-05-03 08:21:19.180 | INFO     | Backtest   | [回测 4/5] 模拟第 2491/4905 笔交易: 星辉娱乐...
2026-05-03 08:21:19.433 | INFO     | Backtest   | [回测 4/5] 模拟第 2501/4905 笔交易: 众信旅游...
2026-05-03 08:21:19.705 | INFO     | Backtest   | [回测 4/5] 模拟第 2511/4905 笔交易: 云意电气...
2026-05-03 08:21:19.954 | INFO     | Backtest   | [回测 4/5] 模拟第 2521/4905 笔交易: 中成股份...
2026-05-03 08:21:20.163 | INFO     | Backtest   | [回测 4/5] 模拟第 2531/4905 笔交易: 峰璟股份...
2026-05-03 08:21:20.447 | INFO     | Backtest   | [回测 4/5] 模拟第 2541/4905 笔交易: S佳通...
2026-05-03 08:21:20.705 | INFO     | Backtest   | [回测 4/5] 模拟第 2551/4905 笔交易: 春立医疗...
2026-05-03 08:21:20.989 | INFO     | Backtest   | [回测 4/5] 模拟第 2561/4905 笔交易: 中科通达...
2026-05-03 08:21:21.199 | INFO     | Backtest   | [回测 4/5] 模拟第 2571/4905 笔交易: 太极实业...
2026-05-03 08:21:21.483 | INFO     | Backtest   | [回测 4/5] 模拟第 2581/4905 笔交易: 华蓝集团...
2026-05-03 08:21:21.751 | INFO     | Backtest   | [回测 4/5] 模拟第 2591/4905 笔交易: 江铃汽车...
2026-05-03 08:21:22.023 | INFO     | Backtest   | [回测 4/5] 模拟第 2601/4905 笔交易: 中仑新材...
2026-05-03 08:21:22.288 | INFO     | Backtest   | [回测 4/5] 模拟第 2611/4905 笔交易: 富临精工...
2026-05-03 08:21:22.493 | INFO     | Backtest   | [回测 4/5] 模拟第 2621/4905 笔交易: 泓淋电力...
2026-05-03 08:21:22.746 | INFO     | Backtest   | [回测 4/5] 模拟第 2631/4905 笔交易: 云南铜业...
2026-05-03 08:21:22.968 | INFO     | Backtest   | [回测 4/5] 模拟第 2641/4905 笔交易: 鲁信创投...
2026-05-03 08:21:23.192 | INFO     | Backtest   | [回测 4/5] 模拟第 2651/4905 笔交易: 南山铝业...
2026-05-03 08:21:23.471 | INFO     | Backtest   | [回测 4/5] 模拟第 2661/4905 笔交易: 招商轮船...
2026-05-03 08:21:23.686 | INFO     | Backtest   | [回测 4/5] 模拟第 2671/4905 笔交易: 侨银股份...
2026-05-03 08:21:23.903 | INFO     | Backtest   | [回测 4/5] 模拟第 2681/4905 笔交易: 新锐股份...
2026-05-03 08:21:24.150 | INFO     | Backtest   | [回测 4/5] 模拟第 2691/4905 笔交易: 厚普股份...
2026-05-03 08:21:24.399 | INFO     | Backtest   | [回测 4/5] 模拟第 2701/4905 笔交易: 中国长城...
2026-05-03 08:21:24.640 | INFO     | Backtest   | [回测 4/5] 模拟第 2711/4905 笔交易: 天洋新材...
2026-05-03 08:21:24.845 | INFO     | Backtest   | [回测 4/5] 模拟第 2721/4905 笔交易: 工大高科...
2026-05-03 08:21:25.103 | INFO     | Backtest   | [回测 4/5] 模拟第 2731/4905 笔交易: 大中矿业...
2026-05-03 08:21:25.386 | INFO     | Backtest   | [回测 4/5] 模拟第 2741/4905 笔交易: 锋龙股份...
2026-05-03 08:21:25.618 | INFO     | Backtest   | [回测 4/5] 模拟第 2751/4905 笔交易: 建科智能...
2026-05-03 08:21:25.894 | INFO     | Backtest   | [回测 4/5] 模拟第 2761/4905 笔交易: 易天股份...
2026-05-03 08:21:26.162 | INFO     | Backtest   | [回测 4/5] 模拟第 2771/4905 笔交易: 华电科工...
2026-05-03 08:21:26.423 | INFO     | Backtest   | [回测 4/5] 模拟第 2781/4905 笔交易: 保立佳...
2026-05-03 08:21:26.704 | INFO     | Backtest   | [回测 4/5] 模拟第 2791/4905 笔交易: 钱江生化...
2026-05-03 08:21:26.969 | INFO     | Backtest   | [回测 4/5] 模拟第 2801/4905 笔交易: 富瑞特装...
2026-05-03 08:21:27.259 | INFO     | Backtest   | [回测 4/5] 模拟第 2811/4905 笔交易: 天虹股份...
2026-05-03 08:21:27.517 | INFO     | Backtest   | [回测 4/5] 模拟第 2821/4905 笔交易: 迪普科技...
2026-05-03 08:21:27.730 | INFO     | Backtest   | [回测 4/5] 模拟第 2831/4905 笔交易: 特力Ａ...
2026-05-03 08:21:27.981 | INFO     | Backtest   | [回测 4/5] 模拟第 2841/4905 笔交易: 中农联合...
2026-05-03 08:21:28.226 | INFO     | Backtest   | [回测 4/5] 模拟第 2851/4905 笔交易: 中信特钢...
2026-05-03 08:21:28.499 | INFO     | Backtest   | [回测 4/5] 模拟第 2861/4905 笔交易: 泰和新材...
2026-05-03 08:21:28.791 | INFO     | Backtest   | [回测 4/5] 模拟第 2871/4905 笔交易: 驰宏锌锗...
2026-05-03 08:21:29.012 | INFO     | Backtest   | [回测 4/5] 模拟第 2881/4905 笔交易: 科陆电子...
2026-05-03 08:21:29.246 | INFO     | Backtest   | [回测 4/5] 模拟第 2891/4905 笔交易: 中国卫通...
2026-05-03 08:21:29.465 | INFO     | Backtest   | [回测 4/5] 模拟第 2901/4905 笔交易: 欣锐科技...
2026-05-03 08:21:29.702 | INFO     | Backtest   | [回测 4/5] 模拟第 2911/4905 笔交易: 安泰科技...
2026-05-03 08:21:29.933 | INFO     | Backtest   | [回测 4/5] 模拟第 2921/4905 笔交易: 宏源药业...
2026-05-03 08:21:30.150 | INFO     | Backtest   | [回测 4/5] 模拟第 2931/4905 笔交易: 海南发展...
2026-05-03 08:21:30.396 | INFO     | Backtest   | [回测 4/5] 模拟第 2941/4905 笔交易: 西高院...
2026-05-03 08:21:30.632 | INFO     | Backtest   | [回测 4/5] 模拟第 2951/4905 笔交易: 雅本化学...
2026-05-03 08:21:30.886 | INFO     | Backtest   | [回测 4/5] 模拟第 2961/4905 笔交易: 完美世界...
2026-05-03 08:21:31.161 | INFO     | Backtest   | [回测 4/5] 模拟第 2971/4905 笔交易: 远望谷...
2026-05-03 08:21:31.426 | INFO     | Backtest   | [回测 4/5] 模拟第 2981/4905 笔交易: 恒华科技...
2026-05-03 08:21:31.716 | INFO     | Backtest   | [回测 4/5] 模拟第 2991/4905 笔交易: 惠天热电...
2026-05-03 08:21:31.921 | INFO     | Backtest   | [回测 4/5] 模拟第 3001/4905 笔交易: 健麾信息...
2026-05-03 08:21:32.197 | INFO     | Backtest   | [回测 4/5] 模拟第 3011/4905 笔交易: 茂硕电源...
2026-05-03 08:21:32.482 | INFO     | Backtest   | [回测 4/5] 模拟第 3021/4905 笔交易: 九洲集团...
2026-05-03 08:21:32.715 | INFO     | Backtest   | [回测 4/5] 模拟第 3031/4905 笔交易: 九鼎投资...
2026-05-03 08:21:32.941 | INFO     | Backtest   | [回测 4/5] 模拟第 3041/4905 笔交易: 亚威股份...
2026-05-03 08:21:33.172 | INFO     | Backtest   | [回测 4/5] 模拟第 3051/4905 笔交易: 长江证券...
2026-05-03 08:21:33.422 | INFO     | Backtest   | [回测 4/5] 模拟第 3061/4905 笔交易: 中国电建...
2026-05-03 08:21:33.679 | INFO     | Backtest   | [回测 4/5] 模拟第 3071/4905 笔交易: 美畅股份...
2026-05-03 08:21:33.902 | INFO     | Backtest   | [回测 4/5] 模拟第 3081/4905 笔交易: 会稽山...
2026-05-03 08:21:34.144 | INFO     | Backtest   | [回测 4/5] 模拟第 3091/4905 笔交易: 海信视像...
2026-05-03 08:21:34.414 | INFO     | Backtest   | [回测 4/5] 模拟第 3101/4905 笔交易: 诺唯赞...
2026-05-03 08:21:34.622 | INFO     | Backtest   | [回测 4/5] 模拟第 3111/4905 笔交易: 冠城新材...
2026-05-03 08:21:34.814 | INFO     | Backtest   | [回测 4/5] 模拟第 3121/4905 笔交易: 光云科技...
2026-05-03 08:21:35.027 | INFO     | Backtest   | [回测 4/5] 模拟第 3131/4905 笔交易: 宁波建工...
2026-05-03 08:21:35.223 | INFO     | Backtest   | [回测 4/5] 模拟第 3141/4905 笔交易: 中电环保...
2026-05-03 08:21:35.418 | INFO     | Backtest   | [回测 4/5] 模拟第 3151/4905 笔交易: 永艺股份...
2026-05-03 08:21:35.668 | INFO     | Backtest   | [回测 4/5] 模拟第 3161/4905 笔交易: 德创环保...
2026-05-03 08:21:35.852 | INFO     | Backtest   | [回测 4/5] 模拟第 3171/4905 笔交易: 光莆股份...
2026-05-03 08:21:36.072 | INFO     | Backtest   | [回测 4/5] 模拟第 3181/4905 笔交易: 锡业股份...
2026-05-03 08:21:36.292 | INFO     | Backtest   | [回测 4/5] 模拟第 3191/4905 笔交易: 浙数文化...
2026-05-03 08:21:36.520 | INFO     | Backtest   | [回测 4/5] 模拟第 3201/4905 笔交易: 太龙药业...
2026-05-03 08:21:36.772 | INFO     | Backtest   | [回测 4/5] 模拟第 3211/4905 笔交易: 天铁科技...
2026-05-03 08:21:37.032 | INFO     | Backtest   | [回测 4/5] 模拟第 3221/4905 笔交易: 集泰股份...
2026-05-03 08:21:37.228 | INFO     | Backtest   | [回测 4/5] 模拟第 3231/4905 笔交易: 航天信息...
2026-05-03 08:21:37.487 | INFO     | Backtest   | [回测 4/5] 模拟第 3241/4905 笔交易: 合百集团...
2026-05-03 08:21:37.681 | INFO     | Backtest   | [回测 4/5] 模拟第 3251/4905 笔交易: 安妮股份...
2026-05-03 08:21:37.870 | INFO     | Backtest   | [回测 4/5] 模拟第 3261/4905 笔交易: 省广集团...
2026-05-03 08:21:38.098 | INFO     | Backtest   | [回测 4/5] 模拟第 3271/4905 笔交易: 福安药业...
2026-05-03 08:21:38.311 | INFO     | Backtest   | [回测 4/5] 模拟第 3281/4905 笔交易: 航天软件...
2026-05-03 08:21:38.512 | INFO     | Backtest   | [回测 4/5] 模拟第 3291/4905 笔交易: 阳光乳业...
2026-05-03 08:21:38.765 | INFO     | Backtest   | [回测 4/5] 模拟第 3301/4905 笔交易: 比依股份...
2026-05-03 08:21:39.015 | INFO     | Backtest   | [回测 4/5] 模拟第 3311/4905 笔交易: 雪迪龙...
2026-05-03 08:21:39.233 | INFO     | Backtest   | [回测 4/5] 模拟第 3321/4905 笔交易: 新疆交建...
2026-05-03 08:21:39.464 | INFO     | Backtest   | [回测 4/5] 模拟第 3331/4905 笔交易: 领益智造...
2026-05-03 08:21:39.708 | INFO     | Backtest   | [回测 4/5] 模拟第 3341/4905 笔交易: 上海九百...
2026-05-03 08:21:39.929 | INFO     | Backtest   | [回测 4/5] 模拟第 3351/4905 笔交易: 永新股份...
2026-05-03 08:21:40.182 | INFO     | Backtest   | [回测 4/5] 模拟第 3361/4905 笔交易: 威星智能...
2026-05-03 08:21:40.413 | INFO     | Backtest   | [回测 4/5] 模拟第 3371/4905 笔交易: 三角轮胎...
2026-05-03 08:21:40.660 | INFO     | Backtest   | [回测 4/5] 模拟第 3381/4905 笔交易: 中威电子...
2026-05-03 08:21:40.892 | INFO     | Backtest   | [回测 4/5] 模拟第 3391/4905 笔交易: 万里扬...
2026-05-03 08:21:41.108 | INFO     | Backtest   | [回测 4/5] 模拟第 3401/4905 笔交易: 中国一重...
2026-05-03 08:21:41.326 | INFO     | Backtest   | [回测 4/5] 模拟第 3411/4905 笔交易: 光力科技...
2026-05-03 08:21:41.529 | INFO     | Backtest   | [回测 4/5] 模拟第 3421/4905 笔交易: 颀中科技...
2026-05-03 08:21:41.762 | INFO     | Backtest   | [回测 4/5] 模拟第 3431/4905 笔交易: 耀皮玻璃...
2026-05-03 08:21:41.981 | INFO     | Backtest   | [回测 4/5] 模拟第 3441/4905 笔交易: 泓淋电力...
2026-05-03 08:21:42.161 | INFO     | Backtest   | [回测 4/5] 模拟第 3451/4905 笔交易: 和顺电气...
2026-05-03 08:21:42.361 | INFO     | Backtest   | [回测 4/5] 模拟第 3461/4905 笔交易: 银邦股份...
2026-05-03 08:21:42.543 | INFO     | Backtest   | [回测 4/5] 模拟第 3471/4905 笔交易: 上海银行...
2026-05-03 08:21:42.798 | INFO     | Backtest   | [回测 4/5] 模拟第 3481/4905 笔交易: 美能能源...
2026-05-03 08:21:43.003 | INFO     | Backtest   | [回测 4/5] 模拟第 3491/4905 笔交易: 雄塑科技...
2026-05-03 08:21:43.219 | INFO     | Backtest   | [回测 4/5] 模拟第 3501/4905 笔交易: 天下秀...
2026-05-03 08:21:43.479 | INFO     | Backtest   | [回测 4/5] 模拟第 3511/4905 笔交易: 锦江酒店...
2026-05-03 08:21:43.663 | INFO     | Backtest   | [回测 4/5] 模拟第 3521/4905 笔交易: 前沿生物-U...
2026-05-03 08:21:43.838 | INFO     | Backtest   | [回测 4/5] 模拟第 3531/4905 笔交易: 艾隆科技...
2026-05-03 08:21:44.067 | INFO     | Backtest   | [回测 4/5] 模拟第 3541/4905 笔交易: 阳普医疗...
2026-05-03 08:21:44.276 | INFO     | Backtest   | [回测 4/5] 模拟第 3551/4905 笔交易: 豪江智能...
2026-05-03 08:21:44.505 | INFO     | Backtest   | [回测 4/5] 模拟第 3561/4905 笔交易: 广发证券...
2026-05-03 08:21:44.734 | INFO     | Backtest   | [回测 4/5] 模拟第 3571/4905 笔交易: 奥赛康...
2026-05-03 08:21:44.936 | INFO     | Backtest   | [回测 4/5] 模拟第 3581/4905 笔交易: 利德曼...
2026-05-03 08:21:45.172 | INFO     | Backtest   | [回测 4/5] 模拟第 3591/4905 笔交易: 城发环境...
2026-05-03 08:21:45.430 | INFO     | Backtest   | [回测 4/5] 模拟第 3601/4905 笔交易: 东方生物...
2026-05-03 08:21:45.661 | INFO     | Backtest   | [回测 4/5] 模拟第 3611/4905 笔交易: 美康生物...
2026-05-03 08:21:45.896 | INFO     | Backtest   | [回测 4/5] 模拟第 3621/4905 笔交易: 新天药业...
2026-05-03 08:21:46.128 | INFO     | Backtest   | [回测 4/5] 模拟第 3631/4905 笔交易: 神州高铁...
2026-05-03 08:21:46.369 | INFO     | Backtest   | [回测 4/5] 模拟第 3641/4905 笔交易: 千里科技...
2026-05-03 08:21:46.590 | INFO     | Backtest   | [回测 4/5] 模拟第 3651/4905 笔交易: 天瑞仪器...
2026-05-03 08:21:46.833 | INFO     | Backtest   | [回测 4/5] 模拟第 3661/4905 笔交易: 利尔化学...
2026-05-03 08:21:47.056 | INFO     | Backtest   | [回测 4/5] 模拟第 3671/4905 笔交易: 红宝丽...
2026-05-03 08:21:47.316 | INFO     | Backtest   | [回测 4/5] 模拟第 3681/4905 笔交易: 晶瑞电材...
2026-05-03 08:21:47.547 | INFO     | Backtest   | [回测 4/5] 模拟第 3691/4905 笔交易: 山西证券...
2026-05-03 08:21:47.798 | INFO     | Backtest   | [回测 4/5] 模拟第 3701/4905 笔交易: 东风科技...
2026-05-03 08:21:48.015 | INFO     | Backtest   | [回测 4/5] 模拟第 3711/4905 笔交易: 腾达科技...
2026-05-03 08:21:48.267 | INFO     | Backtest   | [回测 4/5] 模拟第 3721/4905 笔交易: 华光环能...
2026-05-03 08:21:48.446 | INFO     | Backtest   | [回测 4/5] 模拟第 3731/4905 笔交易: 康盛股份...
2026-05-03 08:21:48.659 | INFO     | Backtest   | [回测 4/5] 模拟第 3741/4905 笔交易: 中瑞股份...
2026-05-03 08:21:48.888 | INFO     | Backtest   | [回测 4/5] 模拟第 3751/4905 笔交易: 泰豪科技...
2026-05-03 08:21:49.085 | INFO     | Backtest   | [回测 4/5] 模拟第 3761/4905 笔交易: 翔港科技...
2026-05-03 08:21:49.292 | INFO     | Backtest   | [回测 4/5] 模拟第 3771/4905 笔交易: 厚普股份...
2026-05-03 08:21:49.548 | INFO     | Backtest   | [回测 4/5] 模拟第 3781/4905 笔交易: 富煌钢构...
2026-05-03 08:21:49.771 | INFO     | Backtest   | [回测 4/5] 模拟第 3791/4905 笔交易: 汇金通...
2026-05-03 08:21:49.997 | INFO     | Backtest   | [回测 4/5] 模拟第 3801/4905 笔交易: 捷安高科...
2026-05-03 08:21:50.252 | INFO     | Backtest   | [回测 4/5] 模拟第 3811/4905 笔交易: 建研院...
2026-05-03 08:21:50.487 | INFO     | Backtest   | [回测 4/5] 模拟第 3821/4905 笔交易: 时代万恒...
2026-05-03 08:21:50.728 | INFO     | Backtest   | [回测 4/5] 模拟第 3831/4905 笔交易: 森泰股份...
2026-05-03 08:21:50.915 | INFO     | Backtest   | [回测 4/5] 模拟第 3841/4905 笔交易: 富祥药业...
2026-05-03 08:21:51.102 | INFO     | Backtest   | [回测 4/5] 模拟第 3851/4905 笔交易: 华谊兄弟...
2026-05-03 08:21:51.305 | INFO     | Backtest   | [回测 4/5] 模拟第 3861/4905 笔交易: 东华能源...
2026-05-03 08:21:51.508 | INFO     | Backtest   | [回测 4/5] 模拟第 3871/4905 笔交易: 森赫股份...
2026-05-03 08:21:51.713 | INFO     | Backtest   | [回测 4/5] 模拟第 3881/4905 笔交易: 飞天诚信...
2026-05-03 08:21:51.923 | INFO     | Backtest   | [回测 4/5] 模拟第 3891/4905 笔交易: 洛阳钼业...
2026-05-03 08:21:52.090 | INFO     | Backtest   | [回测 4/5] 模拟第 3901/4905 笔交易: 博源化工...
2026-05-03 08:21:52.303 | INFO     | Backtest   | [回测 4/5] 模拟第 3911/4905 笔交易: 双象股份...
2026-05-03 08:21:52.543 | INFO     | Backtest   | [回测 4/5] 模拟第 3921/4905 笔交易: 深南电A...
2026-05-03 08:21:52.743 | INFO     | Backtest   | [回测 4/5] 模拟第 3931/4905 笔交易: 京源环保...
2026-05-03 08:21:53.003 | INFO     | Backtest   | [回测 4/5] 模拟第 3941/4905 笔交易: 福然德...
2026-05-03 08:21:53.225 | INFO     | Backtest   | [回测 4/5] 模拟第 3951/4905 笔交易: 同和药业...
2026-05-03 08:21:53.451 | INFO     | Backtest   | [回测 4/5] 模拟第 3961/4905 笔交易: 一拖股份...
2026-05-03 08:21:53.704 | INFO     | Backtest   | [回测 4/5] 模拟第 3971/4905 笔交易: 宁波精达...
2026-05-03 08:21:53.892 | INFO     | Backtest   | [回测 4/5] 模拟第 3981/4905 笔交易: 西藏城投...
2026-05-03 08:21:54.081 | INFO     | Backtest   | [回测 4/5] 模拟第 3991/4905 笔交易: 西藏珠峰...
2026-05-03 08:21:54.265 | INFO     | Backtest   | [回测 4/5] 模拟第 4001/4905 笔交易: 天合光能...
2026-05-03 08:21:54.452 | INFO     | Backtest   | [回测 4/5] 模拟第 4011/4905 笔交易: 九州通...
2026-05-03 08:21:54.616 | INFO     | Backtest   | [回测 4/5] 模拟第 4021/4905 笔交易: 芯能科技...
2026-05-03 08:21:54.815 | INFO     | Backtest   | [回测 4/5] 模拟第 4031/4905 笔交易: 中信金属...
2026-05-03 08:21:55.003 | INFO     | Backtest   | [回测 4/5] 模拟第 4041/4905 笔交易: 汤姆猫...
2026-05-03 08:21:55.131 | INFO     | Backtest   | [回测 4/5] 模拟第 4051/4905 笔交易: 亚虹医药-U...
2026-05-03 08:21:55.292 | INFO     | Backtest   | [回测 4/5] 模拟第 4061/4905 笔交易: XD宝丰能...
2026-05-03 08:21:55.490 | INFO     | Backtest   | [回测 4/5] 模拟第 4071/4905 笔交易: 嘉化能源...
2026-05-03 08:21:55.634 | INFO     | Backtest   | [回测 4/5] 模拟第 4081/4905 笔交易: 黄山旅游...
2026-05-03 08:21:55.821 | INFO     | Backtest   | [回测 4/5] 模拟第 4091/4905 笔交易: 晋亿实业...
2026-05-03 08:21:56.028 | INFO     | Backtest   | [回测 4/5] 模拟第 4101/4905 笔交易: 哈空调...
2026-05-03 08:21:56.239 | INFO     | Backtest   | [回测 4/5] 模拟第 4111/4905 笔交易: 浙江医药...
2026-05-03 08:21:56.457 | INFO     | Backtest   | [回测 4/5] 模拟第 4121/4905 笔交易: 公元股份...
2026-05-03 08:21:56.708 | INFO     | Backtest   | [回测 4/5] 模拟第 4131/4905 笔交易: 捷顺科技...
2026-05-03 08:21:56.956 | INFO     | Backtest   | [回测 4/5] 模拟第 4141/4905 笔交易: 国网英大...
2026-05-03 08:21:57.146 | INFO     | Backtest   | [回测 4/5] 模拟第 4151/4905 笔交易: 晶澳科技...
2026-05-03 08:21:57.334 | INFO     | Backtest   | [回测 4/5] 模拟第 4161/4905 笔交易: 保龄宝...
2026-05-03 08:21:57.550 | INFO     | Backtest   | [回测 4/5] 模拟第 4171/4905 笔交易: 安彩高科...
2026-05-03 08:21:57.790 | INFO     | Backtest   | [回测 4/5] 模拟第 4181/4905 笔交易: 瑞茂通...
2026-05-03 08:21:57.965 | INFO     | Backtest   | [回测 4/5] 模拟第 4191/4905 笔交易: 厦门港务...
2026-05-03 08:21:58.148 | INFO     | Backtest   | [回测 4/5] 模拟第 4201/4905 笔交易: 金瑞矿业...
2026-05-03 08:21:58.344 | INFO     | Backtest   | [回测 4/5] 模拟第 4211/4905 笔交易: 兔宝宝...
2026-05-03 08:21:58.509 | INFO     | Backtest   | [回测 4/5] 模拟第 4221/4905 笔交易: 掌阅科技...
2026-05-03 08:21:58.699 | INFO     | Backtest   | [回测 4/5] 模拟第 4231/4905 笔交易: 辉隆股份...
2026-05-03 08:21:58.946 | INFO     | Backtest   | [回测 4/5] 模拟第 4241/4905 笔交易: 太龙股份...
2026-05-03 08:21:59.133 | INFO     | Backtest   | [回测 4/5] 模拟第 4251/4905 笔交易: 先进数通...
2026-05-03 08:21:59.330 | INFO     | Backtest   | [回测 4/5] 模拟第 4261/4905 笔交易: 长阳科技...
2026-05-03 08:21:59.517 | INFO     | Backtest   | [回测 4/5] 模拟第 4271/4905 笔交易: 宏源药业...
2026-05-03 08:21:59.720 | INFO     | Backtest   | [回测 4/5] 模拟第 4281/4905 笔交易: 彩虹股份...
2026-05-03 08:21:59.889 | INFO     | Backtest   | [回测 4/5] 模拟第 4291/4905 笔交易: 孚日股份...
2026-05-03 08:22:00.058 | INFO     | Backtest   | [回测 4/5] 模拟第 4301/4905 笔交易: 新劲刚...
2026-05-03 08:22:00.219 | INFO     | Backtest   | [回测 4/5] 模拟第 4311/4905 笔交易: 圣农发展...
2026-05-03 08:22:00.368 | INFO     | Backtest   | [回测 4/5] 模拟第 4321/4905 笔交易: 华创云信...
2026-05-03 08:22:00.516 | INFO     | Backtest   | [回测 4/5] 模拟第 4331/4905 笔交易: 新凤鸣...
2026-05-03 08:22:00.690 | INFO     | Backtest   | [回测 4/5] 模拟第 4341/4905 笔交易: 亚星化学...
2026-05-03 08:22:00.871 | INFO     | Backtest   | [回测 4/5] 模拟第 4351/4905 笔交易: 赞宇科技...
2026-05-03 08:22:01.051 | INFO     | Backtest   | [回测 4/5] 模拟第 4361/4905 笔交易: 海天精工...
2026-05-03 08:22:01.271 | INFO     | Backtest   | [回测 4/5] 模拟第 4371/4905 笔交易: 航锦科技...
2026-05-03 08:22:01.451 | INFO     | Backtest   | [回测 4/5] 模拟第 4381/4905 笔交易: 精进电动-UW...
2026-05-03 08:22:01.616 | INFO     | Backtest   | [回测 4/5] 模拟第 4391/4905 笔交易: 昌红科技...
2026-05-03 08:22:01.827 | INFO     | Backtest   | [回测 4/5] 模拟第 4401/4905 笔交易: 大西洋...
2026-05-03 08:22:02.011 | INFO     | Backtest   | [回测 4/5] 模拟第 4411/4905 笔交易: 山东玻纤...
2026-05-03 08:22:02.208 | INFO     | Backtest   | [回测 4/5] 模拟第 4421/4905 笔交易: 双星新材...
2026-05-03 08:22:02.401 | INFO     | Backtest   | [回测 4/5] 模拟第 4431/4905 笔交易: 三友化工...
2026-05-03 08:22:02.592 | INFO     | Backtest   | [回测 4/5] 模拟第 4441/4905 笔交易: 钛能化学...
2026-05-03 08:22:02.759 | INFO     | Backtest   | [回测 4/5] 模拟第 4451/4905 笔交易: 鲁北化工...
2026-05-03 08:22:02.939 | INFO     | Backtest   | [回测 4/5] 模拟第 4461/4905 笔交易: 青松股份...
2026-05-03 08:22:03.066 | INFO     | Backtest   | [回测 4/5] 模拟第 4471/4905 笔交易: 皇氏集团...
2026-05-03 08:22:03.234 | INFO     | Backtest   | [回测 4/5] 模拟第 4481/4905 笔交易: 时代万恒...
2026-05-03 08:22:03.404 | INFO     | Backtest   | [回测 4/5] 模拟第 4491/4905 笔交易: 大连热电...
2026-05-03 08:22:03.567 | INFO     | Backtest   | [回测 4/5] 模拟第 4501/4905 笔交易: 中远通...
2026-05-03 08:22:03.807 | INFO     | Backtest   | [回测 4/5] 模拟第 4511/4905 笔交易: 狮头股份...
2026-05-03 08:22:03.977 | INFO     | Backtest   | [回测 4/5] 模拟第 4521/4905 笔交易: 振东制药...
2026-05-03 08:22:04.156 | INFO     | Backtest   | [回测 4/5] 模拟第 4531/4905 笔交易: 开尔新材...
2026-05-03 08:22:04.390 | INFO     | Backtest   | [回测 4/5] 模拟第 4541/4905 笔交易: XD高能环...
2026-05-03 08:22:04.580 | INFO     | Backtest   | [回测 4/5] 模拟第 4551/4905 笔交易: 我武生物...
2026-05-03 08:22:04.814 | INFO     | Backtest   | [回测 4/5] 模拟第 4561/4905 笔交易: 上海家化...
2026-05-03 08:22:04.987 | INFO     | Backtest   | [回测 4/5] 模拟第 4571/4905 笔交易: 鹏鹞环保...
2026-05-03 08:22:05.196 | INFO     | Backtest   | [回测 4/5] 模拟第 4581/4905 笔交易: 莲花控股...
2026-05-03 08:22:05.388 | INFO     | Backtest   | [回测 4/5] 模拟第 4591/4905 笔交易: 凯美特气...
2026-05-03 08:22:05.594 | INFO     | Backtest   | [回测 4/5] 模拟第 4601/4905 笔交易: 创维数字...
2026-05-03 08:22:05.793 | INFO     | Backtest   | [回测 4/5] 模拟第 4611/4905 笔交易: 恒盛能源...
2026-05-03 08:22:06.015 | INFO     | Backtest   | [回测 4/5] 模拟第 4621/4905 笔交易: 智光电气...
2026-05-03 08:22:06.231 | INFO     | Backtest   | [回测 4/5] 模拟第 4631/4905 笔交易: 康斯特...
2026-05-03 08:22:06.440 | INFO     | Backtest   | [回测 4/5] 模拟第 4641/4905 笔交易: 幸福蓝海...
2026-05-03 08:22:06.634 | INFO     | Backtest   | [回测 4/5] 模拟第 4651/4905 笔交易: 福达股份...
2026-05-03 08:22:06.843 | INFO     | Backtest   | [回测 4/5] 模拟第 4661/4905 笔交易: 聚光科技...
2026-05-03 08:22:07.056 | INFO     | Backtest   | [回测 4/5] 模拟第 4671/4905 笔交易: 瑞泰新材...
2026-05-03 08:22:07.291 | INFO     | Backtest   | [回测 4/5] 模拟第 4681/4905 笔交易: 华源控股...
2026-05-03 08:22:07.501 | INFO     | Backtest   | [回测 4/5] 模拟第 4691/4905 笔交易: 飞力达...
2026-05-03 08:22:07.720 | INFO     | Backtest   | [回测 4/5] 模拟第 4701/4905 笔交易: 嘉应制药...
2026-05-03 08:22:07.935 | INFO     | Backtest   | [回测 4/5] 模拟第 4711/4905 笔交易: 德艺文创...
2026-05-03 08:22:08.111 | INFO     | Backtest   | [回测 4/5] 模拟第 4721/4905 笔交易: 海联金汇...
2026-05-03 08:22:08.372 | INFO     | Backtest   | [回测 4/5] 模拟第 4731/4905 笔交易: 宏达高科...
2026-05-03 08:22:08.583 | INFO     | Backtest   | [回测 4/5] 模拟第 4741/4905 笔交易: 吉林敖东...
2026-05-03 08:22:08.773 | INFO     | Backtest   | [回测 4/5] 模拟第 4751/4905 笔交易: 迈赫股份...
2026-05-03 08:22:08.989 | INFO     | Backtest   | [回测 4/5] 模拟第 4761/4905 笔交易: 湘佳股份...
2026-05-03 08:22:09.201 | INFO     | Backtest   | [回测 4/5] 模拟第 4771/4905 笔交易: 水星家纺...
2026-05-03 08:22:09.399 | INFO     | Backtest   | [回测 4/5] 模拟第 4781/4905 笔交易: 佳力图...
2026-05-03 08:22:09.589 | INFO     | Backtest   | [回测 4/5] 模拟第 4791/4905 笔交易: 金钼股份...
2026-05-03 08:22:09.770 | INFO     | Backtest   | [回测 4/5] 模拟第 4801/4905 笔交易: 光莆股份...
2026-05-03 08:22:09.886 | INFO     | Backtest   | [回测 4/5] 模拟第 4811/4905 笔交易: 平高电气...
2026-05-03 08:22:10.017 | INFO     | Backtest   | [回测 4/5] 模拟第 4821/4905 笔交易: 金信诺...
2026-05-03 08:22:10.176 | INFO     | Backtest   | [回测 4/5] 模拟第 4831/4905 笔交易: 元祖股份...
2026-05-03 08:22:10.307 | INFO     | Backtest   | [回测 4/5] 模拟第 4841/4905 笔交易: 三鑫医疗...
2026-05-03 08:22:10.515 | INFO     | Backtest   | [回测 4/5] 模拟第 4851/4905 笔交易: 湖北宜化...
2026-05-03 08:22:10.607 | INFO     | Backtest   | [回测 4/5] 模拟第 4861/4905 笔交易: 蔚蓝锂芯...
2026-05-03 08:22:10.758 | INFO     | Backtest   | [回测 4/5] 模拟第 4871/4905 笔交易: 初灵信息...
2026-05-03 08:22:10.866 | INFO     | Backtest   | [回测 4/5] 模拟第 4881/4905 笔交易: 麦捷科技...
2026-05-03 08:22:10.984 | INFO     | Backtest   | [回测 4/5] 模拟第 4891/4905 笔交易: 芯联集成-U...
2026-05-03 08:22:11.139 | INFO     | Backtest   | [回测 4/5] 模拟第 4901/4905 笔交易: 广哈通信...
2026-05-03 08:22:11.211 | INFO     | Backtest   | [回测 5/5] 回测任务完成: 1155笔(含0笔平手离场)
2026-05-03 19:11:59.820 | INFO     | DuckDB     | DuckDB | 所有核心表结构初始化完成 (含热点板块)
2026-05-03 19:11:59.821 | INFO     | DuckDB     | DuckDB 核心就绪: E:\1target\p9_project\quant-platform\data\meta\meta.db
2026-05-03 19:11:59.846 | INFO     | Backtest   | [回测 1/5] 筛选回测目标股票...
2026-05-03 19:11:59.855 | INFO     | Backtest   | [回测 2/5] 加载 5010 只股票的历史数据进行快速扫描...
2026-05-03 19:12:15.501 | INFO     | Backtest   | [回测 3/5] 计算策略信号 (基于日线信号库)...
2026-05-03 19:12:15.511 | INFO     | Screener   | 🧬 [Loader] 识别到类继承策略: MA5AngleOriginalStrategy
2026-05-03 19:12:23.813 | INFO     | Backtest   | [回测 4/5] 处理 4905 条信号，执行精细分钟线仿真...
2026-05-03 19:12:23.818 | INFO     | Backtest   | [回测 4/5] 模拟第 1/4905 笔交易: 升达林业...
2026-05-03 19:12:24.226 | INFO     | Backtest   | [回测 4/5] 模拟第 11/4905 笔交易: 万丰股份...
2026-05-03 19:12:24.643 | INFO     | Backtest   | [回测 4/5] 模拟第 21/4905 笔交易: 恒誉环保...
2026-05-03 19:12:25.074 | INFO     | Backtest   | [回测 4/5] 模拟第 31/4905 笔交易: 锦鸡股份...
2026-05-03 19:12:25.550 | INFO     | Backtest   | [回测 4/5] 模拟第 41/4905 笔交易: 君正集团...
2026-05-03 19:12:26.021 | INFO     | Backtest   | [回测 4/5] 模拟第 51/4905 笔交易: 海洋王...
2026-05-03 19:12:26.444 | INFO     | Backtest   | [回测 4/5] 模拟第 61/4905 笔交易: 三雄极光...
2026-05-03 19:12:26.889 | INFO     | Backtest   | [回测 4/5] 模拟第 71/4905 笔交易: 世名科技...
2026-05-03 19:12:27.314 | INFO     | Backtest   | [回测 4/5] 模拟第 81/4905 笔交易: 朝阳科技...
2026-05-03 19:12:27.734 | INFO     | Backtest   | [回测 4/5] 模拟第 91/4905 笔交易: 飞荣达...
2026-05-03 19:12:28.177 | INFO     | Backtest   | [回测 4/5] 模拟第 101/4905 笔交易: 春兴精工...
2026-05-03 19:12:28.629 | INFO     | Backtest   | [回测 4/5] 模拟第 111/4905 笔交易: 苏州科达...
2026-05-03 19:12:29.093 | INFO     | Backtest   | [回测 4/5] 模拟第 121/4905 笔交易: 海默科技...
2026-05-03 19:12:29.549 | INFO     | Backtest   | [回测 4/5] 模拟第 131/4905 笔交易: 立昂技术...
2026-05-03 19:12:29.972 | INFO     | Backtest   | [回测 4/5] 模拟第 141/4905 笔交易: 多伦科技...
2026-05-03 19:12:30.454 | INFO     | Backtest   | [回测 4/5] 模拟第 151/4905 笔交易: 易瑞生物...
2026-05-03 19:12:30.894 | INFO     | Backtest   | [回测 4/5] 模拟第 161/4905 笔交易: 宇环数控...
2026-05-03 19:12:31.359 | INFO     | Backtest   | [回测 4/5] 模拟第 171/4905 笔交易: 格尔软件...
2026-05-03 19:12:31.847 | INFO     | Backtest   | [回测 4/5] 模拟第 181/4905 笔交易: 神州信息...
2026-05-03 19:12:32.325 | INFO     | Backtest   | [回测 4/5] 模拟第 191/4905 笔交易: 鸿特科技...
2026-05-03 19:12:32.777 | INFO     | Backtest   | [回测 4/5] 模拟第 201/4905 笔交易: 东方智造...
2026-05-03 19:12:33.238 | INFO     | Backtest   | [回测 4/5] 模拟第 211/4905 笔交易: 粤桂股份...
2026-05-03 19:12:33.685 | INFO     | Backtest   | [回测 4/5] 模拟第 221/4905 笔交易: 松霖科技...
2026-05-03 19:12:34.153 | INFO     | Backtest   | [回测 4/5] 模拟第 231/4905 笔交易: 久其软件...
2026-05-03 19:12:34.614 | INFO     | Backtest   | [回测 4/5] 模拟第 241/4905 笔交易: 锦龙股份...
2026-05-03 19:12:35.068 | INFO     | Backtest   | [回测 4/5] 模拟第 251/4905 笔交易: 菲沃泰...
2026-05-03 19:12:35.532 | INFO     | Backtest   | [回测 4/5] 模拟第 261/4905 笔交易: 山高环能...
2026-05-03 19:12:35.992 | INFO     | Backtest   | [回测 4/5] 模拟第 271/4905 笔交易: 四创电子...
2026-05-03 19:12:36.452 | INFO     | Backtest   | [回测 4/5] 模拟第 281/4905 笔交易: 广电运通...
2026-05-03 19:12:36.966 | INFO     | Backtest   | [回测 4/5] 模拟第 291/4905 笔交易: 中科江南...
2026-05-03 19:12:37.460 | INFO     | Backtest   | [回测 4/5] 模拟第 301/4905 笔交易: 钛能化学...
2026-05-03 19:12:37.910 | INFO     | Backtest   | [回测 4/5] 模拟第 311/4905 笔交易: 华鼎股份...
2026-05-03 19:12:38.360 | INFO     | Backtest   | [回测 4/5] 模拟第 321/4905 笔交易: 钱江生化...
2026-05-03 19:12:38.847 | INFO     | Backtest   | [回测 4/5] 模拟第 331/4905 笔交易: 德冠新材...
2026-05-03 19:12:39.293 | INFO     | Backtest   | [回测 4/5] 模拟第 341/4905 笔交易: 罗平锌电...
2026-05-03 19:12:39.767 | INFO     | Backtest   | [回测 4/5] 模拟第 351/4905 笔交易: 金智科技...
2026-05-03 19:12:40.182 | INFO     | Backtest   | [回测 4/5] 模拟第 361/4905 笔交易: 宏盛华源...
2026-05-03 19:12:40.647 | INFO     | Backtest   | [回测 4/5] 模拟第 371/4905 笔交易: 东软集团...
2026-05-03 19:12:41.128 | INFO     | Backtest   | [回测 4/5] 模拟第 381/4905 笔交易: 泰和科技...
2026-05-03 19:12:41.568 | INFO     | Backtest   | [回测 4/5] 模拟第 391/4905 笔交易: 海德股份...
2026-05-03 19:12:42.053 | INFO     | Backtest   | [回测 4/5] 模拟第 401/4905 笔交易: 中关村...
2026-05-03 19:12:42.496 | INFO     | Backtest   | [回测 4/5] 模拟第 411/4905 笔交易: 彩蝶实业...
2026-05-03 19:12:42.954 | INFO     | Backtest   | [回测 4/5] 模拟第 421/4905 笔交易: 汇金通...
2026-05-03 19:12:43.433 | INFO     | Backtest   | [回测 4/5] 模拟第 431/4905 笔交易: 西部矿业...
2026-05-03 19:12:43.852 | INFO     | Backtest   | [回测 4/5] 模拟第 441/4905 笔交易: 游族网络...
2026-05-03 19:12:44.288 | INFO     | Backtest   | [回测 4/5] 模拟第 451/4905 笔交易: 保龄宝...
2026-05-03 19:12:44.689 | INFO     | Backtest   | [回测 4/5] 模拟第 461/4905 笔交易: 麦克奥迪...
2026-05-03 19:12:45.106 | INFO     | Backtest   | [回测 4/5] 模拟第 471/4905 笔交易: 博汇纸业...
2026-05-03 19:12:45.552 | INFO     | Backtest   | [回测 4/5] 模拟第 481/4905 笔交易: 得利斯...
2026-05-03 19:12:46.002 | INFO     | Backtest   | [回测 4/5] 模拟第 491/4905 笔交易: 宁波富达...
2026-05-03 19:12:46.484 | INFO     | Backtest   | [回测 4/5] 模拟第 501/4905 笔交易: 上海九百...
2026-05-03 19:12:46.946 | INFO     | Backtest   | [回测 4/5] 模拟第 511/4905 笔交易: 粤高速Ａ...
2026-05-03 19:12:47.379 | INFO     | Backtest   | [回测 4/5] 模拟第 521/4905 笔交易: 高乐股份...
2026-05-03 19:12:47.767 | INFO     | Backtest   | [回测 4/5] 模拟第 531/4905 笔交易: 海伦钢琴...
2026-05-03 19:12:48.168 | INFO     | Backtest   | [回测 4/5] 模拟第 541/4905 笔交易: 李子园...
2026-05-03 19:12:48.616 | INFO     | Backtest   | [回测 4/5] 模拟第 551/4905 笔交易: 崧盛股份...
2026-05-03 19:12:49.067 | INFO     | Backtest   | [回测 4/5] 模拟第 561/4905 笔交易: 恒尚节能...
2026-05-03 19:12:49.477 | INFO     | Backtest   | [回测 4/5] 模拟第 571/4905 笔交易: 明阳电路...
2026-05-03 19:12:49.873 | INFO     | Backtest   | [回测 4/5] 模拟第 581/4905 笔交易: 二六三...
2026-05-03 19:12:50.302 | INFO     | Backtest   | [回测 4/5] 模拟第 591/4905 笔交易: 大为股份...
2026-05-03 19:12:50.706 | INFO     | Backtest   | [回测 4/5] 模拟第 601/4905 笔交易: 星网宇达...
2026-05-03 19:12:51.152 | INFO     | Backtest   | [回测 4/5] 模拟第 611/4905 笔交易: 锦江在线...
2026-05-03 19:12:51.562 | INFO     | Backtest   | [回测 4/5] 模拟第 621/4905 笔交易: 再升科技...
2026-05-03 19:12:52.020 | INFO     | Backtest   | [回测 4/5] 模拟第 631/4905 笔交易: 汉缆股份...
2026-05-03 19:12:52.484 | INFO     | Backtest   | [回测 4/5] 模拟第 641/4905 笔交易: 奥拓电子...
2026-05-03 19:12:52.914 | INFO     | Backtest   | [回测 4/5] 模拟第 651/4905 笔交易: 三维通信...
2026-05-03 19:12:53.286 | INFO     | Backtest   | [回测 4/5] 模拟第 661/4905 笔交易: 杭州高新...
2026-05-03 19:12:53.714 | INFO     | Backtest   | [回测 4/5] 模拟第 671/4905 笔交易: 南新制药...
2026-05-03 19:12:54.155 | INFO     | Backtest   | [回测 4/5] 模拟第 681/4905 笔交易: 华媒控股...
2026-05-03 19:12:54.593 | INFO     | Backtest   | [回测 4/5] 模拟第 691/4905 笔交易: 康泰医学...
2026-05-03 19:12:55.039 | INFO     | Backtest   | [回测 4/5] 模拟第 701/4905 笔交易: 三旺通信...
2026-05-03 19:12:55.488 | INFO     | Backtest   | [回测 4/5] 模拟第 711/4905 笔交易: 雅博股份...
2026-05-03 19:12:55.941 | INFO     | Backtest   | [回测 4/5] 模拟第 721/4905 笔交易: 泰祥股份...
2026-05-03 19:12:56.392 | INFO     | Backtest   | [回测 4/5] 模拟第 731/4905 笔交易: 熙菱信息...
2026-05-03 19:12:56.865 | INFO     | Backtest   | [回测 4/5] 模拟第 741/4905 笔交易: 合富中国...
2026-05-03 19:12:57.350 | INFO     | Backtest   | [回测 4/5] 模拟第 751/4905 笔交易: 宣泰医药...
2026-05-03 19:12:57.801 | INFO     | Backtest   | [回测 4/5] 模拟第 761/4905 笔交易: 澳弘电子...
2026-05-03 19:12:58.257 | INFO     | Backtest   | [回测 4/5] 模拟第 771/4905 笔交易: 戴维医疗...
2026-05-03 19:12:58.688 | INFO     | Backtest   | [回测 4/5] 模拟第 781/4905 笔交易: 东方生物...
2026-05-03 19:12:59.141 | INFO     | Backtest   | [回测 4/5] 模拟第 791/4905 笔交易: 科华控股...
2026-05-03 19:12:59.603 | INFO     | Backtest   | [回测 4/5] 模拟第 801/4905 笔交易: 哈药股份...
2026-05-03 19:13:00.077 | INFO     | Backtest   | [回测 4/5] 模拟第 811/4905 笔交易: 威派格...
2026-05-03 19:13:00.515 | INFO     | Backtest   | [回测 4/5] 模拟第 821/4905 笔交易: 申联生物...
2026-05-03 19:13:00.975 | INFO     | Backtest   | [回测 4/5] 模拟第 831/4905 笔交易: 福莱蒽特...
2026-05-03 19:13:01.424 | INFO     | Backtest   | [回测 4/5] 模拟第 841/4905 笔交易: 赢合科技...
2026-05-03 19:13:01.872 | INFO     | Backtest   | [回测 4/5] 模拟第 851/4905 笔交易: 哈三联...
2026-05-03 19:13:02.270 | INFO     | Backtest   | [回测 4/5] 模拟第 861/4905 笔交易: 江苏有线...
2026-05-03 19:13:02.684 | INFO     | Backtest   | [回测 4/5] 模拟第 871/4905 笔交易: 华谊集团...
2026-05-03 19:13:03.066 | INFO     | Backtest   | [回测 4/5] 模拟第 881/4905 笔交易: 西麦食品...
2026-05-03 19:13:03.493 | INFO     | Backtest   | [回测 4/5] 模拟第 891/4905 笔交易: 北矿科技...
2026-05-03 19:13:03.885 | INFO     | Backtest   | [回测 4/5] 模拟第 901/4905 笔交易: 英派斯...
2026-05-03 19:13:04.279 | INFO     | Backtest   | [回测 4/5] 模拟第 911/4905 笔交易: 交大昂立...
2026-05-03 19:13:04.679 | INFO     | Backtest   | [回测 4/5] 模拟第 921/4905 笔交易: 江苏神通...
2026-05-03 19:13:05.059 | INFO     | Backtest   | [回测 4/5] 模拟第 931/4905 笔交易: 长缆科技...
2026-05-03 19:13:05.541 | INFO     | Backtest   | [回测 4/5] 模拟第 941/4905 笔交易: 元隆雅图...
2026-05-03 19:13:05.896 | INFO     | Backtest   | [回测 4/5] 模拟第 951/4905 笔交易: 中国石化...
2026-05-03 19:13:06.286 | INFO     | Backtest   | [回测 4/5] 模拟第 961/4905 笔交易: 歌力思...
2026-05-03 19:13:06.669 | INFO     | Backtest   | [回测 4/5] 模拟第 971/4905 笔交易: 文峰股份...
2026-05-03 19:13:07.056 | INFO     | Backtest   | [回测 4/5] 模拟第 981/4905 笔交易: 创识科技...
2026-05-03 19:13:07.398 | INFO     | Backtest   | [回测 4/5] 模拟第 991/4905 笔交易: 友邦吊顶...
2026-05-03 19:13:07.755 | INFO     | Backtest   | [回测 4/5] 模拟第 1001/4905 笔交易: 沃尔核材...
2026-05-03 19:13:08.166 | INFO     | Backtest   | [回测 4/5] 模拟第 1011/4905 笔交易: 上海银行...
2026-05-03 19:13:08.488 | INFO     | Backtest   | [回测 4/5] 模拟第 1021/4905 笔交易: 新亚强...
2026-05-03 19:13:08.838 | INFO     | Backtest   | [回测 4/5] 模拟第 1031/4905 笔交易: 三和管桩...
2026-05-03 19:13:09.248 | INFO     | Backtest   | [回测 4/5] 模拟第 1041/4905 笔交易: 鹿山新材...
2026-05-03 19:13:09.608 | INFO     | Backtest   | [回测 4/5] 模拟第 1051/4905 笔交易: 塞力医疗...
2026-05-03 19:13:10.018 | INFO     | Backtest   | [回测 4/5] 模拟第 1061/4905 笔交易: 建设工业...
2026-05-03 19:13:10.416 | INFO     | Backtest   | [回测 4/5] 模拟第 1071/4905 笔交易: 招金黄金...
2026-05-03 19:13:10.785 | INFO     | Backtest   | [回测 4/5] 模拟第 1081/4905 笔交易: 朗坤科技...
2026-05-03 19:13:11.215 | INFO     | Backtest   | [回测 4/5] 模拟第 1091/4905 笔交易: 信音电子...
2026-05-03 19:13:11.587 | INFO     | Backtest   | [回测 4/5] 模拟第 1101/4905 笔交易: 德创环保...
2026-05-03 19:13:12.000 | INFO     | Backtest   | [回测 4/5] 模拟第 1111/4905 笔交易: 国盛证券...
2026-05-03 19:13:12.363 | INFO     | Backtest   | [回测 4/5] 模拟第 1121/4905 笔交易: 研奥股份...
2026-05-03 19:13:12.782 | INFO     | Backtest   | [回测 4/5] 模拟第 1131/4905 笔交易: 华骐环保...
2026-05-03 19:13:13.189 | INFO     | Backtest   | [回测 4/5] 模拟第 1141/4905 笔交易: 楚江新材...
2026-05-03 19:13:13.627 | INFO     | Backtest   | [回测 4/5] 模拟第 1151/4905 笔交易: 机器人...
2026-05-03 19:13:14.024 | INFO     | Backtest   | [回测 4/5] 模拟第 1161/4905 笔交易: 红塔证券...
2026-05-03 19:13:14.432 | INFO     | Backtest   | [回测 4/5] 模拟第 1171/4905 笔交易: 金奥博...
2026-05-03 19:13:14.838 | INFO     | Backtest   | [回测 4/5] 模拟第 1181/4905 笔交易: 中国电建...
2026-05-03 19:13:15.258 | INFO     | Backtest   | [回测 4/5] 模拟第 1191/4905 笔交易: 永安期货...
2026-05-03 19:13:15.616 | INFO     | Backtest   | [回测 4/5] 模拟第 1201/4905 笔交易: 香溢融通...
2026-05-03 19:13:16.011 | INFO     | Backtest   | [回测 4/5] 模拟第 1211/4905 笔交易: 晨曦航空...
2026-05-03 19:13:16.314 | INFO     | Backtest   | [回测 4/5] 模拟第 1221/4905 笔交易: 中远通...
2026-05-03 19:13:16.632 | INFO     | Backtest   | [回测 4/5] 模拟第 1231/4905 笔交易: 宏昌电子...
2026-05-03 19:13:16.958 | INFO     | Backtest   | [回测 4/5] 模拟第 1241/4905 笔交易: 歌尔股份...
2026-05-03 19:13:17.342 | INFO     | Backtest   | [回测 4/5] 模拟第 1251/4905 笔交易: 世茂能源...
2026-05-03 19:13:17.701 | INFO     | Backtest   | [回测 4/5] 模拟第 1261/4905 笔交易: 中南传媒...
2026-05-03 19:13:18.127 | INFO     | Backtest   | [回测 4/5] 模拟第 1271/4905 笔交易: 悦达投资...
2026-05-03 19:13:18.451 | INFO     | Backtest   | [回测 4/5] 模拟第 1281/4905 笔交易: 仕净科技...
2026-05-03 19:13:18.809 | INFO     | Backtest   | [回测 4/5] 模拟第 1291/4905 笔交易: 中石科技...
2026-05-03 19:13:19.148 | INFO     | Backtest   | [回测 4/5] 模拟第 1301/4905 笔交易: 长江材料...
2026-05-03 19:13:19.524 | INFO     | Backtest   | [回测 4/5] 模拟第 1311/4905 笔交易: 可立克...
2026-05-03 19:13:19.902 | INFO     | Backtest   | [回测 4/5] 模拟第 1321/4905 笔交易: 盐湖股份...
2026-05-03 19:13:20.296 | INFO     | Backtest   | [回测 4/5] 模拟第 1331/4905 笔交易: 协鑫集成...
2026-05-03 19:13:20.663 | INFO     | Backtest   | [回测 4/5] 模拟第 1341/4905 笔交易: 雅化集团...
2026-05-03 19:13:21.085 | INFO     | Backtest   | [回测 4/5] 模拟第 1351/4905 笔交易: 宁夏建材...
2026-05-03 19:13:21.467 | INFO     | Backtest   | [回测 4/5] 模拟第 1361/4905 笔交易: 天玑科技...
2026-05-03 19:13:21.875 | INFO     | Backtest   | [回测 4/5] 模拟第 1371/4905 笔交易: 光莆股份...
2026-05-03 19:13:22.248 | INFO     | Backtest   | [回测 4/5] 模拟第 1381/4905 笔交易: 六国化工...
2026-05-03 19:13:22.601 | INFO     | Backtest   | [回测 4/5] 模拟第 1391/4905 笔交易: 亚士创能...
2026-05-03 19:13:22.969 | INFO     | Backtest   | [回测 4/5] 模拟第 1401/4905 笔交易: 园林股份...
2026-05-03 19:13:23.318 | INFO     | Backtest   | [回测 4/5] 模拟第 1411/4905 笔交易: 诚意药业...
2026-05-03 19:13:23.678 | INFO     | Backtest   | [回测 4/5] 模拟第 1421/4905 笔交易: 海象新材...
2026-05-03 19:13:24.063 | INFO     | Backtest   | [回测 4/5] 模拟第 1431/4905 笔交易: 安利股份...
2026-05-03 19:13:24.419 | INFO     | Backtest   | [回测 4/5] 模拟第 1441/4905 笔交易: 迅捷兴...
2026-05-03 19:13:24.721 | INFO     | Backtest   | [回测 4/5] 模拟第 1451/4905 笔交易: 顺网科技...
2026-05-03 19:13:25.101 | INFO     | Backtest   | [回测 4/5] 模拟第 1461/4905 笔交易: 银龙股份...
2026-05-03 19:13:25.430 | INFO     | Backtest   | [回测 4/5] 模拟第 1471/4905 笔交易: 森麒麟...
2026-05-03 19:13:25.801 | INFO     | Backtest   | [回测 4/5] 模拟第 1481/4905 笔交易: 红日药业...
2026-05-03 19:13:26.174 | INFO     | Backtest   | [回测 4/5] 模拟第 1491/4905 笔交易: 仁智股份...
2026-05-03 19:13:26.567 | INFO     | Backtest   | [回测 4/5] 模拟第 1501/4905 笔交易: 飞乐音响...
2026-05-03 19:13:26.914 | INFO     | Backtest   | [回测 4/5] 模拟第 1511/4905 笔交易: 泰坦股份...
2026-05-03 19:13:27.314 | INFO     | Backtest   | [回测 4/5] 模拟第 1521/4905 笔交易: 物产环能...
2026-05-03 19:13:27.626 | INFO     | Backtest   | [回测 4/5] 模拟第 1531/4905 笔交易: 新赛股份...
2026-05-03 19:13:28.002 | INFO     | Backtest   | [回测 4/5] 模拟第 1541/4905 笔交易: 华建集团...
2026-05-03 19:13:28.372 | INFO     | Backtest   | [回测 4/5] 模拟第 1551/4905 笔交易: 华峰化学...
2026-05-03 19:13:28.734 | INFO     | Backtest   | [回测 4/5] 模拟第 1561/4905 笔交易: 铁建重工...
2026-05-03 19:13:29.021 | INFO     | Backtest   | [回测 4/5] 模拟第 1571/4905 笔交易: 西部建设...
2026-05-03 19:13:29.336 | INFO     | Backtest   | [回测 4/5] 模拟第 1581/4905 笔交易: 建设机械...
2026-05-03 19:13:29.642 | INFO     | Backtest   | [回测 4/5] 模拟第 1591/4905 笔交易: 福建水泥...
2026-05-03 19:13:29.882 | INFO     | Backtest   | [回测 4/5] 模拟第 1601/4905 笔交易: 节能铁汉...
2026-05-03 19:13:30.228 | INFO     | Backtest   | [回测 4/5] 模拟第 1611/4905 笔交易: 通裕重工...
2026-05-03 19:13:30.594 | INFO     | Backtest   | [回测 4/5] 模拟第 1621/4905 笔交易: 中国一重...
2026-05-03 19:13:30.916 | INFO     | Backtest   | [回测 4/5] 模拟第 1631/4905 笔交易: 智慧农业...
2026-05-03 19:13:31.202 | INFO     | Backtest   | [回测 4/5] 模拟第 1641/4905 笔交易: 晋控煤业...
2026-05-03 19:13:31.579 | INFO     | Backtest   | [回测 4/5] 模拟第 1651/4905 笔交易: 名雕股份...
2026-05-03 19:13:31.950 | INFO     | Backtest   | [回测 4/5] 模拟第 1661/4905 笔交易: 蒙草生态...
2026-05-03 19:13:32.287 | INFO     | Backtest   | [回测 4/5] 模拟第 1671/4905 笔交易: 曙光股份...
2026-05-03 19:13:32.628 | INFO     | Backtest   | [回测 4/5] 模拟第 1681/4905 笔交易: 清新环境...
2026-05-03 19:13:32.966 | INFO     | Backtest   | [回测 4/5] 模拟第 1691/4905 笔交易: 金安国纪...
2026-05-03 19:13:33.244 | INFO     | Backtest   | [回测 4/5] 模拟第 1701/4905 笔交易: 远东股份...
2026-05-03 19:13:33.609 | INFO     | Backtest   | [回测 4/5] 模拟第 1711/4905 笔交易: 天地科技...
2026-05-03 19:13:33.937 | INFO     | Backtest   | [回测 4/5] 模拟第 1721/4905 笔交易: 汇通集团...
2026-05-03 19:13:34.267 | INFO     | Backtest   | [回测 4/5] 模拟第 1731/4905 笔交易: 英洛华...
2026-05-03 19:13:34.617 | INFO     | Backtest   | [回测 4/5] 模拟第 1741/4905 笔交易: 三诺生物...
2026-05-03 19:13:34.937 | INFO     | Backtest   | [回测 4/5] 模拟第 1751/4905 笔交易: 先锋电子...
2026-05-03 19:13:35.262 | INFO     | Backtest   | [回测 4/5] 模拟第 1761/4905 笔交易: 华星创业...
2026-05-03 19:13:35.540 | INFO     | Backtest   | [回测 4/5] 模拟第 1771/4905 笔交易: 奥翔药业...
2026-05-03 19:13:35.831 | INFO     | Backtest   | [回测 4/5] 模拟第 1781/4905 笔交易: 京新药业...
2026-05-03 19:13:36.133 | INFO     | Backtest   | [回测 4/5] 模拟第 1791/4905 笔交易: 河化股份...
2026-05-03 19:13:36.439 | INFO     | Backtest   | [回测 4/5] 模拟第 1801/4905 笔交易: 中国医药...
2026-05-03 19:13:36.859 | INFO     | Backtest   | [回测 4/5] 模拟第 1811/4905 笔交易: 天和防务...
2026-05-03 19:13:37.209 | INFO     | Backtest   | [回测 4/5] 模拟第 1821/4905 笔交易: 深深房Ａ...
2026-05-03 19:13:37.579 | INFO     | Backtest   | [回测 4/5] 模拟第 1831/4905 笔交易: 联美控股...
2026-05-03 19:13:37.924 | INFO     | Backtest   | [回测 4/5] 模拟第 1841/4905 笔交易: 维力医疗...
2026-05-03 19:13:38.284 | INFO     | Backtest   | [回测 4/5] 模拟第 1851/4905 笔交易: 宇环数控...
2026-05-03 19:13:38.655 | INFO     | Backtest   | [回测 4/5] 模拟第 1861/4905 笔交易: 贝斯特...
2026-05-03 19:13:39.016 | INFO     | Backtest   | [回测 4/5] 模拟第 1871/4905 笔交易: 沈阳机床...
2026-05-03 19:13:39.387 | INFO     | Backtest   | [回测 4/5] 模拟第 1881/4905 笔交易: 双杰电气...
2026-05-03 19:13:39.780 | INFO     | Backtest   | [回测 4/5] 模拟第 1891/4905 笔交易: 国茂股份...
2026-05-03 19:13:40.053 | INFO     | Backtest   | [回测 4/5] 模拟第 1901/4905 笔交易: 上实发展...
2026-05-03 19:13:40.356 | INFO     | Backtest   | [回测 4/5] 模拟第 1911/4905 笔交易: 嘉麟杰...
2026-05-03 19:13:40.647 | INFO     | Backtest   | [回测 4/5] 模拟第 1921/4905 笔交易: 金枫酒业...
2026-05-03 19:13:40.988 | INFO     | Backtest   | [回测 4/5] 模拟第 1931/4905 笔交易: 新宝股份...
2026-05-03 19:13:41.340 | INFO     | Backtest   | [回测 4/5] 模拟第 1941/4905 笔交易: 铜陵有色...
2026-05-03 19:13:41.684 | INFO     | Backtest   | [回测 4/5] 模拟第 1951/4905 笔交易: 齐鲁银行...
2026-05-03 19:13:41.998 | INFO     | Backtest   | [回测 4/5] 模拟第 1961/4905 笔交易: 金发科技...
2026-05-03 19:13:42.304 | INFO     | Backtest   | [回测 4/5] 模拟第 1971/4905 笔交易: 景兴纸业...
2026-05-03 19:13:42.635 | INFO     | Backtest   | [回测 4/5] 模拟第 1981/4905 笔交易: 中兰环保...
2026-05-03 19:13:42.940 | INFO     | Backtest   | [回测 4/5] 模拟第 1991/4905 笔交易: 斯瑞新材...
2026-05-03 19:13:43.245 | INFO     | Backtest   | [回测 4/5] 模拟第 2001/4905 笔交易: 华力创通...
2026-05-03 19:13:43.605 | INFO     | Backtest   | [回测 4/5] 模拟第 2011/4905 笔交易: 久日新材...
2026-05-03 19:13:43.917 | INFO     | Backtest   | [回测 4/5] 模拟第 2021/4905 笔交易: 气派科技...
2026-05-03 19:13:44.267 | INFO     | Backtest   | [回测 4/5] 模拟第 2031/4905 笔交易: 南威软件...
2026-05-03 19:13:44.554 | INFO     | Backtest   | [回测 4/5] 模拟第 2041/4905 笔交易: 确成股份...
2026-05-03 19:13:44.859 | INFO     | Backtest   | [回测 4/5] 模拟第 2051/4905 笔交易: 南京新百...
2026-05-03 19:13:45.055 | INFO     | Backtest   | [回测 4/5] 模拟第 2061/4905 笔交易: 集泰股份...
2026-05-03 19:13:45.376 | INFO     | Backtest   | [回测 4/5] 模拟第 2071/4905 笔交易: 新致软件...
2026-05-03 19:13:45.712 | INFO     | Backtest   | [回测 4/5] 模拟第 2081/4905 笔交易: 国新健康...
2026-05-03 19:13:46.009 | INFO     | Backtest   | [回测 4/5] 模拟第 2091/4905 笔交易: 亨通股份...
2026-05-03 19:13:46.342 | INFO     | Backtest   | [回测 4/5] 模拟第 2101/4905 笔交易: 绿盟科技...
2026-05-03 19:13:46.646 | INFO     | Backtest   | [回测 4/5] 模拟第 2111/4905 笔交易: 统一股份...
2026-05-03 19:13:46.990 | INFO     | Backtest   | [回测 4/5] 模拟第 2121/4905 笔交易: 慈文传媒...
2026-05-03 19:13:47.254 | INFO     | Backtest   | [回测 4/5] 模拟第 2131/4905 笔交易: 城市传媒...
2026-05-03 19:13:47.605 | INFO     | Backtest   | [回测 4/5] 模拟第 2141/4905 笔交易: 美利信...
2026-05-03 19:13:47.943 | INFO     | Backtest   | [回测 4/5] 模拟第 2151/4905 笔交易: 有友食品...
2026-05-03 19:13:48.167 | INFO     | Backtest   | [回测 4/5] 模拟第 2161/4905 笔交易: 沃顿科技...
2026-05-03 19:13:48.510 | INFO     | Backtest   | [回测 4/5] 模拟第 2171/4905 笔交易: 华域汽车...
2026-05-03 19:13:48.872 | INFO     | Backtest   | [回测 4/5] 模拟第 2181/4905 笔交易: 先导基电...
2026-05-03 19:13:49.214 | INFO     | Backtest   | [回测 4/5] 模拟第 2191/4905 笔交易: 明牌珠宝...
2026-05-03 19:13:49.499 | INFO     | Backtest   | [回测 4/5] 模拟第 2201/4905 笔交易: 廊坊发展...
2026-05-03 19:13:49.822 | INFO     | Backtest   | [回测 4/5] 模拟第 2211/4905 笔交易: 华峰化学...
2026-05-03 19:13:50.126 | INFO     | Backtest   | [回测 4/5] 模拟第 2221/4905 笔交易: 衢州东峰...
2026-05-03 19:13:50.388 | INFO     | Backtest   | [回测 4/5] 模拟第 2231/4905 笔交易: 万凯新材...
2026-05-03 19:13:50.682 | INFO     | Backtest   | [回测 4/5] 模拟第 2241/4905 笔交易: 容百科技...
2026-05-03 19:13:50.970 | INFO     | Backtest   | [回测 4/5] 模拟第 2251/4905 笔交易: 城投控股...
2026-05-03 19:13:51.243 | INFO     | Backtest   | [回测 4/5] 模拟第 2261/4905 笔交易: 中国化学...
2026-05-03 19:13:51.474 | INFO     | Backtest   | [回测 4/5] 模拟第 2271/4905 笔交易: 电科芯片...
2026-05-03 19:13:51.734 | INFO     | Backtest   | [回测 4/5] 模拟第 2281/4905 笔交易: 中京电子...
2026-05-03 19:13:52.000 | INFO     | Backtest   | [回测 4/5] 模拟第 2291/4905 笔交易: 国盛证券...
2026-05-03 19:13:52.223 | INFO     | Backtest   | [回测 4/5] 模拟第 2301/4905 笔交易: 万泽股份...
2026-05-03 19:13:52.510 | INFO     | Backtest   | [回测 4/5] 模拟第 2311/4905 笔交易: 浙农股份...
2026-05-03 19:13:52.824 | INFO     | Backtest   | [回测 4/5] 模拟第 2321/4905 笔交易: 华通线缆...
2026-05-03 19:13:53.064 | INFO     | Backtest   | [回测 4/5] 模拟第 2331/4905 笔交易: 浙富控股...
2026-05-03 19:13:53.326 | INFO     | Backtest   | [回测 4/5] 模拟第 2341/4905 笔交易: 青山纸业...
2026-05-03 19:13:53.588 | INFO     | Backtest   | [回测 4/5] 模拟第 2351/4905 笔交易: 新通联...
2026-05-03 19:13:53.908 | INFO     | Backtest   | [回测 4/5] 模拟第 2361/4905 笔交易: 安控科技...
2026-05-03 19:13:54.145 | INFO     | Backtest   | [回测 4/5] 模拟第 2371/4905 笔交易: 世纪鼎利...
2026-05-03 19:13:54.313 | INFO     | Backtest   | [回测 4/5] 模拟第 2381/4905 笔交易: 物产环能...
2026-05-03 19:13:54.567 | INFO     | Backtest   | [回测 4/5] 模拟第 2391/4905 笔交易: 能辉科技...
2026-05-03 19:13:54.766 | INFO     | Backtest   | [回测 4/5] 模拟第 2401/4905 笔交易: 雪天盐业...
2026-05-03 19:13:55.067 | INFO     | Backtest   | [回测 4/5] 模拟第 2411/4905 笔交易: 特锐德...
2026-05-03 19:13:55.326 | INFO     | Backtest   | [回测 4/5] 模拟第 2421/4905 笔交易: 特力Ａ...
2026-05-03 19:13:55.591 | INFO     | Backtest   | [回测 4/5] 模拟第 2431/4905 笔交易: 智能自控...
2026-05-03 19:13:55.961 | INFO     | Backtest   | [回测 4/5] 模拟第 2441/4905 笔交易: 众业达...
2026-05-03 19:13:56.267 | INFO     | Backtest   | [回测 4/5] 模拟第 2451/4905 笔交易: 广汽集团...
2026-05-03 19:13:56.601 | INFO     | Backtest   | [回测 4/5] 模拟第 2461/4905 笔交易: 盐湖股份...
2026-05-03 19:13:56.936 | INFO     | Backtest   | [回测 4/5] 模拟第 2471/4905 笔交易: 合锻智能...
2026-05-03 19:13:57.261 | INFO     | Backtest   | [回测 4/5] 模拟第 2481/4905 笔交易: 厦门港务...
2026-05-03 19:13:57.659 | INFO     | Backtest   | [回测 4/5] 模拟第 2491/4905 笔交易: 星辉娱乐...
2026-05-03 19:13:57.961 | INFO     | Backtest   | [回测 4/5] 模拟第 2501/4905 笔交易: 众信旅游...
2026-05-03 19:13:58.261 | INFO     | Backtest   | [回测 4/5] 模拟第 2511/4905 笔交易: 云意电气...
2026-05-03 19:13:58.543 | INFO     | Backtest   | [回测 4/5] 模拟第 2521/4905 笔交易: 中成股份...
2026-05-03 19:13:58.748 | INFO     | Backtest   | [回测 4/5] 模拟第 2531/4905 笔交易: 峰璟股份...
2026-05-03 19:13:59.080 | INFO     | Backtest   | [回测 4/5] 模拟第 2541/4905 笔交易: S佳通...
2026-05-03 19:13:59.382 | INFO     | Backtest   | [回测 4/5] 模拟第 2551/4905 笔交易: 春立医疗...
2026-05-03 19:13:59.651 | INFO     | Backtest   | [回测 4/5] 模拟第 2561/4905 笔交易: 中科通达...
2026-05-03 19:13:59.886 | INFO     | Backtest   | [回测 4/5] 模拟第 2571/4905 笔交易: 太极实业...
2026-05-03 19:14:00.153 | INFO     | Backtest   | [回测 4/5] 模拟第 2581/4905 笔交易: 华蓝集团...
2026-05-03 19:14:00.458 | INFO     | Backtest   | [回测 4/5] 模拟第 2591/4905 笔交易: 江铃汽车...
2026-05-03 19:14:00.739 | INFO     | Backtest   | [回测 4/5] 模拟第 2601/4905 笔交易: 中仑新材...
2026-05-03 19:14:01.015 | INFO     | Backtest   | [回测 4/5] 模拟第 2611/4905 笔交易: 富临精工...
2026-05-03 19:14:01.233 | INFO     | Backtest   | [回测 4/5] 模拟第 2621/4905 笔交易: 泓淋电力...
2026-05-03 19:14:01.441 | INFO     | Backtest   | [回测 4/5] 模拟第 2631/4905 笔交易: 云南铜业...
2026-05-03 19:14:01.723 | INFO     | Backtest   | [回测 4/5] 模拟第 2641/4905 笔交易: 鲁信创投...
2026-05-03 19:14:01.929 | INFO     | Backtest   | [回测 4/5] 模拟第 2651/4905 笔交易: 南山铝业...
2026-05-03 19:14:02.226 | INFO     | Backtest   | [回测 4/5] 模拟第 2661/4905 笔交易: 招商轮船...
2026-05-03 19:14:02.439 | INFO     | Backtest   | [回测 4/5] 模拟第 2671/4905 笔交易: 侨银股份...
2026-05-03 19:14:02.670 | INFO     | Backtest   | [回测 4/5] 模拟第 2681/4905 笔交易: 新锐股份...
2026-05-03 19:14:02.887 | INFO     | Backtest   | [回测 4/5] 模拟第 2691/4905 笔交易: 厚普股份...
2026-05-03 19:14:03.208 | INFO     | Backtest   | [回测 4/5] 模拟第 2701/4905 笔交易: 中国长城...
2026-05-03 19:14:03.396 | INFO     | Backtest   | [回测 4/5] 模拟第 2711/4905 笔交易: 天洋新材...
2026-05-03 19:14:03.634 | INFO     | Backtest   | [回测 4/5] 模拟第 2721/4905 笔交易: 工大高科...
2026-05-03 19:14:03.899 | INFO     | Backtest   | [回测 4/5] 模拟第 2731/4905 笔交易: 大中矿业...
2026-05-03 19:14:04.200 | INFO     | Backtest   | [回测 4/5] 模拟第 2741/4905 笔交易: 锋龙股份...
2026-05-03 19:14:04.441 | INFO     | Backtest   | [回测 4/5] 模拟第 2751/4905 笔交易: 建科智能...
2026-05-03 19:14:04.740 | INFO     | Backtest   | [回测 4/5] 模拟第 2761/4905 笔交易: 易天股份...
2026-05-03 19:14:05.043 | INFO     | Backtest   | [回测 4/5] 模拟第 2771/4905 笔交易: 华电科工...
2026-05-03 19:14:05.324 | INFO     | Backtest   | [回测 4/5] 模拟第 2781/4905 笔交易: 保立佳...
2026-05-03 19:14:05.631 | INFO     | Backtest   | [回测 4/5] 模拟第 2791/4905 笔交易: 钱江生化...
2026-05-03 19:14:05.915 | INFO     | Backtest   | [回测 4/5] 模拟第 2801/4905 笔交易: 富瑞特装...
2026-05-03 19:14:06.210 | INFO     | Backtest   | [回测 4/5] 模拟第 2811/4905 笔交易: 天虹股份...
2026-05-03 19:14:06.487 | INFO     | Backtest   | [回测 4/5] 模拟第 2821/4905 笔交易: 迪普科技...
2026-05-03 19:14:06.739 | INFO     | Backtest   | [回测 4/5] 模拟第 2831/4905 笔交易: 特力Ａ...
2026-05-03 19:14:06.991 | INFO     | Backtest   | [回测 4/5] 模拟第 2841/4905 笔交易: 中农联合...
2026-05-03 19:14:07.262 | INFO     | Backtest   | [回测 4/5] 模拟第 2851/4905 笔交易: 中信特钢...
2026-05-03 19:14:07.572 | INFO     | Backtest   | [回测 4/5] 模拟第 2861/4905 笔交易: 泰和新材...
2026-05-03 19:14:07.909 | INFO     | Backtest   | [回测 4/5] 模拟第 2871/4905 笔交易: 驰宏锌锗...
2026-05-03 19:14:08.165 | INFO     | Backtest   | [回测 4/5] 模拟第 2881/4905 笔交易: 科陆电子...
2026-05-03 19:14:08.381 | INFO     | Backtest   | [回测 4/5] 模拟第 2891/4905 笔交易: 中国卫通...
2026-05-03 19:14:08.592 | INFO     | Backtest   | [回测 4/5] 模拟第 2901/4905 笔交易: 欣锐科技...
2026-05-03 19:14:08.846 | INFO     | Backtest   | [回测 4/5] 模拟第 2911/4905 笔交易: 安泰科技...
2026-05-03 19:14:09.107 | INFO     | Backtest   | [回测 4/5] 模拟第 2921/4905 笔交易: 宏源药业...
2026-05-03 19:14:09.344 | INFO     | Backtest   | [回测 4/5] 模拟第 2931/4905 笔交易: 海南发展...
2026-05-03 19:14:09.619 | INFO     | Backtest   | [回测 4/5] 模拟第 2941/4905 笔交易: 西高院...
2026-05-03 19:14:09.859 | INFO     | Backtest   | [回测 4/5] 模拟第 2951/4905 笔交易: 雅本化学...
2026-05-03 19:14:10.108 | INFO     | Backtest   | [回测 4/5] 模拟第 2961/4905 笔交易: 完美世界...
2026-05-03 19:14:10.369 | INFO     | Backtest   | [回测 4/5] 模拟第 2971/4905 笔交易: 远望谷...
2026-05-03 19:14:10.654 | INFO     | Backtest   | [回测 4/5] 模拟第 2981/4905 笔交易: 恒华科技...
2026-05-03 19:14:10.929 | INFO     | Backtest   | [回测 4/5] 模拟第 2991/4905 笔交易: 惠天热电...
2026-05-03 19:14:11.211 | INFO     | Backtest   | [回测 4/5] 模拟第 3001/4905 笔交易: 健麾信息...
2026-05-03 19:14:11.522 | INFO     | Backtest   | [回测 4/5] 模拟第 3011/4905 笔交易: 茂硕电源...
2026-05-03 19:14:11.852 | INFO     | Backtest   | [回测 4/5] 模拟第 3021/4905 笔交易: 九洲集团...
2026-05-03 19:14:12.111 | INFO     | Backtest   | [回测 4/5] 模拟第 3031/4905 笔交易: 九鼎投资...
2026-05-03 19:14:12.352 | INFO     | Backtest   | [回测 4/5] 模拟第 3041/4905 笔交易: 亚威股份...
2026-05-03 19:14:12.584 | INFO     | Backtest   | [回测 4/5] 模拟第 3051/4905 笔交易: 长江证券...
2026-05-03 19:14:12.837 | INFO     | Backtest   | [回测 4/5] 模拟第 3061/4905 笔交易: 中国电建...
2026-05-03 19:14:13.093 | INFO     | Backtest   | [回测 4/5] 模拟第 3071/4905 笔交易: 美畅股份...
2026-05-03 19:14:13.360 | INFO     | Backtest   | [回测 4/5] 模拟第 3081/4905 笔交易: 会稽山...
2026-05-03 19:14:13.618 | INFO     | Backtest   | [回测 4/5] 模拟第 3091/4905 笔交易: 海信视像...
2026-05-03 19:14:13.881 | INFO     | Backtest   | [回测 4/5] 模拟第 3101/4905 笔交易: 诺唯赞...
2026-05-03 19:14:14.100 | INFO     | Backtest   | [回测 4/5] 模拟第 3111/4905 笔交易: 冠城新材...
2026-05-03 19:14:14.291 | INFO     | Backtest   | [回测 4/5] 模拟第 3121/4905 笔交易: 光云科技...
2026-05-03 19:14:14.473 | INFO     | Backtest   | [回测 4/5] 模拟第 3131/4905 笔交易: 宁波建工...
2026-05-03 19:14:14.683 | INFO     | Backtest   | [回测 4/5] 模拟第 3141/4905 笔交易: 中电环保...
2026-05-03 19:14:14.869 | INFO     | Backtest   | [回测 4/5] 模拟第 3151/4905 笔交易: 永艺股份...
2026-05-03 19:14:15.095 | INFO     | Backtest   | [回测 4/5] 模拟第 3161/4905 笔交易: 德创环保...
2026-05-03 19:14:15.296 | INFO     | Backtest   | [回测 4/5] 模拟第 3171/4905 笔交易: 光莆股份...
2026-05-03 19:14:15.505 | INFO     | Backtest   | [回测 4/5] 模拟第 3181/4905 笔交易: 锡业股份...
2026-05-03 19:14:15.799 | INFO     | Backtest   | [回测 4/5] 模拟第 3191/4905 笔交易: 浙数文化...
2026-05-03 19:14:16.029 | INFO     | Backtest   | [回测 4/5] 模拟第 3201/4905 笔交易: 太龙药业...
2026-05-03 19:14:16.275 | INFO     | Backtest   | [回测 4/5] 模拟第 3211/4905 笔交易: 天铁科技...
2026-05-03 19:14:16.567 | INFO     | Backtest   | [回测 4/5] 模拟第 3221/4905 笔交易: 集泰股份...
2026-05-03 19:14:16.739 | INFO     | Backtest   | [回测 4/5] 模拟第 3231/4905 笔交易: 航天信息...
2026-05-03 19:14:16.999 | INFO     | Backtest   | [回测 4/5] 模拟第 3241/4905 笔交易: 合百集团...
2026-05-03 19:14:17.246 | INFO     | Backtest   | [回测 4/5] 模拟第 3251/4905 笔交易: 安妮股份...
2026-05-03 19:14:17.440 | INFO     | Backtest   | [回测 4/5] 模拟第 3261/4905 笔交易: 省广集团...
2026-05-03 19:14:17.660 | INFO     | Backtest   | [回测 4/5] 模拟第 3271/4905 笔交易: 福安药业...
2026-05-03 19:14:17.883 | INFO     | Backtest   | [回测 4/5] 模拟第 3281/4905 笔交易: 航天软件...
2026-05-03 19:14:18.083 | INFO     | Backtest   | [回测 4/5] 模拟第 3291/4905 笔交易: 阳光乳业...
2026-05-03 19:14:18.338 | INFO     | Backtest   | [回测 4/5] 模拟第 3301/4905 笔交易: 比依股份...
2026-05-03 19:14:18.646 | INFO     | Backtest   | [回测 4/5] 模拟第 3311/4905 笔交易: 雪迪龙...
2026-05-03 19:14:18.855 | INFO     | Backtest   | [回测 4/5] 模拟第 3321/4905 笔交易: 新疆交建...
2026-05-03 19:14:19.049 | INFO     | Backtest   | [回测 4/5] 模拟第 3331/4905 笔交易: 领益智造...
2026-05-03 19:14:19.340 | INFO     | Backtest   | [回测 4/5] 模拟第 3341/4905 笔交易: 上海九百...
2026-05-03 19:14:19.584 | INFO     | Backtest   | [回测 4/5] 模拟第 3351/4905 笔交易: 永新股份...
2026-05-03 19:14:19.855 | INFO     | Backtest   | [回测 4/5] 模拟第 3361/4905 笔交易: 威星智能...
2026-05-03 19:14:20.102 | INFO     | Backtest   | [回测 4/5] 模拟第 3371/4905 笔交易: 三角轮胎...
2026-05-03 19:14:20.372 | INFO     | Backtest   | [回测 4/5] 模拟第 3381/4905 笔交易: 中威电子...
2026-05-03 19:14:20.628 | INFO     | Backtest   | [回测 4/5] 模拟第 3391/4905 笔交易: 万里扬...
2026-05-03 19:14:20.846 | INFO     | Backtest   | [回测 4/5] 模拟第 3401/4905 笔交易: 中国一重...
2026-05-03 19:14:21.057 | INFO     | Backtest   | [回测 4/5] 模拟第 3411/4905 笔交易: 光力科技...
2026-05-03 19:14:21.283 | INFO     | Backtest   | [回测 4/5] 模拟第 3421/4905 笔交易: 颀中科技...
2026-05-03 19:14:21.545 | INFO     | Backtest   | [回测 4/5] 模拟第 3431/4905 笔交易: 耀皮玻璃...
2026-05-03 19:14:21.757 | INFO     | Backtest   | [回测 4/5] 模拟第 3441/4905 笔交易: 泓淋电力...
2026-05-03 19:14:21.960 | INFO     | Backtest   | [回测 4/5] 模拟第 3451/4905 笔交易: 和顺电气...
2026-05-03 19:14:22.171 | INFO     | Backtest   | [回测 4/5] 模拟第 3461/4905 笔交易: 银邦股份...
2026-05-03 19:14:22.358 | INFO     | Backtest   | [回测 4/5] 模拟第 3471/4905 笔交易: 上海银行...
2026-05-03 19:14:22.588 | INFO     | Backtest   | [回测 4/5] 模拟第 3481/4905 笔交易: 美能能源...
2026-05-03 19:14:22.806 | INFO     | Backtest   | [回测 4/5] 模拟第 3491/4905 笔交易: 雄塑科技...
2026-05-03 19:14:23.033 | INFO     | Backtest   | [回测 4/5] 模拟第 3501/4905 笔交易: 天下秀...
2026-05-03 19:14:23.267 | INFO     | Backtest   | [回测 4/5] 模拟第 3511/4905 笔交易: 锦江酒店...
2026-05-03 19:14:23.454 | INFO     | Backtest   | [回测 4/5] 模拟第 3521/4905 笔交易: 前沿生物-U...
2026-05-03 19:14:23.636 | INFO     | Backtest   | [回测 4/5] 模拟第 3531/4905 笔交易: 艾隆科技...
2026-05-03 19:14:23.848 | INFO     | Backtest   | [回测 4/5] 模拟第 3541/4905 笔交易: 阳普医疗...
2026-05-03 19:14:24.071 | INFO     | Backtest   | [回测 4/5] 模拟第 3551/4905 笔交易: 豪江智能...
2026-05-03 19:14:24.342 | INFO     | Backtest   | [回测 4/5] 模拟第 3561/4905 笔交易: 广发证券...
2026-05-03 19:14:24.551 | INFO     | Backtest   | [回测 4/5] 模拟第 3571/4905 笔交易: 奥赛康...
2026-05-03 19:14:24.766 | INFO     | Backtest   | [回测 4/5] 模拟第 3581/4905 笔交易: 利德曼...
2026-05-03 19:14:25.017 | INFO     | Backtest   | [回测 4/5] 模拟第 3591/4905 笔交易: 城发环境...
2026-05-03 19:14:25.317 | INFO     | Backtest   | [回测 4/5] 模拟第 3601/4905 笔交易: 东方生物...
2026-05-03 19:14:25.546 | INFO     | Backtest   | [回测 4/5] 模拟第 3611/4905 笔交易: 美康生物...
2026-05-03 19:14:25.798 | INFO     | Backtest   | [回测 4/5] 模拟第 3621/4905 笔交易: 新天药业...
2026-05-03 19:14:26.013 | INFO     | Backtest   | [回测 4/5] 模拟第 3631/4905 笔交易: 神州高铁...
2026-05-03 19:14:26.267 | INFO     | Backtest   | [回测 4/5] 模拟第 3641/4905 笔交易: 千里科技...
2026-05-03 19:14:26.482 | INFO     | Backtest   | [回测 4/5] 模拟第 3651/4905 笔交易: 天瑞仪器...
2026-05-03 19:14:26.741 | INFO     | Backtest   | [回测 4/5] 模拟第 3661/4905 笔交易: 利尔化学...
2026-05-03 19:14:26.996 | INFO     | Backtest   | [回测 4/5] 模拟第 3671/4905 笔交易: 红宝丽...
2026-05-03 19:14:27.290 | INFO     | Backtest   | [回测 4/5] 模拟第 3681/4905 笔交易: 晶瑞电材...
2026-05-03 19:14:27.552 | INFO     | Backtest   | [回测 4/5] 模拟第 3691/4905 笔交易: 山西证券...
2026-05-03 19:14:27.816 | INFO     | Backtest   | [回测 4/5] 模拟第 3701/4905 笔交易: 东风科技...
2026-05-03 19:14:28.035 | INFO     | Backtest   | [回测 4/5] 模拟第 3711/4905 笔交易: 腾达科技...
2026-05-03 19:14:28.283 | INFO     | Backtest   | [回测 4/5] 模拟第 3721/4905 笔交易: 华光环能...
2026-05-03 19:14:28.451 | INFO     | Backtest   | [回测 4/5] 模拟第 3731/4905 笔交易: 康盛股份...
2026-05-03 19:14:28.643 | INFO     | Backtest   | [回测 4/5] 模拟第 3741/4905 笔交易: 中瑞股份...
2026-05-03 19:14:28.896 | INFO     | Backtest   | [回测 4/5] 模拟第 3751/4905 笔交易: 泰豪科技...
2026-05-03 19:14:29.107 | INFO     | Backtest   | [回测 4/5] 模拟第 3761/4905 笔交易: 翔港科技...
2026-05-03 19:14:29.336 | INFO     | Backtest   | [回测 4/5] 模拟第 3771/4905 笔交易: 厚普股份...
2026-05-03 19:14:29.594 | INFO     | Backtest   | [回测 4/5] 模拟第 3781/4905 笔交易: 富煌钢构...
2026-05-03 19:14:29.862 | INFO     | Backtest   | [回测 4/5] 模拟第 3791/4905 笔交易: 汇金通...
2026-05-03 19:14:30.099 | INFO     | Backtest   | [回测 4/5] 模拟第 3801/4905 笔交易: 捷安高科...
2026-05-03 19:14:30.353 | INFO     | Backtest   | [回测 4/5] 模拟第 3811/4905 笔交易: 建研院...
2026-05-03 19:14:30.615 | INFO     | Backtest   | [回测 4/5] 模拟第 3821/4905 笔交易: 时代万恒...
2026-05-03 19:14:30.862 | INFO     | Backtest   | [回测 4/5] 模拟第 3831/4905 笔交易: 森泰股份...
2026-05-03 19:14:31.064 | INFO     | Backtest   | [回测 4/5] 模拟第 3841/4905 笔交易: 富祥药业...
2026-05-03 19:14:31.309 | INFO     | Backtest   | [回测 4/5] 模拟第 3851/4905 笔交易: 华谊兄弟...
2026-05-03 19:14:31.530 | INFO     | Backtest   | [回测 4/5] 模拟第 3861/4905 笔交易: 东华能源...
2026-05-03 19:14:31.748 | INFO     | Backtest   | [回测 4/5] 模拟第 3871/4905 笔交易: 森赫股份...
2026-05-03 19:14:31.987 | INFO     | Backtest   | [回测 4/5] 模拟第 3881/4905 笔交易: 飞天诚信...
2026-05-03 19:14:32.229 | INFO     | Backtest   | [回测 4/5] 模拟第 3891/4905 笔交易: 洛阳钼业...
2026-05-03 19:14:32.403 | INFO     | Backtest   | [回测 4/5] 模拟第 3901/4905 笔交易: 博源化工...
2026-05-03 19:14:32.574 | INFO     | Backtest   | [回测 4/5] 模拟第 3911/4905 笔交易: 双象股份...
2026-05-03 19:14:32.839 | INFO     | Backtest   | [回测 4/5] 模拟第 3921/4905 笔交易: 深南电A...
2026-05-03 19:14:33.056 | INFO     | Backtest   | [回测 4/5] 模拟第 3931/4905 笔交易: 京源环保...
2026-05-03 19:14:33.324 | INFO     | Backtest   | [回测 4/5] 模拟第 3941/4905 笔交易: 福然德...
2026-05-03 19:14:33.588 | INFO     | Backtest   | [回测 4/5] 模拟第 3951/4905 笔交易: 同和药业...
2026-05-03 19:14:33.832 | INFO     | Backtest   | [回测 4/5] 模拟第 3961/4905 笔交易: 一拖股份...
2026-05-03 19:14:34.093 | INFO     | Backtest   | [回测 4/5] 模拟第 3971/4905 笔交易: 宁波精达...
2026-05-03 19:14:34.262 | INFO     | Backtest   | [回测 4/5] 模拟第 3981/4905 笔交易: 西藏城投...
2026-05-03 19:14:34.449 | INFO     | Backtest   | [回测 4/5] 模拟第 3991/4905 笔交易: 西藏珠峰...
2026-05-03 19:14:34.626 | INFO     | Backtest   | [回测 4/5] 模拟第 4001/4905 笔交易: 天合光能...
2026-05-03 19:14:34.823 | INFO     | Backtest   | [回测 4/5] 模拟第 4011/4905 笔交易: 九州通...
2026-05-03 19:14:35.000 | INFO     | Backtest   | [回测 4/5] 模拟第 4021/4905 笔交易: 芯能科技...
2026-05-03 19:14:35.195 | INFO     | Backtest   | [回测 4/5] 模拟第 4031/4905 笔交易: 中信金属...
2026-05-03 19:14:35.344 | INFO     | Backtest   | [回测 4/5] 模拟第 4041/4905 笔交易: 汤姆猫...
2026-05-03 19:14:35.462 | INFO     | Backtest   | [回测 4/5] 模拟第 4051/4905 笔交易: 亚虹医药-U...
2026-05-03 19:14:35.623 | INFO     | Backtest   | [回测 4/5] 模拟第 4061/4905 笔交易: XD宝丰能...
2026-05-03 19:14:35.800 | INFO     | Backtest   | [回测 4/5] 模拟第 4071/4905 笔交易: 嘉化能源...
2026-05-03 19:14:35.956 | INFO     | Backtest   | [回测 4/5] 模拟第 4081/4905 笔交易: 黄山旅游...
2026-05-03 19:14:36.188 | INFO     | Backtest   | [回测 4/5] 模拟第 4091/4905 笔交易: 晋亿实业...
2026-05-03 19:14:36.389 | INFO     | Backtest   | [回测 4/5] 模拟第 4101/4905 笔交易: 哈空调...
2026-05-03 19:14:36.620 | INFO     | Backtest   | [回测 4/5] 模拟第 4111/4905 笔交易: 浙江医药...
2026-05-03 19:14:36.837 | INFO     | Backtest   | [回测 4/5] 模拟第 4121/4905 笔交易: 公元股份...
2026-05-03 19:14:37.118 | INFO     | Backtest   | [回测 4/5] 模拟第 4131/4905 笔交易: 捷顺科技...
2026-05-03 19:14:37.386 | INFO     | Backtest   | [回测 4/5] 模拟第 4141/4905 笔交易: 国网英大...
2026-05-03 19:14:37.593 | INFO     | Backtest   | [回测 4/5] 模拟第 4151/4905 笔交易: 晶澳科技...
2026-05-03 19:14:37.806 | INFO     | Backtest   | [回测 4/5] 模拟第 4161/4905 笔交易: 保龄宝...
2026-05-03 19:14:38.022 | INFO     | Backtest   | [回测 4/5] 模拟第 4171/4905 笔交易: 安彩高科...
2026-05-03 19:14:38.289 | INFO     | Backtest   | [回测 4/5] 模拟第 4181/4905 笔交易: 瑞茂通...
2026-05-03 19:14:38.470 | INFO     | Backtest   | [回测 4/5] 模拟第 4191/4905 笔交易: 厦门港务...
2026-05-03 19:14:38.656 | INFO     | Backtest   | [回测 4/5] 模拟第 4201/4905 笔交易: 金瑞矿业...
2026-05-03 19:14:38.839 | INFO     | Backtest   | [回测 4/5] 模拟第 4211/4905 笔交易: 兔宝宝...
2026-05-03 19:14:39.002 | INFO     | Backtest   | [回测 4/5] 模拟第 4221/4905 笔交易: 掌阅科技...
2026-05-03 19:14:39.243 | INFO     | Backtest   | [回测 4/5] 模拟第 4231/4905 笔交易: 辉隆股份...
2026-05-03 19:14:39.495 | INFO     | Backtest   | [回测 4/5] 模拟第 4241/4905 笔交易: 太龙股份...
2026-05-03 19:14:39.655 | INFO     | Backtest   | [回测 4/5] 模拟第 4251/4905 笔交易: 先进数通...
2026-05-03 19:14:39.851 | INFO     | Backtest   | [回测 4/5] 模拟第 4261/4905 笔交易: 长阳科技...
2026-05-03 19:14:40.095 | INFO     | Backtest   | [回测 4/5] 模拟第 4271/4905 笔交易: 宏源药业...
2026-05-03 19:14:40.297 | INFO     | Backtest   | [回测 4/5] 模拟第 4281/4905 笔交易: 彩虹股份...
2026-05-03 19:14:40.466 | INFO     | Backtest   | [回测 4/5] 模拟第 4291/4905 笔交易: 孚日股份...
2026-05-03 19:14:40.620 | INFO     | Backtest   | [回测 4/5] 模拟第 4301/4905 笔交易: 新劲刚...
2026-05-03 19:14:40.763 | INFO     | Backtest   | [回测 4/5] 模拟第 4311/4905 笔交易: 圣农发展...
2026-05-03 19:14:40.915 | INFO     | Backtest   | [回测 4/5] 模拟第 4321/4905 笔交易: 华创云信...
2026-05-03 19:14:41.079 | INFO     | Backtest   | [回测 4/5] 模拟第 4331/4905 笔交易: 新凤鸣...
2026-05-03 19:14:41.243 | INFO     | Backtest   | [回测 4/5] 模拟第 4341/4905 笔交易: 亚星化学...
2026-05-03 19:14:41.400 | INFO     | Backtest   | [回测 4/5] 模拟第 4351/4905 笔交易: 赞宇科技...
2026-05-03 19:14:41.574 | INFO     | Backtest   | [回测 4/5] 模拟第 4361/4905 笔交易: 海天精工...
2026-05-03 19:14:41.804 | INFO     | Backtest   | [回测 4/5] 模拟第 4371/4905 笔交易: 航锦科技...
2026-05-03 19:14:41.972 | INFO     | Backtest   | [回测 4/5] 模拟第 4381/4905 笔交易: 精进电动-UW...
2026-05-03 19:14:42.124 | INFO     | Backtest   | [回测 4/5] 模拟第 4391/4905 笔交易: 昌红科技...
2026-05-03 19:14:42.367 | INFO     | Backtest   | [回测 4/5] 模拟第 4401/4905 笔交易: 大西洋...
2026-05-03 19:14:42.561 | INFO     | Backtest   | [回测 4/5] 模拟第 4411/4905 笔交易: 山东玻纤...
2026-05-03 19:14:42.697 | INFO     | Backtest   | [回测 4/5] 模拟第 4421/4905 笔交易: 双星新材...
2026-05-03 19:14:42.868 | INFO     | Backtest   | [回测 4/5] 模拟第 4431/4905 笔交易: 三友化工...
2026-05-03 19:14:43.069 | INFO     | Backtest   | [回测 4/5] 模拟第 4441/4905 笔交易: 钛能化学...
2026-05-03 19:14:43.230 | INFO     | Backtest   | [回测 4/5] 模拟第 4451/4905 笔交易: 鲁北化工...
2026-05-03 19:14:43.389 | INFO     | Backtest   | [回测 4/5] 模拟第 4461/4905 笔交易: 青松股份...
2026-05-03 19:14:43.512 | INFO     | Backtest   | [回测 4/5] 模拟第 4471/4905 笔交易: 皇氏集团...
2026-05-03 19:14:43.714 | INFO     | Backtest   | [回测 4/5] 模拟第 4481/4905 笔交易: 时代万恒...
2026-05-03 19:14:43.880 | INFO     | Backtest   | [回测 4/5] 模拟第 4491/4905 笔交易: 大连热电...
2026-05-03 19:14:44.074 | INFO     | Backtest   | [回测 4/5] 模拟第 4501/4905 笔交易: 中远通...
2026-05-03 19:14:44.310 | INFO     | Backtest   | [回测 4/5] 模拟第 4511/4905 笔交易: 狮头股份...
2026-05-03 19:14:44.488 | INFO     | Backtest   | [回测 4/5] 模拟第 4521/4905 笔交易: 振东制药...
2026-05-03 19:14:44.702 | INFO     | Backtest   | [回测 4/5] 模拟第 4531/4905 笔交易: 开尔新材...
2026-05-03 19:14:44.976 | INFO     | Backtest   | [回测 4/5] 模拟第 4541/4905 笔交易: XD高能环...
2026-05-03 19:14:45.162 | INFO     | Backtest   | [回测 4/5] 模拟第 4551/4905 笔交易: 我武生物...
2026-05-03 19:14:45.371 | INFO     | Backtest   | [回测 4/5] 模拟第 4561/4905 笔交易: 上海家化...
2026-05-03 19:14:45.567 | INFO     | Backtest   | [回测 4/5] 模拟第 4571/4905 笔交易: 鹏鹞环保...
2026-05-03 19:14:45.737 | INFO     | Backtest   | [回测 4/5] 模拟第 4581/4905 笔交易: 莲花控股...
2026-05-03 19:14:45.917 | INFO     | Backtest   | [回测 4/5] 模拟第 4591/4905 笔交易: 凯美特气...
2026-05-03 19:14:46.116 | INFO     | Backtest   | [回测 4/5] 模拟第 4601/4905 笔交易: 创维数字...
2026-05-03 19:14:46.277 | INFO     | Backtest   | [回测 4/5] 模拟第 4611/4905 笔交易: 恒盛能源...
2026-05-03 19:14:46.476 | INFO     | Backtest   | [回测 4/5] 模拟第 4621/4905 笔交易: 智光电气...
2026-05-03 19:14:46.731 | INFO     | Backtest   | [回测 4/5] 模拟第 4631/4905 笔交易: 康斯特...
2026-05-03 19:14:46.946 | INFO     | Backtest   | [回测 4/5] 模拟第 4641/4905 笔交易: 幸福蓝海...
2026-05-03 19:14:47.122 | INFO     | Backtest   | [回测 4/5] 模拟第 4651/4905 笔交易: 福达股份...
2026-05-03 19:14:47.382 | INFO     | Backtest   | [回测 4/5] 模拟第 4661/4905 笔交易: 聚光科技...
2026-05-03 19:14:47.596 | INFO     | Backtest   | [回测 4/5] 模拟第 4671/4905 笔交易: 瑞泰新材...
2026-05-03 19:14:47.828 | INFO     | Backtest   | [回测 4/5] 模拟第 4681/4905 笔交易: 华源控股...
2026-05-03 19:14:48.051 | INFO     | Backtest   | [回测 4/5] 模拟第 4691/4905 笔交易: 飞力达...
2026-05-03 19:14:48.289 | INFO     | Backtest   | [回测 4/5] 模拟第 4701/4905 笔交易: 嘉应制药...
2026-05-03 19:14:48.504 | INFO     | Backtest   | [回测 4/5] 模拟第 4711/4905 笔交易: 德艺文创...
2026-05-03 19:14:48.657 | INFO     | Backtest   | [回测 4/5] 模拟第 4721/4905 笔交易: 海联金汇...
2026-05-03 19:14:48.884 | INFO     | Backtest   | [回测 4/5] 模拟第 4731/4905 笔交易: 宏达高科...
2026-05-03 19:14:49.106 | INFO     | Backtest   | [回测 4/5] 模拟第 4741/4905 笔交易: 吉林敖东...
2026-05-03 19:14:49.304 | INFO     | Backtest   | [回测 4/5] 模拟第 4751/4905 笔交易: 迈赫股份...
2026-05-03 19:14:49.527 | INFO     | Backtest   | [回测 4/5] 模拟第 4761/4905 笔交易: 湘佳股份...
2026-05-03 19:14:49.747 | INFO     | Backtest   | [回测 4/5] 模拟第 4771/4905 笔交易: 水星家纺...
2026-05-03 19:14:49.928 | INFO     | Backtest   | [回测 4/5] 模拟第 4781/4905 笔交易: 佳力图...
2026-05-03 19:14:50.101 | INFO     | Backtest   | [回测 4/5] 模拟第 4791/4905 笔交易: 金钼股份...
2026-05-03 19:14:50.280 | INFO     | Backtest   | [回测 4/5] 模拟第 4801/4905 笔交易: 光莆股份...
2026-05-03 19:14:50.447 | INFO     | Backtest   | [回测 4/5] 模拟第 4811/4905 笔交易: 平高电气...
2026-05-03 19:14:50.576 | INFO     | Backtest   | [回测 4/5] 模拟第 4821/4905 笔交易: 金信诺...
2026-05-03 19:14:50.774 | INFO     | Backtest   | [回测 4/5] 模拟第 4831/4905 笔交易: 元祖股份...
2026-05-03 19:14:50.899 | INFO     | Backtest   | [回测 4/5] 模拟第 4841/4905 笔交易: 三鑫医疗...
2026-05-03 19:14:51.097 | INFO     | Backtest   | [回测 4/5] 模拟第 4851/4905 笔交易: 湖北宜化...
2026-05-03 19:14:51.184 | INFO     | Backtest   | [回测 4/5] 模拟第 4861/4905 笔交易: 蔚蓝锂芯...
2026-05-03 19:14:51.329 | INFO     | Backtest   | [回测 4/5] 模拟第 4871/4905 笔交易: 初灵信息...
2026-05-03 19:14:51.470 | INFO     | Backtest   | [回测 4/5] 模拟第 4881/4905 笔交易: 麦捷科技...
2026-05-03 19:14:51.607 | INFO     | Backtest   | [回测 4/5] 模拟第 4891/4905 笔交易: 芯联集成-U...
2026-05-03 19:14:51.772 | INFO     | Backtest   | [回测 4/5] 模拟第 4901/4905 笔交易: 广哈通信...
2026-05-03 19:14:51.860 | INFO     | Backtest   | [回测 5/5] 回测任务完成: 1145笔(含0笔平手离场)
2026-05-03 19:14:52.698 | INFO     | Backtest   | [回测 1/5] 筛选回测目标股票...
2026-05-03 19:14:52.712 | INFO     | Backtest   | [回测 2/5] 加载 5010 只股票的历史数据进行快速扫描...
2026-05-03 19:15:06.426 | INFO     | Backtest   | [回测 3/5] 计算策略信号 (基于日线信号库)...
2026-05-03 19:15:06.433 | INFO     | Screener   | 🧬 [Loader] 识别到类继承策略: MA5AngleOriginalStrategy
2026-05-03 19:15:13.846 | INFO     | Backtest   | [回测 4/5] 处理 4905 条信号，执行精细分钟线仿真...
2026-05-03 19:15:13.852 | INFO     | Backtest   | [回测 4/5] 模拟第 1/4905 笔交易: 升达林业...
2026-05-03 19:15:14.183 | INFO     | Backtest   | [回测 4/5] 模拟第 11/4905 笔交易: 万丰股份...
2026-05-03 19:15:14.554 | INFO     | Backtest   | [回测 4/5] 模拟第 21/4905 笔交易: 恒誉环保...
2026-05-03 19:15:14.932 | INFO     | Backtest   | [回测 4/5] 模拟第 31/4905 笔交易: 锦鸡股份...
2026-05-03 19:15:15.337 | INFO     | Backtest   | [回测 4/5] 模拟第 41/4905 笔交易: 君正集团...
2026-05-03 19:15:15.749 | INFO     | Backtest   | [回测 4/5] 模拟第 51/4905 笔交易: 海洋王...
2026-05-03 19:15:16.117 | INFO     | Backtest   | [回测 4/5] 模拟第 61/4905 笔交易: 三雄极光...
2026-05-03 19:15:16.491 | INFO     | Backtest   | [回测 4/5] 模拟第 71/4905 笔交易: 世名科技...
2026-05-03 19:15:16.870 | INFO     | Backtest   | [回测 4/5] 模拟第 81/4905 笔交易: 朝阳科技...
2026-05-03 19:15:17.269 | INFO     | Backtest   | [回测 4/5] 模拟第 91/4905 笔交易: 飞荣达...
2026-05-03 19:15:17.691 | INFO     | Backtest   | [回测 4/5] 模拟第 101/4905 笔交易: 春兴精工...
2026-05-03 19:15:18.097 | INFO     | Backtest   | [回测 4/5] 模拟第 111/4905 笔交易: 苏州科达...
2026-05-03 19:15:18.540 | INFO     | Backtest   | [回测 4/5] 模拟第 121/4905 笔交易: 海默科技...
2026-05-03 19:15:18.964 | INFO     | Backtest   | [回测 4/5] 模拟第 131/4905 笔交易: 立昂技术...
2026-05-03 19:15:19.333 | INFO     | Backtest   | [回测 4/5] 模拟第 141/4905 笔交易: 多伦科技...
2026-05-03 19:15:19.749 | INFO     | Backtest   | [回测 4/5] 模拟第 151/4905 笔交易: 易瑞生物...
2026-05-03 19:15:20.124 | INFO     | Backtest   | [回测 4/5] 模拟第 161/4905 笔交易: 宇环数控...
2026-05-03 19:15:20.538 | INFO     | Backtest   | [回测 4/5] 模拟第 171/4905 笔交易: 格尔软件...
2026-05-03 19:15:20.960 | INFO     | Backtest   | [回测 4/5] 模拟第 181/4905 笔交易: 神州信息...
2026-05-03 19:15:21.374 | INFO     | Backtest   | [回测 4/5] 模拟第 191/4905 笔交易: 鸿特科技...
2026-05-03 19:15:21.796 | INFO     | Backtest   | [回测 4/5] 模拟第 201/4905 笔交易: 东方智造...
2026-05-03 19:15:22.233 | INFO     | Backtest   | [回测 4/5] 模拟第 211/4905 笔交易: 粤桂股份...
2026-05-03 19:15:22.672 | INFO     | Backtest   | [回测 4/5] 模拟第 221/4905 笔交易: 松霖科技...
2026-05-03 19:15:23.061 | INFO     | Backtest   | [回测 4/5] 模拟第 231/4905 笔交易: 久其软件...
2026-05-03 19:15:23.463 | INFO     | Backtest   | [回测 4/5] 模拟第 241/4905 笔交易: 锦龙股份...
2026-05-03 19:15:23.854 | INFO     | Backtest   | [回测 4/5] 模拟第 251/4905 笔交易: 菲沃泰...
2026-05-03 19:15:24.277 | INFO     | Backtest   | [回测 4/5] 模拟第 261/4905 笔交易: 山高环能...
2026-05-03 19:15:24.702 | INFO     | Backtest   | [回测 4/5] 模拟第 271/4905 笔交易: 四创电子...
2026-05-03 19:15:25.114 | INFO     | Backtest   | [回测 4/5] 模拟第 281/4905 笔交易: 广电运通...
2026-05-03 19:15:25.548 | INFO     | Backtest   | [回测 4/5] 模拟第 291/4905 笔交易: 中科江南...
2026-05-03 19:15:25.982 | INFO     | Backtest   | [回测 4/5] 模拟第 301/4905 笔交易: 钛能化学...
2026-05-03 19:15:26.404 | INFO     | Backtest   | [回测 4/5] 模拟第 311/4905 笔交易: 华鼎股份...
2026-05-03 19:15:26.827 | INFO     | Backtest   | [回测 4/5] 模拟第 321/4905 笔交易: 钱江生化...
2026-05-03 19:15:27.281 | INFO     | Backtest   | [回测 4/5] 模拟第 331/4905 笔交易: 德冠新材...
2026-05-03 19:15:27.684 | INFO     | Backtest   | [回测 4/5] 模拟第 341/4905 笔交易: 罗平锌电...
2026-05-03 19:15:28.086 | INFO     | Backtest   | [回测 4/5] 模拟第 351/4905 笔交易: 金智科技...
2026-05-03 19:15:28.455 | INFO     | Backtest   | [回测 4/5] 模拟第 361/4905 笔交易: 宏盛华源...
2026-05-03 19:15:28.854 | INFO     | Backtest   | [回测 4/5] 模拟第 371/4905 笔交易: 东软集团...
2026-05-03 19:15:29.290 | INFO     | Backtest   | [回测 4/5] 模拟第 381/4905 笔交易: 泰和科技...
2026-05-03 19:15:29.680 | INFO     | Backtest   | [回测 4/5] 模拟第 391/4905 笔交易: 海德股份...
2026-05-03 19:15:30.089 | INFO     | Backtest   | [回测 4/5] 模拟第 401/4905 笔交易: 中关村...
2026-05-03 19:15:30.513 | INFO     | Backtest   | [回测 4/5] 模拟第 411/4905 笔交易: 彩蝶实业...
2026-05-03 19:15:30.897 | INFO     | Backtest   | [回测 4/5] 模拟第 421/4905 笔交易: 汇金通...
2026-05-03 19:15:31.312 | INFO     | Backtest   | [回测 4/5] 模拟第 431/4905 笔交易: 西部矿业...
2026-05-03 19:15:31.701 | INFO     | Backtest   | [回测 4/5] 模拟第 441/4905 笔交易: 游族网络...
2026-05-03 19:15:32.110 | INFO     | Backtest   | [回测 4/5] 模拟第 451/4905 笔交易: 保龄宝...
2026-05-03 19:15:32.468 | INFO     | Backtest   | [回测 4/5] 模拟第 461/4905 笔交易: 麦克奥迪...
2026-05-03 19:15:32.820 | INFO     | Backtest   | [回测 4/5] 模拟第 471/4905 笔交易: 博汇纸业...
2026-05-03 19:15:33.213 | INFO     | Backtest   | [回测 4/5] 模拟第 481/4905 笔交易: 得利斯...
2026-05-03 19:15:33.602 | INFO     | Backtest   | [回测 4/5] 模拟第 491/4905 笔交易: 宁波富达...
2026-05-03 19:15:34.010 | INFO     | Backtest   | [回测 4/5] 模拟第 501/4905 笔交易: 上海九百...
2026-05-03 19:15:34.405 | INFO     | Backtest   | [回测 4/5] 模拟第 511/4905 笔交易: 粤高速Ａ...
2026-05-03 19:15:34.801 | INFO     | Backtest   | [回测 4/5] 模拟第 521/4905 笔交易: 高乐股份...
2026-05-03 19:15:35.199 | INFO     | Backtest   | [回测 4/5] 模拟第 531/4905 笔交易: 海伦钢琴...
2026-05-03 19:15:35.549 | INFO     | Backtest   | [回测 4/5] 模拟第 541/4905 笔交易: 李子园...
2026-05-03 19:15:35.949 | INFO     | Backtest   | [回测 4/5] 模拟第 551/4905 笔交易: 崧盛股份...
2026-05-03 19:15:36.345 | INFO     | Backtest   | [回测 4/5] 模拟第 561/4905 笔交易: 恒尚节能...
2026-05-03 19:15:36.720 | INFO     | Backtest   | [回测 4/5] 模拟第 571/4905 笔交易: 明阳电路...
2026-05-03 19:15:37.139 | INFO     | Backtest   | [回测 4/5] 模拟第 581/4905 笔交易: 二六三...
2026-05-03 19:15:37.521 | INFO     | Backtest   | [回测 4/5] 模拟第 591/4905 笔交易: 大为股份...
2026-05-03 19:15:37.935 | INFO     | Backtest   | [回测 4/5] 模拟第 601/4905 笔交易: 星网宇达...
2026-05-03 19:15:38.304 | INFO     | Backtest   | [回测 4/5] 模拟第 611/4905 笔交易: 锦江在线...
2026-05-03 19:15:38.673 | INFO     | Backtest   | [回测 4/5] 模拟第 621/4905 笔交易: 再升科技...
2026-05-03 19:15:39.059 | INFO     | Backtest   | [回测 4/5] 模拟第 631/4905 笔交易: 汉缆股份...
2026-05-03 19:15:39.463 | INFO     | Backtest   | [回测 4/5] 模拟第 641/4905 笔交易: 奥拓电子...
2026-05-03 19:15:39.859 | INFO     | Backtest   | [回测 4/5] 模拟第 651/4905 笔交易: 三维通信...
2026-05-03 19:15:40.154 | INFO     | Backtest   | [回测 4/5] 模拟第 661/4905 笔交易: 杭州高新...
2026-05-03 19:15:40.555 | INFO     | Backtest   | [回测 4/5] 模拟第 671/4905 笔交易: 南新制药...
2026-05-03 19:15:40.927 | INFO     | Backtest   | [回测 4/5] 模拟第 681/4905 笔交易: 华媒控股...
2026-05-03 19:15:41.308 | INFO     | Backtest   | [回测 4/5] 模拟第 691/4905 笔交易: 康泰医学...
2026-05-03 19:15:41.686 | INFO     | Backtest   | [回测 4/5] 模拟第 701/4905 笔交易: 三旺通信...
2026-05-03 19:15:42.129 | INFO     | Backtest   | [回测 4/5] 模拟第 711/4905 笔交易: 雅博股份...
2026-05-03 19:15:42.535 | INFO     | Backtest   | [回测 4/5] 模拟第 721/4905 笔交易: 泰祥股份...
2026-05-03 19:15:42.941 | INFO     | Backtest   | [回测 4/5] 模拟第 731/4905 笔交易: 熙菱信息...
2026-05-03 19:15:43.344 | INFO     | Backtest   | [回测 4/5] 模拟第 741/4905 笔交易: 合富中国...
2026-05-03 19:15:43.758 | INFO     | Backtest   | [回测 4/5] 模拟第 751/4905 笔交易: 宣泰医药...
2026-05-03 19:15:44.174 | INFO     | Backtest   | [回测 4/5] 模拟第 761/4905 笔交易: 澳弘电子...
2026-05-03 19:15:44.574 | INFO     | Backtest   | [回测 4/5] 模拟第 771/4905 笔交易: 戴维医疗...
2026-05-03 19:15:44.970 | INFO     | Backtest   | [回测 4/5] 模拟第 781/4905 笔交易: 东方生物...
2026-05-03 19:15:45.355 | INFO     | Backtest   | [回测 4/5] 模拟第 791/4905 笔交易: 科华控股...
2026-05-03 19:15:45.757 | INFO     | Backtest   | [回测 4/5] 模拟第 801/4905 笔交易: 哈药股份...
2026-05-03 19:15:46.169 | INFO     | Backtest   | [回测 4/5] 模拟第 811/4905 笔交易: 威派格...
2026-05-03 19:15:46.560 | INFO     | Backtest   | [回测 4/5] 模拟第 821/4905 笔交易: 申联生物...
2026-05-03 19:15:46.989 | INFO     | Backtest   | [回测 4/5] 模拟第 831/4905 笔交易: 福莱蒽特...
2026-05-03 19:15:47.407 | INFO     | Backtest   | [回测 4/5] 模拟第 841/4905 笔交易: 赢合科技...
2026-05-03 19:15:47.815 | INFO     | Backtest   | [回测 4/5] 模拟第 851/4905 笔交易: 哈三联...
2026-05-03 19:15:48.126 | INFO     | Backtest   | [回测 4/5] 模拟第 861/4905 笔交易: 江苏有线...
2026-05-03 19:15:48.489 | INFO     | Backtest   | [回测 4/5] 模拟第 871/4905 笔交易: 华谊集团...
2026-05-03 19:15:48.839 | INFO     | Backtest   | [回测 4/5] 模拟第 881/4905 笔交易: 西麦食品...
2026-05-03 19:15:49.203 | INFO     | Backtest   | [回测 4/5] 模拟第 891/4905 笔交易: 北矿科技...
2026-05-03 19:15:49.552 | INFO     | Backtest   | [回测 4/5] 模拟第 901/4905 笔交易: 英派斯...
2026-05-03 19:15:49.903 | INFO     | Backtest   | [回测 4/5] 模拟第 911/4905 笔交易: 交大昂立...
2026-05-03 19:15:50.263 | INFO     | Backtest   | [回测 4/5] 模拟第 921/4905 笔交易: 江苏神通...
2026-05-03 19:15:50.624 | INFO     | Backtest   | [回测 4/5] 模拟第 931/4905 笔交易: 长缆科技...
2026-05-03 19:15:51.013 | INFO     | Backtest   | [回测 4/5] 模拟第 941/4905 笔交易: 元隆雅图...
2026-05-03 19:15:51.307 | INFO     | Backtest   | [回测 4/5] 模拟第 951/4905 笔交易: 中国石化...
2026-05-03 19:15:51.641 | INFO     | Backtest   | [回测 4/5] 模拟第 961/4905 笔交易: 歌力思...
2026-05-03 19:15:51.976 | INFO     | Backtest   | [回测 4/5] 模拟第 971/4905 笔交易: 文峰股份...
2026-05-03 19:15:52.326 | INFO     | Backtest   | [回测 4/5] 模拟第 981/4905 笔交易: 创识科技...
2026-05-03 19:15:52.653 | INFO     | Backtest   | [回测 4/5] 模拟第 991/4905 笔交易: 友邦吊顶...
2026-05-03 19:15:52.992 | INFO     | Backtest   | [回测 4/5] 模拟第 1001/4905 笔交易: 沃尔核材...
2026-05-03 19:15:53.336 | INFO     | Backtest   | [回测 4/5] 模拟第 1011/4905 笔交易: 上海银行...
2026-05-03 19:15:53.624 | INFO     | Backtest   | [回测 4/5] 模拟第 1021/4905 笔交易: 新亚强...
2026-05-03 19:15:53.947 | INFO     | Backtest   | [回测 4/5] 模拟第 1031/4905 笔交易: 三和管桩...
2026-05-03 19:15:54.304 | INFO     | Backtest   | [回测 4/5] 模拟第 1041/4905 笔交易: 鹿山新材...
2026-05-03 19:15:54.621 | INFO     | Backtest   | [回测 4/5] 模拟第 1051/4905 笔交易: 塞力医疗...
2026-05-03 19:15:54.973 | INFO     | Backtest   | [回测 4/5] 模拟第 1061/4905 笔交易: 建设工业...
2026-05-03 19:15:55.308 | INFO     | Backtest   | [回测 4/5] 模拟第 1071/4905 笔交易: 招金黄金...
2026-05-03 19:15:55.644 | INFO     | Backtest   | [回测 4/5] 模拟第 1081/4905 笔交易: 朗坤科技...
2026-05-03 19:15:56.000 | INFO     | Backtest   | [回测 4/5] 模拟第 1091/4905 笔交易: 信音电子...
2026-05-03 19:15:56.344 | INFO     | Backtest   | [回测 4/5] 模拟第 1101/4905 笔交易: 德创环保...
2026-05-03 19:15:56.690 | INFO     | Backtest   | [回测 4/5] 模拟第 1111/4905 笔交易: 国盛证券...
2026-05-03 19:15:57.025 | INFO     | Backtest   | [回测 4/5] 模拟第 1121/4905 笔交易: 研奥股份...
2026-05-03 19:15:57.396 | INFO     | Backtest   | [回测 4/5] 模拟第 1131/4905 笔交易: 华骐环保...
2026-05-03 19:15:57.759 | INFO     | Backtest   | [回测 4/5] 模拟第 1141/4905 笔交易: 楚江新材...
2026-05-03 19:15:58.135 | INFO     | Backtest   | [回测 4/5] 模拟第 1151/4905 笔交易: 机器人...
2026-05-03 19:15:58.493 | INFO     | Backtest   | [回测 4/5] 模拟第 1161/4905 笔交易: 红塔证券...
2026-05-03 19:15:58.849 | INFO     | Backtest   | [回测 4/5] 模拟第 1171/4905 笔交易: 金奥博...
2026-05-03 19:15:59.194 | INFO     | Backtest   | [回测 4/5] 模拟第 1181/4905 笔交易: 中国电建...
2026-05-03 19:15:59.560 | INFO     | Backtest   | [回测 4/5] 模拟第 1191/4905 笔交易: 永安期货...
2026-05-03 19:15:59.881 | INFO     | Backtest   | [回测 4/5] 模拟第 1201/4905 笔交易: 香溢融通...
2026-05-03 19:16:00.224 | INFO     | Backtest   | [回测 4/5] 模拟第 1211/4905 笔交易: 晨曦航空...
2026-05-03 19:16:00.528 | INFO     | Backtest   | [回测 4/5] 模拟第 1221/4905 笔交易: 中远通...
2026-05-03 19:16:00.835 | INFO     | Backtest   | [回测 4/5] 模拟第 1231/4905 笔交易: 宏昌电子...
2026-05-03 19:16:01.171 | INFO     | Backtest   | [回测 4/5] 模拟第 1241/4905 笔交易: 歌尔股份...
2026-05-03 19:16:01.495 | INFO     | Backtest   | [回测 4/5] 模拟第 1251/4905 笔交易: 世茂能源...
2026-05-03 19:16:01.824 | INFO     | Backtest   | [回测 4/5] 模拟第 1261/4905 笔交易: 中南传媒...
2026-05-03 19:16:02.192 | INFO     | Backtest   | [回测 4/5] 模拟第 1271/4905 笔交易: 悦达投资...
2026-05-03 19:16:02.518 | INFO     | Backtest   | [回测 4/5] 模拟第 1281/4905 笔交易: 仕净科技...
2026-05-03 19:16:02.841 | INFO     | Backtest   | [回测 4/5] 模拟第 1291/4905 笔交易: 中石科技...
2026-05-03 19:16:03.211 | INFO     | Backtest   | [回测 4/5] 模拟第 1301/4905 笔交易: 长江材料...
2026-05-03 19:16:03.534 | INFO     | Backtest   | [回测 4/5] 模拟第 1311/4905 笔交易: 可立克...
2026-05-03 19:16:03.895 | INFO     | Backtest   | [回测 4/5] 模拟第 1321/4905 笔交易: 盐湖股份...
2026-05-03 19:16:04.245 | INFO     | Backtest   | [回测 4/5] 模拟第 1331/4905 笔交易: 协鑫集成...
2026-05-03 19:16:04.593 | INFO     | Backtest   | [回测 4/5] 模拟第 1341/4905 笔交易: 雅化集团...
2026-05-03 19:16:04.950 | INFO     | Backtest   | [回测 4/5] 模拟第 1351/4905 笔交易: 宁夏建材...
2026-05-03 19:16:05.298 | INFO     | Backtest   | [回测 4/5] 模拟第 1361/4905 笔交易: 天玑科技...
2026-05-03 19:16:05.645 | INFO     | Backtest   | [回测 4/5] 模拟第 1371/4905 笔交易: 光莆股份...
2026-05-03 19:16:05.993 | INFO     | Backtest   | [回测 4/5] 模拟第 1381/4905 笔交易: 六国化工...
2026-05-03 19:16:06.275 | INFO     | Backtest   | [回测 4/5] 模拟第 1391/4905 笔交易: 亚士创能...
2026-05-03 19:16:06.623 | INFO     | Backtest   | [回测 4/5] 模拟第 1401/4905 笔交易: 园林股份...
2026-05-03 19:16:06.942 | INFO     | Backtest   | [回测 4/5] 模拟第 1411/4905 笔交易: 诚意药业...
2026-05-03 19:16:07.300 | INFO     | Backtest   | [回测 4/5] 模拟第 1421/4905 笔交易: 海象新材...
2026-05-03 19:16:07.634 | INFO     | Backtest   | [回测 4/5] 模拟第 1431/4905 笔交易: 安利股份...
2026-05-03 19:16:07.950 | INFO     | Backtest   | [回测 4/5] 模拟第 1441/4905 笔交易: 迅捷兴...
2026-05-03 19:16:08.225 | INFO     | Backtest   | [回测 4/5] 模拟第 1451/4905 笔交易: 顺网科技...
2026-05-03 19:16:08.561 | INFO     | Backtest   | [回测 4/5] 模拟第 1461/4905 笔交易: 银龙股份...
2026-05-03 19:16:08.869 | INFO     | Backtest   | [回测 4/5] 模拟第 1471/4905 笔交易: 森麒麟...
2026-05-03 19:16:09.221 | INFO     | Backtest   | [回测 4/5] 模拟第 1481/4905 笔交易: 红日药业...
2026-05-03 19:16:09.552 | INFO     | Backtest   | [回测 4/5] 模拟第 1491/4905 笔交易: 仁智股份...
2026-05-03 19:16:09.893 | INFO     | Backtest   | [回测 4/5] 模拟第 1501/4905 笔交易: 飞乐音响...
2026-05-03 19:16:10.171 | INFO     | Backtest   | [回测 4/5] 模拟第 1511/4905 笔交易: 泰坦股份...
2026-05-03 19:16:10.520 | INFO     | Backtest   | [回测 4/5] 模拟第 1521/4905 笔交易: 物产环能...
2026-05-03 19:16:10.835 | INFO     | Backtest   | [回测 4/5] 模拟第 1531/4905 笔交易: 新赛股份...
2026-05-03 19:16:11.172 | INFO     | Backtest   | [回测 4/5] 模拟第 1541/4905 笔交易: 华建集团...
2026-05-03 19:16:11.473 | INFO     | Backtest   | [回测 4/5] 模拟第 1551/4905 笔交易: 华峰化学...
2026-05-03 19:16:11.809 | INFO     | Backtest   | [回测 4/5] 模拟第 1561/4905 笔交易: 铁建重工...
2026-05-03 19:16:12.053 | INFO     | Backtest   | [回测 4/5] 模拟第 1571/4905 笔交易: 西部建设...
2026-05-03 19:16:12.328 | INFO     | Backtest   | [回测 4/5] 模拟第 1581/4905 笔交易: 建设机械...
2026-05-03 19:16:12.584 | INFO     | Backtest   | [回测 4/5] 模拟第 1591/4905 笔交易: 福建水泥...
2026-05-03 19:16:12.825 | INFO     | Backtest   | [回测 4/5] 模拟第 1601/4905 笔交易: 节能铁汉...
2026-05-03 19:16:13.117 | INFO     | Backtest   | [回测 4/5] 模拟第 1611/4905 笔交易: 通裕重工...
2026-05-03 19:16:13.434 | INFO     | Backtest   | [回测 4/5] 模拟第 1621/4905 笔交易: 中国一重...
2026-05-03 19:16:13.731 | INFO     | Backtest   | [回测 4/5] 模拟第 1631/4905 笔交易: 智慧农业...
2026-05-03 19:16:14.017 | INFO     | Backtest   | [回测 4/5] 模拟第 1641/4905 笔交易: 晋控煤业...
2026-05-03 19:16:14.315 | INFO     | Backtest   | [回测 4/5] 模拟第 1651/4905 笔交易: 名雕股份...
2026-05-03 19:16:14.654 | INFO     | Backtest   | [回测 4/5] 模拟第 1661/4905 笔交易: 蒙草生态...
2026-05-03 19:16:14.967 | INFO     | Backtest   | [回测 4/5] 模拟第 1671/4905 笔交易: 曙光股份...
2026-05-03 19:16:15.263 | INFO     | Backtest   | [回测 4/5] 模拟第 1681/4905 笔交易: 清新环境...
2026-05-03 19:16:15.561 | INFO     | Backtest   | [回测 4/5] 模拟第 1691/4905 笔交易: 金安国纪...
2026-05-03 19:16:15.846 | INFO     | Backtest   | [回测 4/5] 模拟第 1701/4905 笔交易: 远东股份...
2026-05-03 19:16:16.175 | INFO     | Backtest   | [回测 4/5] 模拟第 1711/4905 笔交易: 天地科技...
2026-05-03 19:16:16.471 | INFO     | Backtest   | [回测 4/5] 模拟第 1721/4905 笔交易: 汇通集团...
2026-05-03 19:16:16.761 | INFO     | Backtest   | [回测 4/5] 模拟第 1731/4905 笔交易: 英洛华...
2026-05-03 19:16:17.087 | INFO     | Backtest   | [回测 4/5] 模拟第 1741/4905 笔交易: 三诺生物...
2026-05-03 19:16:17.414 | INFO     | Backtest   | [回测 4/5] 模拟第 1751/4905 笔交易: 先锋电子...
2026-05-03 19:16:17.703 | INFO     | Backtest   | [回测 4/5] 模拟第 1761/4905 笔交易: 华星创业...
2026-05-03 19:16:17.988 | INFO     | Backtest   | [回测 4/5] 模拟第 1771/4905 笔交易: 奥翔药业...
2026-05-03 19:16:18.239 | INFO     | Backtest   | [回测 4/5] 模拟第 1781/4905 笔交易: 京新药业...
2026-05-03 19:16:18.529 | INFO     | Backtest   | [回测 4/5] 模拟第 1791/4905 笔交易: 河化股份...
2026-05-03 19:16:18.781 | INFO     | Backtest   | [回测 4/5] 模拟第 1801/4905 笔交易: 中国医药...
2026-05-03 19:16:19.117 | INFO     | Backtest   | [回测 4/5] 模拟第 1811/4905 笔交易: 天和防务...
2026-05-03 19:16:19.400 | INFO     | Backtest   | [回测 4/5] 模拟第 1821/4905 笔交易: 深深房Ａ...
2026-05-03 19:16:19.715 | INFO     | Backtest   | [回测 4/5] 模拟第 1831/4905 笔交易: 联美控股...
2026-05-03 19:16:20.030 | INFO     | Backtest   | [回测 4/5] 模拟第 1841/4905 笔交易: 维力医疗...
2026-05-03 19:16:20.327 | INFO     | Backtest   | [回测 4/5] 模拟第 1851/4905 笔交易: 宇环数控...
2026-05-03 19:16:20.657 | INFO     | Backtest   | [回测 4/5] 模拟第 1861/4905 笔交易: 贝斯特...
2026-05-03 19:16:20.962 | INFO     | Backtest   | [回测 4/5] 模拟第 1871/4905 笔交易: 沈阳机床...
2026-05-03 19:16:21.294 | INFO     | Backtest   | [回测 4/5] 模拟第 1881/4905 笔交易: 双杰电气...
2026-05-03 19:16:21.613 | INFO     | Backtest   | [回测 4/5] 模拟第 1891/4905 笔交易: 国茂股份...
2026-05-03 19:16:21.879 | INFO     | Backtest   | [回测 4/5] 模拟第 1901/4905 笔交易: 上实发展...
2026-05-03 19:16:22.168 | INFO     | Backtest   | [回测 4/5] 模拟第 1911/4905 笔交易: 嘉麟杰...
2026-05-03 19:16:22.460 | INFO     | Backtest   | [回测 4/5] 模拟第 1921/4905 笔交易: 金枫酒业...
2026-05-03 19:16:22.776 | INFO     | Backtest   | [回测 4/5] 模拟第 1931/4905 笔交易: 新宝股份...
2026-05-03 19:16:23.105 | INFO     | Backtest   | [回测 4/5] 模拟第 1941/4905 笔交易: 铜陵有色...
2026-05-03 19:16:23.399 | INFO     | Backtest   | [回测 4/5] 模拟第 1951/4905 笔交易: 齐鲁银行...
2026-05-03 19:16:23.668 | INFO     | Backtest   | [回测 4/5] 模拟第 1961/4905 笔交易: 金发科技...
2026-05-03 19:16:23.954 | INFO     | Backtest   | [回测 4/5] 模拟第 1971/4905 笔交易: 景兴纸业...
2026-05-03 19:16:24.271 | INFO     | Backtest   | [回测 4/5] 模拟第 1981/4905 笔交易: 中兰环保...
2026-05-03 19:16:24.537 | INFO     | Backtest   | [回测 4/5] 模拟第 1991/4905 笔交易: 斯瑞新材...
2026-05-03 19:16:24.797 | INFO     | Backtest   | [回测 4/5] 模拟第 2001/4905 笔交易: 华力创通...
2026-05-03 19:16:25.096 | INFO     | Backtest   | [回测 4/5] 模拟第 2011/4905 笔交易: 久日新材...
2026-05-03 19:16:25.385 | INFO     | Backtest   | [回测 4/5] 模拟第 2021/4905 笔交易: 气派科技...
2026-05-03 19:16:25.683 | INFO     | Backtest   | [回测 4/5] 模拟第 2031/4905 笔交易: 南威软件...
2026-05-03 19:16:25.961 | INFO     | Backtest   | [回测 4/5] 模拟第 2041/4905 笔交易: 确成股份...
2026-05-03 19:16:26.241 | INFO     | Backtest   | [回测 4/5] 模拟第 2051/4905 笔交易: 南京新百...
2026-05-03 19:16:26.445 | INFO     | Backtest   | [回测 4/5] 模拟第 2061/4905 笔交易: 集泰股份...
2026-05-03 19:16:26.756 | INFO     | Backtest   | [回测 4/5] 模拟第 2071/4905 笔交易: 新致软件...
2026-05-03 19:16:27.046 | INFO     | Backtest   | [回测 4/5] 模拟第 2081/4905 笔交易: 国新健康...
2026-05-03 19:16:27.320 | INFO     | Backtest   | [回测 4/5] 模拟第 2091/4905 笔交易: 亨通股份...
2026-05-03 19:16:27.609 | INFO     | Backtest   | [回测 4/5] 模拟第 2101/4905 笔交易: 绿盟科技...
2026-05-03 19:16:27.875 | INFO     | Backtest   | [回测 4/5] 模拟第 2111/4905 笔交易: 统一股份...
2026-05-03 19:16:28.146 | INFO     | Backtest   | [回测 4/5] 模拟第 2121/4905 笔交易: 慈文传媒...
2026-05-03 19:16:28.390 | INFO     | Backtest   | [回测 4/5] 模拟第 2131/4905 笔交易: 城市传媒...
2026-05-03 19:16:28.720 | INFO     | Backtest   | [回测 4/5] 模拟第 2141/4905 笔交易: 美利信...
2026-05-03 19:16:29.017 | INFO     | Backtest   | [回测 4/5] 模拟第 2151/4905 笔交易: 有友食品...
2026-05-03 19:16:29.251 | INFO     | Backtest   | [回测 4/5] 模拟第 2161/4905 笔交易: 沃顿科技...
2026-05-03 19:16:29.505 | INFO     | Backtest   | [回测 4/5] 模拟第 2171/4905 笔交易: 华域汽车...
2026-05-03 19:16:29.818 | INFO     | Backtest   | [回测 4/5] 模拟第 2181/4905 笔交易: 先导基电...
2026-05-03 19:16:30.131 | INFO     | Backtest   | [回测 4/5] 模拟第 2191/4905 笔交易: 明牌珠宝...
2026-05-03 19:16:30.372 | INFO     | Backtest   | [回测 4/5] 模拟第 2201/4905 笔交易: 廊坊发展...
2026-05-03 19:16:30.670 | INFO     | Backtest   | [回测 4/5] 模拟第 2211/4905 笔交易: 华峰化学...
2026-05-03 19:16:30.928 | INFO     | Backtest   | [回测 4/5] 模拟第 2221/4905 笔交易: 衢州东峰...
2026-05-03 19:16:31.195 | INFO     | Backtest   | [回测 4/5] 模拟第 2231/4905 笔交易: 万凯新材...
2026-05-03 19:16:31.447 | INFO     | Backtest   | [回测 4/5] 模拟第 2241/4905 笔交易: 容百科技...
2026-05-03 19:16:31.733 | INFO     | Backtest   | [回测 4/5] 模拟第 2251/4905 笔交易: 城投控股...
2026-05-03 19:16:32.018 | INFO     | Backtest   | [回测 4/5] 模拟第 2261/4905 笔交易: 中国化学...
2026-05-03 19:16:32.265 | INFO     | Backtest   | [回测 4/5] 模拟第 2271/4905 笔交易: 电科芯片...
2026-05-03 19:16:32.538 | INFO     | Backtest   | [回测 4/5] 模拟第 2281/4905 笔交易: 中京电子...
2026-05-03 19:16:32.775 | INFO     | Backtest   | [回测 4/5] 模拟第 2291/4905 笔交易: 国盛证券...
2026-05-03 19:16:33.034 | INFO     | Backtest   | [回测 4/5] 模拟第 2301/4905 笔交易: 万泽股份...
2026-05-03 19:16:33.288 | INFO     | Backtest   | [回测 4/5] 模拟第 2311/4905 笔交易: 浙农股份...
2026-05-03 19:16:33.578 | INFO     | Backtest   | [回测 4/5] 模拟第 2321/4905 笔交易: 华通线缆...
2026-05-03 19:16:33.782 | INFO     | Backtest   | [回测 4/5] 模拟第 2331/4905 笔交易: 浙富控股...
2026-05-03 19:16:34.020 | INFO     | Backtest   | [回测 4/5] 模拟第 2341/4905 笔交易: 青山纸业...
2026-05-03 19:16:34.276 | INFO     | Backtest   | [回测 4/5] 模拟第 2351/4905 笔交易: 新通联...
2026-05-03 19:16:34.545 | INFO     | Backtest   | [回测 4/5] 模拟第 2361/4905 笔交易: 安控科技...
2026-05-03 19:16:34.829 | INFO     | Backtest   | [回测 4/5] 模拟第 2371/4905 笔交易: 世纪鼎利...
2026-05-03 19:16:35.030 | INFO     | Backtest   | [回测 4/5] 模拟第 2381/4905 笔交易: 物产环能...
2026-05-03 19:16:35.284 | INFO     | Backtest   | [回测 4/5] 模拟第 2391/4905 笔交易: 能辉科技...
2026-05-03 19:16:35.502 | INFO     | Backtest   | [回测 4/5] 模拟第 2401/4905 笔交易: 雪天盐业...
2026-05-03 19:16:35.758 | INFO     | Backtest   | [回测 4/5] 模拟第 2411/4905 笔交易: 特锐德...
2026-05-03 19:16:36.019 | INFO     | Backtest   | [回测 4/5] 模拟第 2421/4905 笔交易: 特力Ａ...
2026-05-03 19:16:36.271 | INFO     | Backtest   | [回测 4/5] 模拟第 2431/4905 笔交易: 智能自控...
2026-05-03 19:16:36.579 | INFO     | Backtest   | [回测 4/5] 模拟第 2441/4905 笔交易: 众业达...
2026-05-03 19:16:36.860 | INFO     | Backtest   | [回测 4/5] 模拟第 2451/4905 笔交易: 广汽集团...
2026-05-03 19:16:37.163 | INFO     | Backtest   | [回测 4/5] 模拟第 2461/4905 笔交易: 盐湖股份...
2026-05-03 19:16:37.457 | INFO     | Backtest   | [回测 4/5] 模拟第 2471/4905 笔交易: 合锻智能...
2026-05-03 19:16:37.750 | INFO     | Backtest   | [回测 4/5] 模拟第 2481/4905 笔交易: 厦门港务...
2026-05-03 19:16:38.071 | INFO     | Backtest   | [回测 4/5] 模拟第 2491/4905 笔交易: 星辉娱乐...
2026-05-03 19:16:38.318 | INFO     | Backtest   | [回测 4/5] 模拟第 2501/4905 笔交易: 众信旅游...
2026-05-03 19:16:38.585 | INFO     | Backtest   | [回测 4/5] 模拟第 2511/4905 笔交易: 云意电气...
2026-05-03 19:16:38.822 | INFO     | Backtest   | [回测 4/5] 模拟第 2521/4905 笔交易: 中成股份...
2026-05-03 19:16:39.046 | INFO     | Backtest   | [回测 4/5] 模拟第 2531/4905 笔交易: 峰璟股份...
2026-05-03 19:16:39.303 | INFO     | Backtest   | [回测 4/5] 模拟第 2541/4905 笔交易: S佳通...
2026-05-03 19:16:39.556 | INFO     | Backtest   | [回测 4/5] 模拟第 2551/4905 笔交易: 春立医疗...
2026-05-03 19:16:39.808 | INFO     | Backtest   | [回测 4/5] 模拟第 2561/4905 笔交易: 中科通达...
2026-05-03 19:16:40.013 | INFO     | Backtest   | [回测 4/5] 模拟第 2571/4905 笔交易: 太极实业...
2026-05-03 19:16:40.286 | INFO     | Backtest   | [回测 4/5] 模拟第 2581/4905 笔交易: 华蓝集团...
2026-05-03 19:16:40.544 | INFO     | Backtest   | [回测 4/5] 模拟第 2591/4905 笔交易: 江铃汽车...
2026-05-03 19:16:40.808 | INFO     | Backtest   | [回测 4/5] 模拟第 2601/4905 笔交易: 中仑新材...
2026-05-03 19:16:41.073 | INFO     | Backtest   | [回测 4/5] 模拟第 2611/4905 笔交易: 富临精工...
2026-05-03 19:16:41.276 | INFO     | Backtest   | [回测 4/5] 模拟第 2621/4905 笔交易: 泓淋电力...
2026-05-03 19:16:41.516 | INFO     | Backtest   | [回测 4/5] 模拟第 2631/4905 笔交易: 云南铜业...
2026-05-03 19:16:41.730 | INFO     | Backtest   | [回测 4/5] 模拟第 2641/4905 笔交易: 鲁信创投...
2026-05-03 19:16:41.952 | INFO     | Backtest   | [回测 4/5] 模拟第 2651/4905 笔交易: 南山铝业...
2026-05-03 19:16:42.232 | INFO     | Backtest   | [回测 4/5] 模拟第 2661/4905 笔交易: 招商轮船...
2026-05-03 19:16:42.446 | INFO     | Backtest   | [回测 4/5] 模拟第 2671/4905 笔交易: 侨银股份...
2026-05-03 19:16:42.677 | INFO     | Backtest   | [回测 4/5] 模拟第 2681/4905 笔交易: 新锐股份...
2026-05-03 19:16:42.908 | INFO     | Backtest   | [回测 4/5] 模拟第 2691/4905 笔交易: 厚普股份...
2026-05-03 19:16:43.155 | INFO     | Backtest   | [回测 4/5] 模拟第 2701/4905 笔交易: 中国长城...
2026-05-03 19:16:43.385 | INFO     | Backtest   | [回测 4/5] 模拟第 2711/4905 笔交易: 天洋新材...
2026-05-03 19:16:43.565 | INFO     | Backtest   | [回测 4/5] 模拟第 2721/4905 笔交易: 工大高科...
2026-05-03 19:16:43.825 | INFO     | Backtest   | [回测 4/5] 模拟第 2731/4905 笔交易: 大中矿业...
2026-05-03 19:16:44.105 | INFO     | Backtest   | [回测 4/5] 模拟第 2741/4905 笔交易: 锋龙股份...
2026-05-03 19:16:44.337 | INFO     | Backtest   | [回测 4/5] 模拟第 2751/4905 笔交易: 建科智能...
2026-05-03 19:16:44.606 | INFO     | Backtest   | [回测 4/5] 模拟第 2761/4905 笔交易: 易天股份...
2026-05-03 19:16:44.879 | INFO     | Backtest   | [回测 4/5] 模拟第 2771/4905 笔交易: 华电科工...
2026-05-03 19:16:45.154 | INFO     | Backtest   | [回测 4/5] 模拟第 2781/4905 笔交易: 保立佳...
2026-05-03 19:16:45.426 | INFO     | Backtest   | [回测 4/5] 模拟第 2791/4905 笔交易: 钱江生化...
2026-05-03 19:16:45.696 | INFO     | Backtest   | [回测 4/5] 模拟第 2801/4905 笔交易: 富瑞特装...
2026-05-03 19:16:45.973 | INFO     | Backtest   | [回测 4/5] 模拟第 2811/4905 笔交易: 天虹股份...
2026-05-03 19:16:46.231 | INFO     | Backtest   | [回测 4/5] 模拟第 2821/4905 笔交易: 迪普科技...
2026-05-03 19:16:46.469 | INFO     | Backtest   | [回测 4/5] 模拟第 2831/4905 笔交易: 特力Ａ...
2026-05-03 19:16:46.698 | INFO     | Backtest   | [回测 4/5] 模拟第 2841/4905 笔交易: 中农联合...
2026-05-03 19:16:46.948 | INFO     | Backtest   | [回测 4/5] 模拟第 2851/4905 笔交易: 中信特钢...
2026-05-03 19:16:47.240 | INFO     | Backtest   | [回测 4/5] 模拟第 2861/4905 笔交易: 泰和新材...
2026-05-03 19:16:47.535 | INFO     | Backtest   | [回测 4/5] 模拟第 2871/4905 笔交易: 驰宏锌锗...
2026-05-03 19:16:47.782 | INFO     | Backtest   | [回测 4/5] 模拟第 2881/4905 笔交易: 科陆电子...
2026-05-03 19:16:47.994 | INFO     | Backtest   | [回测 4/5] 模拟第 2891/4905 笔交易: 中国卫通...
2026-05-03 19:16:48.216 | INFO     | Backtest   | [回测 4/5] 模拟第 2901/4905 笔交易: 欣锐科技...
2026-05-03 19:16:48.447 | INFO     | Backtest   | [回测 4/5] 模拟第 2911/4905 笔交易: 安泰科技...
2026-05-03 19:16:48.677 | INFO     | Backtest   | [回测 4/5] 模拟第 2921/4905 笔交易: 宏源药业...
2026-05-03 19:16:48.880 | INFO     | Backtest   | [回测 4/5] 模拟第 2931/4905 笔交易: 海南发展...
2026-05-03 19:16:49.123 | INFO     | Backtest   | [回测 4/5] 模拟第 2941/4905 笔交易: 西高院...
2026-05-03 19:16:49.361 | INFO     | Backtest   | [回测 4/5] 模拟第 2951/4905 笔交易: 雅本化学...
2026-05-03 19:16:49.642 | INFO     | Backtest   | [回测 4/5] 模拟第 2961/4905 笔交易: 完美世界...
2026-05-03 19:16:49.890 | INFO     | Backtest   | [回测 4/5] 模拟第 2971/4905 笔交易: 远望谷...
2026-05-03 19:16:50.150 | INFO     | Backtest   | [回测 4/5] 模拟第 2981/4905 笔交易: 恒华科技...
2026-05-03 19:16:50.441 | INFO     | Backtest   | [回测 4/5] 模拟第 2991/4905 笔交易: 惠天热电...
2026-05-03 19:16:50.650 | INFO     | Backtest   | [回测 4/5] 模拟第 3001/4905 笔交易: 健麾信息...
2026-05-03 19:16:50.939 | INFO     | Backtest   | [回测 4/5] 模拟第 3011/4905 笔交易: 茂硕电源...
2026-05-03 19:16:51.226 | INFO     | Backtest   | [回测 4/5] 模拟第 3021/4905 笔交易: 九洲集团...
2026-05-03 19:16:51.456 | INFO     | Backtest   | [回测 4/5] 模拟第 3031/4905 笔交易: 九鼎投资...
2026-05-03 19:16:51.701 | INFO     | Backtest   | [回测 4/5] 模拟第 3041/4905 笔交易: 亚威股份...
2026-05-03 19:16:51.925 | INFO     | Backtest   | [回测 4/5] 模拟第 3051/4905 笔交易: 长江证券...
2026-05-03 19:16:52.167 | INFO     | Backtest   | [回测 4/5] 模拟第 3061/4905 笔交易: 中国电建...
2026-05-03 19:16:52.426 | INFO     | Backtest   | [回测 4/5] 模拟第 3071/4905 笔交易: 美畅股份...
2026-05-03 19:16:52.652 | INFO     | Backtest   | [回测 4/5] 模拟第 3081/4905 笔交易: 会稽山...
2026-05-03 19:16:52.897 | INFO     | Backtest   | [回测 4/5] 模拟第 3091/4905 笔交易: 海信视像...
2026-05-03 19:16:53.166 | INFO     | Backtest   | [回测 4/5] 模拟第 3101/4905 笔交易: 诺唯赞...
2026-05-03 19:16:53.379 | INFO     | Backtest   | [回测 4/5] 模拟第 3111/4905 笔交易: 冠城新材...
2026-05-03 19:16:53.589 | INFO     | Backtest   | [回测 4/5] 模拟第 3121/4905 笔交易: 光云科技...
2026-05-03 19:16:53.800 | INFO     | Backtest   | [回测 4/5] 模拟第 3131/4905 笔交易: 宁波建工...
2026-05-03 19:16:54.004 | INFO     | Backtest   | [回测 4/5] 模拟第 3141/4905 笔交易: 中电环保...
2026-05-03 19:16:54.204 | INFO     | Backtest   | [回测 4/5] 模拟第 3151/4905 笔交易: 永艺股份...
2026-05-03 19:16:54.427 | INFO     | Backtest   | [回测 4/5] 模拟第 3161/4905 笔交易: 德创环保...
2026-05-03 19:16:54.617 | INFO     | Backtest   | [回测 4/5] 模拟第 3171/4905 笔交易: 光莆股份...
2026-05-03 19:16:54.840 | INFO     | Backtest   | [回测 4/5] 模拟第 3181/4905 笔交易: 锡业股份...
2026-05-03 19:16:55.064 | INFO     | Backtest   | [回测 4/5] 模拟第 3191/4905 笔交易: 浙数文化...
2026-05-03 19:16:55.318 | INFO     | Backtest   | [回测 4/5] 模拟第 3201/4905 笔交易: 太龙药业...
2026-05-03 19:16:55.555 | INFO     | Backtest   | [回测 4/5] 模拟第 3211/4905 笔交易: 天铁科技...
2026-05-03 19:16:55.806 | INFO     | Backtest   | [回测 4/5] 模拟第 3221/4905 笔交易: 集泰股份...
2026-05-03 19:16:56.018 | INFO     | Backtest   | [回测 4/5] 模拟第 3231/4905 笔交易: 航天信息...
2026-05-03 19:16:56.249 | INFO     | Backtest   | [回测 4/5] 模拟第 3241/4905 笔交易: 合百集团...
2026-05-03 19:16:56.444 | INFO     | Backtest   | [回测 4/5] 模拟第 3251/4905 笔交易: 安妮股份...
2026-05-03 19:16:56.651 | INFO     | Backtest   | [回测 4/5] 模拟第 3261/4905 笔交易: 省广集团...
2026-05-03 19:16:56.860 | INFO     | Backtest   | [回测 4/5] 模拟第 3271/4905 笔交易: 福安药业...
2026-05-03 19:16:57.081 | INFO     | Backtest   | [回测 4/5] 模拟第 3281/4905 笔交易: 航天软件...
2026-05-03 19:16:57.283 | INFO     | Backtest   | [回测 4/5] 模拟第 3291/4905 笔交易: 阳光乳业...
2026-05-03 19:16:57.499 | INFO     | Backtest   | [回测 4/5] 模拟第 3301/4905 笔交易: 比依股份...
2026-05-03 19:16:57.751 | INFO     | Backtest   | [回测 4/5] 模拟第 3311/4905 笔交易: 雪迪龙...
2026-05-03 19:16:57.976 | INFO     | Backtest   | [回测 4/5] 模拟第 3321/4905 笔交易: 新疆交建...
2026-05-03 19:16:58.185 | INFO     | Backtest   | [回测 4/5] 模拟第 3331/4905 笔交易: 领益智造...
2026-05-03 19:16:58.425 | INFO     | Backtest   | [回测 4/5] 模拟第 3341/4905 笔交易: 上海九百...
2026-05-03 19:16:58.652 | INFO     | Backtest   | [回测 4/5] 模拟第 3351/4905 笔交易: 永新股份...
2026-05-03 19:16:58.891 | INFO     | Backtest   | [回测 4/5] 模拟第 3361/4905 笔交易: 威星智能...
2026-05-03 19:16:59.126 | INFO     | Backtest   | [回测 4/5] 模拟第 3371/4905 笔交易: 三角轮胎...
2026-05-03 19:16:59.371 | INFO     | Backtest   | [回测 4/5] 模拟第 3381/4905 笔交易: 中威电子...
2026-05-03 19:16:59.603 | INFO     | Backtest   | [回测 4/5] 模拟第 3391/4905 笔交易: 万里扬...
2026-05-03 19:16:59.820 | INFO     | Backtest   | [回测 4/5] 模拟第 3401/4905 笔交易: 中国一重...
2026-05-03 19:17:00.036 | INFO     | Backtest   | [回测 4/5] 模拟第 3411/4905 笔交易: 光力科技...
2026-05-03 19:17:00.239 | INFO     | Backtest   | [回测 4/5] 模拟第 3421/4905 笔交易: 颀中科技...
2026-05-03 19:17:00.469 | INFO     | Backtest   | [回测 4/5] 模拟第 3431/4905 笔交易: 耀皮玻璃...
2026-05-03 19:17:00.677 | INFO     | Backtest   | [回测 4/5] 模拟第 3441/4905 笔交易: 泓淋电力...
2026-05-03 19:17:00.852 | INFO     | Backtest   | [回测 4/5] 模拟第 3451/4905 笔交易: 和顺电气...
2026-05-03 19:17:01.042 | INFO     | Backtest   | [回测 4/5] 模拟第 3461/4905 笔交易: 银邦股份...
2026-05-03 19:17:01.229 | INFO     | Backtest   | [回测 4/5] 模拟第 3471/4905 笔交易: 上海银行...
2026-05-03 19:17:01.462 | INFO     | Backtest   | [回测 4/5] 模拟第 3481/4905 笔交易: 美能能源...
2026-05-03 19:17:01.661 | INFO     | Backtest   | [回测 4/5] 模拟第 3491/4905 笔交易: 雄塑科技...
2026-05-03 19:17:01.892 | INFO     | Backtest   | [回测 4/5] 模拟第 3501/4905 笔交易: 天下秀...
2026-05-03 19:17:02.139 | INFO     | Backtest   | [回测 4/5] 模拟第 3511/4905 笔交易: 锦江酒店...
2026-05-03 19:17:02.324 | INFO     | Backtest   | [回测 4/5] 模拟第 3521/4905 笔交易: 前沿生物-U...
2026-05-03 19:17:02.516 | INFO     | Backtest   | [回测 4/5] 模拟第 3531/4905 笔交易: 艾隆科技...
2026-05-03 19:17:02.701 | INFO     | Backtest   | [回测 4/5] 模拟第 3541/4905 笔交易: 阳普医疗...
2026-05-03 19:17:02.914 | INFO     | Backtest   | [回测 4/5] 模拟第 3551/4905 笔交易: 豪江智能...
2026-05-03 19:17:03.159 | INFO     | Backtest   | [回测 4/5] 模拟第 3561/4905 笔交易: 广发证券...
2026-05-03 19:17:03.372 | INFO     | Backtest   | [回测 4/5] 模拟第 3571/4905 笔交易: 奥赛康...
2026-05-03 19:17:03.583 | INFO     | Backtest   | [回测 4/5] 模拟第 3581/4905 笔交易: 利德曼...
2026-05-03 19:17:03.837 | INFO     | Backtest   | [回测 4/5] 模拟第 3591/4905 笔交易: 城发环境...
2026-05-03 19:17:04.073 | INFO     | Backtest   | [回测 4/5] 模拟第 3601/4905 笔交易: 东方生物...
2026-05-03 19:17:04.297 | INFO     | Backtest   | [回测 4/5] 模拟第 3611/4905 笔交易: 美康生物...
2026-05-03 19:17:04.547 | INFO     | Backtest   | [回测 4/5] 模拟第 3621/4905 笔交易: 新天药业...
2026-05-03 19:17:04.754 | INFO     | Backtest   | [回测 4/5] 模拟第 3631/4905 笔交易: 神州高铁...
2026-05-03 19:17:04.985 | INFO     | Backtest   | [回测 4/5] 模拟第 3641/4905 笔交易: 千里科技...
2026-05-03 19:17:05.208 | INFO     | Backtest   | [回测 4/5] 模拟第 3651/4905 笔交易: 天瑞仪器...
2026-05-03 19:17:05.428 | INFO     | Backtest   | [回测 4/5] 模拟第 3661/4905 笔交易: 利尔化学...
2026-05-03 19:17:05.644 | INFO     | Backtest   | [回测 4/5] 模拟第 3671/4905 笔交易: 红宝丽...
2026-05-03 19:17:05.919 | INFO     | Backtest   | [回测 4/5] 模拟第 3681/4905 笔交易: 晶瑞电材...
2026-05-03 19:17:06.123 | INFO     | Backtest   | [回测 4/5] 模拟第 3691/4905 笔交易: 山西证券...
2026-05-03 19:17:06.371 | INFO     | Backtest   | [回测 4/5] 模拟第 3701/4905 笔交易: 东风科技...
2026-05-03 19:17:06.601 | INFO     | Backtest   | [回测 4/5] 模拟第 3711/4905 笔交易: 腾达科技...
2026-05-03 19:17:06.823 | INFO     | Backtest   | [回测 4/5] 模拟第 3721/4905 笔交易: 华光环能...
2026-05-03 19:17:07.006 | INFO     | Backtest   | [回测 4/5] 模拟第 3731/4905 笔交易: 康盛股份...
2026-05-03 19:17:07.243 | INFO     | Backtest   | [回测 4/5] 模拟第 3741/4905 笔交易: 中瑞股份...
2026-05-03 19:17:07.448 | INFO     | Backtest   | [回测 4/5] 模拟第 3751/4905 笔交易: 泰豪科技...
2026-05-03 19:17:07.645 | INFO     | Backtest   | [回测 4/5] 模拟第 3761/4905 笔交易: 翔港科技...
2026-05-03 19:17:07.865 | INFO     | Backtest   | [回测 4/5] 模拟第 3771/4905 笔交易: 厚普股份...
2026-05-03 19:17:08.097 | INFO     | Backtest   | [回测 4/5] 模拟第 3781/4905 笔交易: 富煌钢构...
2026-05-03 19:17:08.318 | INFO     | Backtest   | [回测 4/5] 模拟第 3791/4905 笔交易: 汇金通...
2026-05-03 19:17:08.544 | INFO     | Backtest   | [回测 4/5] 模拟第 3801/4905 笔交易: 捷安高科...
2026-05-03 19:17:08.784 | INFO     | Backtest   | [回测 4/5] 模拟第 3811/4905 笔交易: 建研院...
2026-05-03 19:17:09.011 | INFO     | Backtest   | [回测 4/5] 模拟第 3821/4905 笔交易: 时代万恒...
2026-05-03 19:17:09.250 | INFO     | Backtest   | [回测 4/5] 模拟第 3831/4905 笔交易: 森泰股份...
2026-05-03 19:17:09.431 | INFO     | Backtest   | [回测 4/5] 模拟第 3841/4905 笔交易: 富祥药业...
2026-05-03 19:17:09.612 | INFO     | Backtest   | [回测 4/5] 模拟第 3851/4905 笔交易: 华谊兄弟...
2026-05-03 19:17:09.812 | INFO     | Backtest   | [回测 4/5] 模拟第 3861/4905 笔交易: 东华能源...
2026-05-03 19:17:10.032 | INFO     | Backtest   | [回测 4/5] 模拟第 3871/4905 笔交易: 森赫股份...
2026-05-03 19:17:10.215 | INFO     | Backtest   | [回测 4/5] 模拟第 3881/4905 笔交易: 飞天诚信...
2026-05-03 19:17:10.428 | INFO     | Backtest   | [回测 4/5] 模拟第 3891/4905 笔交易: 洛阳钼业...
2026-05-03 19:17:10.628 | INFO     | Backtest   | [回测 4/5] 模拟第 3901/4905 笔交易: 博源化工...
2026-05-03 19:17:10.804 | INFO     | Backtest   | [回测 4/5] 模拟第 3911/4905 笔交易: 双象股份...
2026-05-03 19:17:11.033 | INFO     | Backtest   | [回测 4/5] 模拟第 3921/4905 笔交易: 深南电A...
2026-05-03 19:17:11.259 | INFO     | Backtest   | [回测 4/5] 模拟第 3931/4905 笔交易: 京源环保...
2026-05-03 19:17:11.499 | INFO     | Backtest   | [回测 4/5] 模拟第 3941/4905 笔交易: 福然德...
2026-05-03 19:17:11.718 | INFO     | Backtest   | [回测 4/5] 模拟第 3951/4905 笔交易: 同和药业...
2026-05-03 19:17:11.968 | INFO     | Backtest   | [回测 4/5] 模拟第 3961/4905 笔交易: 一拖股份...
2026-05-03 19:17:12.195 | INFO     | Backtest   | [回测 4/5] 模拟第 3971/4905 笔交易: 宁波精达...
2026-05-03 19:17:12.373 | INFO     | Backtest   | [回测 4/5] 模拟第 3981/4905 笔交易: 西藏城投...
2026-05-03 19:17:12.563 | INFO     | Backtest   | [回测 4/5] 模拟第 3991/4905 笔交易: 西藏珠峰...
2026-05-03 19:17:12.733 | INFO     | Backtest   | [回测 4/5] 模拟第 4001/4905 笔交易: 天合光能...
2026-05-03 19:17:12.911 | INFO     | Backtest   | [回测 4/5] 模拟第 4011/4905 笔交易: 九州通...
2026-05-03 19:17:13.069 | INFO     | Backtest   | [回测 4/5] 模拟第 4021/4905 笔交易: 芯能科技...
2026-05-03 19:17:13.276 | INFO     | Backtest   | [回测 4/5] 模拟第 4031/4905 笔交易: 中信金属...
2026-05-03 19:17:13.440 | INFO     | Backtest   | [回测 4/5] 模拟第 4041/4905 笔交易: 汤姆猫...
2026-05-03 19:17:13.565 | INFO     | Backtest   | [回测 4/5] 模拟第 4051/4905 笔交易: 亚虹医药-U...
2026-05-03 19:17:13.751 | INFO     | Backtest   | [回测 4/5] 模拟第 4061/4905 笔交易: XD宝丰能...
2026-05-03 19:17:13.912 | INFO     | Backtest   | [回测 4/5] 模拟第 4071/4905 笔交易: 嘉化能源...
2026-05-03 19:17:14.056 | INFO     | Backtest   | [回测 4/5] 模拟第 4081/4905 笔交易: 黄山旅游...
2026-05-03 19:17:14.262 | INFO     | Backtest   | [回测 4/5] 模拟第 4091/4905 笔交易: 晋亿实业...
2026-05-03 19:17:14.444 | INFO     | Backtest   | [回测 4/5] 模拟第 4101/4905 笔交易: 哈空调...
2026-05-03 19:17:14.659 | INFO     | Backtest   | [回测 4/5] 模拟第 4111/4905 笔交易: 浙江医药...
2026-05-03 19:17:14.875 | INFO     | Backtest   | [回测 4/5] 模拟第 4121/4905 笔交易: 公元股份...
2026-05-03 19:17:15.135 | INFO     | Backtest   | [回测 4/5] 模拟第 4131/4905 笔交易: 捷顺科技...
2026-05-03 19:17:15.354 | INFO     | Backtest   | [回测 4/5] 模拟第 4141/4905 笔交易: 国网英大...
2026-05-03 19:17:15.529 | INFO     | Backtest   | [回测 4/5] 模拟第 4151/4905 笔交易: 晶澳科技...
2026-05-03 19:17:15.739 | INFO     | Backtest   | [回测 4/5] 模拟第 4161/4905 笔交易: 保龄宝...
2026-05-03 19:17:15.925 | INFO     | Backtest   | [回测 4/5] 模拟第 4171/4905 笔交易: 安彩高科...
2026-05-03 19:17:16.157 | INFO     | Backtest   | [回测 4/5] 模拟第 4181/4905 笔交易: 瑞茂通...
2026-05-03 19:17:16.330 | INFO     | Backtest   | [回测 4/5] 模拟第 4191/4905 笔交易: 厦门港务...
2026-05-03 19:17:16.505 | INFO     | Backtest   | [回测 4/5] 模拟第 4201/4905 笔交易: 金瑞矿业...
2026-05-03 19:17:16.694 | INFO     | Backtest   | [回测 4/5] 模拟第 4211/4905 笔交易: 兔宝宝...
2026-05-03 19:17:16.852 | INFO     | Backtest   | [回测 4/5] 模拟第 4221/4905 笔交易: 掌阅科技...
2026-05-03 19:17:17.068 | INFO     | Backtest   | [回测 4/5] 模拟第 4231/4905 笔交易: 辉隆股份...
2026-05-03 19:17:17.297 | INFO     | Backtest   | [回测 4/5] 模拟第 4241/4905 笔交易: 太龙股份...
2026-05-03 19:17:17.481 | INFO     | Backtest   | [回测 4/5] 模拟第 4251/4905 笔交易: 先进数通...
2026-05-03 19:17:17.680 | INFO     | Backtest   | [回测 4/5] 模拟第 4261/4905 笔交易: 长阳科技...
2026-05-03 19:17:17.889 | INFO     | Backtest   | [回测 4/5] 模拟第 4271/4905 笔交易: 宏源药业...
2026-05-03 19:17:18.068 | INFO     | Backtest   | [回测 4/5] 模拟第 4281/4905 笔交易: 彩虹股份...
2026-05-03 19:17:18.227 | INFO     | Backtest   | [回测 4/5] 模拟第 4291/4905 笔交易: 孚日股份...
2026-05-03 19:17:18.410 | INFO     | Backtest   | [回测 4/5] 模拟第 4301/4905 笔交易: 新劲刚...
2026-05-03 19:17:18.542 | INFO     | Backtest   | [回测 4/5] 模拟第 4311/4905 笔交易: 圣农发展...
2026-05-03 19:17:18.686 | INFO     | Backtest   | [回测 4/5] 模拟第 4321/4905 笔交易: 华创云信...
2026-05-03 19:17:18.832 | INFO     | Backtest   | [回测 4/5] 模拟第 4331/4905 笔交易: 新凤鸣...
2026-05-03 19:17:19.030 | INFO     | Backtest   | [回测 4/5] 模拟第 4341/4905 笔交易: 亚星化学...
2026-05-03 19:17:19.170 | INFO     | Backtest   | [回测 4/5] 模拟第 4351/4905 笔交易: 赞宇科技...
2026-05-03 19:17:19.346 | INFO     | Backtest   | [回测 4/5] 模拟第 4361/4905 笔交易: 海天精工...
2026-05-03 19:17:19.574 | INFO     | Backtest   | [回测 4/5] 模拟第 4371/4905 笔交易: 航锦科技...
2026-05-03 19:17:19.731 | INFO     | Backtest   | [回测 4/5] 模拟第 4381/4905 笔交易: 精进电动-UW...
2026-05-03 19:17:19.888 | INFO     | Backtest   | [回测 4/5] 模拟第 4391/4905 笔交易: 昌红科技...
2026-05-03 19:17:20.086 | INFO     | Backtest   | [回测 4/5] 模拟第 4401/4905 笔交易: 大西洋...
2026-05-03 19:17:20.279 | INFO     | Backtest   | [回测 4/5] 模拟第 4411/4905 笔交易: 山东玻纤...
2026-05-03 19:17:20.438 | INFO     | Backtest   | [回测 4/5] 模拟第 4421/4905 笔交易: 双星新材...
2026-05-03 19:17:20.621 | INFO     | Backtest   | [回测 4/5] 模拟第 4431/4905 笔交易: 三友化工...
2026-05-03 19:17:20.805 | INFO     | Backtest   | [回测 4/5] 模拟第 4441/4905 笔交易: 钛能化学...
2026-05-03 19:17:20.987 | INFO     | Backtest   | [回测 4/5] 模拟第 4451/4905 笔交易: 鲁北化工...
2026-05-03 19:17:21.138 | INFO     | Backtest   | [回测 4/5] 模拟第 4461/4905 笔交易: 青松股份...
2026-05-03 19:17:21.257 | INFO     | Backtest   | [回测 4/5] 模拟第 4471/4905 笔交易: 皇氏集团...
2026-05-03 19:17:21.418 | INFO     | Backtest   | [回测 4/5] 模拟第 4481/4905 笔交易: 时代万恒...
2026-05-03 19:17:21.585 | INFO     | Backtest   | [回测 4/5] 模拟第 4491/4905 笔交易: 大连热电...
2026-05-03 19:17:21.764 | INFO     | Backtest   | [回测 4/5] 模拟第 4501/4905 笔交易: 中远通...
2026-05-03 19:17:21.985 | INFO     | Backtest   | [回测 4/5] 模拟第 4511/4905 笔交易: 狮头股份...
2026-05-03 19:17:22.160 | INFO     | Backtest   | [回测 4/5] 模拟第 4521/4905 笔交易: 振东制药...
2026-05-03 19:17:22.349 | INFO     | Backtest   | [回测 4/5] 模拟第 4531/4905 笔交易: 开尔新材...
2026-05-03 19:17:22.584 | INFO     | Backtest   | [回测 4/5] 模拟第 4541/4905 笔交易: XD高能环...
2026-05-03 19:17:22.793 | INFO     | Backtest   | [回测 4/5] 模拟第 4551/4905 笔交易: 我武生物...
2026-05-03 19:17:22.999 | INFO     | Backtest   | [回测 4/5] 模拟第 4561/4905 笔交易: 上海家化...
2026-05-03 19:17:23.165 | INFO     | Backtest   | [回测 4/5] 模拟第 4571/4905 笔交易: 鹏鹞环保...
2026-05-03 19:17:23.342 | INFO     | Backtest   | [回测 4/5] 模拟第 4581/4905 笔交易: 莲花控股...
2026-05-03 19:17:23.527 | INFO     | Backtest   | [回测 4/5] 模拟第 4591/4905 笔交易: 凯美特气...
2026-05-03 19:17:23.730 | INFO     | Backtest   | [回测 4/5] 模拟第 4601/4905 笔交易: 创维数字...
2026-05-03 19:17:23.929 | INFO     | Backtest   | [回测 4/5] 模拟第 4611/4905 笔交易: 恒盛能源...
2026-05-03 19:17:24.134 | INFO     | Backtest   | [回测 4/5] 模拟第 4621/4905 笔交易: 智光电气...
2026-05-03 19:17:24.351 | INFO     | Backtest   | [回测 4/5] 模拟第 4631/4905 笔交易: 康斯特...
2026-05-03 19:17:24.559 | INFO     | Backtest   | [回测 4/5] 模拟第 4641/4905 笔交易: 幸福蓝海...
2026-05-03 19:17:24.750 | INFO     | Backtest   | [回测 4/5] 模拟第 4651/4905 笔交易: 福达股份...
2026-05-03 19:17:24.956 | INFO     | Backtest   | [回测 4/5] 模拟第 4661/4905 笔交易: 聚光科技...
2026-05-03 19:17:25.188 | INFO     | Backtest   | [回测 4/5] 模拟第 4671/4905 笔交易: 瑞泰新材...
2026-05-03 19:17:25.397 | INFO     | Backtest   | [回测 4/5] 模拟第 4681/4905 笔交易: 华源控股...
2026-05-03 19:17:25.593 | INFO     | Backtest   | [回测 4/5] 模拟第 4691/4905 笔交易: 飞力达...
2026-05-03 19:17:25.810 | INFO     | Backtest   | [回测 4/5] 模拟第 4701/4905 笔交易: 嘉应制药...
2026-05-03 19:17:26.026 | INFO     | Backtest   | [回测 4/5] 模拟第 4711/4905 笔交易: 德艺文创...
2026-05-03 19:17:26.228 | INFO     | Backtest   | [回测 4/5] 模拟第 4721/4905 笔交易: 海联金汇...
2026-05-03 19:17:26.451 | INFO     | Backtest   | [回测 4/5] 模拟第 4731/4905 笔交易: 宏达高科...
2026-05-03 19:17:26.660 | INFO     | Backtest   | [回测 4/5] 模拟第 4741/4905 笔交易: 吉林敖东...
2026-05-03 19:17:26.850 | INFO     | Backtest   | [回测 4/5] 模拟第 4751/4905 笔交易: 迈赫股份...
2026-05-03 19:17:27.073 | INFO     | Backtest   | [回测 4/5] 模拟第 4761/4905 笔交易: 湘佳股份...
2026-05-03 19:17:27.286 | INFO     | Backtest   | [回测 4/5] 模拟第 4771/4905 笔交易: 水星家纺...
2026-05-03 19:17:27.511 | INFO     | Backtest   | [回测 4/5] 模拟第 4781/4905 笔交易: 佳力图...
2026-05-03 19:17:27.677 | INFO     | Backtest   | [回测 4/5] 模拟第 4791/4905 笔交易: 金钼股份...
2026-05-03 19:17:27.853 | INFO     | Backtest   | [回测 4/5] 模拟第 4801/4905 笔交易: 光莆股份...
2026-05-03 19:17:27.970 | INFO     | Backtest   | [回测 4/5] 模拟第 4811/4905 笔交易: 平高电气...
2026-05-03 19:17:28.105 | INFO     | Backtest   | [回测 4/5] 模拟第 4821/4905 笔交易: 金信诺...
2026-05-03 19:17:28.264 | INFO     | Backtest   | [回测 4/5] 模拟第 4831/4905 笔交易: 元祖股份...
2026-05-03 19:17:28.402 | INFO     | Backtest   | [回测 4/5] 模拟第 4841/4905 笔交易: 三鑫医疗...
2026-05-03 19:17:28.607 | INFO     | Backtest   | [回测 4/5] 模拟第 4851/4905 笔交易: 湖北宜化...
2026-05-03 19:17:28.698 | INFO     | Backtest   | [回测 4/5] 模拟第 4861/4905 笔交易: 蔚蓝锂芯...
2026-05-03 19:17:28.853 | INFO     | Backtest   | [回测 4/5] 模拟第 4871/4905 笔交易: 初灵信息...
2026-05-03 19:17:28.959 | INFO     | Backtest   | [回测 4/5] 模拟第 4881/4905 笔交易: 麦捷科技...
2026-05-03 19:17:29.080 | INFO     | Backtest   | [回测 4/5] 模拟第 4891/4905 笔交易: 芯联集成-U...
2026-05-03 19:17:29.237 | INFO     | Backtest   | [回测 4/5] 模拟第 4901/4905 笔交易: 广哈通信...
2026-05-03 19:17:29.328 | INFO     | Backtest   | [回测 5/5] 回测任务完成: 1154笔(含0笔平手离场)
2026-05-03 19:17:30.163 | INFO     | Backtest   | [回测 1/5] 筛选回测目标股票...
2026-05-03 19:17:30.180 | INFO     | Backtest   | [回测 2/5] 加载 5010 只股票的历史数据进行快速扫描...
2026-05-03 19:17:43.536 | INFO     | Backtest   | [回测 3/5] 计算策略信号 (基于日线信号库)...
2026-05-03 19:17:43.543 | INFO     | Screener   | 🧬 [Loader] 识别到类继承策略: MA5AngleOriginalStrategy
2026-05-03 19:17:50.991 | INFO     | Backtest   | [回测 4/5] 处理 4905 条信号，执行精细分钟线仿真...
2026-05-03 19:17:50.996 | INFO     | Backtest   | [回测 4/5] 模拟第 1/4905 笔交易: 升达林业...
2026-05-03 19:17:51.305 | INFO     | Backtest   | [回测 4/5] 模拟第 11/4905 笔交易: 万丰股份...
2026-05-03 19:17:51.635 | INFO     | Backtest   | [回测 4/5] 模拟第 21/4905 笔交易: 恒誉环保...
2026-05-03 19:17:51.989 | INFO     | Backtest   | [回测 4/5] 模拟第 31/4905 笔交易: 锦鸡股份...
2026-05-03 19:17:52.399 | INFO     | Backtest   | [回测 4/5] 模拟第 41/4905 笔交易: 君正集团...
2026-05-03 19:17:52.800 | INFO     | Backtest   | [回测 4/5] 模拟第 51/4905 笔交易: 海洋王...
2026-05-03 19:17:53.168 | INFO     | Backtest   | [回测 4/5] 模拟第 61/4905 笔交易: 三雄极光...
2026-05-03 19:17:53.515 | INFO     | Backtest   | [回测 4/5] 模拟第 71/4905 笔交易: 世名科技...
2026-05-03 19:17:53.837 | INFO     | Backtest   | [回测 4/5] 模拟第 81/4905 笔交易: 朝阳科技...
2026-05-03 19:17:54.156 | INFO     | Backtest   | [回测 4/5] 模拟第 91/4905 笔交易: 飞荣达...
2026-05-03 19:17:54.506 | INFO     | Backtest   | [回测 4/5] 模拟第 101/4905 笔交易: 春兴精工...
2026-05-03 19:17:54.862 | INFO     | Backtest   | [回测 4/5] 模拟第 111/4905 笔交易: 苏州科达...
2026-05-03 19:17:55.242 | INFO     | Backtest   | [回测 4/5] 模拟第 121/4905 笔交易: 海默科技...
2026-05-03 19:17:55.618 | INFO     | Backtest   | [回测 4/5] 模拟第 131/4905 笔交易: 立昂技术...
2026-05-03 19:17:55.963 | INFO     | Backtest   | [回测 4/5] 模拟第 141/4905 笔交易: 多伦科技...
2026-05-03 19:17:56.322 | INFO     | Backtest   | [回测 4/5] 模拟第 151/4905 笔交易: 易瑞生物...
2026-05-03 19:17:56.678 | INFO     | Backtest   | [回测 4/5] 模拟第 161/4905 笔交易: 宇环数控...
2026-05-03 19:17:57.052 | INFO     | Backtest   | [回测 4/5] 模拟第 171/4905 笔交易: 格尔软件...
2026-05-03 19:17:57.441 | INFO     | Backtest   | [回测 4/5] 模拟第 181/4905 笔交易: 神州信息...
2026-05-03 19:17:57.810 | INFO     | Backtest   | [回测 4/5] 模拟第 191/4905 笔交易: 鸿特科技...
2026-05-03 19:17:58.167 | INFO     | Backtest   | [回测 4/5] 模拟第 201/4905 笔交易: 东方智造...
2026-05-03 19:17:58.543 | INFO     | Backtest   | [回测 4/5] 模拟第 211/4905 笔交易: 粤桂股份...
2026-05-03 19:17:58.897 | INFO     | Backtest   | [回测 4/5] 模拟第 221/4905 笔交易: 松霖科技...
2026-05-03 19:17:59.243 | INFO     | Backtest   | [回测 4/5] 模拟第 231/4905 笔交易: 久其软件...
2026-05-03 19:17:59.608 | INFO     | Backtest   | [回测 4/5] 模拟第 241/4905 笔交易: 锦龙股份...
2026-05-03 19:17:59.961 | INFO     | Backtest   | [回测 4/5] 模拟第 251/4905 笔交易: 菲沃泰...
2026-05-03 19:18:00.346 | INFO     | Backtest   | [回测 4/5] 模拟第 261/4905 笔交易: 山高环能...
2026-05-03 19:18:00.705 | INFO     | Backtest   | [回测 4/5] 模拟第 271/4905 笔交易: 四创电子...
2026-05-03 19:18:01.065 | INFO     | Backtest   | [回测 4/5] 模拟第 281/4905 笔交易: 广电运通...
2026-05-03 19:18:01.444 | INFO     | Backtest   | [回测 4/5] 模拟第 291/4905 笔交易: 中科江南...
2026-05-03 19:18:01.833 | INFO     | Backtest   | [回测 4/5] 模拟第 301/4905 笔交易: 钛能化学...
2026-05-03 19:18:02.216 | INFO     | Backtest   | [回测 4/5] 模拟第 311/4905 笔交易: 华鼎股份...
2026-05-03 19:18:02.601 | INFO     | Backtest   | [回测 4/5] 模拟第 321/4905 笔交易: 钱江生化...
2026-05-03 19:18:02.997 | INFO     | Backtest   | [回测 4/5] 模拟第 331/4905 笔交易: 德冠新材...
2026-05-03 19:18:03.360 | INFO     | Backtest   | [回测 4/5] 模拟第 341/4905 笔交易: 罗平锌电...
2026-05-03 19:18:03.732 | INFO     | Backtest   | [回测 4/5] 模拟第 351/4905 笔交易: 金智科技...
2026-05-03 19:18:04.068 | INFO     | Backtest   | [回测 4/5] 模拟第 361/4905 笔交易: 宏盛华源...
2026-05-03 19:18:04.442 | INFO     | Backtest   | [回测 4/5] 模拟第 371/4905 笔交易: 东软集团...
2026-05-03 19:18:04.828 | INFO     | Backtest   | [回测 4/5] 模拟第 381/4905 笔交易: 泰和科技...
2026-05-03 19:18:05.168 | INFO     | Backtest   | [回测 4/5] 模拟第 391/4905 笔交易: 海德股份...
2026-05-03 19:18:05.556 | INFO     | Backtest   | [回测 4/5] 模拟第 401/4905 笔交易: 中关村...
2026-05-03 19:18:05.906 | INFO     | Backtest   | [回测 4/5] 模拟第 411/4905 笔交易: 彩蝶实业...
2026-05-03 19:18:06.261 | INFO     | Backtest   | [回测 4/5] 模拟第 421/4905 笔交易: 汇金通...
2026-05-03 19:18:06.641 | INFO     | Backtest   | [回测 4/5] 模拟第 431/4905 笔交易: 西部矿业...
2026-05-03 19:18:06.981 | INFO     | Backtest   | [回测 4/5] 模拟第 441/4905 笔交易: 游族网络...
2026-05-03 19:18:07.351 | INFO     | Backtest   | [回测 4/5] 模拟第 451/4905 笔交易: 保龄宝...
2026-05-03 19:18:07.663 | INFO     | Backtest   | [回测 4/5] 模拟第 461/4905 笔交易: 麦克奥迪...
2026-05-03 19:18:07.995 | INFO     | Backtest   | [回测 4/5] 模拟第 471/4905 笔交易: 博汇纸业...
2026-05-03 19:18:08.332 | INFO     | Backtest   | [回测 4/5] 模拟第 481/4905 笔交易: 得利斯...
2026-05-03 19:18:08.682 | INFO     | Backtest   | [回测 4/5] 模拟第 491/4905 笔交易: 宁波富达...
2026-05-03 19:18:09.052 | INFO     | Backtest   | [回测 4/5] 模拟第 501/4905 笔交易: 上海九百...
2026-05-03 19:18:09.406 | INFO     | Backtest   | [回测 4/5] 模拟第 511/4905 笔交易: 粤高速Ａ...
2026-05-03 19:18:09.745 | INFO     | Backtest   | [回测 4/5] 模拟第 521/4905 笔交易: 高乐股份...
2026-05-03 19:18:10.039 | INFO     | Backtest   | [回测 4/5] 模拟第 531/4905 笔交易: 海伦钢琴...
2026-05-03 19:18:10.343 | INFO     | Backtest   | [回测 4/5] 模拟第 541/4905 笔交易: 李子园...
2026-05-03 19:18:10.689 | INFO     | Backtest   | [回测 4/5] 模拟第 551/4905 笔交易: 崧盛股份...
2026-05-03 19:18:11.053 | INFO     | Backtest   | [回测 4/5] 模拟第 561/4905 笔交易: 恒尚节能...
2026-05-03 19:18:11.359 | INFO     | Backtest   | [回测 4/5] 模拟第 571/4905 笔交易: 明阳电路...
2026-05-03 19:18:11.673 | INFO     | Backtest   | [回测 4/5] 模拟第 581/4905 笔交易: 二六三...
2026-05-03 19:18:12.028 | INFO     | Backtest   | [回测 4/5] 模拟第 591/4905 笔交易: 大为股份...
2026-05-03 19:18:12.359 | INFO     | Backtest   | [回测 4/5] 模拟第 601/4905 笔交易: 星网宇达...
2026-05-03 19:18:12.706 | INFO     | Backtest   | [回测 4/5] 模拟第 611/4905 笔交易: 锦江在线...
2026-05-03 19:18:13.004 | INFO     | Backtest   | [回测 4/5] 模拟第 621/4905 笔交易: 再升科技...
2026-05-03 19:18:13.355 | INFO     | Backtest   | [回测 4/5] 模拟第 631/4905 笔交易: 汉缆股份...
2026-05-03 19:18:13.728 | INFO     | Backtest   | [回测 4/5] 模拟第 641/4905 笔交易: 奥拓电子...
2026-05-03 19:18:14.080 | INFO     | Backtest   | [回测 4/5] 模拟第 651/4905 笔交易: 三维通信...
2026-05-03 19:18:14.350 | INFO     | Backtest   | [回测 4/5] 模拟第 661/4905 笔交易: 杭州高新...
2026-05-03 19:18:14.655 | INFO     | Backtest   | [回测 4/5] 模拟第 671/4905 笔交易: 南新制药...
2026-05-03 19:18:15.027 | INFO     | Backtest   | [回测 4/5] 模拟第 681/4905 笔交易: 华媒控股...
2026-05-03 19:18:15.375 | INFO     | Backtest   | [回测 4/5] 模拟第 691/4905 笔交易: 康泰医学...
2026-05-03 19:18:15.736 | INFO     | Backtest   | [回测 4/5] 模拟第 701/4905 笔交易: 三旺通信...
2026-05-03 19:18:16.104 | INFO     | Backtest   | [回测 4/5] 模拟第 711/4905 笔交易: 雅博股份...
2026-05-03 19:18:16.492 | INFO     | Backtest   | [回测 4/5] 模拟第 721/4905 笔交易: 泰祥股份...
2026-05-03 19:18:16.882 | INFO     | Backtest   | [回测 4/5] 模拟第 731/4905 笔交易: 熙菱信息...
2026-05-03 19:18:17.271 | INFO     | Backtest   | [回测 4/5] 模拟第 741/4905 笔交易: 合富中国...
2026-05-03 19:18:17.672 | INFO     | Backtest   | [回测 4/5] 模拟第 751/4905 笔交易: 宣泰医药...
2026-05-03 19:18:18.050 | INFO     | Backtest   | [回测 4/5] 模拟第 761/4905 笔交易: 澳弘电子...
2026-05-03 19:18:18.439 | INFO     | Backtest   | [回测 4/5] 模拟第 771/4905 笔交易: 戴维医疗...
2026-05-03 19:18:18.799 | INFO     | Backtest   | [回测 4/5] 模拟第 781/4905 笔交易: 东方生物...
2026-05-03 19:18:19.183 | INFO     | Backtest   | [回测 4/5] 模拟第 791/4905 笔交易: 科华控股...
2026-05-03 19:18:19.549 | INFO     | Backtest   | [回测 4/5] 模拟第 801/4905 笔交易: 哈药股份...
2026-05-03 19:18:19.939 | INFO     | Backtest   | [回测 4/5] 模拟第 811/4905 笔交易: 威派格...
2026-05-03 19:18:20.299 | INFO     | Backtest   | [回测 4/5] 模拟第 821/4905 笔交易: 申联生物...
2026-05-03 19:18:20.673 | INFO     | Backtest   | [回测 4/5] 模拟第 831/4905 笔交易: 福莱蒽特...
2026-05-03 19:18:21.039 | INFO     | Backtest   | [回测 4/5] 模拟第 841/4905 笔交易: 赢合科技...
2026-05-03 19:18:21.391 | INFO     | Backtest   | [回测 4/5] 模拟第 851/4905 笔交易: 哈三联...
2026-05-03 19:18:21.682 | INFO     | Backtest   | [回测 4/5] 模拟第 861/4905 笔交易: 江苏有线...
2026-05-03 19:18:22.016 | INFO     | Backtest   | [回测 4/5] 模拟第 871/4905 笔交易: 华谊集团...
2026-05-03 19:18:22.373 | INFO     | Backtest   | [回测 4/5] 模拟第 881/4905 笔交易: 西麦食品...
2026-05-03 19:18:22.713 | INFO     | Backtest   | [回测 4/5] 模拟第 891/4905 笔交易: 北矿科技...
2026-05-03 19:18:23.042 | INFO     | Backtest   | [回测 4/5] 模拟第 901/4905 笔交易: 英派斯...
2026-05-03 19:18:23.368 | INFO     | Backtest   | [回测 4/5] 模拟第 911/4905 笔交易: 交大昂立...
2026-05-03 19:18:23.700 | INFO     | Backtest   | [回测 4/5] 模拟第 921/4905 笔交易: 江苏神通...
2026-05-03 19:18:24.021 | INFO     | Backtest   | [回测 4/5] 模拟第 931/4905 笔交易: 长缆科技...
2026-05-03 19:18:24.388 | INFO     | Backtest   | [回测 4/5] 模拟第 941/4905 笔交易: 元隆雅图...
2026-05-03 19:18:24.658 | INFO     | Backtest   | [回测 4/5] 模拟第 951/4905 笔交易: 中国石化...
2026-05-03 19:18:24.955 | INFO     | Backtest   | [回测 4/5] 模拟第 961/4905 笔交易: 歌力思...
2026-05-03 19:18:25.238 | INFO     | Backtest   | [回测 4/5] 模拟第 971/4905 笔交易: 文峰股份...
2026-05-03 19:18:25.527 | INFO     | Backtest   | [回测 4/5] 模拟第 981/4905 笔交易: 创识科技...
2026-05-03 19:18:25.799 | INFO     | Backtest   | [回测 4/5] 模拟第 991/4905 笔交易: 友邦吊顶...
2026-05-03 19:18:26.071 | INFO     | Backtest   | [回测 4/5] 模拟第 1001/4905 笔交易: 沃尔核材...
2026-05-03 19:18:26.382 | INFO     | Backtest   | [回测 4/5] 模拟第 1011/4905 笔交易: 上海银行...
2026-05-03 19:18:26.648 | INFO     | Backtest   | [回测 4/5] 模拟第 1021/4905 笔交易: 新亚强...
2026-05-03 19:18:26.952 | INFO     | Backtest   | [回测 4/5] 模拟第 1031/4905 笔交易: 三和管桩...
2026-05-03 19:18:27.309 | INFO     | Backtest   | [回测 4/5] 模拟第 1041/4905 笔交易: 鹿山新材...
2026-05-03 19:18:27.612 | INFO     | Backtest   | [回测 4/5] 模拟第 1051/4905 笔交易: 塞力医疗...
2026-05-03 19:18:27.948 | INFO     | Backtest   | [回测 4/5] 模拟第 1061/4905 笔交易: 建设工业...
2026-05-03 19:18:28.267 | INFO     | Backtest   | [回测 4/5] 模拟第 1071/4905 笔交易: 招金黄金...
2026-05-03 19:18:28.569 | INFO     | Backtest   | [回测 4/5] 模拟第 1081/4905 笔交易: 朗坤科技...
2026-05-03 19:18:28.904 | INFO     | Backtest   | [回测 4/5] 模拟第 1091/4905 笔交易: 信音电子...
2026-05-03 19:18:29.213 | INFO     | Backtest   | [回测 4/5] 模拟第 1101/4905 笔交易: 德创环保...
2026-05-03 19:18:29.539 | INFO     | Backtest   | [回测 4/5] 模拟第 1111/4905 笔交易: 国盛证券...
2026-05-03 19:18:29.830 | INFO     | Backtest   | [回测 4/5] 模拟第 1121/4905 笔交易: 研奥股份...
2026-05-03 19:18:30.155 | INFO     | Backtest   | [回测 4/5] 模拟第 1131/4905 笔交易: 华骐环保...
2026-05-03 19:18:30.493 | INFO     | Backtest   | [回测 4/5] 模拟第 1141/4905 笔交易: 楚江新材...
2026-05-03 19:18:30.854 | INFO     | Backtest   | [回测 4/5] 模拟第 1151/4905 笔交易: 机器人...
2026-05-03 19:18:31.181 | INFO     | Backtest   | [回测 4/5] 模拟第 1161/4905 笔交易: 红塔证券...
2026-05-03 19:18:31.516 | INFO     | Backtest   | [回测 4/5] 模拟第 1171/4905 笔交易: 金奥博...
2026-05-03 19:18:31.828 | INFO     | Backtest   | [回测 4/5] 模拟第 1181/4905 笔交易: 中国电建...
2026-05-03 19:18:32.190 | INFO     | Backtest   | [回测 4/5] 模拟第 1191/4905 笔交易: 永安期货...
2026-05-03 19:18:32.483 | INFO     | Backtest   | [回测 4/5] 模拟第 1201/4905 笔交易: 香溢融通...
2026-05-03 19:18:32.818 | INFO     | Backtest   | [回测 4/5] 模拟第 1211/4905 笔交易: 晨曦航空...
2026-05-03 19:18:33.073 | INFO     | Backtest   | [回测 4/5] 模拟第 1221/4905 笔交易: 中远通...
2026-05-03 19:18:33.334 | INFO     | Backtest   | [回测 4/5] 模拟第 1231/4905 笔交易: 宏昌电子...
2026-05-03 19:18:33.609 | INFO     | Backtest   | [回测 4/5] 模拟第 1241/4905 笔交易: 歌尔股份...
2026-05-03 19:18:33.912 | INFO     | Backtest   | [回测 4/5] 模拟第 1251/4905 笔交易: 世茂能源...
2026-05-03 19:18:34.192 | INFO     | Backtest   | [回测 4/5] 模拟第 1261/4905 笔交易: 中南传媒...
2026-05-03 19:18:34.527 | INFO     | Backtest   | [回测 4/5] 模拟第 1271/4905 笔交易: 悦达投资...
2026-05-03 19:18:34.794 | INFO     | Backtest   | [回测 4/5] 模拟第 1281/4905 笔交易: 仕净科技...
2026-05-03 19:18:35.082 | INFO     | Backtest   | [回测 4/5] 模拟第 1291/4905 笔交易: 中石科技...
2026-05-03 19:18:35.365 | INFO     | Backtest   | [回测 4/5] 模拟第 1301/4905 笔交易: 长江材料...
2026-05-03 19:18:35.660 | INFO     | Backtest   | [回测 4/5] 模拟第 1311/4905 笔交易: 可立克...
2026-05-03 19:18:35.979 | INFO     | Backtest   | [回测 4/5] 模拟第 1321/4905 笔交易: 盐湖股份...
2026-05-03 19:18:36.309 | INFO     | Backtest   | [回测 4/5] 模拟第 1331/4905 笔交易: 协鑫集成...
2026-05-03 19:18:36.619 | INFO     | Backtest   | [回测 4/5] 模拟第 1341/4905 笔交易: 雅化集团...
2026-05-03 19:18:36.955 | INFO     | Backtest   | [回测 4/5] 模拟第 1351/4905 笔交易: 宁夏建材...
2026-05-03 19:18:37.285 | INFO     | Backtest   | [回测 4/5] 模拟第 1361/4905 笔交易: 天玑科技...
2026-05-03 19:18:37.616 | INFO     | Backtest   | [回测 4/5] 模拟第 1371/4905 笔交易: 光莆股份...
2026-05-03 19:18:37.924 | INFO     | Backtest   | [回测 4/5] 模拟第 1381/4905 笔交易: 六国化工...
2026-05-03 19:18:38.176 | INFO     | Backtest   | [回测 4/5] 模拟第 1391/4905 笔交易: 亚士创能...
2026-05-03 19:18:38.482 | INFO     | Backtest   | [回测 4/5] 模拟第 1401/4905 笔交易: 园林股份...
2026-05-03 19:18:38.762 | INFO     | Backtest   | [回测 4/5] 模拟第 1411/4905 笔交易: 诚意药业...
2026-05-03 19:18:39.076 | INFO     | Backtest   | [回测 4/5] 模拟第 1421/4905 笔交易: 海象新材...
2026-05-03 19:18:39.372 | INFO     | Backtest   | [回测 4/5] 模拟第 1431/4905 笔交易: 安利股份...
2026-05-03 19:18:39.651 | INFO     | Backtest   | [回测 4/5] 模拟第 1441/4905 笔交易: 迅捷兴...
2026-05-03 19:18:39.902 | INFO     | Backtest   | [回测 4/5] 模拟第 1451/4905 笔交易: 顺网科技...
2026-05-03 19:18:40.206 | INFO     | Backtest   | [回测 4/5] 模拟第 1461/4905 笔交易: 银龙股份...
2026-05-03 19:18:40.479 | INFO     | Backtest   | [回测 4/5] 模拟第 1471/4905 笔交易: 森麒麟...
2026-05-03 19:18:40.805 | INFO     | Backtest   | [回测 4/5] 模拟第 1481/4905 笔交易: 红日药业...
2026-05-03 19:18:41.097 | INFO     | Backtest   | [回测 4/5] 模拟第 1491/4905 笔交易: 仁智股份...
2026-05-03 19:18:41.390 | INFO     | Backtest   | [回测 4/5] 模拟第 1501/4905 笔交易: 飞乐音响...
2026-05-03 19:18:41.625 | INFO     | Backtest   | [回测 4/5] 模拟第 1511/4905 笔交易: 泰坦股份...
2026-05-03 19:18:41.923 | INFO     | Backtest   | [回测 4/5] 模拟第 1521/4905 笔交易: 物产环能...
2026-05-03 19:18:42.212 | INFO     | Backtest   | [回测 4/5] 模拟第 1531/4905 笔交易: 新赛股份...
2026-05-03 19:18:42.531 | INFO     | Backtest   | [回测 4/5] 模拟第 1541/4905 笔交易: 华建集团...
2026-05-03 19:18:42.807 | INFO     | Backtest   | [回测 4/5] 模拟第 1551/4905 笔交易: 华峰化学...
2026-05-03 19:18:43.103 | INFO     | Backtest   | [回测 4/5] 模拟第 1561/4905 笔交易: 铁建重工...
2026-05-03 19:18:43.312 | INFO     | Backtest   | [回测 4/5] 模拟第 1571/4905 笔交易: 西部建设...
2026-05-03 19:18:43.542 | INFO     | Backtest   | [回测 4/5] 模拟第 1581/4905 笔交易: 建设机械...
2026-05-03 19:18:43.775 | INFO     | Backtest   | [回测 4/5] 模拟第 1591/4905 笔交易: 福建水泥...
2026-05-03 19:18:43.967 | INFO     | Backtest   | [回测 4/5] 模拟第 1601/4905 笔交易: 节能铁汉...
2026-05-03 19:18:44.252 | INFO     | Backtest   | [回测 4/5] 模拟第 1611/4905 笔交易: 通裕重工...
2026-05-03 19:18:44.518 | INFO     | Backtest   | [回测 4/5] 模拟第 1621/4905 笔交易: 中国一重...
2026-05-03 19:18:44.802 | INFO     | Backtest   | [回测 4/5] 模拟第 1631/4905 笔交易: 智慧农业...
2026-05-03 19:18:45.034 | INFO     | Backtest   | [回测 4/5] 模拟第 1641/4905 笔交易: 晋控煤业...
2026-05-03 19:18:45.323 | INFO     | Backtest   | [回测 4/5] 模拟第 1651/4905 笔交易: 名雕股份...
2026-05-03 19:18:45.621 | INFO     | Backtest   | [回测 4/5] 模拟第 1661/4905 笔交易: 蒙草生态...
2026-05-03 19:18:45.913 | INFO     | Backtest   | [回测 4/5] 模拟第 1671/4905 笔交易: 曙光股份...
2026-05-03 19:18:46.179 | INFO     | Backtest   | [回测 4/5] 模拟第 1681/4905 笔交易: 清新环境...
2026-05-03 19:18:46.461 | INFO     | Backtest   | [回测 4/5] 模拟第 1691/4905 笔交易: 金安国纪...
2026-05-03 19:18:46.684 | INFO     | Backtest   | [回测 4/5] 模拟第 1701/4905 笔交易: 远东股份...
2026-05-03 19:18:46.974 | INFO     | Backtest   | [回测 4/5] 模拟第 1711/4905 笔交易: 天地科技...
2026-05-03 19:18:47.249 | INFO     | Backtest   | [回测 4/5] 模拟第 1721/4905 笔交易: 汇通集团...
2026-05-03 19:18:47.526 | INFO     | Backtest   | [回测 4/5] 模拟第 1731/4905 笔交易: 英洛华...
2026-05-03 19:18:47.832 | INFO     | Backtest   | [回测 4/5] 模拟第 1741/4905 笔交易: 三诺生物...
2026-05-03 19:18:48.100 | INFO     | Backtest   | [回测 4/5] 模拟第 1751/4905 笔交易: 先锋电子...
2026-05-03 19:18:48.373 | INFO     | Backtest   | [回测 4/5] 模拟第 1761/4905 笔交易: 华星创业...
2026-05-03 19:18:48.609 | INFO     | Backtest   | [回测 4/5] 模拟第 1771/4905 笔交易: 奥翔药业...
2026-05-03 19:18:48.847 | INFO     | Backtest   | [回测 4/5] 模拟第 1781/4905 笔交易: 京新药业...
2026-05-03 19:18:49.096 | INFO     | Backtest   | [回测 4/5] 模拟第 1791/4905 笔交易: 河化股份...
2026-05-03 19:18:49.345 | INFO     | Backtest   | [回测 4/5] 模拟第 1801/4905 笔交易: 中国医药...
2026-05-03 19:18:49.623 | INFO     | Backtest   | [回测 4/5] 模拟第 1811/4905 笔交易: 天和防务...
2026-05-03 19:18:49.884 | INFO     | Backtest   | [回测 4/5] 模拟第 1821/4905 笔交易: 深深房Ａ...
2026-05-03 19:18:50.168 | INFO     | Backtest   | [回测 4/5] 模拟第 1831/4905 笔交易: 联美控股...
2026-05-03 19:18:50.451 | INFO     | Backtest   | [回测 4/5] 模拟第 1841/4905 笔交易: 维力医疗...
2026-05-03 19:18:50.736 | INFO     | Backtest   | [回测 4/5] 模拟第 1851/4905 笔交易: 宇环数控...
2026-05-03 19:18:51.032 | INFO     | Backtest   | [回测 4/5] 模拟第 1861/4905 笔交易: 贝斯特...
2026-05-03 19:18:51.331 | INFO     | Backtest   | [回测 4/5] 模拟第 1871/4905 笔交易: 沈阳机床...
2026-05-03 19:18:51.637 | INFO     | Backtest   | [回测 4/5] 模拟第 1881/4905 笔交易: 双杰电气...
2026-05-03 19:18:51.955 | INFO     | Backtest   | [回测 4/5] 模拟第 1891/4905 笔交易: 国茂股份...
2026-05-03 19:18:52.185 | INFO     | Backtest   | [回测 4/5] 模拟第 1901/4905 笔交易: 上实发展...
2026-05-03 19:18:52.453 | INFO     | Backtest   | [回测 4/5] 模拟第 1911/4905 笔交易: 嘉麟杰...
2026-05-03 19:18:52.714 | INFO     | Backtest   | [回测 4/5] 模拟第 1921/4905 笔交易: 金枫酒业...
2026-05-03 19:18:53.007 | INFO     | Backtest   | [回测 4/5] 模拟第 1931/4905 笔交易: 新宝股份...
2026-05-03 19:18:53.313 | INFO     | Backtest   | [回测 4/5] 模拟第 1941/4905 笔交易: 铜陵有色...
2026-05-03 19:18:53.585 | INFO     | Backtest   | [回测 4/5] 模拟第 1951/4905 笔交易: 齐鲁银行...
2026-05-03 19:18:53.832 | INFO     | Backtest   | [回测 4/5] 模拟第 1961/4905 笔交易: 金发科技...
2026-05-03 19:18:54.097 | INFO     | Backtest   | [回测 4/5] 模拟第 1971/4905 笔交易: 景兴纸业...
2026-05-03 19:18:54.382 | INFO     | Backtest   | [回测 4/5] 模拟第 1981/4905 笔交易: 中兰环保...
2026-05-03 19:18:54.625 | INFO     | Backtest   | [回测 4/5] 模拟第 1991/4905 笔交易: 斯瑞新材...
2026-05-03 19:18:54.864 | INFO     | Backtest   | [回测 4/5] 模拟第 2001/4905 笔交易: 华力创通...
2026-05-03 19:18:55.147 | INFO     | Backtest   | [回测 4/5] 模拟第 2011/4905 笔交易: 久日新材...
2026-05-03 19:18:55.407 | INFO     | Backtest   | [回测 4/5] 模拟第 2021/4905 笔交易: 气派科技...
2026-05-03 19:18:55.688 | INFO     | Backtest   | [回测 4/5] 模拟第 2031/4905 笔交易: 南威软件...
2026-05-03 19:18:55.938 | INFO     | Backtest   | [回测 4/5] 模拟第 2041/4905 笔交易: 确成股份...
2026-05-03 19:18:56.186 | INFO     | Backtest   | [回测 4/5] 模拟第 2051/4905 笔交易: 南京新百...
2026-05-03 19:18:56.367 | INFO     | Backtest   | [回测 4/5] 模拟第 2061/4905 笔交易: 集泰股份...
2026-05-03 19:18:56.632 | INFO     | Backtest   | [回测 4/5] 模拟第 2071/4905 笔交易: 新致软件...
2026-05-03 19:18:56.896 | INFO     | Backtest   | [回测 4/5] 模拟第 2081/4905 笔交易: 国新健康...
2026-05-03 19:18:57.139 | INFO     | Backtest   | [回测 4/5] 模拟第 2091/4905 笔交易: 亨通股份...
2026-05-03 19:18:57.428 | INFO     | Backtest   | [回测 4/5] 模拟第 2101/4905 笔交易: 绿盟科技...
2026-05-03 19:18:57.678 | INFO     | Backtest   | [回测 4/5] 模拟第 2111/4905 笔交易: 统一股份...
2026-05-03 19:18:57.924 | INFO     | Backtest   | [回测 4/5] 模拟第 2121/4905 笔交易: 慈文传媒...
2026-05-03 19:18:58.157 | INFO     | Backtest   | [回测 4/5] 模拟第 2131/4905 笔交易: 城市传媒...
2026-05-03 19:18:58.451 | INFO     | Backtest   | [回测 4/5] 模拟第 2141/4905 笔交易: 美利信...
2026-05-03 19:18:58.731 | INFO     | Backtest   | [回测 4/5] 模拟第 2151/4905 笔交易: 有友食品...
2026-05-03 19:18:58.906 | INFO     | Backtest   | [回测 4/5] 模拟第 2161/4905 笔交易: 沃顿科技...
2026-05-03 19:18:59.154 | INFO     | Backtest   | [回测 4/5] 模拟第 2171/4905 笔交易: 华域汽车...
2026-05-03 19:18:59.426 | INFO     | Backtest   | [回测 4/5] 模拟第 2181/4905 笔交易: 先导基电...
2026-05-03 19:18:59.716 | INFO     | Backtest   | [回测 4/5] 模拟第 2191/4905 笔交易: 明牌珠宝...
2026-05-03 19:18:59.956 | INFO     | Backtest   | [回测 4/5] 模拟第 2201/4905 笔交易: 廊坊发展...
2026-05-03 19:19:00.215 | INFO     | Backtest   | [回测 4/5] 模拟第 2211/4905 笔交易: 华峰化学...
2026-05-03 19:19:00.474 | INFO     | Backtest   | [回测 4/5] 模拟第 2221/4905 笔交易: 衢州东峰...
2026-05-03 19:19:00.699 | INFO     | Backtest   | [回测 4/5] 模拟第 2231/4905 笔交易: 万凯新材...
2026-05-03 19:19:00.948 | INFO     | Backtest   | [回测 4/5] 模拟第 2241/4905 笔交易: 容百科技...
2026-05-03 19:19:01.185 | INFO     | Backtest   | [回测 4/5] 模拟第 2251/4905 笔交易: 城投控股...
2026-05-03 19:19:01.408 | INFO     | Backtest   | [回测 4/5] 模拟第 2261/4905 笔交易: 中国化学...
2026-05-03 19:19:01.603 | INFO     | Backtest   | [回测 4/5] 模拟第 2271/4905 笔交易: 电科芯片...
2026-05-03 19:19:01.804 | INFO     | Backtest   | [回测 4/5] 模拟第 2281/4905 笔交易: 中京电子...
2026-05-03 19:19:02.022 | INFO     | Backtest   | [回测 4/5] 模拟第 2291/4905 笔交易: 国盛证券...
2026-05-03 19:19:02.220 | INFO     | Backtest   | [回测 4/5] 模拟第 2301/4905 笔交易: 万泽股份...
2026-05-03 19:19:02.456 | INFO     | Backtest   | [回测 4/5] 模拟第 2311/4905 笔交易: 浙农股份...
2026-05-03 19:19:02.722 | INFO     | Backtest   | [回测 4/5] 模拟第 2321/4905 笔交易: 华通线缆...
2026-05-03 19:19:02.894 | INFO     | Backtest   | [回测 4/5] 模拟第 2331/4905 笔交易: 浙富控股...
2026-05-03 19:19:03.125 | INFO     | Backtest   | [回测 4/5] 模拟第 2341/4905 笔交易: 青山纸业...
2026-05-03 19:19:03.354 | INFO     | Backtest   | [回测 4/5] 模拟第 2351/4905 笔交易: 新通联...
2026-05-03 19:19:03.623 | INFO     | Backtest   | [回测 4/5] 模拟第 2361/4905 笔交易: 安控科技...
2026-05-03 19:19:03.847 | INFO     | Backtest   | [回测 4/5] 模拟第 2371/4905 笔交易: 世纪鼎利...
2026-05-03 19:19:04.006 | INFO     | Backtest   | [回测 4/5] 模拟第 2381/4905 笔交易: 物产环能...
2026-05-03 19:19:04.225 | INFO     | Backtest   | [回测 4/5] 模拟第 2391/4905 笔交易: 能辉科技...
2026-05-03 19:19:04.420 | INFO     | Backtest   | [回测 4/5] 模拟第 2401/4905 笔交易: 雪天盐业...
2026-05-03 19:19:04.667 | INFO     | Backtest   | [回测 4/5] 模拟第 2411/4905 笔交易: 特锐德...
2026-05-03 19:19:04.898 | INFO     | Backtest   | [回测 4/5] 模拟第 2421/4905 笔交易: 特力Ａ...
2026-05-03 19:19:05.126 | INFO     | Backtest   | [回测 4/5] 模拟第 2431/4905 笔交易: 智能自控...
2026-05-03 19:19:05.420 | INFO     | Backtest   | [回测 4/5] 模拟第 2441/4905 笔交易: 众业达...
2026-05-03 19:19:05.669 | INFO     | Backtest   | [回测 4/5] 模拟第 2451/4905 笔交易: 广汽集团...
2026-05-03 19:19:05.941 | INFO     | Backtest   | [回测 4/5] 模拟第 2461/4905 笔交易: 盐湖股份...
2026-05-03 19:19:06.197 | INFO     | Backtest   | [回测 4/5] 模拟第 2471/4905 笔交易: 合锻智能...
2026-05-03 19:19:06.463 | INFO     | Backtest   | [回测 4/5] 模拟第 2481/4905 笔交易: 厦门港务...
2026-05-03 19:19:06.775 | INFO     | Backtest   | [回测 4/5] 模拟第 2491/4905 笔交易: 星辉娱乐...
2026-05-03 19:19:07.000 | INFO     | Backtest   | [回测 4/5] 模拟第 2501/4905 笔交易: 众信旅游...
2026-05-03 19:19:07.268 | INFO     | Backtest   | [回测 4/5] 模拟第 2511/4905 笔交易: 云意电气...
2026-05-03 19:19:07.504 | INFO     | Backtest   | [回测 4/5] 模拟第 2521/4905 笔交易: 中成股份...
2026-05-03 19:19:07.693 | INFO     | Backtest   | [回测 4/5] 模拟第 2531/4905 笔交易: 峰璟股份...
2026-05-03 19:19:07.948 | INFO     | Backtest   | [回测 4/5] 模拟第 2541/4905 笔交易: S佳通...
2026-05-03 19:19:08.187 | INFO     | Backtest   | [回测 4/5] 模拟第 2551/4905 笔交易: 春立医疗...
2026-05-03 19:19:08.415 | INFO     | Backtest   | [回测 4/5] 模拟第 2561/4905 笔交易: 中科通达...
2026-05-03 19:19:08.603 | INFO     | Backtest   | [回测 4/5] 模拟第 2571/4905 笔交易: 太极实业...
2026-05-03 19:19:08.826 | INFO     | Backtest   | [回测 4/5] 模拟第 2581/4905 笔交易: 华蓝集团...
2026-05-03 19:19:09.073 | INFO     | Backtest   | [回测 4/5] 模拟第 2591/4905 笔交易: 江铃汽车...
2026-05-03 19:19:09.314 | INFO     | Backtest   | [回测 4/5] 模拟第 2601/4905 笔交易: 中仑新材...
2026-05-03 19:19:09.542 | INFO     | Backtest   | [回测 4/5] 模拟第 2611/4905 笔交易: 富临精工...
2026-05-03 19:19:09.748 | INFO     | Backtest   | [回测 4/5] 模拟第 2621/4905 笔交易: 泓淋电力...
2026-05-03 19:19:09.939 | INFO     | Backtest   | [回测 4/5] 模拟第 2631/4905 笔交易: 云南铜业...
2026-05-03 19:19:10.155 | INFO     | Backtest   | [回测 4/5] 模拟第 2641/4905 笔交易: 鲁信创投...
2026-05-03 19:19:10.330 | INFO     | Backtest   | [回测 4/5] 模拟第 2651/4905 笔交易: 南山铝业...
2026-05-03 19:19:10.558 | INFO     | Backtest   | [回测 4/5] 模拟第 2661/4905 笔交易: 招商轮船...
2026-05-03 19:19:10.748 | INFO     | Backtest   | [回测 4/5] 模拟第 2671/4905 笔交易: 侨银股份...
2026-05-03 19:19:10.922 | INFO     | Backtest   | [回测 4/5] 模拟第 2681/4905 笔交易: 新锐股份...
2026-05-03 19:19:11.113 | INFO     | Backtest   | [回测 4/5] 模拟第 2691/4905 笔交易: 厚普股份...
2026-05-03 19:19:11.345 | INFO     | Backtest   | [回测 4/5] 模拟第 2701/4905 笔交易: 中国长城...
2026-05-03 19:19:11.510 | INFO     | Backtest   | [回测 4/5] 模拟第 2711/4905 笔交易: 天洋新材...
2026-05-03 19:19:11.697 | INFO     | Backtest   | [回测 4/5] 模拟第 2721/4905 笔交易: 工大高科...
2026-05-03 19:19:11.916 | INFO     | Backtest   | [回测 4/5] 模拟第 2731/4905 笔交易: 大中矿业...
2026-05-03 19:19:12.169 | INFO     | Backtest   | [回测 4/5] 模拟第 2741/4905 笔交易: 锋龙股份...
2026-05-03 19:19:12.411 | INFO     | Backtest   | [回测 4/5] 模拟第 2751/4905 笔交易: 建科智能...
2026-05-03 19:19:12.666 | INFO     | Backtest   | [回测 4/5] 模拟第 2761/4905 笔交易: 易天股份...
2026-05-03 19:19:12.922 | INFO     | Backtest   | [回测 4/5] 模拟第 2771/4905 笔交易: 华电科工...
2026-05-03 19:19:13.174 | INFO     | Backtest   | [回测 4/5] 模拟第 2781/4905 笔交易: 保立佳...
2026-05-03 19:19:13.419 | INFO     | Backtest   | [回测 4/5] 模拟第 2791/4905 笔交易: 钱江生化...
2026-05-03 19:19:13.684 | INFO     | Backtest   | [回测 4/5] 模拟第 2801/4905 笔交易: 富瑞特装...
2026-05-03 19:19:13.927 | INFO     | Backtest   | [回测 4/5] 模拟第 2811/4905 笔交易: 天虹股份...
2026-05-03 19:19:14.145 | INFO     | Backtest   | [回测 4/5] 模拟第 2821/4905 笔交易: 迪普科技...
2026-05-03 19:19:14.355 | INFO     | Backtest   | [回测 4/5] 模拟第 2831/4905 笔交易: 特力Ａ...
2026-05-03 19:19:14.550 | INFO     | Backtest   | [回测 4/5] 模拟第 2841/4905 笔交易: 中农联合...
2026-05-03 19:19:14.761 | INFO     | Backtest   | [回测 4/5] 模拟第 2851/4905 笔交易: 中信特钢...
2026-05-03 19:19:15.014 | INFO     | Backtest   | [回测 4/5] 模拟第 2861/4905 笔交易: 泰和新材...
2026-05-03 19:19:15.277 | INFO     | Backtest   | [回测 4/5] 模拟第 2871/4905 笔交易: 驰宏锌锗...
2026-05-03 19:19:15.494 | INFO     | Backtest   | [回测 4/5] 模拟第 2881/4905 笔交易: 科陆电子...
2026-05-03 19:19:15.682 | INFO     | Backtest   | [回测 4/5] 模拟第 2891/4905 笔交易: 中国卫通...
2026-05-03 19:19:15.868 | INFO     | Backtest   | [回测 4/5] 模拟第 2901/4905 笔交易: 欣锐科技...
2026-05-03 19:19:16.070 | INFO     | Backtest   | [回测 4/5] 模拟第 2911/4905 笔交易: 安泰科技...
2026-05-03 19:19:16.280 | INFO     | Backtest   | [回测 4/5] 模拟第 2921/4905 笔交易: 宏源药业...
2026-05-03 19:19:16.462 | INFO     | Backtest   | [回测 4/5] 模拟第 2931/4905 笔交易: 海南发展...
2026-05-03 19:19:16.686 | INFO     | Backtest   | [回测 4/5] 模拟第 2941/4905 笔交易: 西高院...
2026-05-03 19:19:16.893 | INFO     | Backtest   | [回测 4/5] 模拟第 2951/4905 笔交易: 雅本化学...
2026-05-03 19:19:17.126 | INFO     | Backtest   | [回测 4/5] 模拟第 2961/4905 笔交易: 完美世界...
2026-05-03 19:19:17.379 | INFO     | Backtest   | [回测 4/5] 模拟第 2971/4905 笔交易: 远望谷...
2026-05-03 19:19:17.620 | INFO     | Backtest   | [回测 4/5] 模拟第 2981/4905 笔交易: 恒华科技...
2026-05-03 19:19:17.878 | INFO     | Backtest   | [回测 4/5] 模拟第 2991/4905 笔交易: 惠天热电...
2026-05-03 19:19:18.081 | INFO     | Backtest   | [回测 4/5] 模拟第 3001/4905 笔交易: 健麾信息...
2026-05-03 19:19:18.334 | INFO     | Backtest   | [回测 4/5] 模拟第 3011/4905 笔交易: 茂硕电源...
2026-05-03 19:19:18.604 | INFO     | Backtest   | [回测 4/5] 模拟第 3021/4905 笔交易: 九洲集团...
2026-05-03 19:19:18.805 | INFO     | Backtest   | [回测 4/5] 模拟第 3031/4905 笔交易: 九鼎投资...
2026-05-03 19:19:19.008 | INFO     | Backtest   | [回测 4/5] 模拟第 3041/4905 笔交易: 亚威股份...
2026-05-03 19:19:19.212 | INFO     | Backtest   | [回测 4/5] 模拟第 3051/4905 笔交易: 长江证券...
2026-05-03 19:19:19.430 | INFO     | Backtest   | [回测 4/5] 模拟第 3061/4905 笔交易: 中国电建...
2026-05-03 19:19:19.629 | INFO     | Backtest   | [回测 4/5] 模拟第 3071/4905 笔交易: 美畅股份...
2026-05-03 19:19:19.840 | INFO     | Backtest   | [回测 4/5] 模拟第 3081/4905 笔交易: 会稽山...
2026-05-03 19:19:20.054 | INFO     | Backtest   | [回测 4/5] 模拟第 3091/4905 笔交易: 海信视像...
2026-05-03 19:19:20.282 | INFO     | Backtest   | [回测 4/5] 模拟第 3101/4905 笔交易: 诺唯赞...
2026-05-03 19:19:20.485 | INFO     | Backtest   | [回测 4/5] 模拟第 3111/4905 笔交易: 冠城新材...
2026-05-03 19:19:20.632 | INFO     | Backtest   | [回测 4/5] 模拟第 3121/4905 笔交易: 光云科技...
2026-05-03 19:19:20.808 | INFO     | Backtest   | [回测 4/5] 模拟第 3131/4905 笔交易: 宁波建工...
2026-05-03 19:19:20.994 | INFO     | Backtest   | [回测 4/5] 模拟第 3141/4905 笔交易: 中电环保...
2026-05-03 19:19:21.143 | INFO     | Backtest   | [回测 4/5] 模拟第 3151/4905 笔交易: 永艺股份...
2026-05-03 19:19:21.321 | INFO     | Backtest   | [回测 4/5] 模拟第 3161/4905 笔交易: 德创环保...
2026-05-03 19:19:21.504 | INFO     | Backtest   | [回测 4/5] 模拟第 3171/4905 笔交易: 光莆股份...
2026-05-03 19:19:21.682 | INFO     | Backtest   | [回测 4/5] 模拟第 3181/4905 笔交易: 锡业股份...
2026-05-03 19:19:21.905 | INFO     | Backtest   | [回测 4/5] 模拟第 3191/4905 笔交易: 浙数文化...
2026-05-03 19:19:22.126 | INFO     | Backtest   | [回测 4/5] 模拟第 3201/4905 笔交易: 太龙药业...
2026-05-03 19:19:22.334 | INFO     | Backtest   | [回测 4/5] 模拟第 3211/4905 笔交易: 天铁科技...
2026-05-03 19:19:22.595 | INFO     | Backtest   | [回测 4/5] 模拟第 3221/4905 笔交易: 集泰股份...
2026-05-03 19:19:22.741 | INFO     | Backtest   | [回测 4/5] 模拟第 3231/4905 笔交易: 航天信息...
2026-05-03 19:19:22.944 | INFO     | Backtest   | [回测 4/5] 模拟第 3241/4905 笔交易: 合百集团...
2026-05-03 19:19:23.140 | INFO     | Backtest   | [回测 4/5] 模拟第 3251/4905 笔交易: 安妮股份...
2026-05-03 19:19:23.293 | INFO     | Backtest   | [回测 4/5] 模拟第 3261/4905 笔交易: 省广集团...
2026-05-03 19:19:23.473 | INFO     | Backtest   | [回测 4/5] 模拟第 3271/4905 笔交易: 福安药业...
2026-05-03 19:19:23.666 | INFO     | Backtest   | [回测 4/5] 模拟第 3281/4905 笔交易: 航天软件...
2026-05-03 19:19:23.795 | INFO     | Backtest   | [回测 4/5] 模拟第 3291/4905 笔交易: 阳光乳业...
2026-05-03 19:19:23.991 | INFO     | Backtest   | [回测 4/5] 模拟第 3301/4905 笔交易: 比依股份...
2026-05-03 19:19:24.234 | INFO     | Backtest   | [回测 4/5] 模拟第 3311/4905 笔交易: 雪迪龙...
2026-05-03 19:19:24.398 | INFO     | Backtest   | [回测 4/5] 模拟第 3321/4905 笔交易: 新疆交建...
2026-05-03 19:19:24.580 | INFO     | Backtest   | [回测 4/5] 模拟第 3331/4905 笔交易: 领益智造...
2026-05-03 19:19:24.821 | INFO     | Backtest   | [回测 4/5] 模拟第 3341/4905 笔交易: 上海九百...
2026-05-03 19:19:25.007 | INFO     | Backtest   | [回测 4/5] 模拟第 3351/4905 笔交易: 永新股份...
2026-05-03 19:19:25.225 | INFO     | Backtest   | [回测 4/5] 模拟第 3361/4905 笔交易: 威星智能...
2026-05-03 19:19:25.450 | INFO     | Backtest   | [回测 4/5] 模拟第 3371/4905 笔交易: 三角轮胎...
2026-05-03 19:19:25.667 | INFO     | Backtest   | [回测 4/5] 模拟第 3381/4905 笔交易: 中威电子...
2026-05-03 19:19:25.886 | INFO     | Backtest   | [回测 4/5] 模拟第 3391/4905 笔交易: 万里扬...
2026-05-03 19:19:26.079 | INFO     | Backtest   | [回测 4/5] 模拟第 3401/4905 笔交易: 中国一重...
2026-05-03 19:19:26.275 | INFO     | Backtest   | [回测 4/5] 模拟第 3411/4905 笔交易: 光力科技...
2026-05-03 19:19:26.462 | INFO     | Backtest   | [回测 4/5] 模拟第 3421/4905 笔交易: 颀中科技...
2026-05-03 19:19:26.660 | INFO     | Backtest   | [回测 4/5] 模拟第 3431/4905 笔交易: 耀皮玻璃...
2026-05-03 19:19:26.847 | INFO     | Backtest   | [回测 4/5] 模拟第 3441/4905 笔交易: 泓淋电力...
2026-05-03 19:19:27.005 | INFO     | Backtest   | [回测 4/5] 模拟第 3451/4905 笔交易: 和顺电气...
2026-05-03 19:19:27.179 | INFO     | Backtest   | [回测 4/5] 模拟第 3461/4905 笔交易: 银邦股份...
2026-05-03 19:19:27.352 | INFO     | Backtest   | [回测 4/5] 模拟第 3471/4905 笔交易: 上海银行...
2026-05-03 19:19:27.572 | INFO     | Backtest   | [回测 4/5] 模拟第 3481/4905 笔交易: 美能能源...
2026-05-03 19:19:27.759 | INFO     | Backtest   | [回测 4/5] 模拟第 3491/4905 笔交易: 雄塑科技...
2026-05-03 19:19:27.967 | INFO     | Backtest   | [回测 4/5] 模拟第 3501/4905 笔交易: 天下秀...
2026-05-03 19:19:28.169 | INFO     | Backtest   | [回测 4/5] 模拟第 3511/4905 笔交易: 锦江酒店...
2026-05-03 19:19:28.320 | INFO     | Backtest   | [回测 4/5] 模拟第 3521/4905 笔交易: 前沿生物-U...
2026-05-03 19:19:28.478 | INFO     | Backtest   | [回测 4/5] 模拟第 3531/4905 笔交易: 艾隆科技...
2026-05-03 19:19:28.648 | INFO     | Backtest   | [回测 4/5] 模拟第 3541/4905 笔交易: 阳普医疗...
2026-05-03 19:19:28.845 | INFO     | Backtest   | [回测 4/5] 模拟第 3551/4905 笔交易: 豪江智能...
2026-05-03 19:19:29.077 | INFO     | Backtest   | [回测 4/5] 模拟第 3561/4905 笔交易: 广发证券...
2026-05-03 19:19:29.274 | INFO     | Backtest   | [回测 4/5] 模拟第 3571/4905 笔交易: 奥赛康...
2026-05-03 19:19:29.467 | INFO     | Backtest   | [回测 4/5] 模拟第 3581/4905 笔交易: 利德曼...
2026-05-03 19:19:29.689 | INFO     | Backtest   | [回测 4/5] 模拟第 3591/4905 笔交易: 城发环境...
2026-05-03 19:19:29.920 | INFO     | Backtest   | [回测 4/5] 模拟第 3601/4905 笔交易: 东方生物...
2026-05-03 19:19:30.130 | INFO     | Backtest   | [回测 4/5] 模拟第 3611/4905 笔交易: 美康生物...
2026-05-03 19:19:30.344 | INFO     | Backtest   | [回测 4/5] 模拟第 3621/4905 笔交易: 新天药业...
2026-05-03 19:19:30.533 | INFO     | Backtest   | [回测 4/5] 模拟第 3631/4905 笔交易: 神州高铁...
2026-05-03 19:19:30.743 | INFO     | Backtest   | [回测 4/5] 模拟第 3641/4905 笔交易: 千里科技...
2026-05-03 19:19:30.927 | INFO     | Backtest   | [回测 4/5] 模拟第 3651/4905 笔交易: 天瑞仪器...
2026-05-03 19:19:31.150 | INFO     | Backtest   | [回测 4/5] 模拟第 3661/4905 笔交易: 利尔化学...
2026-05-03 19:19:31.348 | INFO     | Backtest   | [回测 4/5] 模拟第 3671/4905 笔交易: 红宝丽...
2026-05-03 19:19:31.585 | INFO     | Backtest   | [回测 4/5] 模拟第 3681/4905 笔交易: 晶瑞电材...
2026-05-03 19:19:31.798 | INFO     | Backtest   | [回测 4/5] 模拟第 3691/4905 笔交易: 山西证券...
2026-05-03 19:19:32.027 | INFO     | Backtest   | [回测 4/5] 模拟第 3701/4905 笔交易: 东风科技...
2026-05-03 19:19:32.226 | INFO     | Backtest   | [回测 4/5] 模拟第 3711/4905 笔交易: 腾达科技...
2026-05-03 19:19:32.462 | INFO     | Backtest   | [回测 4/5] 模拟第 3721/4905 笔交易: 华光环能...
2026-05-03 19:19:32.626 | INFO     | Backtest   | [回测 4/5] 模拟第 3731/4905 笔交易: 康盛股份...
2026-05-03 19:19:32.798 | INFO     | Backtest   | [回测 4/5] 模拟第 3741/4905 笔交易: 中瑞股份...
2026-05-03 19:19:32.988 | INFO     | Backtest   | [回测 4/5] 模拟第 3751/4905 笔交易: 泰豪科技...
2026-05-03 19:19:33.170 | INFO     | Backtest   | [回测 4/5] 模拟第 3761/4905 笔交易: 翔港科技...
2026-05-03 19:19:33.346 | INFO     | Backtest   | [回测 4/5] 模拟第 3771/4905 笔交易: 厚普股份...
2026-05-03 19:19:33.562 | INFO     | Backtest   | [回测 4/5] 模拟第 3781/4905 笔交易: 富煌钢构...
2026-05-03 19:19:33.789 | INFO     | Backtest   | [回测 4/5] 模拟第 3791/4905 笔交易: 汇金通...
2026-05-03 19:19:33.990 | INFO     | Backtest   | [回测 4/5] 模拟第 3801/4905 笔交易: 捷安高科...
2026-05-03 19:19:34.198 | INFO     | Backtest   | [回测 4/5] 模拟第 3811/4905 笔交易: 建研院...
2026-05-03 19:19:34.431 | INFO     | Backtest   | [回测 4/5] 模拟第 3821/4905 笔交易: 时代万恒...
2026-05-03 19:19:34.651 | INFO     | Backtest   | [回测 4/5] 模拟第 3831/4905 笔交易: 森泰股份...
2026-05-03 19:19:34.802 | INFO     | Backtest   | [回测 4/5] 模拟第 3841/4905 笔交易: 富祥药业...
2026-05-03 19:19:34.985 | INFO     | Backtest   | [回测 4/5] 模拟第 3851/4905 笔交易: 华谊兄弟...
2026-05-03 19:19:35.164 | INFO     | Backtest   | [回测 4/5] 模拟第 3861/4905 笔交易: 东华能源...
2026-05-03 19:19:35.348 | INFO     | Backtest   | [回测 4/5] 模拟第 3871/4905 笔交易: 森赫股份...
2026-05-03 19:19:35.520 | INFO     | Backtest   | [回测 4/5] 模拟第 3881/4905 笔交易: 飞天诚信...
2026-05-03 19:19:35.733 | INFO     | Backtest   | [回测 4/5] 模拟第 3891/4905 笔交易: 洛阳钼业...
2026-05-03 19:19:35.878 | INFO     | Backtest   | [回测 4/5] 模拟第 3901/4905 笔交易: 博源化工...
2026-05-03 19:19:36.026 | INFO     | Backtest   | [回测 4/5] 模拟第 3911/4905 笔交易: 双象股份...
2026-05-03 19:19:36.264 | INFO     | Backtest   | [回测 4/5] 模拟第 3921/4905 笔交易: 深南电A...
2026-05-03 19:19:36.450 | INFO     | Backtest   | [回测 4/5] 模拟第 3931/4905 笔交易: 京源环保...
2026-05-03 19:19:36.678 | INFO     | Backtest   | [回测 4/5] 模拟第 3941/4905 笔交易: 福然德...
2026-05-03 19:19:36.899 | INFO     | Backtest   | [回测 4/5] 模拟第 3951/4905 笔交易: 同和药业...
2026-05-03 19:19:37.108 | INFO     | Backtest   | [回测 4/5] 模拟第 3961/4905 笔交易: 一拖股份...
2026-05-03 19:19:37.313 | INFO     | Backtest   | [回测 4/5] 模拟第 3971/4905 笔交易: 宁波精达...
2026-05-03 19:19:37.484 | INFO     | Backtest   | [回测 4/5] 模拟第 3981/4905 笔交易: 西藏城投...
2026-05-03 19:19:37.661 | INFO     | Backtest   | [回测 4/5] 模拟第 3991/4905 笔交易: 西藏珠峰...
2026-05-03 19:19:37.794 | INFO     | Backtest   | [回测 4/5] 模拟第 4001/4905 笔交易: 天合光能...
2026-05-03 19:19:37.961 | INFO     | Backtest   | [回测 4/5] 模拟第 4011/4905 笔交易: 九州通...
2026-05-03 19:19:38.122 | INFO     | Backtest   | [回测 4/5] 模拟第 4021/4905 笔交易: 芯能科技...
2026-05-03 19:19:38.268 | INFO     | Backtest   | [回测 4/5] 模拟第 4031/4905 笔交易: 中信金属...
2026-05-03 19:19:38.397 | INFO     | Backtest   | [回测 4/5] 模拟第 4041/4905 笔交易: 汤姆猫...
2026-05-03 19:19:38.501 | INFO     | Backtest   | [回测 4/5] 模拟第 4051/4905 笔交易: 亚虹医药-U...
2026-05-03 19:19:38.647 | INFO     | Backtest   | [回测 4/5] 模拟第 4061/4905 笔交易: XD宝丰能...
2026-05-03 19:19:38.786 | INFO     | Backtest   | [回测 4/5] 模拟第 4071/4905 笔交易: 嘉化能源...
2026-05-03 19:19:38.911 | INFO     | Backtest   | [回测 4/5] 模拟第 4081/4905 笔交易: 黄山旅游...
2026-05-03 19:19:39.099 | INFO     | Backtest   | [回测 4/5] 模拟第 4091/4905 笔交易: 晋亿实业...
2026-05-03 19:19:39.267 | INFO     | Backtest   | [回测 4/5] 模拟第 4101/4905 笔交易: 哈空调...
2026-05-03 19:19:39.464 | INFO     | Backtest   | [回测 4/5] 模拟第 4111/4905 笔交易: 浙江医药...
2026-05-03 19:19:39.640 | INFO     | Backtest   | [回测 4/5] 模拟第 4121/4905 笔交易: 公元股份...
2026-05-03 19:19:39.880 | INFO     | Backtest   | [回测 4/5] 模拟第 4131/4905 笔交易: 捷顺科技...
2026-05-03 19:19:40.085 | INFO     | Backtest   | [回测 4/5] 模拟第 4141/4905 笔交易: 国网英大...
2026-05-03 19:19:40.239 | INFO     | Backtest   | [回测 4/5] 模拟第 4151/4905 笔交易: 晶澳科技...
2026-05-03 19:19:40.431 | INFO     | Backtest   | [回测 4/5] 模拟第 4161/4905 笔交易: 保龄宝...
2026-05-03 19:19:40.600 | INFO     | Backtest   | [回测 4/5] 模拟第 4171/4905 笔交易: 安彩高科...
2026-05-03 19:19:40.813 | INFO     | Backtest   | [回测 4/5] 模拟第 4181/4905 笔交易: 瑞茂通...
2026-05-03 19:19:40.967 | INFO     | Backtest   | [回测 4/5] 模拟第 4191/4905 笔交易: 厦门港务...
2026-05-03 19:19:41.125 | INFO     | Backtest   | [回测 4/5] 模拟第 4201/4905 笔交易: 金瑞矿业...
2026-05-03 19:19:41.294 | INFO     | Backtest   | [回测 4/5] 模拟第 4211/4905 笔交易: 兔宝宝...
2026-05-03 19:19:41.432 | INFO     | Backtest   | [回测 4/5] 模拟第 4221/4905 笔交易: 掌阅科技...
2026-05-03 19:19:41.623 | INFO     | Backtest   | [回测 4/5] 模拟第 4231/4905 笔交易: 辉隆股份...
2026-05-03 19:19:41.830 | INFO     | Backtest   | [回测 4/5] 模拟第 4241/4905 笔交易: 太龙股份...
2026-05-03 19:19:41.985 | INFO     | Backtest   | [回测 4/5] 模拟第 4251/4905 笔交易: 先进数通...
2026-05-03 19:19:42.176 | INFO     | Backtest   | [回测 4/5] 模拟第 4261/4905 笔交易: 长阳科技...
2026-05-03 19:19:42.368 | INFO     | Backtest   | [回测 4/5] 模拟第 4271/4905 笔交易: 宏源药业...
2026-05-03 19:19:42.535 | INFO     | Backtest   | [回测 4/5] 模拟第 4281/4905 笔交易: 彩虹股份...
2026-05-03 19:19:42.684 | INFO     | Backtest   | [回测 4/5] 模拟第 4291/4905 笔交易: 孚日股份...
2026-05-03 19:19:42.827 | INFO     | Backtest   | [回测 4/5] 模拟第 4301/4905 笔交易: 新劲刚...
2026-05-03 19:19:42.956 | INFO     | Backtest   | [回测 4/5] 模拟第 4311/4905 笔交易: 圣农发展...
2026-05-03 19:19:43.079 | INFO     | Backtest   | [回测 4/5] 模拟第 4321/4905 笔交易: 华创云信...
2026-05-03 19:19:43.204 | INFO     | Backtest   | [回测 4/5] 模拟第 4331/4905 笔交易: 新凤鸣...
2026-05-03 19:19:43.328 | INFO     | Backtest   | [回测 4/5] 模拟第 4341/4905 笔交易: 亚星化学...
2026-05-03 19:19:43.478 | INFO     | Backtest   | [回测 4/5] 模拟第 4351/4905 笔交易: 赞宇科技...
2026-05-03 19:19:43.607 | INFO     | Backtest   | [回测 4/5] 模拟第 4361/4905 笔交易: 海天精工...
2026-05-03 19:19:43.802 | INFO     | Backtest   | [回测 4/5] 模拟第 4371/4905 笔交易: 航锦科技...
2026-05-03 19:19:43.939 | INFO     | Backtest   | [回测 4/5] 模拟第 4381/4905 笔交易: 精进电动-UW...
2026-05-03 19:19:44.068 | INFO     | Backtest   | [回测 4/5] 模拟第 4391/4905 笔交易: 昌红科技...
2026-05-03 19:19:44.268 | INFO     | Backtest   | [回测 4/5] 模拟第 4401/4905 笔交易: 大西洋...
2026-05-03 19:19:44.429 | INFO     | Backtest   | [回测 4/5] 模拟第 4411/4905 笔交易: 山东玻纤...
2026-05-03 19:19:44.565 | INFO     | Backtest   | [回测 4/5] 模拟第 4421/4905 笔交易: 双星新材...
2026-05-03 19:19:44.715 | INFO     | Backtest   | [回测 4/5] 模拟第 4431/4905 笔交易: 三友化工...
2026-05-03 19:19:44.875 | INFO     | Backtest   | [回测 4/5] 模拟第 4441/4905 笔交易: 钛能化学...
2026-05-03 19:19:45.019 | INFO     | Backtest   | [回测 4/5] 模拟第 4451/4905 笔交易: 鲁北化工...
2026-05-03 19:19:45.159 | INFO     | Backtest   | [回测 4/5] 模拟第 4461/4905 笔交易: 青松股份...
2026-05-03 19:19:45.266 | INFO     | Backtest   | [回测 4/5] 模拟第 4471/4905 笔交易: 皇氏集团...
2026-05-03 19:19:45.412 | INFO     | Backtest   | [回测 4/5] 模拟第 4481/4905 笔交易: 时代万恒...
2026-05-03 19:19:45.559 | INFO     | Backtest   | [回测 4/5] 模拟第 4491/4905 笔交易: 大连热电...
2026-05-03 19:19:45.705 | INFO     | Backtest   | [回测 4/5] 模拟第 4501/4905 笔交易: 中远通...
2026-05-03 19:19:45.897 | INFO     | Backtest   | [回测 4/5] 模拟第 4511/4905 笔交易: 狮头股份...
2026-05-03 19:19:46.042 | INFO     | Backtest   | [回测 4/5] 模拟第 4521/4905 笔交易: 振东制药...
2026-05-03 19:19:46.205 | INFO     | Backtest   | [回测 4/5] 模拟第 4531/4905 笔交易: 开尔新材...
2026-05-03 19:19:46.426 | INFO     | Backtest   | [回测 4/5] 模拟第 4541/4905 笔交易: XD高能环...
2026-05-03 19:19:46.579 | INFO     | Backtest   | [回测 4/5] 模拟第 4551/4905 笔交易: 我武生物...
2026-05-03 19:19:46.747 | INFO     | Backtest   | [回测 4/5] 模拟第 4561/4905 笔交易: 上海家化...
2026-05-03 19:19:46.901 | INFO     | Backtest   | [回测 4/5] 模拟第 4571/4905 笔交易: 鹏鹞环保...
2026-05-03 19:19:47.046 | INFO     | Backtest   | [回测 4/5] 模拟第 4581/4905 笔交易: 莲花控股...
2026-05-03 19:19:47.202 | INFO     | Backtest   | [回测 4/5] 模拟第 4591/4905 笔交易: 凯美特气...
2026-05-03 19:19:47.386 | INFO     | Backtest   | [回测 4/5] 模拟第 4601/4905 笔交易: 创维数字...
2026-05-03 19:19:47.552 | INFO     | Backtest   | [回测 4/5] 模拟第 4611/4905 笔交易: 恒盛能源...
2026-05-03 19:19:47.741 | INFO     | Backtest   | [回测 4/5] 模拟第 4621/4905 笔交易: 智光电气...
2026-05-03 19:19:47.966 | INFO     | Backtest   | [回测 4/5] 模拟第 4631/4905 笔交易: 康斯特...
2026-05-03 19:19:48.155 | INFO     | Backtest   | [回测 4/5] 模拟第 4641/4905 笔交易: 幸福蓝海...
2026-05-03 19:19:48.326 | INFO     | Backtest   | [回测 4/5] 模拟第 4651/4905 笔交易: 福达股份...
2026-05-03 19:19:48.518 | INFO     | Backtest   | [回测 4/5] 模拟第 4661/4905 笔交易: 聚光科技...
2026-05-03 19:19:48.708 | INFO     | Backtest   | [回测 4/5] 模拟第 4671/4905 笔交易: 瑞泰新材...
2026-05-03 19:19:48.904 | INFO     | Backtest   | [回测 4/5] 模拟第 4681/4905 笔交易: 华源控股...
2026-05-03 19:19:49.111 | INFO     | Backtest   | [回测 4/5] 模拟第 4691/4905 笔交易: 飞力达...
2026-05-03 19:19:49.320 | INFO     | Backtest   | [回测 4/5] 模拟第 4701/4905 笔交易: 嘉应制药...
2026-05-03 19:19:49.527 | INFO     | Backtest   | [回测 4/5] 模拟第 4711/4905 笔交易: 德艺文创...
2026-05-03 19:19:49.667 | INFO     | Backtest   | [回测 4/5] 模拟第 4721/4905 笔交易: 海联金汇...
2026-05-03 19:19:49.877 | INFO     | Backtest   | [回测 4/5] 模拟第 4731/4905 笔交易: 宏达高科...
2026-05-03 19:19:50.074 | INFO     | Backtest   | [回测 4/5] 模拟第 4741/4905 笔交易: 吉林敖东...
2026-05-03 19:19:50.263 | INFO     | Backtest   | [回测 4/5] 模拟第 4751/4905 笔交易: 迈赫股份...
2026-05-03 19:19:50.455 | INFO     | Backtest   | [回测 4/5] 模拟第 4761/4905 笔交易: 湘佳股份...
2026-05-03 19:19:50.639 | INFO     | Backtest   | [回测 4/5] 模拟第 4771/4905 笔交易: 水星家纺...
2026-05-03 19:19:50.800 | INFO     | Backtest   | [回测 4/5] 模拟第 4781/4905 笔交易: 佳力图...
2026-05-03 19:19:50.950 | INFO     | Backtest   | [回测 4/5] 模拟第 4791/4905 笔交易: 金钼股份...
2026-05-03 19:19:51.114 | INFO     | Backtest   | [回测 4/5] 模拟第 4801/4905 笔交易: 光莆股份...
2026-05-03 19:19:51.247 | INFO     | Backtest   | [回测 4/5] 模拟第 4811/4905 笔交易: 平高电气...
2026-05-03 19:19:51.373 | INFO     | Backtest   | [回测 4/5] 模拟第 4821/4905 笔交易: 金信诺...
2026-05-03 19:19:51.528 | INFO     | Backtest   | [回测 4/5] 模拟第 4831/4905 笔交易: 元祖股份...
2026-05-03 19:19:51.659 | INFO     | Backtest   | [回测 4/5] 模拟第 4841/4905 笔交易: 三鑫医疗...
2026-05-03 19:19:51.843 | INFO     | Backtest   | [回测 4/5] 模拟第 4851/4905 笔交易: 湖北宜化...
2026-05-03 19:19:51.934 | INFO     | Backtest   | [回测 4/5] 模拟第 4861/4905 笔交易: 蔚蓝锂芯...
2026-05-03 19:19:52.088 | INFO     | Backtest   | [回测 4/5] 模拟第 4871/4905 笔交易: 初灵信息...
2026-05-03 19:19:52.221 | INFO     | Backtest   | [回测 4/5] 模拟第 4881/4905 笔交易: 麦捷科技...
2026-05-03 19:19:52.339 | INFO     | Backtest   | [回测 4/5] 模拟第 4891/4905 笔交易: 芯联集成-U...
2026-05-03 19:19:52.494 | INFO     | Backtest   | [回测 4/5] 模拟第 4901/4905 笔交易: 广哈通信...
2026-05-03 19:19:52.563 | INFO     | Backtest   | [回测 5/5] 回测任务完成: 1145笔(含0笔平手离场)
2026-05-03 19:19:53.435 | INFO     | Backtest   | [回测 1/5] 筛选回测目标股票...
2026-05-03 19:19:53.452 | INFO     | Backtest   | [回测 2/5] 加载 5010 只股票的历史数据进行快速扫描...
2026-05-03 19:20:06.445 | INFO     | Backtest   | [回测 3/5] 计算策略信号 (基于日线信号库)...
2026-05-03 19:20:06.452 | INFO     | Screener   | 🧬 [Loader] 识别到类继承策略: MA5AngleOriginalStrategy
2026-05-03 19:20:13.925 | INFO     | Backtest   | [回测 4/5] 处理 4905 条信号，执行精细分钟线仿真...
2026-05-03 19:20:13.929 | INFO     | Backtest   | [回测 4/5] 模拟第 1/4905 笔交易: 升达林业...
2026-05-03 19:20:14.264 | INFO     | Backtest   | [回测 4/5] 模拟第 11/4905 笔交易: 万丰股份...
2026-05-03 19:20:14.641 | INFO     | Backtest   | [回测 4/5] 模拟第 21/4905 笔交易: 恒誉环保...
2026-05-03 19:20:15.019 | INFO     | Backtest   | [回测 4/5] 模拟第 31/4905 笔交易: 锦鸡股份...
2026-05-03 19:20:15.446 | INFO     | Backtest   | [回测 4/5] 模拟第 41/4905 笔交易: 君正集团...
2026-05-03 19:20:15.869 | INFO     | Backtest   | [回测 4/5] 模拟第 51/4905 笔交易: 海洋王...
2026-05-03 19:20:16.221 | INFO     | Backtest   | [回测 4/5] 模拟第 61/4905 笔交易: 三雄极光...
2026-05-03 19:20:16.602 | INFO     | Backtest   | [回测 4/5] 模拟第 71/4905 笔交易: 世名科技...
2026-05-03 19:20:16.953 | INFO     | Backtest   | [回测 4/5] 模拟第 81/4905 笔交易: 朝阳科技...
2026-05-03 19:20:17.329 | INFO     | Backtest   | [回测 4/5] 模拟第 91/4905 笔交易: 飞荣达...
2026-05-03 19:20:17.755 | INFO     | Backtest   | [回测 4/5] 模拟第 101/4905 笔交易: 春兴精工...
2026-05-03 19:20:18.159 | INFO     | Backtest   | [回测 4/5] 模拟第 111/4905 笔交易: 苏州科达...
2026-05-03 19:20:18.603 | INFO     | Backtest   | [回测 4/5] 模拟第 121/4905 笔交易: 海默科技...
2026-05-03 19:20:19.004 | INFO     | Backtest   | [回测 4/5] 模拟第 131/4905 笔交易: 立昂技术...
2026-05-03 19:20:19.378 | INFO     | Backtest   | [回测 4/5] 模拟第 141/4905 笔交易: 多伦科技...
2026-05-03 19:20:19.808 | INFO     | Backtest   | [回测 4/5] 模拟第 151/4905 笔交易: 易瑞生物...
2026-05-03 19:20:20.204 | INFO     | Backtest   | [回测 4/5] 模拟第 161/4905 笔交易: 宇环数控...
2026-05-03 19:20:20.608 | INFO     | Backtest   | [回测 4/5] 模拟第 171/4905 笔交易: 格尔软件...
2026-05-03 19:20:21.003 | INFO     | Backtest   | [回测 4/5] 模拟第 181/4905 笔交易: 神州信息...
2026-05-03 19:20:21.402 | INFO     | Backtest   | [回测 4/5] 模拟第 191/4905 笔交易: 鸿特科技...
2026-05-03 19:20:21.807 | INFO     | Backtest   | [回测 4/5] 模拟第 201/4905 笔交易: 东方智造...
2026-05-03 19:20:22.218 | INFO     | Backtest   | [回测 4/5] 模拟第 211/4905 笔交易: 粤桂股份...
2026-05-03 19:20:22.657 | INFO     | Backtest   | [回测 4/5] 模拟第 221/4905 笔交易: 松霖科技...
2026-05-03 19:20:23.065 | INFO     | Backtest   | [回测 4/5] 模拟第 231/4905 笔交易: 久其软件...
2026-05-03 19:20:23.467 | INFO     | Backtest   | [回测 4/5] 模拟第 241/4905 笔交易: 锦龙股份...
2026-05-03 19:20:23.867 | INFO     | Backtest   | [回测 4/5] 模拟第 251/4905 笔交易: 菲沃泰...
2026-05-03 19:20:24.290 | INFO     | Backtest   | [回测 4/5] 模拟第 261/4905 笔交易: 山高环能...
2026-05-03 19:20:24.693 | INFO     | Backtest   | [回测 4/5] 模拟第 271/4905 笔交易: 四创电子...
2026-05-03 19:20:25.083 | INFO     | Backtest   | [回测 4/5] 模拟第 281/4905 笔交易: 广电运通...
2026-05-03 19:20:25.499 | INFO     | Backtest   | [回测 4/5] 模拟第 291/4905 笔交易: 中科江南...
2026-05-03 19:20:25.922 | INFO     | Backtest   | [回测 4/5] 模拟第 301/4905 笔交易: 钛能化学...
2026-05-03 19:20:26.321 | INFO     | Backtest   | [回测 4/5] 模拟第 311/4905 笔交易: 华鼎股份...
2026-05-03 19:20:26.726 | INFO     | Backtest   | [回测 4/5] 模拟第 321/4905 笔交易: 钱江生化...
2026-05-03 19:20:27.170 | INFO     | Backtest   | [回测 4/5] 模拟第 331/4905 笔交易: 德冠新材...
2026-05-03 19:20:27.591 | INFO     | Backtest   | [回测 4/5] 模拟第 341/4905 笔交易: 罗平锌电...
2026-05-03 19:20:28.014 | INFO     | Backtest   | [回测 4/5] 模拟第 351/4905 笔交易: 金智科技...
2026-05-03 19:20:28.389 | INFO     | Backtest   | [回测 4/5] 模拟第 361/4905 笔交易: 宏盛华源...
2026-05-03 19:20:28.807 | INFO     | Backtest   | [回测 4/5] 模拟第 371/4905 笔交易: 东软集团...
2026-05-03 19:20:29.244 | INFO     | Backtest   | [回测 4/5] 模拟第 381/4905 笔交易: 泰和科技...
2026-05-03 19:20:29.645 | INFO     | Backtest   | [回测 4/5] 模拟第 391/4905 笔交易: 海德股份...
2026-05-03 19:20:30.059 | INFO     | Backtest   | [回测 4/5] 模拟第 401/4905 笔交易: 中关村...
2026-05-03 19:20:30.505 | INFO     | Backtest   | [回测 4/5] 模拟第 411/4905 笔交易: 彩蝶实业...
2026-05-03 19:20:30.895 | INFO     | Backtest   | [回测 4/5] 模拟第 421/4905 笔交易: 汇金通...
2026-05-03 19:20:31.315 | INFO     | Backtest   | [回测 4/5] 模拟第 431/4905 笔交易: 西部矿业...
2026-05-03 19:20:31.723 | INFO     | Backtest   | [回测 4/5] 模拟第 441/4905 笔交易: 游族网络...
2026-05-03 19:20:32.128 | INFO     | Backtest   | [回测 4/5] 模拟第 451/4905 笔交易: 保龄宝...
2026-05-03 19:20:32.527 | INFO     | Backtest   | [回测 4/5] 模拟第 461/4905 笔交易: 麦克奥迪...
2026-05-03 19:20:32.913 | INFO     | Backtest   | [回测 4/5] 模拟第 471/4905 笔交易: 博汇纸业...
2026-05-03 19:20:33.337 | INFO     | Backtest   | [回测 4/5] 模拟第 481/4905 笔交易: 得利斯...
2026-05-03 19:20:33.748 | INFO     | Backtest   | [回测 4/5] 模拟第 491/4905 笔交易: 宁波富达...
2026-05-03 19:20:34.179 | INFO     | Backtest   | [回测 4/5] 模拟第 501/4905 笔交易: 上海九百...
2026-05-03 19:20:34.576 | INFO     | Backtest   | [回测 4/5] 模拟第 511/4905 笔交易: 粤高速Ａ...
2026-05-03 19:20:34.964 | INFO     | Backtest   | [回测 4/5] 模拟第 521/4905 笔交易: 高乐股份...
2026-05-03 19:20:35.369 | INFO     | Backtest   | [回测 4/5] 模拟第 531/4905 笔交易: 海伦钢琴...
2026-05-03 19:20:35.748 | INFO     | Backtest   | [回测 4/5] 模拟第 541/4905 笔交易: 李子园...
2026-05-03 19:20:36.175 | INFO     | Backtest   | [回测 4/5] 模拟第 551/4905 笔交易: 崧盛股份...
2026-05-03 19:20:36.604 | INFO     | Backtest   | [回测 4/5] 模拟第 561/4905 笔交易: 恒尚节能...
2026-05-03 19:20:37.003 | INFO     | Backtest   | [回测 4/5] 模拟第 571/4905 笔交易: 明阳电路...
2026-05-03 19:20:37.432 | INFO     | Backtest   | [回测 4/5] 模拟第 581/4905 笔交易: 二六三...
2026-05-03 19:20:37.853 | INFO     | Backtest   | [回测 4/5] 模拟第 591/4905 笔交易: 大为股份...
2026-05-03 19:20:38.279 | INFO     | Backtest   | [回测 4/5] 模拟第 601/4905 笔交易: 星网宇达...
2026-05-03 19:20:38.679 | INFO     | Backtest   | [回测 4/5] 模拟第 611/4905 笔交易: 锦江在线...
2026-05-03 19:20:39.055 | INFO     | Backtest   | [回测 4/5] 模拟第 621/4905 笔交易: 再升科技...
2026-05-03 19:20:39.442 | INFO     | Backtest   | [回测 4/5] 模拟第 631/4905 笔交易: 汉缆股份...
2026-05-03 19:20:39.847 | INFO     | Backtest   | [回测 4/5] 模拟第 641/4905 笔交易: 奥拓电子...
2026-05-03 19:20:40.251 | INFO     | Backtest   | [回测 4/5] 模拟第 651/4905 笔交易: 三维通信...
2026-05-03 19:20:40.564 | INFO     | Backtest   | [回测 4/5] 模拟第 661/4905 笔交易: 杭州高新...
2026-05-03 19:20:40.997 | INFO     | Backtest   | [回测 4/5] 模拟第 671/4905 笔交易: 南新制药...
2026-05-03 19:20:41.399 | INFO     | Backtest   | [回测 4/5] 模拟第 681/4905 笔交易: 华媒控股...
2026-05-03 19:20:41.798 | INFO     | Backtest   | [回测 4/5] 模拟第 691/4905 笔交易: 康泰医学...
2026-05-03 19:20:42.185 | INFO     | Backtest   | [回测 4/5] 模拟第 701/4905 笔交易: 三旺通信...
2026-05-03 19:20:42.627 | INFO     | Backtest   | [回测 4/5] 模拟第 711/4905 笔交易: 雅博股份...
2026-05-03 19:20:43.044 | INFO     | Backtest   | [回测 4/5] 模拟第 721/4905 笔交易: 泰祥股份...
2026-05-03 19:20:43.448 | INFO     | Backtest   | [回测 4/5] 模拟第 731/4905 笔交易: 熙菱信息...
2026-05-03 19:20:43.860 | INFO     | Backtest   | [回测 4/5] 模拟第 741/4905 笔交易: 合富中国...
2026-05-03 19:20:44.270 | INFO     | Backtest   | [回测 4/5] 模拟第 751/4905 笔交易: 宣泰医药...
2026-05-03 19:20:44.679 | INFO     | Backtest   | [回测 4/5] 模拟第 761/4905 笔交易: 澳弘电子...
2026-05-03 19:20:45.085 | INFO     | Backtest   | [回测 4/5] 模拟第 771/4905 笔交易: 戴维医疗...
2026-05-03 19:20:45.491 | INFO     | Backtest   | [回测 4/5] 模拟第 781/4905 笔交易: 东方生物...
2026-05-03 19:20:45.889 | INFO     | Backtest   | [回测 4/5] 模拟第 791/4905 笔交易: 科华控股...
2026-05-03 19:20:46.290 | INFO     | Backtest   | [回测 4/5] 模拟第 801/4905 笔交易: 哈药股份...
2026-05-03 19:20:46.701 | INFO     | Backtest   | [回测 4/5] 模拟第 811/4905 笔交易: 威派格...
2026-05-03 19:20:47.090 | INFO     | Backtest   | [回测 4/5] 模拟第 821/4905 笔交易: 申联生物...
2026-05-03 19:20:47.530 | INFO     | Backtest   | [回测 4/5] 模拟第 831/4905 笔交易: 福莱蒽特...
2026-05-03 19:20:47.943 | INFO     | Backtest   | [回测 4/5] 模拟第 841/4905 笔交易: 赢合科技...
2026-05-03 19:20:48.346 | INFO     | Backtest   | [回测 4/5] 模拟第 851/4905 笔交易: 哈三联...
2026-05-03 19:20:48.667 | INFO     | Backtest   | [回测 4/5] 模拟第 861/4905 笔交易: 江苏有线...
2026-05-03 19:20:49.046 | INFO     | Backtest   | [回测 4/5] 模拟第 871/4905 笔交易: 华谊集团...
2026-05-03 19:20:49.412 | INFO     | Backtest   | [回测 4/5] 模拟第 881/4905 笔交易: 西麦食品...
2026-05-03 19:20:49.791 | INFO     | Backtest   | [回测 4/5] 模拟第 891/4905 笔交易: 北矿科技...
2026-05-03 19:20:50.145 | INFO     | Backtest   | [回测 4/5] 模拟第 901/4905 笔交易: 英派斯...
2026-05-03 19:20:50.494 | INFO     | Backtest   | [回测 4/5] 模拟第 911/4905 笔交易: 交大昂立...
2026-05-03 19:20:50.858 | INFO     | Backtest   | [回测 4/5] 模拟第 921/4905 笔交易: 江苏神通...
2026-05-03 19:20:51.210 | INFO     | Backtest   | [回测 4/5] 模拟第 931/4905 笔交易: 长缆科技...
2026-05-03 19:20:51.610 | INFO     | Backtest   | [回测 4/5] 模拟第 941/4905 笔交易: 元隆雅图...
2026-05-03 19:20:51.909 | INFO     | Backtest   | [回测 4/5] 模拟第 951/4905 笔交易: 中国石化...
2026-05-03 19:20:52.259 | INFO     | Backtest   | [回测 4/5] 模拟第 961/4905 笔交易: 歌力思...
2026-05-03 19:20:52.601 | INFO     | Backtest   | [回测 4/5] 模拟第 971/4905 笔交易: 文峰股份...
2026-05-03 19:20:52.954 | INFO     | Backtest   | [回测 4/5] 模拟第 981/4905 笔交易: 创识科技...
2026-05-03 19:20:53.281 | INFO     | Backtest   | [回测 4/5] 模拟第 991/4905 笔交易: 友邦吊顶...
2026-05-03 19:20:53.627 | INFO     | Backtest   | [回测 4/5] 模拟第 1001/4905 笔交易: 沃尔核材...
2026-05-03 19:20:53.986 | INFO     | Backtest   | [回测 4/5] 模拟第 1011/4905 笔交易: 上海银行...
2026-05-03 19:20:54.275 | INFO     | Backtest   | [回测 4/5] 模拟第 1021/4905 笔交易: 新亚强...
2026-05-03 19:20:54.600 | INFO     | Backtest   | [回测 4/5] 模拟第 1031/4905 笔交易: 三和管桩...
2026-05-03 19:20:54.959 | INFO     | Backtest   | [回测 4/5] 模拟第 1041/4905 笔交易: 鹿山新材...
2026-05-03 19:20:55.281 | INFO     | Backtest   | [回测 4/5] 模拟第 1051/4905 笔交易: 塞力医疗...
2026-05-03 19:20:55.633 | INFO     | Backtest   | [回测 4/5] 模拟第 1061/4905 笔交易: 建设工业...
2026-05-03 19:20:55.970 | INFO     | Backtest   | [回测 4/5] 模拟第 1071/4905 笔交易: 招金黄金...
2026-05-03 19:20:56.311 | INFO     | Backtest   | [回测 4/5] 模拟第 1081/4905 笔交易: 朗坤科技...
2026-05-03 19:20:56.679 | INFO     | Backtest   | [回测 4/5] 模拟第 1091/4905 笔交易: 信音电子...
2026-05-03 19:20:57.026 | INFO     | Backtest   | [回测 4/5] 模拟第 1101/4905 笔交易: 德创环保...
2026-05-03 19:20:57.392 | INFO     | Backtest   | [回测 4/5] 模拟第 1111/4905 笔交易: 国盛证券...
2026-05-03 19:20:57.738 | INFO     | Backtest   | [回测 4/5] 模拟第 1121/4905 笔交易: 研奥股份...
2026-05-03 19:20:58.125 | INFO     | Backtest   | [回测 4/5] 模拟第 1131/4905 笔交易: 华骐环保...
2026-05-03 19:20:58.494 | INFO     | Backtest   | [回测 4/5] 模拟第 1141/4905 笔交易: 楚江新材...
2026-05-03 19:20:58.878 | INFO     | Backtest   | [回测 4/5] 模拟第 1151/4905 笔交易: 机器人...
2026-05-03 19:20:59.241 | INFO     | Backtest   | [回测 4/5] 模拟第 1161/4905 笔交易: 红塔证券...
2026-05-03 19:20:59.607 | INFO     | Backtest   | [回测 4/5] 模拟第 1171/4905 笔交易: 金奥博...
2026-05-03 19:20:59.972 | INFO     | Backtest   | [回测 4/5] 模拟第 1181/4905 笔交易: 中国电建...
2026-05-03 19:21:00.332 | INFO     | Backtest   | [回测 4/5] 模拟第 1191/4905 笔交易: 永安期货...
2026-05-03 19:21:00.671 | INFO     | Backtest   | [回测 4/5] 模拟第 1201/4905 笔交易: 香溢融通...
2026-05-03 19:21:01.009 | INFO     | Backtest   | [回测 4/5] 模拟第 1211/4905 笔交易: 晨曦航空...
2026-05-03 19:21:01.322 | INFO     | Backtest   | [回测 4/5] 模拟第 1221/4905 笔交易: 中远通...
2026-05-03 19:21:01.618 | INFO     | Backtest   | [回测 4/5] 模拟第 1231/4905 笔交易: 宏昌电子...
2026-05-03 19:21:01.962 | INFO     | Backtest   | [回测 4/5] 模拟第 1241/4905 笔交易: 歌尔股份...
2026-05-03 19:21:02.297 | INFO     | Backtest   | [回测 4/5] 模拟第 1251/4905 笔交易: 世茂能源...
2026-05-03 19:21:02.647 | INFO     | Backtest   | [回测 4/5] 模拟第 1261/4905 笔交易: 中南传媒...
2026-05-03 19:21:03.003 | INFO     | Backtest   | [回测 4/5] 模拟第 1271/4905 笔交易: 悦达投资...
2026-05-03 19:21:03.321 | INFO     | Backtest   | [回测 4/5] 模拟第 1281/4905 笔交易: 仕净科技...
2026-05-03 19:21:03.635 | INFO     | Backtest   | [回测 4/5] 模拟第 1291/4905 笔交易: 中石科技...
2026-05-03 19:21:03.977 | INFO     | Backtest   | [回测 4/5] 模拟第 1301/4905 笔交易: 长江材料...
2026-05-03 19:21:04.295 | INFO     | Backtest   | [回测 4/5] 模拟第 1311/4905 笔交易: 可立克...
2026-05-03 19:21:04.655 | INFO     | Backtest   | [回测 4/5] 模拟第 1321/4905 笔交易: 盐湖股份...
2026-05-03 19:21:05.004 | INFO     | Backtest   | [回测 4/5] 模拟第 1331/4905 笔交易: 协鑫集成...
2026-05-03 19:21:05.353 | INFO     | Backtest   | [回测 4/5] 模拟第 1341/4905 笔交易: 雅化集团...
2026-05-03 19:21:05.705 | INFO     | Backtest   | [回测 4/5] 模拟第 1351/4905 笔交易: 宁夏建材...
2026-05-03 19:21:06.053 | INFO     | Backtest   | [回测 4/5] 模拟第 1361/4905 笔交易: 天玑科技...
2026-05-03 19:21:06.402 | INFO     | Backtest   | [回测 4/5] 模拟第 1371/4905 笔交易: 光莆股份...
2026-05-03 19:21:06.746 | INFO     | Backtest   | [回测 4/5] 模拟第 1381/4905 笔交易: 六国化工...
2026-05-03 19:21:07.035 | INFO     | Backtest   | [回测 4/5] 模拟第 1391/4905 笔交易: 亚士创能...
2026-05-03 19:21:07.388 | INFO     | Backtest   | [回测 4/5] 模拟第 1401/4905 笔交易: 园林股份...
2026-05-03 19:21:07.715 | INFO     | Backtest   | [回测 4/5] 模拟第 1411/4905 笔交易: 诚意药业...
2026-05-03 19:21:08.053 | INFO     | Backtest   | [回测 4/5] 模拟第 1421/4905 笔交易: 海象新材...
2026-05-03 19:21:08.398 | INFO     | Backtest   | [回测 4/5] 模拟第 1431/4905 笔交易: 安利股份...
2026-05-03 19:21:08.716 | INFO     | Backtest   | [回测 4/5] 模拟第 1441/4905 笔交易: 迅捷兴...
2026-05-03 19:21:09.003 | INFO     | Backtest   | [回测 4/5] 模拟第 1451/4905 笔交易: 顺网科技...
2026-05-03 19:21:09.340 | INFO     | Backtest   | [回测 4/5] 模拟第 1461/4905 笔交易: 银龙股份...
2026-05-03 19:21:09.646 | INFO     | Backtest   | [回测 4/5] 模拟第 1471/4905 笔交易: 森麒麟...
2026-05-03 19:21:09.993 | INFO     | Backtest   | [回测 4/5] 模拟第 1481/4905 笔交易: 红日药业...
2026-05-03 19:21:10.321 | INFO     | Backtest   | [回测 4/5] 模拟第 1491/4905 笔交易: 仁智股份...
2026-05-03 19:21:10.652 | INFO     | Backtest   | [回测 4/5] 模拟第 1501/4905 笔交易: 飞乐音响...
2026-05-03 19:21:10.928 | INFO     | Backtest   | [回测 4/5] 模拟第 1511/4905 笔交易: 泰坦股份...
2026-05-03 19:21:11.271 | INFO     | Backtest   | [回测 4/5] 模拟第 1521/4905 笔交易: 物产环能...
2026-05-03 19:21:11.586 | INFO     | Backtest   | [回测 4/5] 模拟第 1531/4905 笔交易: 新赛股份...
2026-05-03 19:21:11.918 | INFO     | Backtest   | [回测 4/5] 模拟第 1541/4905 笔交易: 华建集团...
2026-05-03 19:21:12.222 | INFO     | Backtest   | [回测 4/5] 模拟第 1551/4905 笔交易: 华峰化学...
2026-05-03 19:21:12.554 | INFO     | Backtest   | [回测 4/5] 模拟第 1561/4905 笔交易: 铁建重工...
2026-05-03 19:21:12.792 | INFO     | Backtest   | [回测 4/5] 模拟第 1571/4905 笔交易: 西部建设...
2026-05-03 19:21:13.064 | INFO     | Backtest   | [回测 4/5] 模拟第 1581/4905 笔交易: 建设机械...
2026-05-03 19:21:13.332 | INFO     | Backtest   | [回测 4/5] 模拟第 1591/4905 笔交易: 福建水泥...
2026-05-03 19:21:13.579 | INFO     | Backtest   | [回测 4/5] 模拟第 1601/4905 笔交易: 节能铁汉...
2026-05-03 19:21:13.882 | INFO     | Backtest   | [回测 4/5] 模拟第 1611/4905 笔交易: 通裕重工...
2026-05-03 19:21:14.201 | INFO     | Backtest   | [回测 4/5] 模拟第 1621/4905 笔交易: 中国一重...
2026-05-03 19:21:14.501 | INFO     | Backtest   | [回测 4/5] 模拟第 1631/4905 笔交易: 智慧农业...
2026-05-03 19:21:14.795 | INFO     | Backtest   | [回测 4/5] 模拟第 1641/4905 笔交易: 晋控煤业...
2026-05-03 19:21:15.092 | INFO     | Backtest   | [回测 4/5] 模拟第 1651/4905 笔交易: 名雕股份...
2026-05-03 19:21:15.434 | INFO     | Backtest   | [回测 4/5] 模拟第 1661/4905 笔交易: 蒙草生态...
2026-05-03 19:21:15.736 | INFO     | Backtest   | [回测 4/5] 模拟第 1671/4905 笔交易: 曙光股份...
2026-05-03 19:21:16.052 | INFO     | Backtest   | [回测 4/5] 模拟第 1681/4905 笔交易: 清新环境...
2026-05-03 19:21:16.343 | INFO     | Backtest   | [回测 4/5] 模拟第 1691/4905 笔交易: 金安国纪...
2026-05-03 19:21:16.645 | INFO     | Backtest   | [回测 4/5] 模拟第 1701/4905 笔交易: 远东股份...
2026-05-03 19:21:16.970 | INFO     | Backtest   | [回测 4/5] 模拟第 1711/4905 笔交易: 天地科技...
2026-05-03 19:21:17.295 | INFO     | Backtest   | [回测 4/5] 模拟第 1721/4905 笔交易: 汇通集团...
2026-05-03 19:21:17.593 | INFO     | Backtest   | [回测 4/5] 模拟第 1731/4905 笔交易: 英洛华...
2026-05-03 19:21:17.948 | INFO     | Backtest   | [回测 4/5] 模拟第 1741/4905 笔交易: 三诺生物...
2026-05-03 19:21:18.254 | INFO     | Backtest   | [回测 4/5] 模拟第 1751/4905 笔交易: 先锋电子...
2026-05-03 19:21:18.562 | INFO     | Backtest   | [回测 4/5] 模拟第 1761/4905 笔交易: 华星创业...
2026-05-03 19:21:18.849 | INFO     | Backtest   | [回测 4/5] 模拟第 1771/4905 笔交易: 奥翔药业...
2026-05-03 19:21:19.117 | INFO     | Backtest   | [回测 4/5] 模拟第 1781/4905 笔交易: 京新药业...
2026-05-03 19:21:19.397 | INFO     | Backtest   | [回测 4/5] 模拟第 1791/4905 笔交易: 河化股份...
2026-05-03 19:21:19.654 | INFO     | Backtest   | [回测 4/5] 模拟第 1801/4905 笔交易: 中国医药...
2026-05-03 19:21:19.994 | INFO     | Backtest   | [回测 4/5] 模拟第 1811/4905 笔交易: 天和防务...
2026-05-03 19:21:20.340 | INFO     | Backtest   | [回测 4/5] 模拟第 1821/4905 笔交易: 深深房Ａ...
2026-05-03 19:21:20.710 | INFO     | Backtest   | [回测 4/5] 模拟第 1831/4905 笔交易: 联美控股...
2026-05-03 19:21:21.090 | INFO     | Backtest   | [回测 4/5] 模拟第 1841/4905 笔交易: 维力医疗...
2026-05-03 19:21:21.426 | INFO     | Backtest   | [回测 4/5] 模拟第 1851/4905 笔交易: 宇环数控...
2026-05-03 19:21:21.761 | INFO     | Backtest   | [回测 4/5] 模拟第 1861/4905 笔交易: 贝斯特...
2026-05-03 19:21:22.097 | INFO     | Backtest   | [回测 4/5] 模拟第 1871/4905 笔交易: 沈阳机床...
2026-05-03 19:21:22.444 | INFO     | Backtest   | [回测 4/5] 模拟第 1881/4905 笔交易: 双杰电气...
2026-05-03 19:21:22.808 | INFO     | Backtest   | [回测 4/5] 模拟第 1891/4905 笔交易: 国茂股份...
2026-05-03 19:21:23.058 | INFO     | Backtest   | [回测 4/5] 模拟第 1901/4905 笔交易: 上实发展...
2026-05-03 19:21:23.373 | INFO     | Backtest   | [回测 4/5] 模拟第 1911/4905 笔交易: 嘉麟杰...
2026-05-03 19:21:23.634 | INFO     | Backtest   | [回测 4/5] 模拟第 1921/4905 笔交易: 金枫酒业...
2026-05-03 19:21:23.966 | INFO     | Backtest   | [回测 4/5] 模拟第 1931/4905 笔交易: 新宝股份...
2026-05-03 19:21:24.273 | INFO     | Backtest   | [回测 4/5] 模拟第 1941/4905 笔交易: 铜陵有色...
2026-05-03 19:21:24.576 | INFO     | Backtest   | [回测 4/5] 模拟第 1951/4905 笔交易: 齐鲁银行...
2026-05-03 19:21:24.847 | INFO     | Backtest   | [回测 4/5] 模拟第 1961/4905 笔交易: 金发科技...
2026-05-03 19:21:25.147 | INFO     | Backtest   | [回测 4/5] 模拟第 1971/4905 笔交易: 景兴纸业...
2026-05-03 19:21:25.467 | INFO     | Backtest   | [回测 4/5] 模拟第 1981/4905 笔交易: 中兰环保...
2026-05-03 19:21:25.755 | INFO     | Backtest   | [回测 4/5] 模拟第 1991/4905 笔交易: 斯瑞新材...
2026-05-03 19:21:26.040 | INFO     | Backtest   | [回测 4/5] 模拟第 2001/4905 笔交易: 华力创通...
2026-05-03 19:21:26.338 | INFO     | Backtest   | [回测 4/5] 模拟第 2011/4905 笔交易: 久日新材...
2026-05-03 19:21:26.644 | INFO     | Backtest   | [回测 4/5] 模拟第 2021/4905 笔交易: 气派科技...
2026-05-03 19:21:26.923 | INFO     | Backtest   | [回测 4/5] 模拟第 2031/4905 笔交易: 南威软件...
2026-05-03 19:21:27.230 | INFO     | Backtest   | [回测 4/5] 模拟第 2041/4905 笔交易: 确成股份...
2026-05-03 19:21:27.518 | INFO     | Backtest   | [回测 4/5] 模拟第 2051/4905 笔交易: 南京新百...
2026-05-03 19:21:27.743 | INFO     | Backtest   | [回测 4/5] 模拟第 2061/4905 笔交易: 集泰股份...
2026-05-03 19:21:28.060 | INFO     | Backtest   | [回测 4/5] 模拟第 2071/4905 笔交易: 新致软件...
2026-05-03 19:21:28.345 | INFO     | Backtest   | [回测 4/5] 模拟第 2081/4905 笔交易: 国新健康...
2026-05-03 19:21:28.617 | INFO     | Backtest   | [回测 4/5] 模拟第 2091/4905 笔交易: 亨通股份...
2026-05-03 19:21:28.888 | INFO     | Backtest   | [回测 4/5] 模拟第 2101/4905 笔交易: 绿盟科技...
2026-05-03 19:21:29.173 | INFO     | Backtest   | [回测 4/5] 模拟第 2111/4905 笔交易: 统一股份...
2026-05-03 19:21:29.420 | INFO     | Backtest   | [回测 4/5] 模拟第 2121/4905 笔交易: 慈文传媒...
2026-05-03 19:21:29.682 | INFO     | Backtest   | [回测 4/5] 模拟第 2131/4905 笔交易: 城市传媒...
2026-05-03 19:21:29.993 | INFO     | Backtest   | [回测 4/5] 模拟第 2141/4905 笔交易: 美利信...
2026-05-03 19:21:30.306 | INFO     | Backtest   | [回测 4/5] 模拟第 2151/4905 笔交易: 有友食品...
2026-05-03 19:21:30.526 | INFO     | Backtest   | [回测 4/5] 模拟第 2161/4905 笔交易: 沃顿科技...
2026-05-03 19:21:30.784 | INFO     | Backtest   | [回测 4/5] 模拟第 2171/4905 笔交易: 华域汽车...
2026-05-03 19:21:31.111 | INFO     | Backtest   | [回测 4/5] 模拟第 2181/4905 笔交易: 先导基电...
2026-05-03 19:21:31.413 | INFO     | Backtest   | [回测 4/5] 模拟第 2191/4905 笔交易: 明牌珠宝...
2026-05-03 19:21:31.682 | INFO     | Backtest   | [回测 4/5] 模拟第 2201/4905 笔交易: 廊坊发展...
2026-05-03 19:21:31.959 | INFO     | Backtest   | [回测 4/5] 模拟第 2211/4905 笔交易: 华峰化学...
2026-05-03 19:21:32.247 | INFO     | Backtest   | [回测 4/5] 模拟第 2221/4905 笔交易: 衢州东峰...
2026-05-03 19:21:32.509 | INFO     | Backtest   | [回测 4/5] 模拟第 2231/4905 笔交易: 万凯新材...
2026-05-03 19:21:32.789 | INFO     | Backtest   | [回测 4/5] 模拟第 2241/4905 笔交易: 容百科技...
2026-05-03 19:21:33.073 | INFO     | Backtest   | [回测 4/5] 模拟第 2251/4905 笔交易: 城投控股...
2026-05-03 19:21:33.348 | INFO     | Backtest   | [回测 4/5] 模拟第 2261/4905 笔交易: 中国化学...
2026-05-03 19:21:33.595 | INFO     | Backtest   | [回测 4/5] 模拟第 2271/4905 笔交易: 电科芯片...
2026-05-03 19:21:33.835 | INFO     | Backtest   | [回测 4/5] 模拟第 2281/4905 笔交易: 中京电子...
2026-05-03 19:21:34.084 | INFO     | Backtest   | [回测 4/5] 模拟第 2291/4905 笔交易: 国盛证券...
2026-05-03 19:21:34.322 | INFO     | Backtest   | [回测 4/5] 模拟第 2301/4905 笔交易: 万泽股份...
2026-05-03 19:21:34.586 | INFO     | Backtest   | [回测 4/5] 模拟第 2311/4905 笔交易: 浙农股份...
2026-05-03 19:21:34.873 | INFO     | Backtest   | [回测 4/5] 模拟第 2321/4905 笔交易: 华通线缆...
2026-05-03 19:21:35.077 | INFO     | Backtest   | [回测 4/5] 模拟第 2331/4905 笔交易: 浙富控股...
2026-05-03 19:21:35.326 | INFO     | Backtest   | [回测 4/5] 模拟第 2341/4905 笔交易: 青山纸业...
2026-05-03 19:21:35.568 | INFO     | Backtest   | [回测 4/5] 模拟第 2351/4905 笔交易: 新通联...
2026-05-03 19:21:35.866 | INFO     | Backtest   | [回测 4/5] 模拟第 2361/4905 笔交易: 安控科技...
2026-05-03 19:21:36.133 | INFO     | Backtest   | [回测 4/5] 模拟第 2371/4905 笔交易: 世纪鼎利...
2026-05-03 19:21:36.353 | INFO     | Backtest   | [回测 4/5] 模拟第 2381/4905 笔交易: 物产环能...
2026-05-03 19:21:36.589 | INFO     | Backtest   | [回测 4/5] 模拟第 2391/4905 笔交易: 能辉科技...
2026-05-03 19:21:36.806 | INFO     | Backtest   | [回测 4/5] 模拟第 2401/4905 笔交易: 雪天盐业...
2026-05-03 19:21:37.082 | INFO     | Backtest   | [回测 4/5] 模拟第 2411/4905 笔交易: 特锐德...
2026-05-03 19:21:37.341 | INFO     | Backtest   | [回测 4/5] 模拟第 2421/4905 笔交易: 特力Ａ...
2026-05-03 19:21:37.635 | INFO     | Backtest   | [回测 4/5] 模拟第 2431/4905 笔交易: 智能自控...
2026-05-03 19:21:37.947 | INFO     | Backtest   | [回测 4/5] 模拟第 2441/4905 笔交易: 众业达...
2026-05-03 19:21:38.246 | INFO     | Backtest   | [回测 4/5] 模拟第 2451/4905 笔交易: 广汽集团...
2026-05-03 19:21:38.522 | INFO     | Backtest   | [回测 4/5] 模拟第 2461/4905 笔交易: 盐湖股份...
2026-05-03 19:21:38.804 | INFO     | Backtest   | [回测 4/5] 模拟第 2471/4905 笔交易: 合锻智能...
2026-05-03 19:21:39.104 | INFO     | Backtest   | [回测 4/5] 模拟第 2481/4905 笔交易: 厦门港务...
2026-05-03 19:21:39.420 | INFO     | Backtest   | [回测 4/5] 模拟第 2491/4905 笔交易: 星辉娱乐...
2026-05-03 19:21:39.694 | INFO     | Backtest   | [回测 4/5] 模拟第 2501/4905 笔交易: 众信旅游...
2026-05-03 19:21:39.947 | INFO     | Backtest   | [回测 4/5] 模拟第 2511/4905 笔交易: 云意电气...
2026-05-03 19:21:40.204 | INFO     | Backtest   | [回测 4/5] 模拟第 2521/4905 笔交易: 中成股份...
2026-05-03 19:21:40.426 | INFO     | Backtest   | [回测 4/5] 模拟第 2531/4905 笔交易: 峰璟股份...
2026-05-03 19:21:40.690 | INFO     | Backtest   | [回测 4/5] 模拟第 2541/4905 笔交易: S佳通...
2026-05-03 19:21:40.959 | INFO     | Backtest   | [回测 4/5] 模拟第 2551/4905 笔交易: 春立医疗...
2026-05-03 19:21:41.194 | INFO     | Backtest   | [回测 4/5] 模拟第 2561/4905 笔交易: 中科通达...
2026-05-03 19:21:41.423 | INFO     | Backtest   | [回测 4/5] 模拟第 2571/4905 笔交易: 太极实业...
2026-05-03 19:21:41.685 | INFO     | Backtest   | [回测 4/5] 模拟第 2581/4905 笔交易: 华蓝集团...
2026-05-03 19:21:41.951 | INFO     | Backtest   | [回测 4/5] 模拟第 2591/4905 笔交易: 江铃汽车...
2026-05-03 19:21:42.234 | INFO     | Backtest   | [回测 4/5] 模拟第 2601/4905 笔交易: 中仑新材...
2026-05-03 19:21:42.490 | INFO     | Backtest   | [回测 4/5] 模拟第 2611/4905 笔交易: 富临精工...
2026-05-03 19:21:42.729 | INFO     | Backtest   | [回测 4/5] 模拟第 2621/4905 笔交易: 泓淋电力...
2026-05-03 19:21:42.973 | INFO     | Backtest   | [回测 4/5] 模拟第 2631/4905 笔交易: 云南铜业...
2026-05-03 19:21:43.201 | INFO     | Backtest   | [回测 4/5] 模拟第 2641/4905 笔交易: 鲁信创投...
2026-05-03 19:21:43.433 | INFO     | Backtest   | [回测 4/5] 模拟第 2651/4905 笔交易: 南山铝业...
2026-05-03 19:21:43.694 | INFO     | Backtest   | [回测 4/5] 模拟第 2661/4905 笔交易: 招商轮船...
2026-05-03 19:21:43.925 | INFO     | Backtest   | [回测 4/5] 模拟第 2671/4905 笔交易: 侨银股份...
2026-05-03 19:21:44.137 | INFO     | Backtest   | [回测 4/5] 模拟第 2681/4905 笔交易: 新锐股份...
2026-05-03 19:21:44.377 | INFO     | Backtest   | [回测 4/5] 模拟第 2691/4905 笔交易: 厚普股份...
2026-05-03 19:21:44.640 | INFO     | Backtest   | [回测 4/5] 模拟第 2701/4905 笔交易: 中国长城...
2026-05-03 19:21:44.859 | INFO     | Backtest   | [回测 4/5] 模拟第 2711/4905 笔交易: 天洋新材...
2026-05-03 19:21:45.064 | INFO     | Backtest   | [回测 4/5] 模拟第 2721/4905 笔交易: 工大高科...
2026-05-03 19:21:45.301 | INFO     | Backtest   | [回测 4/5] 模拟第 2731/4905 笔交易: 大中矿业...
2026-05-03 19:21:45.582 | INFO     | Backtest   | [回测 4/5] 模拟第 2741/4905 笔交易: 锋龙股份...
2026-05-03 19:21:45.827 | INFO     | Backtest   | [回测 4/5] 模拟第 2751/4905 笔交易: 建科智能...
2026-05-03 19:21:46.085 | INFO     | Backtest   | [回测 4/5] 模拟第 2761/4905 笔交易: 易天股份...
2026-05-03 19:21:46.369 | INFO     | Backtest   | [回测 4/5] 模拟第 2771/4905 笔交易: 华电科工...
2026-05-03 19:21:46.626 | INFO     | Backtest   | [回测 4/5] 模拟第 2781/4905 笔交易: 保立佳...
2026-05-03 19:21:46.898 | INFO     | Backtest   | [回测 4/5] 模拟第 2791/4905 笔交易: 钱江生化...
2026-05-03 19:21:47.180 | INFO     | Backtest   | [回测 4/5] 模拟第 2801/4905 笔交易: 富瑞特装...
2026-05-03 19:21:47.457 | INFO     | Backtest   | [回测 4/5] 模拟第 2811/4905 笔交易: 天虹股份...
2026-05-03 19:21:47.745 | INFO     | Backtest   | [回测 4/5] 模拟第 2821/4905 笔交易: 迪普科技...
2026-05-03 19:21:47.972 | INFO     | Backtest   | [回测 4/5] 模拟第 2831/4905 笔交易: 特力Ａ...
2026-05-03 19:21:48.209 | INFO     | Backtest   | [回测 4/5] 模拟第 2841/4905 笔交易: 中农联合...
2026-05-03 19:21:48.481 | INFO     | Backtest   | [回测 4/5] 模拟第 2851/4905 笔交易: 中信特钢...
2026-05-03 19:21:48.735 | INFO     | Backtest   | [回测 4/5] 模拟第 2861/4905 笔交易: 泰和新材...
2026-05-03 19:21:49.041 | INFO     | Backtest   | [回测 4/5] 模拟第 2871/4905 笔交易: 驰宏锌锗...
2026-05-03 19:21:49.260 | INFO     | Backtest   | [回测 4/5] 模拟第 2881/4905 笔交易: 科陆电子...
2026-05-03 19:21:49.473 | INFO     | Backtest   | [回测 4/5] 模拟第 2891/4905 笔交易: 中国卫通...
2026-05-03 19:21:49.714 | INFO     | Backtest   | [回测 4/5] 模拟第 2901/4905 笔交易: 欣锐科技...
2026-05-03 19:21:49.929 | INFO     | Backtest   | [回测 4/5] 模拟第 2911/4905 笔交易: 安泰科技...
2026-05-03 19:21:50.175 | INFO     | Backtest   | [回测 4/5] 模拟第 2921/4905 笔交易: 宏源药业...
2026-05-03 19:21:50.394 | INFO     | Backtest   | [回测 4/5] 模拟第 2931/4905 笔交易: 海南发展...
2026-05-03 19:21:50.621 | INFO     | Backtest   | [回测 4/5] 模拟第 2941/4905 笔交易: 西高院...
2026-05-03 19:21:50.880 | INFO     | Backtest   | [回测 4/5] 模拟第 2951/4905 笔交易: 雅本化学...
2026-05-03 19:21:51.130 | INFO     | Backtest   | [回测 4/5] 模拟第 2961/4905 笔交易: 完美世界...
2026-05-03 19:21:51.376 | INFO     | Backtest   | [回测 4/5] 模拟第 2971/4905 笔交易: 远望谷...
2026-05-03 19:21:51.652 | INFO     | Backtest   | [回测 4/5] 模拟第 2981/4905 笔交易: 恒华科技...
2026-05-03 19:21:51.925 | INFO     | Backtest   | [回测 4/5] 模拟第 2991/4905 笔交易: 惠天热电...
2026-05-03 19:21:52.156 | INFO     | Backtest   | [回测 4/5] 模拟第 3001/4905 笔交易: 健麾信息...
2026-05-03 19:21:52.444 | INFO     | Backtest   | [回测 4/5] 模拟第 3011/4905 笔交易: 茂硕电源...
2026-05-03 19:21:52.732 | INFO     | Backtest   | [回测 4/5] 模拟第 3021/4905 笔交易: 九洲集团...
2026-05-03 19:21:52.994 | INFO     | Backtest   | [回测 4/5] 模拟第 3031/4905 笔交易: 九鼎投资...
2026-05-03 19:21:53.221 | INFO     | Backtest   | [回测 4/5] 模拟第 3041/4905 笔交易: 亚威股份...
2026-05-03 19:21:53.440 | INFO     | Backtest   | [回测 4/5] 模拟第 3051/4905 笔交易: 长江证券...
2026-05-03 19:21:53.696 | INFO     | Backtest   | [回测 4/5] 模拟第 3061/4905 笔交易: 中国电建...
2026-05-03 19:21:53.925 | INFO     | Backtest   | [回测 4/5] 模拟第 3071/4905 笔交易: 美畅股份...
2026-05-03 19:21:54.182 | INFO     | Backtest   | [回测 4/5] 模拟第 3081/4905 笔交易: 会稽山...
2026-05-03 19:21:54.424 | INFO     | Backtest   | [回测 4/5] 模拟第 3091/4905 笔交易: 海信视像...
2026-05-03 19:21:54.677 | INFO     | Backtest   | [回测 4/5] 模拟第 3101/4905 笔交易: 诺唯赞...
2026-05-03 19:21:54.900 | INFO     | Backtest   | [回测 4/5] 模拟第 3111/4905 笔交易: 冠城新材...
2026-05-03 19:21:55.087 | INFO     | Backtest   | [回测 4/5] 模拟第 3121/4905 笔交易: 光云科技...
2026-05-03 19:21:55.285 | INFO     | Backtest   | [回测 4/5] 模拟第 3131/4905 笔交易: 宁波建工...
2026-05-03 19:21:55.503 | INFO     | Backtest   | [回测 4/5] 模拟第 3141/4905 笔交易: 中电环保...
2026-05-03 19:21:55.681 | INFO     | Backtest   | [回测 4/5] 模拟第 3151/4905 笔交易: 永艺股份...
2026-05-03 19:21:55.903 | INFO     | Backtest   | [回测 4/5] 模拟第 3161/4905 笔交易: 德创环保...
2026-05-03 19:21:56.106 | INFO     | Backtest   | [回测 4/5] 模拟第 3171/4905 笔交易: 光莆股份...
2026-05-03 19:21:56.309 | INFO     | Backtest   | [回测 4/5] 模拟第 3181/4905 笔交易: 锡业股份...
2026-05-03 19:21:56.544 | INFO     | Backtest   | [回测 4/5] 模拟第 3191/4905 笔交易: 浙数文化...
2026-05-03 19:21:56.796 | INFO     | Backtest   | [回测 4/5] 模拟第 3201/4905 笔交易: 太龙药业...
2026-05-03 19:21:57.031 | INFO     | Backtest   | [回测 4/5] 模拟第 3211/4905 笔交易: 天铁科技...
2026-05-03 19:21:57.318 | INFO     | Backtest   | [回测 4/5] 模拟第 3221/4905 笔交易: 集泰股份...
2026-05-03 19:21:57.522 | INFO     | Backtest   | [回测 4/5] 模拟第 3231/4905 笔交易: 航天信息...
2026-05-03 19:21:57.773 | INFO     | Backtest   | [回测 4/5] 模拟第 3241/4905 笔交易: 合百集团...
2026-05-03 19:21:58.007 | INFO     | Backtest   | [回测 4/5] 模拟第 3251/4905 笔交易: 安妮股份...
2026-05-03 19:21:58.201 | INFO     | Backtest   | [回测 4/5] 模拟第 3261/4905 笔交易: 省广集团...
2026-05-03 19:21:58.418 | INFO     | Backtest   | [回测 4/5] 模拟第 3271/4905 笔交易: 福安药业...
2026-05-03 19:21:58.659 | INFO     | Backtest   | [回测 4/5] 模拟第 3281/4905 笔交易: 航天软件...
2026-05-03 19:21:58.848 | INFO     | Backtest   | [回测 4/5] 模拟第 3291/4905 笔交易: 阳光乳业...
2026-05-03 19:21:59.066 | INFO     | Backtest   | [回测 4/5] 模拟第 3301/4905 笔交易: 比依股份...
2026-05-03 19:21:59.344 | INFO     | Backtest   | [回测 4/5] 模拟第 3311/4905 笔交易: 雪迪龙...
2026-05-03 19:21:59.549 | INFO     | Backtest   | [回测 4/5] 模拟第 3321/4905 笔交易: 新疆交建...
2026-05-03 19:21:59.763 | INFO     | Backtest   | [回测 4/5] 模拟第 3331/4905 笔交易: 领益智造...
2026-05-03 19:22:00.025 | INFO     | Backtest   | [回测 4/5] 模拟第 3341/4905 笔交易: 上海九百...
2026-05-03 19:22:00.256 | INFO     | Backtest   | [回测 4/5] 模拟第 3351/4905 笔交易: 永新股份...
2026-05-03 19:22:00.499 | INFO     | Backtest   | [回测 4/5] 模拟第 3361/4905 笔交易: 威星智能...
2026-05-03 19:22:00.758 | INFO     | Backtest   | [回测 4/5] 模拟第 3371/4905 笔交易: 三角轮胎...
2026-05-03 19:22:00.994 | INFO     | Backtest   | [回测 4/5] 模拟第 3381/4905 笔交易: 中威电子...
2026-05-03 19:22:01.241 | INFO     | Backtest   | [回测 4/5] 模拟第 3391/4905 笔交易: 万里扬...
2026-05-03 19:22:01.480 | INFO     | Backtest   | [回测 4/5] 模拟第 3401/4905 笔交易: 中国一重...
2026-05-03 19:22:01.686 | INFO     | Backtest   | [回测 4/5] 模拟第 3411/4905 笔交易: 光力科技...
2026-05-03 19:22:01.901 | INFO     | Backtest   | [回测 4/5] 模拟第 3421/4905 笔交易: 颀中科技...
2026-05-03 19:22:02.158 | INFO     | Backtest   | [回测 4/5] 模拟第 3431/4905 笔交易: 耀皮玻璃...
2026-05-03 19:22:02.371 | INFO     | Backtest   | [回测 4/5] 模拟第 3441/4905 笔交易: 泓淋电力...
2026-05-03 19:22:02.571 | INFO     | Backtest   | [回测 4/5] 模拟第 3451/4905 笔交易: 和顺电气...
2026-05-03 19:22:02.792 | INFO     | Backtest   | [回测 4/5] 模拟第 3461/4905 笔交易: 银邦股份...
2026-05-03 19:22:02.974 | INFO     | Backtest   | [回测 4/5] 模拟第 3471/4905 笔交易: 上海银行...
2026-05-03 19:22:03.217 | INFO     | Backtest   | [回测 4/5] 模拟第 3481/4905 笔交易: 美能能源...
2026-05-03 19:22:03.451 | INFO     | Backtest   | [回测 4/5] 模拟第 3491/4905 笔交易: 雄塑科技...
2026-05-03 19:22:03.660 | INFO     | Backtest   | [回测 4/5] 模拟第 3501/4905 笔交易: 天下秀...
2026-05-03 19:22:03.891 | INFO     | Backtest   | [回测 4/5] 模拟第 3511/4905 笔交易: 锦江酒店...
2026-05-03 19:22:04.088 | INFO     | Backtest   | [回测 4/5] 模拟第 3521/4905 笔交易: 前沿生物-U...
2026-05-03 19:22:04.260 | INFO     | Backtest   | [回测 4/5] 模拟第 3531/4905 笔交易: 艾隆科技...
2026-05-03 19:22:04.445 | INFO     | Backtest   | [回测 4/5] 模拟第 3541/4905 笔交易: 阳普医疗...
2026-05-03 19:22:04.681 | INFO     | Backtest   | [回测 4/5] 模拟第 3551/4905 笔交易: 豪江智能...
2026-05-03 19:22:04.918 | INFO     | Backtest   | [回测 4/5] 模拟第 3561/4905 笔交易: 广发证券...
2026-05-03 19:22:05.136 | INFO     | Backtest   | [回测 4/5] 模拟第 3571/4905 笔交易: 奥赛康...
2026-05-03 19:22:05.373 | INFO     | Backtest   | [回测 4/5] 模拟第 3581/4905 笔交易: 利德曼...
2026-05-03 19:22:05.609 | INFO     | Backtest   | [回测 4/5] 模拟第 3591/4905 笔交易: 城发环境...
2026-05-03 19:22:05.851 | INFO     | Backtest   | [回测 4/5] 模拟第 3601/4905 笔交易: 东方生物...
2026-05-03 19:22:06.109 | INFO     | Backtest   | [回测 4/5] 模拟第 3611/4905 笔交易: 美康生物...
2026-05-03 19:22:06.346 | INFO     | Backtest   | [回测 4/5] 模拟第 3621/4905 笔交易: 新天药业...
2026-05-03 19:22:06.558 | INFO     | Backtest   | [回测 4/5] 模拟第 3631/4905 笔交易: 神州高铁...
2026-05-03 19:22:06.818 | INFO     | Backtest   | [回测 4/5] 模拟第 3641/4905 笔交易: 千里科技...
2026-05-03 19:22:07.027 | INFO     | Backtest   | [回测 4/5] 模拟第 3651/4905 笔交易: 天瑞仪器...
2026-05-03 19:22:07.252 | INFO     | Backtest   | [回测 4/5] 模拟第 3661/4905 笔交易: 利尔化学...
2026-05-03 19:22:07.508 | INFO     | Backtest   | [回测 4/5] 模拟第 3671/4905 笔交易: 红宝丽...
2026-05-03 19:22:07.780 | INFO     | Backtest   | [回测 4/5] 模拟第 3681/4905 笔交易: 晶瑞电材...
2026-05-03 19:22:07.995 | INFO     | Backtest   | [回测 4/5] 模拟第 3691/4905 笔交易: 山西证券...
2026-05-03 19:22:08.267 | INFO     | Backtest   | [回测 4/5] 模拟第 3701/4905 笔交易: 东风科技...
2026-05-03 19:22:08.480 | INFO     | Backtest   | [回测 4/5] 模拟第 3711/4905 笔交易: 腾达科技...
2026-05-03 19:22:08.702 | INFO     | Backtest   | [回测 4/5] 模拟第 3721/4905 笔交易: 华光环能...
2026-05-03 19:22:08.897 | INFO     | Backtest   | [回测 4/5] 模拟第 3731/4905 笔交易: 康盛股份...
2026-05-03 19:22:09.104 | INFO     | Backtest   | [回测 4/5] 模拟第 3741/4905 笔交易: 中瑞股份...
2026-05-03 19:22:09.308 | INFO     | Backtest   | [回测 4/5] 模拟第 3751/4905 笔交易: 泰豪科技...
2026-05-03 19:22:09.531 | INFO     | Backtest   | [回测 4/5] 模拟第 3761/4905 笔交易: 翔港科技...
2026-05-03 19:22:09.737 | INFO     | Backtest   | [回测 4/5] 模拟第 3771/4905 笔交易: 厚普股份...
2026-05-03 19:22:09.977 | INFO     | Backtest   | [回测 4/5] 模拟第 3781/4905 笔交易: 富煌钢构...
2026-05-03 19:22:10.221 | INFO     | Backtest   | [回测 4/5] 模拟第 3791/4905 笔交易: 汇金通...
2026-05-03 19:22:10.448 | INFO     | Backtest   | [回测 4/5] 模拟第 3801/4905 笔交易: 捷安高科...
2026-05-03 19:22:10.684 | INFO     | Backtest   | [回测 4/5] 模拟第 3811/4905 笔交易: 建研院...
2026-05-03 19:22:10.927 | INFO     | Backtest   | [回测 4/5] 模拟第 3821/4905 笔交易: 时代万恒...
2026-05-03 19:22:11.174 | INFO     | Backtest   | [回测 4/5] 模拟第 3831/4905 笔交易: 森泰股份...
2026-05-03 19:22:11.341 | INFO     | Backtest   | [回测 4/5] 模拟第 3841/4905 笔交易: 富祥药业...
2026-05-03 19:22:11.528 | INFO     | Backtest   | [回测 4/5] 模拟第 3851/4905 笔交易: 华谊兄弟...
2026-05-03 19:22:11.747 | INFO     | Backtest   | [回测 4/5] 模拟第 3861/4905 笔交易: 东华能源...
2026-05-03 19:22:11.944 | INFO     | Backtest   | [回测 4/5] 模拟第 3871/4905 笔交易: 森赫股份...
2026-05-03 19:22:12.132 | INFO     | Backtest   | [回测 4/5] 模拟第 3881/4905 笔交易: 飞天诚信...
2026-05-03 19:22:12.375 | INFO     | Backtest   | [回测 4/5] 模拟第 3891/4905 笔交易: 洛阳钼业...
2026-05-03 19:22:12.549 | INFO     | Backtest   | [回测 4/5] 模拟第 3901/4905 笔交易: 博源化工...
2026-05-03 19:22:12.742 | INFO     | Backtest   | [回测 4/5] 模拟第 3911/4905 笔交易: 双象股份...
2026-05-03 19:22:13.007 | INFO     | Backtest   | [回测 4/5] 模拟第 3921/4905 笔交易: 深南电A...
2026-05-03 19:22:13.216 | INFO     | Backtest   | [回测 4/5] 模拟第 3931/4905 笔交易: 京源环保...
2026-05-03 19:22:13.459 | INFO     | Backtest   | [回测 4/5] 模拟第 3941/4905 笔交易: 福然德...
2026-05-03 19:22:13.702 | INFO     | Backtest   | [回测 4/5] 模拟第 3951/4905 笔交易: 同和药业...
2026-05-03 19:22:13.938 | INFO     | Backtest   | [回测 4/5] 模拟第 3961/4905 笔交易: 一拖股份...
2026-05-03 19:22:14.155 | INFO     | Backtest   | [回测 4/5] 模拟第 3971/4905 笔交易: 宁波精达...
2026-05-03 19:22:14.348 | INFO     | Backtest   | [回测 4/5] 模拟第 3981/4905 笔交易: 西藏城投...
2026-05-03 19:22:14.529 | INFO     | Backtest   | [回测 4/5] 模拟第 3991/4905 笔交易: 西藏珠峰...
2026-05-03 19:22:14.684 | INFO     | Backtest   | [回测 4/5] 模拟第 4001/4905 笔交易: 天合光能...
2026-05-03 19:22:14.862 | INFO     | Backtest   | [回测 4/5] 模拟第 4011/4905 笔交易: 九州通...
2026-05-03 19:22:15.041 | INFO     | Backtest   | [回测 4/5] 模拟第 4021/4905 笔交易: 芯能科技...
2026-05-03 19:22:15.229 | INFO     | Backtest   | [回测 4/5] 模拟第 4031/4905 笔交易: 中信金属...
2026-05-03 19:22:15.395 | INFO     | Backtest   | [回测 4/5] 模拟第 4041/4905 笔交易: 汤姆猫...
2026-05-03 19:22:15.538 | INFO     | Backtest   | [回测 4/5] 模拟第 4051/4905 笔交易: 亚虹医药-U...
2026-05-03 19:22:15.706 | INFO     | Backtest   | [回测 4/5] 模拟第 4061/4905 笔交易: XD宝丰能...
2026-05-03 19:22:15.867 | INFO     | Backtest   | [回测 4/5] 模拟第 4071/4905 笔交易: 嘉化能源...
2026-05-03 19:22:16.039 | INFO     | Backtest   | [回测 4/5] 模拟第 4081/4905 笔交易: 黄山旅游...
2026-05-03 19:22:16.223 | INFO     | Backtest   | [回测 4/5] 模拟第 4091/4905 笔交易: 晋亿实业...
2026-05-03 19:22:16.409 | INFO     | Backtest   | [回测 4/5] 模拟第 4101/4905 笔交易: 哈空调...
2026-05-03 19:22:16.625 | INFO     | Backtest   | [回测 4/5] 模拟第 4111/4905 笔交易: 浙江医药...
2026-05-03 19:22:16.858 | INFO     | Backtest   | [回测 4/5] 模拟第 4121/4905 笔交易: 公元股份...
2026-05-03 19:22:17.097 | INFO     | Backtest   | [回测 4/5] 模拟第 4131/4905 笔交易: 捷顺科技...
2026-05-03 19:22:17.324 | INFO     | Backtest   | [回测 4/5] 模拟第 4141/4905 笔交易: 国网英大...
2026-05-03 19:22:17.538 | INFO     | Backtest   | [回测 4/5] 模拟第 4151/4905 笔交易: 晶澳科技...
2026-05-03 19:22:17.737 | INFO     | Backtest   | [回测 4/5] 模拟第 4161/4905 笔交易: 保龄宝...
2026-05-03 19:22:17.935 | INFO     | Backtest   | [回测 4/5] 模拟第 4171/4905 笔交易: 安彩高科...
2026-05-03 19:22:18.204 | INFO     | Backtest   | [回测 4/5] 模拟第 4181/4905 笔交易: 瑞茂通...
2026-05-03 19:22:18.376 | INFO     | Backtest   | [回测 4/5] 模拟第 4191/4905 笔交易: 厦门港务...
2026-05-03 19:22:18.532 | INFO     | Backtest   | [回测 4/5] 模拟第 4201/4905 笔交易: 金瑞矿业...
2026-05-03 19:22:18.723 | INFO     | Backtest   | [回测 4/5] 模拟第 4211/4905 笔交易: 兔宝宝...
2026-05-03 19:22:18.906 | INFO     | Backtest   | [回测 4/5] 模拟第 4221/4905 笔交易: 掌阅科技...
2026-05-03 19:22:19.093 | INFO     | Backtest   | [回测 4/5] 模拟第 4231/4905 笔交易: 辉隆股份...
2026-05-03 19:22:19.316 | INFO     | Backtest   | [回测 4/5] 模拟第 4241/4905 笔交易: 太龙股份...
2026-05-03 19:22:19.516 | INFO     | Backtest   | [回测 4/5] 模拟第 4251/4905 笔交易: 先进数通...
2026-05-03 19:22:19.713 | INFO     | Backtest   | [回测 4/5] 模拟第 4261/4905 笔交易: 长阳科技...
2026-05-03 19:22:19.897 | INFO     | Backtest   | [回测 4/5] 模拟第 4271/4905 笔交易: 宏源药业...
2026-05-03 19:22:20.080 | INFO     | Backtest   | [回测 4/5] 模拟第 4281/4905 笔交易: 彩虹股份...
2026-05-03 19:22:20.265 | INFO     | Backtest   | [回测 4/5] 模拟第 4291/4905 笔交易: 孚日股份...
2026-05-03 19:22:20.428 | INFO     | Backtest   | [回测 4/5] 模拟第 4301/4905 笔交易: 新劲刚...
2026-05-03 19:22:20.558 | INFO     | Backtest   | [回测 4/5] 模拟第 4311/4905 笔交易: 圣农发展...
2026-05-03 19:22:20.724 | INFO     | Backtest   | [回测 4/5] 模拟第 4321/4905 笔交易: 华创云信...
2026-05-03 19:22:20.869 | INFO     | Backtest   | [回测 4/5] 模拟第 4331/4905 笔交易: 新凤鸣...
2026-05-03 19:22:21.040 | INFO     | Backtest   | [回测 4/5] 模拟第 4341/4905 笔交易: 亚星化学...
2026-05-03 19:22:21.184 | INFO     | Backtest   | [回测 4/5] 模拟第 4351/4905 笔交易: 赞宇科技...
2026-05-03 19:22:21.383 | INFO     | Backtest   | [回测 4/5] 模拟第 4361/4905 笔交易: 海天精工...
2026-05-03 19:22:21.594 | INFO     | Backtest   | [回测 4/5] 模拟第 4371/4905 笔交易: 航锦科技...
2026-05-03 19:22:21.749 | INFO     | Backtest   | [回测 4/5] 模拟第 4381/4905 笔交易: 精进电动-UW...
2026-05-03 19:22:21.906 | INFO     | Backtest   | [回测 4/5] 模拟第 4391/4905 笔交易: 昌红科技...
2026-05-03 19:22:22.128 | INFO     | Backtest   | [回测 4/5] 模拟第 4401/4905 笔交易: 大西洋...
2026-05-03 19:22:22.314 | INFO     | Backtest   | [回测 4/5] 模拟第 4411/4905 笔交易: 山东玻纤...
2026-05-03 19:22:22.484 | INFO     | Backtest   | [回测 4/5] 模拟第 4421/4905 笔交易: 双星新材...
2026-05-03 19:22:22.698 | INFO     | Backtest   | [回测 4/5] 模拟第 4431/4905 笔交易: 三友化工...
2026-05-03 19:22:22.886 | INFO     | Backtest   | [回测 4/5] 模拟第 4441/4905 笔交易: 钛能化学...
2026-05-03 19:22:23.049 | INFO     | Backtest   | [回测 4/5] 模拟第 4451/4905 笔交易: 鲁北化工...
2026-05-03 19:22:23.204 | INFO     | Backtest   | [回测 4/5] 模拟第 4461/4905 笔交易: 青松股份...
2026-05-03 19:22:23.326 | INFO     | Backtest   | [回测 4/5] 模拟第 4471/4905 笔交易: 皇氏集团...
2026-05-03 19:22:23.512 | INFO     | Backtest   | [回测 4/5] 模拟第 4481/4905 笔交易: 时代万恒...
2026-05-03 19:22:23.680 | INFO     | Backtest   | [回测 4/5] 模拟第 4491/4905 笔交易: 大连热电...
2026-05-03 19:22:23.844 | INFO     | Backtest   | [回测 4/5] 模拟第 4501/4905 笔交易: 中远通...
2026-05-03 19:22:24.053 | INFO     | Backtest   | [回测 4/5] 模拟第 4511/4905 笔交易: 狮头股份...
2026-05-03 19:22:24.227 | INFO     | Backtest   | [回测 4/5] 模拟第 4521/4905 笔交易: 振东制药...
2026-05-03 19:22:24.413 | INFO     | Backtest   | [回测 4/5] 模拟第 4531/4905 笔交易: 开尔新材...
2026-05-03 19:22:24.665 | INFO     | Backtest   | [回测 4/5] 模拟第 4541/4905 笔交易: XD高能环...
2026-05-03 19:22:24.842 | INFO     | Backtest   | [回测 4/5] 模拟第 4551/4905 笔交易: 我武生物...
2026-05-03 19:22:25.045 | INFO     | Backtest   | [回测 4/5] 模拟第 4561/4905 笔交易: 上海家化...
2026-05-03 19:22:25.208 | INFO     | Backtest   | [回测 4/5] 模拟第 4571/4905 笔交易: 鹏鹞环保...
2026-05-03 19:22:25.387 | INFO     | Backtest   | [回测 4/5] 模拟第 4581/4905 笔交易: 莲花控股...
2026-05-03 19:22:25.592 | INFO     | Backtest   | [回测 4/5] 模拟第 4591/4905 笔交易: 凯美特气...
2026-05-03 19:22:25.793 | INFO     | Backtest   | [回测 4/5] 模拟第 4601/4905 笔交易: 创维数字...
2026-05-03 19:22:25.970 | INFO     | Backtest   | [回测 4/5] 模拟第 4611/4905 笔交易: 恒盛能源...
2026-05-03 19:22:26.172 | INFO     | Backtest   | [回测 4/5] 模拟第 4621/4905 笔交易: 智光电气...
2026-05-03 19:22:26.395 | INFO     | Backtest   | [回测 4/5] 模拟第 4631/4905 笔交易: 康斯特...
2026-05-03 19:22:26.634 | INFO     | Backtest   | [回测 4/5] 模拟第 4641/4905 笔交易: 幸福蓝海...
2026-05-03 19:22:26.832 | INFO     | Backtest   | [回测 4/5] 模拟第 4651/4905 笔交易: 福达股份...
2026-05-03 19:22:27.038 | INFO     | Backtest   | [回测 4/5] 模拟第 4661/4905 笔交易: 聚光科技...
2026-05-03 19:22:27.246 | INFO     | Backtest   | [回测 4/5] 模拟第 4671/4905 笔交易: 瑞泰新材...
2026-05-03 19:22:27.471 | INFO     | Backtest   | [回测 4/5] 模拟第 4681/4905 笔交易: 华源控股...
2026-05-03 19:22:27.683 | INFO     | Backtest   | [回测 4/5] 模拟第 4691/4905 笔交易: 飞力达...
2026-05-03 19:22:27.943 | INFO     | Backtest   | [回测 4/5] 模拟第 4701/4905 笔交易: 嘉应制药...
2026-05-03 19:22:28.168 | INFO     | Backtest   | [回测 4/5] 模拟第 4711/4905 笔交易: 德艺文创...
2026-05-03 19:22:28.345 | INFO     | Backtest   | [回测 4/5] 模拟第 4721/4905 笔交易: 海联金汇...
2026-05-03 19:22:28.571 | INFO     | Backtest   | [回测 4/5] 模拟第 4731/4905 笔交易: 宏达高科...
2026-05-03 19:22:28.778 | INFO     | Backtest   | [回测 4/5] 模拟第 4741/4905 笔交易: 吉林敖东...
2026-05-03 19:22:28.967 | INFO     | Backtest   | [回测 4/5] 模拟第 4751/4905 笔交易: 迈赫股份...
2026-05-03 19:22:29.198 | INFO     | Backtest   | [回测 4/5] 模拟第 4761/4905 笔交易: 湘佳股份...
2026-05-03 19:22:29.401 | INFO     | Backtest   | [回测 4/5] 模拟第 4771/4905 笔交易: 水星家纺...
2026-05-03 19:22:29.595 | INFO     | Backtest   | [回测 4/5] 模拟第 4781/4905 笔交易: 佳力图...
2026-05-03 19:22:29.759 | INFO     | Backtest   | [回测 4/5] 模拟第 4791/4905 笔交易: 金钼股份...
2026-05-03 19:22:29.932 | INFO     | Backtest   | [回测 4/5] 模拟第 4801/4905 笔交易: 光莆股份...
2026-05-03 19:22:30.062 | INFO     | Backtest   | [回测 4/5] 模拟第 4811/4905 笔交易: 平高电气...
2026-05-03 19:22:30.212 | INFO     | Backtest   | [回测 4/5] 模拟第 4821/4905 笔交易: 金信诺...
2026-05-03 19:22:30.372 | INFO     | Backtest   | [回测 4/5] 模拟第 4831/4905 笔交易: 元祖股份...
2026-05-03 19:22:30.506 | INFO     | Backtest   | [回测 4/5] 模拟第 4841/4905 笔交易: 三鑫医疗...
2026-05-03 19:22:30.702 | INFO     | Backtest   | [回测 4/5] 模拟第 4851/4905 笔交易: 湖北宜化...
2026-05-03 19:22:30.795 | INFO     | Backtest   | [回测 4/5] 模拟第 4861/4905 笔交易: 蔚蓝锂芯...
2026-05-03 19:22:30.947 | INFO     | Backtest   | [回测 4/5] 模拟第 4871/4905 笔交易: 初灵信息...
2026-05-03 19:22:31.068 | INFO     | Backtest   | [回测 4/5] 模拟第 4881/4905 笔交易: 麦捷科技...
2026-05-03 19:22:31.204 | INFO     | Backtest   | [回测 4/5] 模拟第 4891/4905 笔交易: 芯联集成-U...
2026-05-03 19:22:31.359 | INFO     | Backtest   | [回测 4/5] 模拟第 4901/4905 笔交易: 广哈通信...
2026-05-03 19:22:31.430 | INFO     | Backtest   | [回测 5/5] 回测任务完成: 1154笔(含0笔平手离场)
2026-05-03 19:36:14.744 | INFO     | DuckDB     | DuckDB | 所有核心表结构初始化完成 (含热点板块)
2026-05-03 19:36:14.745 | INFO     | DuckDB     | DuckDB 核心就绪: E:\1target\p9_project\quant-platform\data\meta\meta.db
2026-05-03 19:36:14.751 | INFO     | Backtest   | [回测 1/5] 筛选回测目标股票...
2026-05-03 19:36:14.759 | INFO     | Backtest   | [回测 2/5] 加载 5010 只股票的历史数据进行快速扫描...
2026-05-03 19:36:28.346 | INFO     | Backtest   | [回测 3/5] 计算策略信号 (基于日线信号库)...
2026-05-03 19:36:28.355 | INFO     | Screener   | 🧬 [Loader] 识别到类继承策略: MA5AngleOriginalStrategy
2026-05-03 19:36:35.817 | INFO     | Backtest   | [回测 4/5] 处理 4905 条信号，执行精细分钟线仿真...
2026-05-03 19:36:35.822 | INFO     | Backtest   | [回测 4/5] 模拟第 1/4905 笔交易: 升达林业...
2026-05-03 19:36:36.114 | INFO     | Backtest   | [回测 4/5] 模拟第 11/4905 笔交易: 万丰股份...
2026-05-03 19:36:36.432 | INFO     | Backtest   | [回测 4/5] 模拟第 21/4905 笔交易: 恒誉环保...
2026-05-03 19:36:36.769 | INFO     | Backtest   | [回测 4/5] 模拟第 31/4905 笔交易: 锦鸡股份...
2026-05-03 19:36:37.131 | INFO     | Backtest   | [回测 4/5] 模拟第 41/4905 笔交易: 君正集团...
2026-05-03 19:36:37.482 | INFO     | Backtest   | [回测 4/5] 模拟第 51/4905 笔交易: 海洋王...
2026-05-03 19:36:37.787 | INFO     | Backtest   | [回测 4/5] 模拟第 61/4905 笔交易: 三雄极光...
2026-05-03 19:36:38.106 | INFO     | Backtest   | [回测 4/5] 模拟第 71/4905 笔交易: 世名科技...
2026-05-03 19:36:38.422 | INFO     | Backtest   | [回测 4/5] 模拟第 81/4905 笔交易: 朝阳科技...
2026-05-03 19:36:38.752 | INFO     | Backtest   | [回测 4/5] 模拟第 91/4905 笔交易: 飞荣达...
2026-05-03 19:36:39.090 | INFO     | Backtest   | [回测 4/5] 模拟第 101/4905 笔交易: 春兴精工...
2026-05-03 19:36:39.422 | INFO     | Backtest   | [回测 4/5] 模拟第 111/4905 笔交易: 苏州科达...
2026-05-03 19:36:39.792 | INFO     | Backtest   | [回测 4/5] 模拟第 121/4905 笔交易: 海默科技...
2026-05-03 19:36:40.157 | INFO     | Backtest   | [回测 4/5] 模拟第 131/4905 笔交易: 立昂技术...
2026-05-03 19:36:40.468 | INFO     | Backtest   | [回测 4/5] 模拟第 141/4905 笔交易: 多伦科技...
2026-05-03 19:36:40.827 | INFO     | Backtest   | [回测 4/5] 模拟第 151/4905 笔交易: 易瑞生物...
2026-05-03 19:36:41.166 | INFO     | Backtest   | [回测 4/5] 模拟第 161/4905 笔交易: 宇环数控...
2026-05-03 19:36:41.522 | INFO     | Backtest   | [回测 4/5] 模拟第 171/4905 笔交易: 格尔软件...
2026-05-03 19:36:41.882 | INFO     | Backtest   | [回测 4/5] 模拟第 181/4905 笔交易: 神州信息...
2026-05-03 19:36:42.226 | INFO     | Backtest   | [回测 4/5] 模拟第 191/4905 笔交易: 鸿特科技...
2026-05-03 19:36:42.568 | INFO     | Backtest   | [回测 4/5] 模拟第 201/4905 笔交易: 东方智造...
2026-05-03 19:36:42.926 | INFO     | Backtest   | [回测 4/5] 模拟第 211/4905 笔交易: 粤桂股份...
2026-05-03 19:36:43.303 | INFO     | Backtest   | [回测 4/5] 模拟第 221/4905 笔交易: 松霖科技...
2026-05-03 19:36:43.668 | INFO     | Backtest   | [回测 4/5] 模拟第 231/4905 笔交易: 久其软件...
2026-05-03 19:36:44.029 | INFO     | Backtest   | [回测 4/5] 模拟第 241/4905 笔交易: 锦龙股份...
2026-05-03 19:36:44.386 | INFO     | Backtest   | [回测 4/5] 模拟第 251/4905 笔交易: 菲沃泰...
2026-05-03 19:36:44.744 | INFO     | Backtest   | [回测 4/5] 模拟第 261/4905 笔交易: 山高环能...
2026-05-03 19:36:45.105 | INFO     | Backtest   | [回测 4/5] 模拟第 271/4905 笔交易: 四创电子...
2026-05-03 19:36:45.465 | INFO     | Backtest   | [回测 4/5] 模拟第 281/4905 笔交易: 广电运通...
2026-05-03 19:36:45.824 | INFO     | Backtest   | [回测 4/5] 模拟第 291/4905 笔交易: 中科江南...
2026-05-03 19:36:46.201 | INFO     | Backtest   | [回测 4/5] 模拟第 301/4905 笔交易: 钛能化学...
2026-05-03 19:36:46.554 | INFO     | Backtest   | [回测 4/5] 模拟第 311/4905 笔交易: 华鼎股份...
2026-05-03 19:36:46.911 | INFO     | Backtest   | [回测 4/5] 模拟第 321/4905 笔交易: 钱江生化...
2026-05-03 19:36:47.284 | INFO     | Backtest   | [回测 4/5] 模拟第 331/4905 笔交易: 德冠新材...
2026-05-03 19:36:47.628 | INFO     | Backtest   | [回测 4/5] 模拟第 341/4905 笔交易: 罗平锌电...
2026-05-03 19:36:47.988 | INFO     | Backtest   | [回测 4/5] 模拟第 351/4905 笔交易: 金智科技...
2026-05-03 19:36:48.315 | INFO     | Backtest   | [回测 4/5] 模拟第 361/4905 笔交易: 宏盛华源...
2026-05-03 19:36:48.696 | INFO     | Backtest   | [回测 4/5] 模拟第 371/4905 笔交易: 东软集团...
2026-05-03 19:36:49.073 | INFO     | Backtest   | [回测 4/5] 模拟第 381/4905 笔交易: 泰和科技...
2026-05-03 19:36:49.402 | INFO     | Backtest   | [回测 4/5] 模拟第 391/4905 笔交易: 海德股份...
2026-05-03 19:36:49.764 | INFO     | Backtest   | [回测 4/5] 模拟第 401/4905 笔交易: 中关村...
2026-05-03 19:36:50.093 | INFO     | Backtest   | [回测 4/5] 模拟第 411/4905 笔交易: 彩蝶实业...
2026-05-03 19:36:50.438 | INFO     | Backtest   | [回测 4/5] 模拟第 421/4905 笔交易: 汇金通...
2026-05-03 19:36:50.801 | INFO     | Backtest   | [回测 4/5] 模拟第 431/4905 笔交易: 西部矿业...
2026-05-03 19:36:51.124 | INFO     | Backtest   | [回测 4/5] 模拟第 441/4905 笔交易: 游族网络...
2026-05-03 19:36:51.455 | INFO     | Backtest   | [回测 4/5] 模拟第 451/4905 笔交易: 保龄宝...
2026-05-03 19:36:51.740 | INFO     | Backtest   | [回测 4/5] 模拟第 461/4905 笔交易: 麦克奥迪...
2026-05-03 19:36:52.051 | INFO     | Backtest   | [回测 4/5] 模拟第 471/4905 笔交易: 博汇纸业...
2026-05-03 19:36:52.382 | INFO     | Backtest   | [回测 4/5] 模拟第 481/4905 笔交易: 得利斯...
2026-05-03 19:36:52.723 | INFO     | Backtest   | [回测 4/5] 模拟第 491/4905 笔交易: 宁波富达...
2026-05-03 19:36:53.088 | INFO     | Backtest   | [回测 4/5] 模拟第 501/4905 笔交易: 上海九百...
2026-05-03 19:36:53.447 | INFO     | Backtest   | [回测 4/5] 模拟第 511/4905 笔交易: 粤高速Ａ...
2026-05-03 19:36:53.808 | INFO     | Backtest   | [回测 4/5] 模拟第 521/4905 笔交易: 高乐股份...
2026-05-03 19:36:54.101 | INFO     | Backtest   | [回测 4/5] 模拟第 531/4905 笔交易: 海伦钢琴...
2026-05-03 19:36:54.393 | INFO     | Backtest   | [回测 4/5] 模拟第 541/4905 笔交易: 李子园...
2026-05-03 19:36:54.741 | INFO     | Backtest   | [回测 4/5] 模拟第 551/4905 笔交易: 崧盛股份...
2026-05-03 19:36:55.089 | INFO     | Backtest   | [回测 4/5] 模拟第 561/4905 笔交易: 恒尚节能...
2026-05-03 19:36:55.392 | INFO     | Backtest   | [回测 4/5] 模拟第 571/4905 笔交易: 明阳电路...
2026-05-03 19:36:55.685 | INFO     | Backtest   | [回测 4/5] 模拟第 581/4905 笔交易: 二六三...
2026-05-03 19:36:56.018 | INFO     | Backtest   | [回测 4/5] 模拟第 591/4905 笔交易: 大为股份...
2026-05-03 19:36:56.324 | INFO     | Backtest   | [回测 4/5] 模拟第 601/4905 笔交易: 星网宇达...
2026-05-03 19:36:56.646 | INFO     | Backtest   | [回测 4/5] 模拟第 611/4905 笔交易: 锦江在线...
2026-05-03 19:36:56.937 | INFO     | Backtest   | [回测 4/5] 模拟第 621/4905 笔交易: 再升科技...
2026-05-03 19:36:57.273 | INFO     | Backtest   | [回测 4/5] 模拟第 631/4905 笔交易: 汉缆股份...
2026-05-03 19:36:57.627 | INFO     | Backtest   | [回测 4/5] 模拟第 641/4905 笔交易: 奥拓电子...
2026-05-03 19:36:57.966 | INFO     | Backtest   | [回测 4/5] 模拟第 651/4905 笔交易: 三维通信...
2026-05-03 19:36:58.225 | INFO     | Backtest   | [回测 4/5] 模拟第 661/4905 笔交易: 杭州高新...
2026-05-03 19:36:58.540 | INFO     | Backtest   | [回测 4/5] 模拟第 671/4905 笔交易: 南新制药...
2026-05-03 19:36:58.885 | INFO     | Backtest   | [回测 4/5] 模拟第 681/4905 笔交易: 华媒控股...
2026-05-03 19:36:59.210 | INFO     | Backtest   | [回测 4/5] 模拟第 691/4905 笔交易: 康泰医学...
2026-05-03 19:36:59.542 | INFO     | Backtest   | [回测 4/5] 模拟第 701/4905 笔交易: 三旺通信...
2026-05-03 19:36:59.885 | INFO     | Backtest   | [回测 4/5] 模拟第 711/4905 笔交易: 雅博股份...
2026-05-03 19:37:00.241 | INFO     | Backtest   | [回测 4/5] 模拟第 721/4905 笔交易: 泰祥股份...
2026-05-03 19:37:00.599 | INFO     | Backtest   | [回测 4/5] 模拟第 731/4905 笔交易: 熙菱信息...
2026-05-03 19:37:00.944 | INFO     | Backtest   | [回测 4/5] 模拟第 741/4905 笔交易: 合富中国...
2026-05-03 19:37:01.318 | INFO     | Backtest   | [回测 4/5] 模拟第 751/4905 笔交易: 宣泰医药...
2026-05-03 19:37:01.673 | INFO     | Backtest   | [回测 4/5] 模拟第 761/4905 笔交易: 澳弘电子...
2026-05-03 19:37:02.033 | INFO     | Backtest   | [回测 4/5] 模拟第 771/4905 笔交易: 戴维医疗...
2026-05-03 19:37:02.372 | INFO     | Backtest   | [回测 4/5] 模拟第 781/4905 笔交易: 东方生物...
2026-05-03 19:37:02.723 | INFO     | Backtest   | [回测 4/5] 模拟第 791/4905 笔交易: 科华控股...
2026-05-03 19:37:03.073 | INFO     | Backtest   | [回测 4/5] 模拟第 801/4905 笔交易: 哈药股份...
2026-05-03 19:37:03.469 | INFO     | Backtest   | [回测 4/5] 模拟第 811/4905 笔交易: 威派格...
2026-05-03 19:37:03.829 | INFO     | Backtest   | [回测 4/5] 模拟第 821/4905 笔交易: 申联生物...
2026-05-03 19:37:04.197 | INFO     | Backtest   | [回测 4/5] 模拟第 831/4905 笔交易: 福莱蒽特...
2026-05-03 19:37:04.557 | INFO     | Backtest   | [回测 4/5] 模拟第 841/4905 笔交易: 赢合科技...
2026-05-03 19:37:04.895 | INFO     | Backtest   | [回测 4/5] 模拟第 851/4905 笔交易: 哈三联...
2026-05-03 19:37:05.172 | INFO     | Backtest   | [回测 4/5] 模拟第 861/4905 笔交易: 江苏有线...
2026-05-03 19:37:05.472 | INFO     | Backtest   | [回测 4/5] 模拟第 871/4905 笔交易: 华谊集团...
2026-05-03 19:37:05.783 | INFO     | Backtest   | [回测 4/5] 模拟第 881/4905 笔交易: 西麦食品...
2026-05-03 19:37:06.095 | INFO     | Backtest   | [回测 4/5] 模拟第 891/4905 笔交易: 北矿科技...
2026-05-03 19:37:06.413 | INFO     | Backtest   | [回测 4/5] 模拟第 901/4905 笔交易: 英派斯...
2026-05-03 19:37:06.717 | INFO     | Backtest   | [回测 4/5] 模拟第 911/4905 笔交易: 交大昂立...
2026-05-03 19:37:07.033 | INFO     | Backtest   | [回测 4/5] 模拟第 921/4905 笔交易: 江苏神通...
2026-05-03 19:37:07.335 | INFO     | Backtest   | [回测 4/5] 模拟第 931/4905 笔交易: 长缆科技...
2026-05-03 19:37:07.682 | INFO     | Backtest   | [回测 4/5] 模拟第 941/4905 笔交易: 元隆雅图...
2026-05-03 19:37:07.943 | INFO     | Backtest   | [回测 4/5] 模拟第 951/4905 笔交易: 中国石化...
2026-05-03 19:37:08.224 | INFO     | Backtest   | [回测 4/5] 模拟第 961/4905 笔交易: 歌力思...
2026-05-03 19:37:08.500 | INFO     | Backtest   | [回测 4/5] 模拟第 971/4905 笔交易: 文峰股份...
2026-05-03 19:37:08.785 | INFO     | Backtest   | [回测 4/5] 模拟第 981/4905 笔交易: 创识科技...
2026-05-03 19:37:09.056 | INFO     | Backtest   | [回测 4/5] 模拟第 991/4905 笔交易: 友邦吊顶...
2026-05-03 19:37:09.315 | INFO     | Backtest   | [回测 4/5] 模拟第 1001/4905 笔交易: 沃尔核材...
2026-05-03 19:37:09.614 | INFO     | Backtest   | [回测 4/5] 模拟第 1011/4905 笔交易: 上海银行...
2026-05-03 19:37:09.873 | INFO     | Backtest   | [回测 4/5] 模拟第 1021/4905 笔交易: 新亚强...
2026-05-03 19:37:10.167 | INFO     | Backtest   | [回测 4/5] 模拟第 1031/4905 笔交易: 三和管桩...
2026-05-03 19:37:10.500 | INFO     | Backtest   | [回测 4/5] 模拟第 1041/4905 笔交易: 鹿山新材...
2026-05-03 19:37:10.786 | INFO     | Backtest   | [回测 4/5] 模拟第 1051/4905 笔交易: 塞力医疗...
2026-05-03 19:37:11.105 | INFO     | Backtest   | [回测 4/5] 模拟第 1061/4905 笔交易: 建设工业...
2026-05-03 19:37:11.411 | INFO     | Backtest   | [回测 4/5] 模拟第 1071/4905 笔交易: 招金黄金...
2026-05-03 19:37:11.706 | INFO     | Backtest   | [回测 4/5] 模拟第 1081/4905 笔交易: 朗坤科技...
2026-05-03 19:37:12.048 | INFO     | Backtest   | [回测 4/5] 模拟第 1091/4905 笔交易: 信音电子...
2026-05-03 19:37:12.367 | INFO     | Backtest   | [回测 4/5] 模拟第 1101/4905 笔交易: 德创环保...
2026-05-03 19:37:12.701 | INFO     | Backtest   | [回测 4/5] 模拟第 1111/4905 笔交易: 国盛证券...
2026-05-03 19:37:12.989 | INFO     | Backtest   | [回测 4/5] 模拟第 1121/4905 笔交易: 研奥股份...
2026-05-03 19:37:13.321 | INFO     | Backtest   | [回测 4/5] 模拟第 1131/4905 笔交易: 华骐环保...
2026-05-03 19:37:13.664 | INFO     | Backtest   | [回测 4/5] 模拟第 1141/4905 笔交易: 楚江新材...
2026-05-03 19:37:14.020 | INFO     | Backtest   | [回测 4/5] 模拟第 1151/4905 笔交易: 机器人...
2026-05-03 19:37:14.355 | INFO     | Backtest   | [回测 4/5] 模拟第 1161/4905 笔交易: 红塔证券...
2026-05-03 19:37:14.693 | INFO     | Backtest   | [回测 4/5] 模拟第 1171/4905 笔交易: 金奥博...
2026-05-03 19:37:15.019 | INFO     | Backtest   | [回测 4/5] 模拟第 1181/4905 笔交易: 中国电建...
2026-05-03 19:37:15.365 | INFO     | Backtest   | [回测 4/5] 模拟第 1191/4905 笔交易: 永安期货...
2026-05-03 19:37:15.641 | INFO     | Backtest   | [回测 4/5] 模拟第 1201/4905 笔交易: 香溢融通...
2026-05-03 19:37:15.956 | INFO     | Backtest   | [回测 4/5] 模拟第 1211/4905 笔交易: 晨曦航空...
2026-05-03 19:37:16.199 | INFO     | Backtest   | [回测 4/5] 模拟第 1221/4905 笔交易: 中远通...
2026-05-03 19:37:16.457 | INFO     | Backtest   | [回测 4/5] 模拟第 1231/4905 笔交易: 宏昌电子...
2026-05-03 19:37:16.717 | INFO     | Backtest   | [回测 4/5] 模拟第 1241/4905 笔交易: 歌尔股份...
2026-05-03 19:37:17.017 | INFO     | Backtest   | [回测 4/5] 模拟第 1251/4905 笔交易: 世茂能源...
2026-05-03 19:37:17.280 | INFO     | Backtest   | [回测 4/5] 模拟第 1261/4905 笔交易: 中南传媒...
2026-05-03 19:37:17.611 | INFO     | Backtest   | [回测 4/5] 模拟第 1271/4905 笔交易: 悦达投资...
2026-05-03 19:37:17.857 | INFO     | Backtest   | [回测 4/5] 模拟第 1281/4905 笔交易: 仕净科技...
2026-05-03 19:37:18.138 | INFO     | Backtest   | [回测 4/5] 模拟第 1291/4905 笔交易: 中石科技...
2026-05-03 19:37:18.429 | INFO     | Backtest   | [回测 4/5] 模拟第 1301/4905 笔交易: 长江材料...
2026-05-03 19:37:18.731 | INFO     | Backtest   | [回测 4/5] 模拟第 1311/4905 笔交易: 可立克...
2026-05-03 19:37:19.057 | INFO     | Backtest   | [回测 4/5] 模拟第 1321/4905 笔交易: 盐湖股份...
2026-05-03 19:37:19.382 | INFO     | Backtest   | [回测 4/5] 模拟第 1331/4905 笔交易: 协鑫集成...
2026-05-03 19:37:19.689 | INFO     | Backtest   | [回测 4/5] 模拟第 1341/4905 笔交易: 雅化集团...
2026-05-03 19:37:20.014 | INFO     | Backtest   | [回测 4/5] 模拟第 1351/4905 笔交易: 宁夏建材...
2026-05-03 19:37:20.319 | INFO     | Backtest   | [回测 4/5] 模拟第 1361/4905 笔交易: 天玑科技...
2026-05-03 19:37:20.630 | INFO     | Backtest   | [回测 4/5] 模拟第 1371/4905 笔交易: 光莆股份...
2026-05-03 19:37:20.925 | INFO     | Backtest   | [回测 4/5] 模拟第 1381/4905 笔交易: 六国化工...
2026-05-03 19:37:21.174 | INFO     | Backtest   | [回测 4/5] 模拟第 1391/4905 笔交易: 亚士创能...
2026-05-03 19:37:21.467 | INFO     | Backtest   | [回测 4/5] 模拟第 1401/4905 笔交易: 园林股份...
2026-05-03 19:37:21.735 | INFO     | Backtest   | [回测 4/5] 模拟第 1411/4905 笔交易: 诚意药业...
2026-05-03 19:37:22.030 | INFO     | Backtest   | [回测 4/5] 模拟第 1421/4905 笔交易: 海象新材...
2026-05-03 19:37:22.322 | INFO     | Backtest   | [回测 4/5] 模拟第 1431/4905 笔交易: 安利股份...
2026-05-03 19:37:22.598 | INFO     | Backtest   | [回测 4/5] 模拟第 1441/4905 笔交易: 迅捷兴...
2026-05-03 19:37:22.835 | INFO     | Backtest   | [回测 4/5] 模拟第 1451/4905 笔交易: 顺网科技...
2026-05-03 19:37:23.132 | INFO     | Backtest   | [回测 4/5] 模拟第 1461/4905 笔交易: 银龙股份...
2026-05-03 19:37:23.424 | INFO     | Backtest   | [回测 4/5] 模拟第 1471/4905 笔交易: 森麒麟...
2026-05-03 19:37:23.750 | INFO     | Backtest   | [回测 4/5] 模拟第 1481/4905 笔交易: 红日药业...
2026-05-03 19:37:24.045 | INFO     | Backtest   | [回测 4/5] 模拟第 1491/4905 笔交易: 仁智股份...
2026-05-03 19:37:24.336 | INFO     | Backtest   | [回测 4/5] 模拟第 1501/4905 笔交易: 飞乐音响...
2026-05-03 19:37:24.569 | INFO     | Backtest   | [回测 4/5] 模拟第 1511/4905 笔交易: 泰坦股份...
2026-05-03 19:37:24.861 | INFO     | Backtest   | [回测 4/5] 模拟第 1521/4905 笔交易: 物产环能...
2026-05-03 19:37:25.124 | INFO     | Backtest   | [回测 4/5] 模拟第 1531/4905 笔交易: 新赛股份...
2026-05-03 19:37:25.414 | INFO     | Backtest   | [回测 4/5] 模拟第 1541/4905 笔交易: 华建集团...
2026-05-03 19:37:25.678 | INFO     | Backtest   | [回测 4/5] 模拟第 1551/4905 笔交易: 华峰化学...
2026-05-03 19:37:25.954 | INFO     | Backtest   | [回测 4/5] 模拟第 1561/4905 笔交易: 铁建重工...
2026-05-03 19:37:26.150 | INFO     | Backtest   | [回测 4/5] 模拟第 1571/4905 笔交易: 西部建设...
2026-05-03 19:37:26.374 | INFO     | Backtest   | [回测 4/5] 模拟第 1581/4905 笔交易: 建设机械...
2026-05-03 19:37:26.607 | INFO     | Backtest   | [回测 4/5] 模拟第 1591/4905 笔交易: 福建水泥...
2026-05-03 19:37:26.795 | INFO     | Backtest   | [回测 4/5] 模拟第 1601/4905 笔交易: 节能铁汉...
2026-05-03 19:37:27.078 | INFO     | Backtest   | [回测 4/5] 模拟第 1611/4905 笔交易: 通裕重工...
2026-05-03 19:37:27.341 | INFO     | Backtest   | [回测 4/5] 模拟第 1621/4905 笔交易: 中国一重...
2026-05-03 19:37:27.625 | INFO     | Backtest   | [回测 4/5] 模拟第 1631/4905 笔交易: 智慧农业...
2026-05-03 19:37:27.850 | INFO     | Backtest   | [回测 4/5] 模拟第 1641/4905 笔交易: 晋控煤业...
2026-05-03 19:37:28.134 | INFO     | Backtest   | [回测 4/5] 模拟第 1651/4905 笔交易: 名雕股份...
2026-05-03 19:37:28.440 | INFO     | Backtest   | [回测 4/5] 模拟第 1661/4905 笔交易: 蒙草生态...
2026-05-03 19:37:28.743 | INFO     | Backtest   | [回测 4/5] 模拟第 1671/4905 笔交易: 曙光股份...
2026-05-03 19:37:29.010 | INFO     | Backtest   | [回测 4/5] 模拟第 1681/4905 笔交易: 清新环境...
2026-05-03 19:37:29.291 | INFO     | Backtest   | [回测 4/5] 模拟第 1691/4905 笔交易: 金安国纪...
2026-05-03 19:37:29.516 | INFO     | Backtest   | [回测 4/5] 模拟第 1701/4905 笔交易: 远东股份...
2026-05-03 19:37:29.802 | INFO     | Backtest   | [回测 4/5] 模拟第 1711/4905 笔交易: 天地科技...
2026-05-03 19:37:30.061 | INFO     | Backtest   | [回测 4/5] 模拟第 1721/4905 笔交易: 汇通集团...
2026-05-03 19:37:30.314 | INFO     | Backtest   | [回测 4/5] 模拟第 1731/4905 笔交易: 英洛华...
2026-05-03 19:37:30.607 | INFO     | Backtest   | [回测 4/5] 模拟第 1741/4905 笔交易: 三诺生物...
2026-05-03 19:37:30.871 | INFO     | Backtest   | [回测 4/5] 模拟第 1751/4905 笔交易: 先锋电子...
2026-05-03 19:37:31.156 | INFO     | Backtest   | [回测 4/5] 模拟第 1761/4905 笔交易: 华星创业...
2026-05-03 19:37:31.426 | INFO     | Backtest   | [回测 4/5] 模拟第 1771/4905 笔交易: 奥翔药业...
2026-05-03 19:37:31.704 | INFO     | Backtest   | [回测 4/5] 模拟第 1781/4905 笔交易: 京新药业...
2026-05-03 19:37:31.994 | INFO     | Backtest   | [回测 4/5] 模拟第 1791/4905 笔交易: 河化股份...
2026-05-03 19:37:32.280 | INFO     | Backtest   | [回测 4/5] 模拟第 1801/4905 笔交易: 中国医药...
2026-05-03 19:37:32.571 | INFO     | Backtest   | [回测 4/5] 模拟第 1811/4905 笔交易: 天和防务...
2026-05-03 19:37:32.832 | INFO     | Backtest   | [回测 4/5] 模拟第 1821/4905 笔交易: 深深房Ａ...
2026-05-03 19:37:33.112 | INFO     | Backtest   | [回测 4/5] 模拟第 1831/4905 笔交易: 联美控股...
2026-05-03 19:37:33.400 | INFO     | Backtest   | [回测 4/5] 模拟第 1841/4905 笔交易: 维力医疗...
2026-05-03 19:37:33.688 | INFO     | Backtest   | [回测 4/5] 模拟第 1851/4905 笔交易: 宇环数控...
2026-05-03 19:37:33.988 | INFO     | Backtest   | [回测 4/5] 模拟第 1861/4905 笔交易: 贝斯特...
2026-05-03 19:37:34.284 | INFO     | Backtest   | [回测 4/5] 模拟第 1871/4905 笔交易: 沈阳机床...
2026-05-03 19:37:34.578 | INFO     | Backtest   | [回测 4/5] 模拟第 1881/4905 笔交易: 双杰电气...
2026-05-03 19:37:34.884 | INFO     | Backtest   | [回测 4/5] 模拟第 1891/4905 笔交易: 国茂股份...
2026-05-03 19:37:35.097 | INFO     | Backtest   | [回测 4/5] 模拟第 1901/4905 笔交易: 上实发展...
2026-05-03 19:37:35.347 | INFO     | Backtest   | [回测 4/5] 模拟第 1911/4905 笔交易: 嘉麟杰...
2026-05-03 19:37:35.596 | INFO     | Backtest   | [回测 4/5] 模拟第 1921/4905 笔交易: 金枫酒业...
2026-05-03 19:37:35.891 | INFO     | Backtest   | [回测 4/5] 模拟第 1931/4905 笔交易: 新宝股份...
2026-05-03 19:37:36.191 | INFO     | Backtest   | [回测 4/5] 模拟第 1941/4905 笔交易: 铜陵有色...
2026-05-03 19:37:36.460 | INFO     | Backtest   | [回测 4/5] 模拟第 1951/4905 笔交易: 齐鲁银行...
2026-05-03 19:37:36.704 | INFO     | Backtest   | [回测 4/5] 模拟第 1961/4905 笔交易: 金发科技...
2026-05-03 19:37:36.962 | INFO     | Backtest   | [回测 4/5] 模拟第 1971/4905 笔交易: 景兴纸业...
2026-05-03 19:37:37.246 | INFO     | Backtest   | [回测 4/5] 模拟第 1981/4905 笔交易: 中兰环保...
2026-05-03 19:37:37.487 | INFO     | Backtest   | [回测 4/5] 模拟第 1991/4905 笔交易: 斯瑞新材...
2026-05-03 19:37:37.719 | INFO     | Backtest   | [回测 4/5] 模拟第 2001/4905 笔交易: 华力创通...
2026-05-03 19:37:37.998 | INFO     | Backtest   | [回测 4/5] 模拟第 2011/4905 笔交易: 久日新材...
2026-05-03 19:37:38.270 | INFO     | Backtest   | [回测 4/5] 模拟第 2021/4905 笔交易: 气派科技...
2026-05-03 19:37:38.559 | INFO     | Backtest   | [回测 4/5] 模拟第 2031/4905 笔交易: 南威软件...
2026-05-03 19:37:38.810 | INFO     | Backtest   | [回测 4/5] 模拟第 2041/4905 笔交易: 确成股份...
2026-05-03 19:37:39.060 | INFO     | Backtest   | [回测 4/5] 模拟第 2051/4905 笔交易: 南京新百...
2026-05-03 19:37:39.242 | INFO     | Backtest   | [回测 4/5] 模拟第 2061/4905 笔交易: 集泰股份...
2026-05-03 19:37:39.504 | INFO     | Backtest   | [回测 4/5] 模拟第 2071/4905 笔交易: 新致软件...
2026-05-03 19:37:39.762 | INFO     | Backtest   | [回测 4/5] 模拟第 2081/4905 笔交易: 国新健康...
2026-05-03 19:37:39.992 | INFO     | Backtest   | [回测 4/5] 模拟第 2091/4905 笔交易: 亨通股份...
2026-05-03 19:37:40.269 | INFO     | Backtest   | [回测 4/5] 模拟第 2101/4905 笔交易: 绿盟科技...
2026-05-03 19:37:40.509 | INFO     | Backtest   | [回测 4/5] 模拟第 2111/4905 笔交易: 统一股份...
2026-05-03 19:37:40.739 | INFO     | Backtest   | [回测 4/5] 模拟第 2121/4905 笔交易: 慈文传媒...
2026-05-03 19:37:40.963 | INFO     | Backtest   | [回测 4/5] 模拟第 2131/4905 笔交易: 城市传媒...
2026-05-03 19:37:41.239 | INFO     | Backtest   | [回测 4/5] 模拟第 2141/4905 笔交易: 美利信...
2026-05-03 19:37:41.522 | INFO     | Backtest   | [回测 4/5] 模拟第 2151/4905 笔交易: 有友食品...
2026-05-03 19:37:41.694 | INFO     | Backtest   | [回测 4/5] 模拟第 2161/4905 笔交易: 沃顿科技...
2026-05-03 19:37:41.938 | INFO     | Backtest   | [回测 4/5] 模拟第 2171/4905 笔交易: 华域汽车...
2026-05-03 19:37:42.206 | INFO     | Backtest   | [回测 4/5] 模拟第 2181/4905 笔交易: 先导基电...
2026-05-03 19:37:42.489 | INFO     | Backtest   | [回测 4/5] 模拟第 2191/4905 笔交易: 明牌珠宝...
2026-05-03 19:37:42.713 | INFO     | Backtest   | [回测 4/5] 模拟第 2201/4905 笔交易: 廊坊发展...
2026-05-03 19:37:42.958 | INFO     | Backtest   | [回测 4/5] 模拟第 2211/4905 笔交易: 华峰化学...
2026-05-03 19:37:43.214 | INFO     | Backtest   | [回测 4/5] 模拟第 2221/4905 笔交易: 衢州东峰...
2026-05-03 19:37:43.442 | INFO     | Backtest   | [回测 4/5] 模拟第 2231/4905 笔交易: 万凯新材...
2026-05-03 19:37:43.694 | INFO     | Backtest   | [回测 4/5] 模拟第 2241/4905 笔交易: 容百科技...
2026-05-03 19:37:43.925 | INFO     | Backtest   | [回测 4/5] 模拟第 2251/4905 笔交易: 城投控股...
2026-05-03 19:37:44.148 | INFO     | Backtest   | [回测 4/5] 模拟第 2261/4905 笔交易: 中国化学...
2026-05-03 19:37:44.344 | INFO     | Backtest   | [回测 4/5] 模拟第 2271/4905 笔交易: 电科芯片...
2026-05-03 19:37:44.551 | INFO     | Backtest   | [回测 4/5] 模拟第 2281/4905 笔交易: 中京电子...
2026-05-03 19:37:44.760 | INFO     | Backtest   | [回测 4/5] 模拟第 2291/4905 笔交易: 国盛证券...
2026-05-03 19:37:44.945 | INFO     | Backtest   | [回测 4/5] 模拟第 2301/4905 笔交易: 万泽股份...
2026-05-03 19:37:45.167 | INFO     | Backtest   | [回测 4/5] 模拟第 2311/4905 笔交易: 浙农股份...
2026-05-03 19:37:45.414 | INFO     | Backtest   | [回测 4/5] 模拟第 2321/4905 笔交易: 华通线缆...
2026-05-03 19:37:45.574 | INFO     | Backtest   | [回测 4/5] 模拟第 2331/4905 笔交易: 浙富控股...
2026-05-03 19:37:45.795 | INFO     | Backtest   | [回测 4/5] 模拟第 2341/4905 笔交易: 青山纸业...
2026-05-03 19:37:46.007 | INFO     | Backtest   | [回测 4/5] 模拟第 2351/4905 笔交易: 新通联...
2026-05-03 19:37:46.264 | INFO     | Backtest   | [回测 4/5] 模拟第 2361/4905 笔交易: 安控科技...
2026-05-03 19:37:46.476 | INFO     | Backtest   | [回测 4/5] 模拟第 2371/4905 笔交易: 世纪鼎利...
2026-05-03 19:37:46.633 | INFO     | Backtest   | [回测 4/5] 模拟第 2381/4905 笔交易: 物产环能...
2026-05-03 19:37:46.842 | INFO     | Backtest   | [回测 4/5] 模拟第 2391/4905 笔交易: 能辉科技...
2026-05-03 19:37:47.026 | INFO     | Backtest   | [回测 4/5] 模拟第 2401/4905 笔交易: 雪天盐业...
2026-05-03 19:37:47.270 | INFO     | Backtest   | [回测 4/5] 模拟第 2411/4905 笔交易: 特锐德...
2026-05-03 19:37:47.497 | INFO     | Backtest   | [回测 4/5] 模拟第 2421/4905 笔交易: 特力Ａ...
2026-05-03 19:37:47.722 | INFO     | Backtest   | [回测 4/5] 模拟第 2431/4905 笔交易: 智能自控...
2026-05-03 19:37:48.013 | INFO     | Backtest   | [回测 4/5] 模拟第 2441/4905 笔交易: 众业达...
2026-05-03 19:37:48.270 | INFO     | Backtest   | [回测 4/5] 模拟第 2451/4905 笔交易: 广汽集团...
2026-05-03 19:37:48.556 | INFO     | Backtest   | [回测 4/5] 模拟第 2461/4905 笔交易: 盐湖股份...
2026-05-03 19:37:48.832 | INFO     | Backtest   | [回测 4/5] 模拟第 2471/4905 笔交易: 合锻智能...
2026-05-03 19:37:49.086 | INFO     | Backtest   | [回测 4/5] 模拟第 2481/4905 笔交易: 厦门港务...
2026-05-03 19:37:49.390 | INFO     | Backtest   | [回测 4/5] 模拟第 2491/4905 笔交易: 星辉娱乐...
2026-05-03 19:37:49.606 | INFO     | Backtest   | [回测 4/5] 模拟第 2501/4905 笔交易: 众信旅游...
2026-05-03 19:37:49.850 | INFO     | Backtest   | [回测 4/5] 模拟第 2511/4905 笔交易: 云意电气...
2026-05-03 19:37:50.063 | INFO     | Backtest   | [回测 4/5] 模拟第 2521/4905 笔交易: 中成股份...
2026-05-03 19:37:50.241 | INFO     | Backtest   | [回测 4/5] 模拟第 2531/4905 笔交易: 峰璟股份...
2026-05-03 19:37:50.486 | INFO     | Backtest   | [回测 4/5] 模拟第 2541/4905 笔交易: S佳通...
2026-05-03 19:37:50.715 | INFO     | Backtest   | [回测 4/5] 模拟第 2551/4905 笔交易: 春立医疗...
2026-05-03 19:37:50.940 | INFO     | Backtest   | [回测 4/5] 模拟第 2561/4905 笔交易: 中科通达...
2026-05-03 19:37:51.117 | INFO     | Backtest   | [回测 4/5] 模拟第 2571/4905 笔交易: 太极实业...
2026-05-03 19:37:51.342 | INFO     | Backtest   | [回测 4/5] 模拟第 2581/4905 笔交易: 华蓝集团...
2026-05-03 19:37:51.586 | INFO     | Backtest   | [回测 4/5] 模拟第 2591/4905 笔交易: 江铃汽车...
2026-05-03 19:37:51.828 | INFO     | Backtest   | [回测 4/5] 模拟第 2601/4905 笔交易: 中仑新材...
2026-05-03 19:37:52.054 | INFO     | Backtest   | [回测 4/5] 模拟第 2611/4905 笔交易: 富临精工...
2026-05-03 19:37:52.261 | INFO     | Backtest   | [回测 4/5] 模拟第 2621/4905 笔交易: 泓淋电力...
2026-05-03 19:37:52.454 | INFO     | Backtest   | [回测 4/5] 模拟第 2631/4905 笔交易: 云南铜业...
2026-05-03 19:37:52.665 | INFO     | Backtest   | [回测 4/5] 模拟第 2641/4905 笔交易: 鲁信创投...
2026-05-03 19:37:52.850 | INFO     | Backtest   | [回测 4/5] 模拟第 2651/4905 笔交易: 南山铝业...
2026-05-03 19:37:53.085 | INFO     | Backtest   | [回测 4/5] 模拟第 2661/4905 笔交易: 招商轮船...
2026-05-03 19:37:53.269 | INFO     | Backtest   | [回测 4/5] 模拟第 2671/4905 笔交易: 侨银股份...
2026-05-03 19:37:53.451 | INFO     | Backtest   | [回测 4/5] 模拟第 2681/4905 笔交易: 新锐股份...
2026-05-03 19:37:53.646 | INFO     | Backtest   | [回测 4/5] 模拟第 2691/4905 笔交易: 厚普股份...
2026-05-03 19:37:53.884 | INFO     | Backtest   | [回测 4/5] 模拟第 2701/4905 笔交易: 中国长城...
2026-05-03 19:37:54.052 | INFO     | Backtest   | [回测 4/5] 模拟第 2711/4905 笔交易: 天洋新材...
2026-05-03 19:37:54.249 | INFO     | Backtest   | [回测 4/5] 模拟第 2721/4905 笔交易: 工大高科...
2026-05-03 19:37:54.470 | INFO     | Backtest   | [回测 4/5] 模拟第 2731/4905 笔交易: 大中矿业...
2026-05-03 19:37:54.718 | INFO     | Backtest   | [回测 4/5] 模拟第 2741/4905 笔交易: 锋龙股份...
2026-05-03 19:37:54.951 | INFO     | Backtest   | [回测 4/5] 模拟第 2751/4905 笔交易: 建科智能...
2026-05-03 19:37:55.197 | INFO     | Backtest   | [回测 4/5] 模拟第 2761/4905 笔交易: 易天股份...
2026-05-03 19:37:55.449 | INFO     | Backtest   | [回测 4/5] 模拟第 2771/4905 笔交易: 华电科工...
2026-05-03 19:37:55.702 | INFO     | Backtest   | [回测 4/5] 模拟第 2781/4905 笔交易: 保立佳...
2026-05-03 19:37:55.956 | INFO     | Backtest   | [回测 4/5] 模拟第 2791/4905 笔交易: 钱江生化...
2026-05-03 19:37:56.231 | INFO     | Backtest   | [回测 4/5] 模拟第 2801/4905 笔交易: 富瑞特装...
2026-05-03 19:37:56.479 | INFO     | Backtest   | [回测 4/5] 模拟第 2811/4905 笔交易: 天虹股份...
2026-05-03 19:37:56.706 | INFO     | Backtest   | [回测 4/5] 模拟第 2821/4905 笔交易: 迪普科技...
2026-05-03 19:37:56.924 | INFO     | Backtest   | [回测 4/5] 模拟第 2831/4905 笔交易: 特力Ａ...
2026-05-03 19:37:57.127 | INFO     | Backtest   | [回测 4/5] 模拟第 2841/4905 笔交易: 中农联合...
2026-05-03 19:37:57.341 | INFO     | Backtest   | [回测 4/5] 模拟第 2851/4905 笔交易: 中信特钢...
2026-05-03 19:37:57.592 | INFO     | Backtest   | [回测 4/5] 模拟第 2861/4905 笔交易: 泰和新材...
2026-05-03 19:37:57.857 | INFO     | Backtest   | [回测 4/5] 模拟第 2871/4905 笔交易: 驰宏锌锗...
2026-05-03 19:37:58.076 | INFO     | Backtest   | [回测 4/5] 模拟第 2881/4905 笔交易: 科陆电子...
2026-05-03 19:37:58.269 | INFO     | Backtest   | [回测 4/5] 模拟第 2891/4905 笔交易: 中国卫通...
2026-05-03 19:37:58.470 | INFO     | Backtest   | [回测 4/5] 模拟第 2901/4905 笔交易: 欣锐科技...
2026-05-03 19:37:58.687 | INFO     | Backtest   | [回测 4/5] 模拟第 2911/4905 笔交易: 安泰科技...
2026-05-03 19:37:58.910 | INFO     | Backtest   | [回测 4/5] 模拟第 2921/4905 笔交易: 宏源药业...
2026-05-03 19:37:59.102 | INFO     | Backtest   | [回测 4/5] 模拟第 2931/4905 笔交易: 海南发展...
2026-05-03 19:37:59.331 | INFO     | Backtest   | [回测 4/5] 模拟第 2941/4905 笔交易: 西高院...
2026-05-03 19:37:59.546 | INFO     | Backtest   | [回测 4/5] 模拟第 2951/4905 笔交易: 雅本化学...
2026-05-03 19:37:59.776 | INFO     | Backtest   | [回测 4/5] 模拟第 2961/4905 笔交易: 完美世界...
2026-05-03 19:38:00.010 | INFO     | Backtest   | [回测 4/5] 模拟第 2971/4905 笔交易: 远望谷...
2026-05-03 19:38:00.248 | INFO     | Backtest   | [回测 4/5] 模拟第 2981/4905 笔交易: 恒华科技...
2026-05-03 19:38:00.499 | INFO     | Backtest   | [回测 4/5] 模拟第 2991/4905 笔交易: 惠天热电...
2026-05-03 19:38:00.697 | INFO     | Backtest   | [回测 4/5] 模拟第 3001/4905 笔交易: 健麾信息...
2026-05-03 19:38:00.951 | INFO     | Backtest   | [回测 4/5] 模拟第 3011/4905 笔交易: 茂硕电源...
2026-05-03 19:38:01.230 | INFO     | Backtest   | [回测 4/5] 模拟第 3021/4905 笔交易: 九洲集团...
2026-05-03 19:38:01.431 | INFO     | Backtest   | [回测 4/5] 模拟第 3031/4905 笔交易: 九鼎投资...
2026-05-03 19:38:01.635 | INFO     | Backtest   | [回测 4/5] 模拟第 3041/4905 笔交易: 亚威股份...
2026-05-03 19:38:01.840 | INFO     | Backtest   | [回测 4/5] 模拟第 3051/4905 笔交易: 长江证券...
2026-05-03 19:38:02.056 | INFO     | Backtest   | [回测 4/5] 模拟第 3061/4905 笔交易: 中国电建...
2026-05-03 19:38:02.254 | INFO     | Backtest   | [回测 4/5] 模拟第 3071/4905 笔交易: 美畅股份...
2026-05-03 19:38:02.465 | INFO     | Backtest   | [回测 4/5] 模拟第 3081/4905 笔交易: 会稽山...
2026-05-03 19:38:02.677 | INFO     | Backtest   | [回测 4/5] 模拟第 3091/4905 笔交易: 海信视像...
2026-05-03 19:38:02.909 | INFO     | Backtest   | [回测 4/5] 模拟第 3101/4905 笔交易: 诺唯赞...
2026-05-03 19:38:03.116 | INFO     | Backtest   | [回测 4/5] 模拟第 3111/4905 笔交易: 冠城新材...
2026-05-03 19:38:03.267 | INFO     | Backtest   | [回测 4/5] 模拟第 3121/4905 笔交易: 光云科技...
2026-05-03 19:38:03.449 | INFO     | Backtest   | [回测 4/5] 模拟第 3131/4905 笔交易: 宁波建工...
2026-05-03 19:38:03.641 | INFO     | Backtest   | [回测 4/5] 模拟第 3141/4905 笔交易: 中电环保...
2026-05-03 19:38:03.786 | INFO     | Backtest   | [回测 4/5] 模拟第 3151/4905 笔交易: 永艺股份...
2026-05-03 19:38:03.968 | INFO     | Backtest   | [回测 4/5] 模拟第 3161/4905 笔交易: 德创环保...
2026-05-03 19:38:04.150 | INFO     | Backtest   | [回测 4/5] 模拟第 3171/4905 笔交易: 光莆股份...
2026-05-03 19:38:04.329 | INFO     | Backtest   | [回测 4/5] 模拟第 3181/4905 笔交易: 锡业股份...
2026-05-03 19:38:04.559 | INFO     | Backtest   | [回测 4/5] 模拟第 3191/4905 笔交易: 浙数文化...
2026-05-03 19:38:04.773 | INFO     | Backtest   | [回测 4/5] 模拟第 3201/4905 笔交易: 太龙药业...
2026-05-03 19:38:04.965 | INFO     | Backtest   | [回测 4/5] 模拟第 3211/4905 笔交易: 天铁科技...
2026-05-03 19:38:05.214 | INFO     | Backtest   | [回测 4/5] 模拟第 3221/4905 笔交易: 集泰股份...
2026-05-03 19:38:05.364 | INFO     | Backtest   | [回测 4/5] 模拟第 3231/4905 笔交易: 航天信息...
2026-05-03 19:38:05.564 | INFO     | Backtest   | [回测 4/5] 模拟第 3241/4905 笔交易: 合百集团...
2026-05-03 19:38:05.756 | INFO     | Backtest   | [回测 4/5] 模拟第 3251/4905 笔交易: 安妮股份...
2026-05-03 19:38:05.909 | INFO     | Backtest   | [回测 4/5] 模拟第 3261/4905 笔交易: 省广集团...
2026-05-03 19:38:06.090 | INFO     | Backtest   | [回测 4/5] 模拟第 3271/4905 笔交易: 福安药业...
2026-05-03 19:38:06.282 | INFO     | Backtest   | [回测 4/5] 模拟第 3281/4905 笔交易: 航天软件...
2026-05-03 19:38:06.406 | INFO     | Backtest   | [回测 4/5] 模拟第 3291/4905 笔交易: 阳光乳业...
2026-05-03 19:38:06.600 | INFO     | Backtest   | [回测 4/5] 模拟第 3301/4905 笔交易: 比依股份...
2026-05-03 19:38:06.845 | INFO     | Backtest   | [回测 4/5] 模拟第 3311/4905 笔交易: 雪迪龙...
2026-05-03 19:38:07.006 | INFO     | Backtest   | [回测 4/5] 模拟第 3321/4905 笔交易: 新疆交建...
2026-05-03 19:38:07.186 | INFO     | Backtest   | [回测 4/5] 模拟第 3331/4905 笔交易: 领益智造...
2026-05-03 19:38:07.430 | INFO     | Backtest   | [回测 4/5] 模拟第 3341/4905 笔交易: 上海九百...
2026-05-03 19:38:07.616 | INFO     | Backtest   | [回测 4/5] 模拟第 3351/4905 笔交易: 永新股份...
2026-05-03 19:38:07.831 | INFO     | Backtest   | [回测 4/5] 模拟第 3361/4905 笔交易: 威星智能...
2026-05-03 19:38:08.052 | INFO     | Backtest   | [回测 4/5] 模拟第 3371/4905 笔交易: 三角轮胎...
2026-05-03 19:38:08.271 | INFO     | Backtest   | [回测 4/5] 模拟第 3381/4905 笔交易: 中威电子...
2026-05-03 19:38:08.499 | INFO     | Backtest   | [回测 4/5] 模拟第 3391/4905 笔交易: 万里扬...
2026-05-03 19:38:08.703 | INFO     | Backtest   | [回测 4/5] 模拟第 3401/4905 笔交易: 中国一重...
2026-05-03 19:38:08.909 | INFO     | Backtest   | [回测 4/5] 模拟第 3411/4905 笔交易: 光力科技...
2026-05-03 19:38:09.100 | INFO     | Backtest   | [回测 4/5] 模拟第 3421/4905 笔交易: 颀中科技...
2026-05-03 19:38:09.291 | INFO     | Backtest   | [回测 4/5] 模拟第 3431/4905 笔交易: 耀皮玻璃...
2026-05-03 19:38:09.480 | INFO     | Backtest   | [回测 4/5] 模拟第 3441/4905 笔交易: 泓淋电力...
2026-05-03 19:38:09.644 | INFO     | Backtest   | [回测 4/5] 模拟第 3451/4905 笔交易: 和顺电气...
2026-05-03 19:38:09.812 | INFO     | Backtest   | [回测 4/5] 模拟第 3461/4905 笔交易: 银邦股份...
2026-05-03 19:38:09.979 | INFO     | Backtest   | [回测 4/5] 模拟第 3471/4905 笔交易: 上海银行...
2026-05-03 19:38:10.188 | INFO     | Backtest   | [回测 4/5] 模拟第 3481/4905 笔交易: 美能能源...
2026-05-03 19:38:10.372 | INFO     | Backtest   | [回测 4/5] 模拟第 3491/4905 笔交易: 雄塑科技...
2026-05-03 19:38:10.574 | INFO     | Backtest   | [回测 4/5] 模拟第 3501/4905 笔交易: 天下秀...
2026-05-03 19:38:10.775 | INFO     | Backtest   | [回测 4/5] 模拟第 3511/4905 笔交易: 锦江酒店...
2026-05-03 19:38:10.924 | INFO     | Backtest   | [回测 4/5] 模拟第 3521/4905 笔交易: 前沿生物-U...
2026-05-03 19:38:11.085 | INFO     | Backtest   | [回测 4/5] 模拟第 3531/4905 笔交易: 艾隆科技...
2026-05-03 19:38:11.250 | INFO     | Backtest   | [回测 4/5] 模拟第 3541/4905 笔交易: 阳普医疗...
2026-05-03 19:38:11.438 | INFO     | Backtest   | [回测 4/5] 模拟第 3551/4905 笔交易: 豪江智能...
2026-05-03 19:38:11.668 | INFO     | Backtest   | [回测 4/5] 模拟第 3561/4905 笔交易: 广发证券...
2026-05-03 19:38:11.863 | INFO     | Backtest   | [回测 4/5] 模拟第 3571/4905 笔交易: 奥赛康...
2026-05-03 19:38:12.053 | INFO     | Backtest   | [回测 4/5] 模拟第 3581/4905 笔交易: 利德曼...
2026-05-03 19:38:12.267 | INFO     | Backtest   | [回测 4/5] 模拟第 3591/4905 笔交易: 城发环境...
2026-05-03 19:38:12.502 | INFO     | Backtest   | [回测 4/5] 模拟第 3601/4905 笔交易: 东方生物...
2026-05-03 19:38:12.710 | INFO     | Backtest   | [回测 4/5] 模拟第 3611/4905 笔交易: 美康生物...
2026-05-03 19:38:12.922 | INFO     | Backtest   | [回测 4/5] 模拟第 3621/4905 笔交易: 新天药业...
2026-05-03 19:38:13.113 | INFO     | Backtest   | [回测 4/5] 模拟第 3631/4905 笔交易: 神州高铁...
2026-05-03 19:38:13.328 | INFO     | Backtest   | [回测 4/5] 模拟第 3641/4905 笔交易: 千里科技...
2026-05-03 19:38:13.519 | INFO     | Backtest   | [回测 4/5] 模拟第 3651/4905 笔交易: 天瑞仪器...
2026-05-03 19:38:13.754 | INFO     | Backtest   | [回测 4/5] 模拟第 3661/4905 笔交易: 利尔化学...
2026-05-03 19:38:13.963 | INFO     | Backtest   | [回测 4/5] 模拟第 3671/4905 笔交易: 红宝丽...
2026-05-03 19:38:14.206 | INFO     | Backtest   | [回测 4/5] 模拟第 3681/4905 笔交易: 晶瑞电材...
2026-05-03 19:38:14.412 | INFO     | Backtest   | [回测 4/5] 模拟第 3691/4905 笔交易: 山西证券...
2026-05-03 19:38:14.638 | INFO     | Backtest   | [回测 4/5] 模拟第 3701/4905 笔交易: 东风科技...
2026-05-03 19:38:14.828 | INFO     | Backtest   | [回测 4/5] 模拟第 3711/4905 笔交易: 腾达科技...
2026-05-03 19:38:15.049 | INFO     | Backtest   | [回测 4/5] 模拟第 3721/4905 笔交易: 华光环能...
2026-05-03 19:38:15.203 | INFO     | Backtest   | [回测 4/5] 模拟第 3731/4905 笔交易: 康盛股份...
2026-05-03 19:38:15.374 | INFO     | Backtest   | [回测 4/5] 模拟第 3741/4905 笔交易: 中瑞股份...
2026-05-03 19:38:15.556 | INFO     | Backtest   | [回测 4/5] 模拟第 3751/4905 笔交易: 泰豪科技...
2026-05-03 19:38:15.737 | INFO     | Backtest   | [回测 4/5] 模拟第 3761/4905 笔交易: 翔港科技...
2026-05-03 19:38:15.915 | INFO     | Backtest   | [回测 4/5] 模拟第 3771/4905 笔交易: 厚普股份...
2026-05-03 19:38:16.131 | INFO     | Backtest   | [回测 4/5] 模拟第 3781/4905 笔交易: 富煌钢构...
2026-05-03 19:38:16.350 | INFO     | Backtest   | [回测 4/5] 模拟第 3791/4905 笔交易: 汇金通...
2026-05-03 19:38:16.552 | INFO     | Backtest   | [回测 4/5] 模拟第 3801/4905 笔交易: 捷安高科...
2026-05-03 19:38:16.767 | INFO     | Backtest   | [回测 4/5] 模拟第 3811/4905 笔交易: 建研院...
2026-05-03 19:38:16.996 | INFO     | Backtest   | [回测 4/5] 模拟第 3821/4905 笔交易: 时代万恒...
2026-05-03 19:38:17.212 | INFO     | Backtest   | [回测 4/5] 模拟第 3831/4905 笔交易: 森泰股份...
2026-05-03 19:38:17.363 | INFO     | Backtest   | [回测 4/5] 模拟第 3841/4905 笔交易: 富祥药业...
2026-05-03 19:38:17.550 | INFO     | Backtest   | [回测 4/5] 模拟第 3851/4905 笔交易: 华谊兄弟...
2026-05-03 19:38:17.731 | INFO     | Backtest   | [回测 4/5] 模拟第 3861/4905 笔交易: 东华能源...
2026-05-03 19:38:17.925 | INFO     | Backtest   | [回测 4/5] 模拟第 3871/4905 笔交易: 森赫股份...
2026-05-03 19:38:18.115 | INFO     | Backtest   | [回测 4/5] 模拟第 3881/4905 笔交易: 飞天诚信...
2026-05-03 19:38:18.344 | INFO     | Backtest   | [回测 4/5] 模拟第 3891/4905 笔交易: 洛阳钼业...
2026-05-03 19:38:18.502 | INFO     | Backtest   | [回测 4/5] 模拟第 3901/4905 笔交易: 博源化工...
2026-05-03 19:38:18.667 | INFO     | Backtest   | [回测 4/5] 模拟第 3911/4905 笔交易: 双象股份...
2026-05-03 19:38:18.919 | INFO     | Backtest   | [回测 4/5] 模拟第 3921/4905 笔交易: 深南电A...
2026-05-03 19:38:19.115 | INFO     | Backtest   | [回测 4/5] 模拟第 3931/4905 笔交易: 京源环保...
2026-05-03 19:38:19.348 | INFO     | Backtest   | [回测 4/5] 模拟第 3941/4905 笔交易: 福然德...
2026-05-03 19:38:19.599 | INFO     | Backtest   | [回测 4/5] 模拟第 3951/4905 笔交易: 同和药业...
2026-05-03 19:38:19.815 | INFO     | Backtest   | [回测 4/5] 模拟第 3961/4905 笔交易: 一拖股份...
2026-05-03 19:38:20.030 | INFO     | Backtest   | [回测 4/5] 模拟第 3971/4905 笔交易: 宁波精达...
2026-05-03 19:38:20.195 | INFO     | Backtest   | [回测 4/5] 模拟第 3981/4905 笔交易: 西藏城投...
2026-05-03 19:38:20.374 | INFO     | Backtest   | [回测 4/5] 模拟第 3991/4905 笔交易: 西藏珠峰...
2026-05-03 19:38:20.512 | INFO     | Backtest   | [回测 4/5] 模拟第 4001/4905 笔交易: 天合光能...
2026-05-03 19:38:20.669 | INFO     | Backtest   | [回测 4/5] 模拟第 4011/4905 笔交易: 九州通...
2026-05-03 19:38:20.826 | INFO     | Backtest   | [回测 4/5] 模拟第 4021/4905 笔交易: 芯能科技...
2026-05-03 19:38:20.970 | INFO     | Backtest   | [回测 4/5] 模拟第 4031/4905 笔交易: 中信金属...
2026-05-03 19:38:21.107 | INFO     | Backtest   | [回测 4/5] 模拟第 4041/4905 笔交易: 汤姆猫...
2026-05-03 19:38:21.212 | INFO     | Backtest   | [回测 4/5] 模拟第 4051/4905 笔交易: 亚虹医药-U...
2026-05-03 19:38:21.356 | INFO     | Backtest   | [回测 4/5] 模拟第 4061/4905 笔交易: XD宝丰能...
2026-05-03 19:38:21.493 | INFO     | Backtest   | [回测 4/5] 模拟第 4071/4905 笔交易: 嘉化能源...
2026-05-03 19:38:21.620 | INFO     | Backtest   | [回测 4/5] 模拟第 4081/4905 笔交易: 黄山旅游...
2026-05-03 19:38:21.809 | INFO     | Backtest   | [回测 4/5] 模拟第 4091/4905 笔交易: 晋亿实业...
2026-05-03 19:38:21.986 | INFO     | Backtest   | [回测 4/5] 模拟第 4101/4905 笔交易: 哈空调...
2026-05-03 19:38:22.201 | INFO     | Backtest   | [回测 4/5] 模拟第 4111/4905 笔交易: 浙江医药...
2026-05-03 19:38:22.393 | INFO     | Backtest   | [回测 4/5] 模拟第 4121/4905 笔交易: 公元股份...
2026-05-03 19:38:22.636 | INFO     | Backtest   | [回测 4/5] 模拟第 4131/4905 笔交易: 捷顺科技...
2026-05-03 19:38:22.852 | INFO     | Backtest   | [回测 4/5] 模拟第 4141/4905 笔交易: 国网英大...
2026-05-03 19:38:23.020 | INFO     | Backtest   | [回测 4/5] 模拟第 4151/4905 笔交易: 晶澳科技...
2026-05-03 19:38:23.216 | INFO     | Backtest   | [回测 4/5] 模拟第 4161/4905 笔交易: 保龄宝...
2026-05-03 19:38:23.395 | INFO     | Backtest   | [回测 4/5] 模拟第 4171/4905 笔交易: 安彩高科...
2026-05-03 19:38:23.619 | INFO     | Backtest   | [回测 4/5] 模拟第 4181/4905 笔交易: 瑞茂通...
2026-05-03 19:38:23.778 | INFO     | Backtest   | [回测 4/5] 模拟第 4191/4905 笔交易: 厦门港务...
2026-05-03 19:38:23.938 | INFO     | Backtest   | [回测 4/5] 模拟第 4201/4905 笔交易: 金瑞矿业...
2026-05-03 19:38:24.109 | INFO     | Backtest   | [回测 4/5] 模拟第 4211/4905 笔交易: 兔宝宝...
2026-05-03 19:38:24.252 | INFO     | Backtest   | [回测 4/5] 模拟第 4221/4905 笔交易: 掌阅科技...
2026-05-03 19:38:24.439 | INFO     | Backtest   | [回测 4/5] 模拟第 4231/4905 笔交易: 辉隆股份...
2026-05-03 19:38:24.641 | INFO     | Backtest   | [回测 4/5] 模拟第 4241/4905 笔交易: 太龙股份...
2026-05-03 19:38:24.801 | INFO     | Backtest   | [回测 4/5] 模拟第 4251/4905 笔交易: 先进数通...
2026-05-03 19:38:24.980 | INFO     | Backtest   | [回测 4/5] 模拟第 4261/4905 笔交易: 长阳科技...
2026-05-03 19:38:25.161 | INFO     | Backtest   | [回测 4/5] 模拟第 4271/4905 笔交易: 宏源药业...
2026-05-03 19:38:25.322 | INFO     | Backtest   | [回测 4/5] 模拟第 4281/4905 笔交易: 彩虹股份...
2026-05-03 19:38:25.465 | INFO     | Backtest   | [回测 4/5] 模拟第 4291/4905 笔交易: 孚日股份...
2026-05-03 19:38:25.601 | INFO     | Backtest   | [回测 4/5] 模拟第 4301/4905 笔交易: 新劲刚...
2026-05-03 19:38:25.727 | INFO     | Backtest   | [回测 4/5] 模拟第 4311/4905 笔交易: 圣农发展...
2026-05-03 19:38:25.843 | INFO     | Backtest   | [回测 4/5] 模拟第 4321/4905 笔交易: 华创云信...
2026-05-03 19:38:25.968 | INFO     | Backtest   | [回测 4/5] 模拟第 4331/4905 笔交易: 新凤鸣...
2026-05-03 19:38:26.092 | INFO     | Backtest   | [回测 4/5] 模拟第 4341/4905 笔交易: 亚星化学...
2026-05-03 19:38:26.238 | INFO     | Backtest   | [回测 4/5] 模拟第 4351/4905 笔交易: 赞宇科技...
2026-05-03 19:38:26.368 | INFO     | Backtest   | [回测 4/5] 模拟第 4361/4905 笔交易: 海天精工...
2026-05-03 19:38:26.571 | INFO     | Backtest   | [回测 4/5] 模拟第 4371/4905 笔交易: 航锦科技...
2026-05-03 19:38:26.706 | INFO     | Backtest   | [回测 4/5] 模拟第 4381/4905 笔交易: 精进电动-UW...
2026-05-03 19:38:26.833 | INFO     | Backtest   | [回测 4/5] 模拟第 4391/4905 笔交易: 昌红科技...
2026-05-03 19:38:27.031 | INFO     | Backtest   | [回测 4/5] 模拟第 4401/4905 笔交易: 大西洋...
2026-05-03 19:38:27.187 | INFO     | Backtest   | [回测 4/5] 模拟第 4411/4905 笔交易: 山东玻纤...
2026-05-03 19:38:27.317 | INFO     | Backtest   | [回测 4/5] 模拟第 4421/4905 笔交易: 双星新材...
2026-05-03 19:38:27.468 | INFO     | Backtest   | [回测 4/5] 模拟第 4431/4905 笔交易: 三友化工...
2026-05-03 19:38:27.626 | INFO     | Backtest   | [回测 4/5] 模拟第 4441/4905 笔交易: 钛能化学...
2026-05-03 19:38:27.770 | INFO     | Backtest   | [回测 4/5] 模拟第 4451/4905 笔交易: 鲁北化工...
2026-05-03 19:38:27.908 | INFO     | Backtest   | [回测 4/5] 模拟第 4461/4905 笔交易: 青松股份...
2026-05-03 19:38:28.011 | INFO     | Backtest   | [回测 4/5] 模拟第 4471/4905 笔交易: 皇氏集团...
2026-05-03 19:38:28.156 | INFO     | Backtest   | [回测 4/5] 模拟第 4481/4905 笔交易: 时代万恒...
2026-05-03 19:38:28.306 | INFO     | Backtest   | [回测 4/5] 模拟第 4491/4905 笔交易: 大连热电...
2026-05-03 19:38:28.457 | INFO     | Backtest   | [回测 4/5] 模拟第 4501/4905 笔交易: 中远通...
2026-05-03 19:38:28.652 | INFO     | Backtest   | [回测 4/5] 模拟第 4511/4905 笔交易: 狮头股份...
2026-05-03 19:38:28.805 | INFO     | Backtest   | [回测 4/5] 模拟第 4521/4905 笔交易: 振东制药...
2026-05-03 19:38:28.971 | INFO     | Backtest   | [回测 4/5] 模拟第 4531/4905 笔交易: 开尔新材...
2026-05-03 19:38:29.209 | INFO     | Backtest   | [回测 4/5] 模拟第 4541/4905 笔交易: XD高能环...
2026-05-03 19:38:29.403 | INFO     | Backtest   | [回测 4/5] 模拟第 4551/4905 笔交易: 我武生物...
2026-05-03 19:38:29.614 | INFO     | Backtest   | [回测 4/5] 模拟第 4561/4905 笔交易: 上海家化...
2026-05-03 19:38:29.803 | INFO     | Backtest   | [回测 4/5] 模拟第 4571/4905 笔交易: 鹏鹞环保...
2026-05-03 19:38:29.990 | INFO     | Backtest   | [回测 4/5] 模拟第 4581/4905 笔交易: 莲花控股...
2026-05-03 19:38:30.174 | INFO     | Backtest   | [回测 4/5] 模拟第 4591/4905 笔交易: 凯美特气...
2026-05-03 19:38:30.390 | INFO     | Backtest   | [回测 4/5] 模拟第 4601/4905 笔交易: 创维数字...
2026-05-03 19:38:30.591 | INFO     | Backtest   | [回测 4/5] 模拟第 4611/4905 笔交易: 恒盛能源...
2026-05-03 19:38:30.820 | INFO     | Backtest   | [回测 4/5] 模拟第 4621/4905 笔交易: 智光电气...
2026-05-03 19:38:31.080 | INFO     | Backtest   | [回测 4/5] 模拟第 4631/4905 笔交易: 康斯特...
2026-05-03 19:38:31.308 | INFO     | Backtest   | [回测 4/5] 模拟第 4641/4905 笔交易: 幸福蓝海...
2026-05-03 19:38:31.478 | INFO     | Backtest   | [回测 4/5] 模拟第 4651/4905 笔交易: 福达股份...
2026-05-03 19:38:31.670 | INFO     | Backtest   | [回测 4/5] 模拟第 4661/4905 笔交易: 聚光科技...
2026-05-03 19:38:31.863 | INFO     | Backtest   | [回测 4/5] 模拟第 4671/4905 笔交易: 瑞泰新材...
2026-05-03 19:38:32.061 | INFO     | Backtest   | [回测 4/5] 模拟第 4681/4905 笔交易: 华源控股...
2026-05-03 19:38:32.270 | INFO     | Backtest   | [回测 4/5] 模拟第 4691/4905 笔交易: 飞力达...
2026-05-03 19:38:32.477 | INFO     | Backtest   | [回测 4/5] 模拟第 4701/4905 笔交易: 嘉应制药...
2026-05-03 19:38:32.682 | INFO     | Backtest   | [回测 4/5] 模拟第 4711/4905 笔交易: 德艺文创...
2026-05-03 19:38:32.826 | INFO     | Backtest   | [回测 4/5] 模拟第 4721/4905 笔交易: 海联金汇...
2026-05-03 19:38:33.036 | INFO     | Backtest   | [回测 4/5] 模拟第 4731/4905 笔交易: 宏达高科...
2026-05-03 19:38:33.234 | INFO     | Backtest   | [回测 4/5] 模拟第 4741/4905 笔交易: 吉林敖东...
2026-05-03 19:38:33.431 | INFO     | Backtest   | [回测 4/5] 模拟第 4751/4905 笔交易: 迈赫股份...
2026-05-03 19:38:33.629 | INFO     | Backtest   | [回测 4/5] 模拟第 4761/4905 笔交易: 湘佳股份...
2026-05-03 19:38:33.819 | INFO     | Backtest   | [回测 4/5] 模拟第 4771/4905 笔交易: 水星家纺...
2026-05-03 19:38:33.990 | INFO     | Backtest   | [回测 4/5] 模拟第 4781/4905 笔交易: 佳力图...
2026-05-03 19:38:34.141 | INFO     | Backtest   | [回测 4/5] 模拟第 4791/4905 笔交易: 金钼股份...
2026-05-03 19:38:34.306 | INFO     | Backtest   | [回测 4/5] 模拟第 4801/4905 笔交易: 光莆股份...
2026-05-03 19:38:34.439 | INFO     | Backtest   | [回测 4/5] 模拟第 4811/4905 笔交易: 平高电气...
2026-05-03 19:38:34.570 | INFO     | Backtest   | [回测 4/5] 模拟第 4821/4905 笔交易: 金信诺...
2026-05-03 19:38:34.722 | INFO     | Backtest   | [回测 4/5] 模拟第 4831/4905 笔交易: 元祖股份...
2026-05-03 19:38:34.854 | INFO     | Backtest   | [回测 4/5] 模拟第 4841/4905 笔交易: 三鑫医疗...
2026-05-03 19:38:35.041 | INFO     | Backtest   | [回测 4/5] 模拟第 4851/4905 笔交易: 湖北宜化...
2026-05-03 19:38:35.127 | INFO     | Backtest   | [回测 4/5] 模拟第 4861/4905 笔交易: 蔚蓝锂芯...
2026-05-03 19:38:35.277 | INFO     | Backtest   | [回测 4/5] 模拟第 4871/4905 笔交易: 初灵信息...
2026-05-03 19:38:35.405 | INFO     | Backtest   | [回测 4/5] 模拟第 4881/4905 笔交易: 麦捷科技...
2026-05-03 19:38:35.520 | INFO     | Backtest   | [回测 4/5] 模拟第 4891/4905 笔交易: 芯联集成-U...
2026-05-03 19:38:35.670 | INFO     | Backtest   | [回测 4/5] 模拟第 4901/4905 笔交易: 广哈通信...
2026-05-03 19:38:35.735 | INFO     | Backtest   | [回测 5/5] 回测任务完成: 1145笔(含0笔平手离场)
2026-05-03 19:38:57.884 | INFO     | DuckDB     | DuckDB | 所有核心表结构初始化完成 (含热点板块)
2026-05-03 19:38:57.884 | INFO     | DuckDB     | DuckDB 核心就绪: E:\1target\p9_project\quant-platform\data\meta\meta.db
2026-05-03 19:39:42.610 | INFO     | DuckDB     | DuckDB | 所有核心表结构初始化完成 (含热点板块)
2026-05-03 19:39:42.610 | INFO     | DuckDB     | DuckDB 核心就绪: E:\1target\p9_project\quant-platform\data\meta\meta.db
2026-05-03 19:39:42.617 | INFO     | Backtest   | [回测 1/5] 筛选回测目标股票...
2026-05-03 19:39:42.625 | INFO     | Backtest   | [回测 2/5] 加载 5010 只股票的历史数据进行快速扫描...
2026-05-03 19:39:56.146 | INFO     | Backtest   | [回测 3/5] 计算策略信号 (基于日线信号库)...
2026-05-03 19:39:56.154 | INFO     | Screener   | 🧬 [Loader] 识别到类继承策略: MA5AngleOriginalStrategy
2026-05-03 19:40:03.600 | INFO     | Backtest   | [回测 4/5] 处理 4905 条信号，执行精细分钟线仿真...
2026-05-03 19:40:03.606 | INFO     | Backtest   | [回测 4/5] 模拟第 1/4905 笔交易: 升达林业...
2026-05-03 19:40:03.912 | INFO     | Backtest   | [回测 4/5] 模拟第 11/4905 笔交易: 万丰股份...
2026-05-03 19:40:04.241 | INFO     | Backtest   | [回测 4/5] 模拟第 21/4905 笔交易: 恒誉环保...
2026-05-03 19:40:04.585 | INFO     | Backtest   | [回测 4/5] 模拟第 31/4905 笔交易: 锦鸡股份...
2026-05-03 19:40:04.955 | INFO     | Backtest   | [回测 4/5] 模拟第 41/4905 笔交易: 君正集团...
2026-05-03 19:40:05.319 | INFO     | Backtest   | [回测 4/5] 模拟第 51/4905 笔交易: 海洋王...
2026-05-03 19:40:05.640 | INFO     | Backtest   | [回测 4/5] 模拟第 61/4905 笔交易: 三雄极光...
2026-05-03 19:40:05.976 | INFO     | Backtest   | [回测 4/5] 模拟第 71/4905 笔交易: 世名科技...
2026-05-03 19:40:06.292 | INFO     | Backtest   | [回测 4/5] 模拟第 81/4905 笔交易: 朝阳科技...
2026-05-03 19:40:06.613 | INFO     | Backtest   | [回测 4/5] 模拟第 91/4905 笔交易: 飞荣达...
2026-05-03 19:40:06.954 | INFO     | Backtest   | [回测 4/5] 模拟第 101/4905 笔交易: 春兴精工...
2026-05-03 19:40:07.288 | INFO     | Backtest   | [回测 4/5] 模拟第 111/4905 笔交易: 苏州科达...
2026-05-03 19:40:07.664 | INFO     | Backtest   | [回测 4/5] 模拟第 121/4905 笔交易: 海默科技...
2026-05-03 19:40:08.027 | INFO     | Backtest   | [回测 4/5] 模拟第 131/4905 笔交易: 立昂技术...
2026-05-03 19:40:08.352 | INFO     | Backtest   | [回测 4/5] 模拟第 141/4905 笔交易: 多伦科技...
2026-05-03 19:40:08.748 | INFO     | Backtest   | [回测 4/5] 模拟第 151/4905 笔交易: 易瑞生物...
2026-05-03 19:40:09.110 | INFO     | Backtest   | [回测 4/5] 模拟第 161/4905 笔交易: 宇环数控...
2026-05-03 19:40:09.483 | INFO     | Backtest   | [回测 4/5] 模拟第 171/4905 笔交易: 格尔软件...
2026-05-03 19:40:09.863 | INFO     | Backtest   | [回测 4/5] 模拟第 181/4905 笔交易: 神州信息...
2026-05-03 19:40:10.217 | INFO     | Backtest   | [回测 4/5] 模拟第 191/4905 笔交易: 鸿特科技...
2026-05-03 19:40:10.572 | INFO     | Backtest   | [回测 4/5] 模拟第 201/4905 笔交易: 东方智造...
2026-05-03 19:40:10.945 | INFO     | Backtest   | [回测 4/5] 模拟第 211/4905 笔交易: 粤桂股份...
2026-05-03 19:40:11.316 | INFO     | Backtest   | [回测 4/5] 模拟第 221/4905 笔交易: 松霖科技...
2026-05-03 19:40:11.676 | INFO     | Backtest   | [回测 4/5] 模拟第 231/4905 笔交易: 久其软件...
2026-05-03 19:40:12.037 | INFO     | Backtest   | [回测 4/5] 模拟第 241/4905 笔交易: 锦龙股份...
2026-05-03 19:40:12.390 | INFO     | Backtest   | [回测 4/5] 模拟第 251/4905 笔交易: 菲沃泰...
2026-05-03 19:40:12.746 | INFO     | Backtest   | [回测 4/5] 模拟第 261/4905 笔交易: 山高环能...
2026-05-03 19:40:13.121 | INFO     | Backtest   | [回测 4/5] 模拟第 271/4905 笔交易: 四创电子...
2026-05-03 19:40:13.490 | INFO     | Backtest   | [回测 4/5] 模拟第 281/4905 笔交易: 广电运通...
2026-05-03 19:40:13.884 | INFO     | Backtest   | [回测 4/5] 模拟第 291/4905 笔交易: 中科江南...
2026-05-03 19:40:14.285 | INFO     | Backtest   | [回测 4/5] 模拟第 301/4905 笔交易: 钛能化学...
2026-05-03 19:40:14.647 | INFO     | Backtest   | [回测 4/5] 模拟第 311/4905 笔交易: 华鼎股份...
2026-05-03 19:40:14.999 | INFO     | Backtest   | [回测 4/5] 模拟第 321/4905 笔交易: 钱江生化...
2026-05-03 19:40:15.381 | INFO     | Backtest   | [回测 4/5] 模拟第 331/4905 笔交易: 德冠新材...
2026-05-03 19:40:15.730 | INFO     | Backtest   | [回测 4/5] 模拟第 341/4905 笔交易: 罗平锌电...
2026-05-03 19:40:16.093 | INFO     | Backtest   | [回测 4/5] 模拟第 351/4905 笔交易: 金智科技...
2026-05-03 19:40:16.407 | INFO     | Backtest   | [回测 4/5] 模拟第 361/4905 笔交易: 宏盛华源...
2026-05-03 19:40:16.771 | INFO     | Backtest   | [回测 4/5] 模拟第 371/4905 笔交易: 东软集团...
2026-05-03 19:40:17.144 | INFO     | Backtest   | [回测 4/5] 模拟第 381/4905 笔交易: 泰和科技...
2026-05-03 19:40:17.481 | INFO     | Backtest   | [回测 4/5] 模拟第 391/4905 笔交易: 海德股份...
2026-05-03 19:40:17.840 | INFO     | Backtest   | [回测 4/5] 模拟第 401/4905 笔交易: 中关村...
2026-05-03 19:40:18.170 | INFO     | Backtest   | [回测 4/5] 模拟第 411/4905 笔交易: 彩蝶实业...
2026-05-03 19:40:18.527 | INFO     | Backtest   | [回测 4/5] 模拟第 421/4905 笔交易: 汇金通...
2026-05-03 19:40:18.910 | INFO     | Backtest   | [回测 4/5] 模拟第 431/4905 笔交易: 西部矿业...
2026-05-03 19:40:19.252 | INFO     | Backtest   | [回测 4/5] 模拟第 441/4905 笔交易: 游族网络...
2026-05-03 19:40:19.586 | INFO     | Backtest   | [回测 4/5] 模拟第 451/4905 笔交易: 保龄宝...
2026-05-03 19:40:19.882 | INFO     | Backtest   | [回测 4/5] 模拟第 461/4905 笔交易: 麦克奥迪...
2026-05-03 19:40:20.191 | INFO     | Backtest   | [回测 4/5] 模拟第 471/4905 笔交易: 博汇纸业...
2026-05-03 19:40:20.533 | INFO     | Backtest   | [回测 4/5] 模拟第 481/4905 笔交易: 得利斯...
2026-05-03 19:40:20.879 | INFO     | Backtest   | [回测 4/5] 模拟第 491/4905 笔交易: 宁波富达...
2026-05-03 19:40:21.252 | INFO     | Backtest   | [回测 4/5] 模拟第 501/4905 笔交易: 上海九百...
2026-05-03 19:40:21.592 | INFO     | Backtest   | [回测 4/5] 模拟第 511/4905 笔交易: 粤高速Ａ...
2026-05-03 19:40:21.924 | INFO     | Backtest   | [回测 4/5] 模拟第 521/4905 笔交易: 高乐股份...
2026-05-03 19:40:22.213 | INFO     | Backtest   | [回测 4/5] 模拟第 531/4905 笔交易: 海伦钢琴...
2026-05-03 19:40:22.508 | INFO     | Backtest   | [回测 4/5] 模拟第 541/4905 笔交易: 李子园...
2026-05-03 19:40:22.847 | INFO     | Backtest   | [回测 4/5] 模拟第 551/4905 笔交易: 崧盛股份...
2026-05-03 19:40:23.198 | INFO     | Backtest   | [回测 4/5] 模拟第 561/4905 笔交易: 恒尚节能...
2026-05-03 19:40:23.509 | INFO     | Backtest   | [回测 4/5] 模拟第 571/4905 笔交易: 明阳电路...
2026-05-03 19:40:23.825 | INFO     | Backtest   | [回测 4/5] 模拟第 581/4905 笔交易: 二六三...
2026-05-03 19:40:24.168 | INFO     | Backtest   | [回测 4/5] 模拟第 591/4905 笔交易: 大为股份...
2026-05-03 19:40:24.485 | INFO     | Backtest   | [回测 4/5] 模拟第 601/4905 笔交易: 星网宇达...
2026-05-03 19:40:24.818 | INFO     | Backtest   | [回测 4/5] 模拟第 611/4905 笔交易: 锦江在线...
2026-05-03 19:40:25.106 | INFO     | Backtest   | [回测 4/5] 模拟第 621/4905 笔交易: 再升科技...
2026-05-03 19:40:25.446 | INFO     | Backtest   | [回测 4/5] 模拟第 631/4905 笔交易: 汉缆股份...
2026-05-03 19:40:25.802 | INFO     | Backtest   | [回测 4/5] 模拟第 641/4905 笔交易: 奥拓电子...
2026-05-03 19:40:26.133 | INFO     | Backtest   | [回测 4/5] 模拟第 651/4905 笔交易: 三维通信...
2026-05-03 19:40:26.387 | INFO     | Backtest   | [回测 4/5] 模拟第 661/4905 笔交易: 杭州高新...
2026-05-03 19:40:26.678 | INFO     | Backtest   | [回测 4/5] 模拟第 671/4905 笔交易: 南新制药...
2026-05-03 19:40:27.009 | INFO     | Backtest   | [回测 4/5] 模拟第 681/4905 笔交易: 华媒控股...
2026-05-03 19:40:27.330 | INFO     | Backtest   | [回测 4/5] 模拟第 691/4905 笔交易: 康泰医学...
2026-05-03 19:40:27.659 | INFO     | Backtest   | [回测 4/5] 模拟第 701/4905 笔交易: 三旺通信...
2026-05-03 19:40:27.999 | INFO     | Backtest   | [回测 4/5] 模拟第 711/4905 笔交易: 雅博股份...
2026-05-03 19:40:28.353 | INFO     | Backtest   | [回测 4/5] 模拟第 721/4905 笔交易: 泰祥股份...
2026-05-03 19:40:28.730 | INFO     | Backtest   | [回测 4/5] 模拟第 731/4905 笔交易: 熙菱信息...
2026-05-03 19:40:29.092 | INFO     | Backtest   | [回测 4/5] 模拟第 741/4905 笔交易: 合富中国...
2026-05-03 19:40:29.464 | INFO     | Backtest   | [回测 4/5] 模拟第 751/4905 笔交易: 宣泰医药...
2026-05-03 19:40:29.808 | INFO     | Backtest   | [回测 4/5] 模拟第 761/4905 笔交易: 澳弘电子...
2026-05-03 19:40:30.169 | INFO     | Backtest   | [回测 4/5] 模拟第 771/4905 笔交易: 戴维医疗...
2026-05-03 19:40:30.504 | INFO     | Backtest   | [回测 4/5] 模拟第 781/4905 笔交易: 东方生物...
2026-05-03 19:40:30.855 | INFO     | Backtest   | [回测 4/5] 模拟第 791/4905 笔交易: 科华控股...
2026-05-03 19:40:31.198 | INFO     | Backtest   | [回测 4/5] 模拟第 801/4905 笔交易: 哈药股份...
2026-05-03 19:40:31.565 | INFO     | Backtest   | [回测 4/5] 模拟第 811/4905 笔交易: 威派格...
2026-05-03 19:40:31.895 | INFO     | Backtest   | [回测 4/5] 模拟第 821/4905 笔交易: 申联生物...
2026-05-03 19:40:32.248 | INFO     | Backtest   | [回测 4/5] 模拟第 831/4905 笔交易: 福莱蒽特...
2026-05-03 19:40:32.595 | INFO     | Backtest   | [回测 4/5] 模拟第 841/4905 笔交易: 赢合科技...
2026-05-03 19:40:32.937 | INFO     | Backtest   | [回测 4/5] 模拟第 851/4905 笔交易: 哈三联...
2026-05-03 19:40:33.225 | INFO     | Backtest   | [回测 4/5] 模拟第 861/4905 笔交易: 江苏有线...
2026-05-03 19:40:33.536 | INFO     | Backtest   | [回测 4/5] 模拟第 871/4905 笔交易: 华谊集团...
2026-05-03 19:40:33.862 | INFO     | Backtest   | [回测 4/5] 模拟第 881/4905 笔交易: 西麦食品...
2026-05-03 19:40:34.185 | INFO     | Backtest   | [回测 4/5] 模拟第 891/4905 笔交易: 北矿科技...
2026-05-03 19:40:34.490 | INFO     | Backtest   | [回测 4/5] 模拟第 901/4905 笔交易: 英派斯...
2026-05-03 19:40:34.787 | INFO     | Backtest   | [回测 4/5] 模拟第 911/4905 笔交易: 交大昂立...
2026-05-03 19:40:35.092 | INFO     | Backtest   | [回测 4/5] 模拟第 921/4905 笔交易: 江苏神通...
2026-05-03 19:40:35.381 | INFO     | Backtest   | [回测 4/5] 模拟第 931/4905 笔交易: 长缆科技...
2026-05-03 19:40:35.723 | INFO     | Backtest   | [回测 4/5] 模拟第 941/4905 笔交易: 元隆雅图...
2026-05-03 19:40:35.967 | INFO     | Backtest   | [回测 4/5] 模拟第 951/4905 笔交易: 中国石化...
2026-05-03 19:40:36.238 | INFO     | Backtest   | [回测 4/5] 模拟第 961/4905 笔交易: 歌力思...
2026-05-03 19:40:36.497 | INFO     | Backtest   | [回测 4/5] 模拟第 971/4905 笔交易: 文峰股份...
2026-05-03 19:40:36.770 | INFO     | Backtest   | [回测 4/5] 模拟第 981/4905 笔交易: 创识科技...
2026-05-03 19:40:37.027 | INFO     | Backtest   | [回测 4/5] 模拟第 991/4905 笔交易: 友邦吊顶...
2026-05-03 19:40:37.296 | INFO     | Backtest   | [回测 4/5] 模拟第 1001/4905 笔交易: 沃尔核材...
2026-05-03 19:40:37.586 | INFO     | Backtest   | [回测 4/5] 模拟第 1011/4905 笔交易: 上海银行...
2026-05-03 19:40:37.830 | INFO     | Backtest   | [回测 4/5] 模拟第 1021/4905 笔交易: 新亚强...
2026-05-03 19:40:38.115 | INFO     | Backtest   | [回测 4/5] 模拟第 1031/4905 笔交易: 三和管桩...
2026-05-03 19:40:38.439 | INFO     | Backtest   | [回测 4/5] 模拟第 1041/4905 笔交易: 鹿山新材...
2026-05-03 19:40:38.721 | INFO     | Backtest   | [回测 4/5] 模拟第 1051/4905 笔交易: 塞力医疗...
2026-05-03 19:40:39.045 | INFO     | Backtest   | [回测 4/5] 模拟第 1061/4905 笔交易: 建设工业...
2026-05-03 19:40:39.350 | INFO     | Backtest   | [回测 4/5] 模拟第 1071/4905 笔交易: 招金黄金...
2026-05-03 19:40:39.642 | INFO     | Backtest   | [回测 4/5] 模拟第 1081/4905 笔交易: 朗坤科技...
2026-05-03 19:40:39.968 | INFO     | Backtest   | [回测 4/5] 模拟第 1091/4905 笔交易: 信音电子...
2026-05-03 19:40:40.276 | INFO     | Backtest   | [回测 4/5] 模拟第 1101/4905 笔交易: 德创环保...
2026-05-03 19:40:40.590 | INFO     | Backtest   | [回测 4/5] 模拟第 1111/4905 笔交易: 国盛证券...
2026-05-03 19:40:40.869 | INFO     | Backtest   | [回测 4/5] 模拟第 1121/4905 笔交易: 研奥股份...
2026-05-03 19:40:41.194 | INFO     | Backtest   | [回测 4/5] 模拟第 1131/4905 笔交易: 华骐环保...
2026-05-03 19:40:41.527 | INFO     | Backtest   | [回测 4/5] 模拟第 1141/4905 笔交易: 楚江新材...
2026-05-03 19:40:41.864 | INFO     | Backtest   | [回测 4/5] 模拟第 1151/4905 笔交易: 机器人...
2026-05-03 19:40:42.188 | INFO     | Backtest   | [回测 4/5] 模拟第 1161/4905 笔交易: 红塔证券...
2026-05-03 19:40:42.519 | INFO     | Backtest   | [回测 4/5] 模拟第 1171/4905 笔交易: 金奥博...
2026-05-03 19:40:42.828 | INFO     | Backtest   | [回测 4/5] 模拟第 1181/4905 笔交易: 中国电建...
2026-05-03 19:40:43.171 | INFO     | Backtest   | [回测 4/5] 模拟第 1191/4905 笔交易: 永安期货...
2026-05-03 19:40:43.451 | INFO     | Backtest   | [回测 4/5] 模拟第 1201/4905 笔交易: 香溢融通...
2026-05-03 19:40:43.791 | INFO     | Backtest   | [回测 4/5] 模拟第 1211/4905 笔交易: 晨曦航空...
2026-05-03 19:40:44.039 | INFO     | Backtest   | [回测 4/5] 模拟第 1221/4905 笔交易: 中远通...
2026-05-03 19:40:44.295 | INFO     | Backtest   | [回测 4/5] 模拟第 1231/4905 笔交易: 宏昌电子...
2026-05-03 19:40:44.563 | INFO     | Backtest   | [回测 4/5] 模拟第 1241/4905 笔交易: 歌尔股份...
2026-05-03 19:40:44.856 | INFO     | Backtest   | [回测 4/5] 模拟第 1251/4905 笔交易: 世茂能源...
2026-05-03 19:40:45.122 | INFO     | Backtest   | [回测 4/5] 模拟第 1261/4905 笔交易: 中南传媒...
2026-05-03 19:40:45.453 | INFO     | Backtest   | [回测 4/5] 模拟第 1271/4905 笔交易: 悦达投资...
2026-05-03 19:40:45.705 | INFO     | Backtest   | [回测 4/5] 模拟第 1281/4905 笔交易: 仕净科技...
2026-05-03 19:40:45.987 | INFO     | Backtest   | [回测 4/5] 模拟第 1291/4905 笔交易: 中石科技...
2026-05-03 19:40:46.267 | INFO     | Backtest   | [回测 4/5] 模拟第 1301/4905 笔交易: 长江材料...
2026-05-03 19:40:46.560 | INFO     | Backtest   | [回测 4/5] 模拟第 1311/4905 笔交易: 可立克...
2026-05-03 19:40:46.878 | INFO     | Backtest   | [回测 4/5] 模拟第 1321/4905 笔交易: 盐湖股份...
2026-05-03 19:40:47.206 | INFO     | Backtest   | [回测 4/5] 模拟第 1331/4905 笔交易: 协鑫集成...
2026-05-03 19:40:47.522 | INFO     | Backtest   | [回测 4/5] 模拟第 1341/4905 笔交易: 雅化集团...
2026-05-03 19:40:47.857 | INFO     | Backtest   | [回测 4/5] 模拟第 1351/4905 笔交易: 宁夏建材...
2026-05-03 19:40:48.152 | INFO     | Backtest   | [回测 4/5] 模拟第 1361/4905 笔交易: 天玑科技...
2026-05-03 19:40:48.469 | INFO     | Backtest   | [回测 4/5] 模拟第 1371/4905 笔交易: 光莆股份...
2026-05-03 19:40:48.776 | INFO     | Backtest   | [回测 4/5] 模拟第 1381/4905 笔交易: 六国化工...
2026-05-03 19:40:49.038 | INFO     | Backtest   | [回测 4/5] 模拟第 1391/4905 笔交易: 亚士创能...
2026-05-03 19:40:49.349 | INFO     | Backtest   | [回测 4/5] 模拟第 1401/4905 笔交易: 园林股份...
2026-05-03 19:40:49.629 | INFO     | Backtest   | [回测 4/5] 模拟第 1411/4905 笔交易: 诚意药业...
2026-05-03 19:40:49.935 | INFO     | Backtest   | [回测 4/5] 模拟第 1421/4905 笔交易: 海象新材...
2026-05-03 19:40:50.233 | INFO     | Backtest   | [回测 4/5] 模拟第 1431/4905 笔交易: 安利股份...
2026-05-03 19:40:50.515 | INFO     | Backtest   | [回测 4/5] 模拟第 1441/4905 笔交易: 迅捷兴...
2026-05-03 19:40:50.762 | INFO     | Backtest   | [回测 4/5] 模拟第 1451/4905 笔交易: 顺网科技...
2026-05-03 19:40:51.076 | INFO     | Backtest   | [回测 4/5] 模拟第 1461/4905 笔交易: 银龙股份...
2026-05-03 19:40:51.352 | INFO     | Backtest   | [回测 4/5] 模拟第 1471/4905 笔交易: 森麒麟...
2026-05-03 19:40:51.664 | INFO     | Backtest   | [回测 4/5] 模拟第 1481/4905 笔交易: 红日药业...
2026-05-03 19:40:51.954 | INFO     | Backtest   | [回测 4/5] 模拟第 1491/4905 笔交易: 仁智股份...
2026-05-03 19:40:52.244 | INFO     | Backtest   | [回测 4/5] 模拟第 1501/4905 笔交易: 飞乐音响...
2026-05-03 19:40:52.480 | INFO     | Backtest   | [回测 4/5] 模拟第 1511/4905 笔交易: 泰坦股份...
2026-05-03 19:40:52.774 | INFO     | Backtest   | [回测 4/5] 模拟第 1521/4905 笔交易: 物产环能...
2026-05-03 19:40:53.043 | INFO     | Backtest   | [回测 4/5] 模拟第 1531/4905 笔交易: 新赛股份...
2026-05-03 19:40:53.343 | INFO     | Backtest   | [回测 4/5] 模拟第 1541/4905 笔交易: 华建集团...
2026-05-03 19:40:53.623 | INFO     | Backtest   | [回测 4/5] 模拟第 1551/4905 笔交易: 华峰化学...
2026-05-03 19:40:53.926 | INFO     | Backtest   | [回测 4/5] 模拟第 1561/4905 笔交易: 铁建重工...
2026-05-03 19:40:54.142 | INFO     | Backtest   | [回测 4/5] 模拟第 1571/4905 笔交易: 西部建设...
2026-05-03 19:40:54.380 | INFO     | Backtest   | [回测 4/5] 模拟第 1581/4905 笔交易: 建设机械...
2026-05-03 19:40:54.623 | INFO     | Backtest   | [回测 4/5] 模拟第 1591/4905 笔交易: 福建水泥...
2026-05-03 19:40:54.823 | INFO     | Backtest   | [回测 4/5] 模拟第 1601/4905 笔交易: 节能铁汉...
2026-05-03 19:40:55.108 | INFO     | Backtest   | [回测 4/5] 模拟第 1611/4905 笔交易: 通裕重工...
2026-05-03 19:40:55.376 | INFO     | Backtest   | [回测 4/5] 模拟第 1621/4905 笔交易: 中国一重...
2026-05-03 19:40:55.660 | INFO     | Backtest   | [回测 4/5] 模拟第 1631/4905 笔交易: 智慧农业...
2026-05-03 19:40:55.898 | INFO     | Backtest   | [回测 4/5] 模拟第 1641/4905 笔交易: 晋控煤业...
2026-05-03 19:40:56.190 | INFO     | Backtest   | [回测 4/5] 模拟第 1651/4905 笔交易: 名雕股份...
2026-05-03 19:40:56.479 | INFO     | Backtest   | [回测 4/5] 模拟第 1661/4905 笔交易: 蒙草生态...
2026-05-03 19:40:56.775 | INFO     | Backtest   | [回测 4/5] 模拟第 1671/4905 笔交易: 曙光股份...
2026-05-03 19:40:57.040 | INFO     | Backtest   | [回测 4/5] 模拟第 1681/4905 笔交易: 清新环境...
2026-05-03 19:40:57.322 | INFO     | Backtest   | [回测 4/5] 模拟第 1691/4905 笔交易: 金安国纪...
2026-05-03 19:40:57.557 | INFO     | Backtest   | [回测 4/5] 模拟第 1701/4905 笔交易: 远东股份...
2026-05-03 19:40:57.848 | INFO     | Backtest   | [回测 4/5] 模拟第 1711/4905 笔交易: 天地科技...
2026-05-03 19:40:58.116 | INFO     | Backtest   | [回测 4/5] 模拟第 1721/4905 笔交易: 汇通集团...
2026-05-03 19:40:58.378 | INFO     | Backtest   | [回测 4/5] 模拟第 1731/4905 笔交易: 英洛华...
2026-05-03 19:40:58.693 | INFO     | Backtest   | [回测 4/5] 模拟第 1741/4905 笔交易: 三诺生物...
2026-05-03 19:40:58.972 | INFO     | Backtest   | [回测 4/5] 模拟第 1751/4905 笔交易: 先锋电子...
2026-05-03 19:40:59.238 | INFO     | Backtest   | [回测 4/5] 模拟第 1761/4905 笔交易: 华星创业...
2026-05-03 19:40:59.472 | INFO     | Backtest   | [回测 4/5] 模拟第 1771/4905 笔交易: 奥翔药业...
2026-05-03 19:40:59.709 | INFO     | Backtest   | [回测 4/5] 模拟第 1781/4905 笔交易: 京新药业...
2026-05-03 19:40:59.946 | INFO     | Backtest   | [回测 4/5] 模拟第 1791/4905 笔交易: 河化股份...
2026-05-03 19:41:00.193 | INFO     | Backtest   | [回测 4/5] 模拟第 1801/4905 笔交易: 中国医药...
2026-05-03 19:41:00.466 | INFO     | Backtest   | [回测 4/5] 模拟第 1811/4905 笔交易: 天和防务...
2026-05-03 19:41:00.724 | INFO     | Backtest   | [回测 4/5] 模拟第 1821/4905 笔交易: 深深房Ａ...
2026-05-03 19:41:00.999 | INFO     | Backtest   | [回测 4/5] 模拟第 1831/4905 笔交易: 联美控股...
2026-05-03 19:41:01.277 | INFO     | Backtest   | [回测 4/5] 模拟第 1841/4905 笔交易: 维力医疗...
2026-05-03 19:41:01.549 | INFO     | Backtest   | [回测 4/5] 模拟第 1851/4905 笔交易: 宇环数控...
2026-05-03 19:41:01.845 | INFO     | Backtest   | [回测 4/5] 模拟第 1861/4905 笔交易: 贝斯特...
2026-05-03 19:41:02.136 | INFO     | Backtest   | [回测 4/5] 模拟第 1871/4905 笔交易: 沈阳机床...
2026-05-03 19:41:02.428 | INFO     | Backtest   | [回测 4/5] 模拟第 1881/4905 笔交易: 双杰电气...
2026-05-03 19:41:02.747 | INFO     | Backtest   | [回测 4/5] 模拟第 1891/4905 笔交易: 国茂股份...
2026-05-03 19:41:02.957 | INFO     | Backtest   | [回测 4/5] 模拟第 1901/4905 笔交易: 上实发展...
2026-05-03 19:41:03.207 | INFO     | Backtest   | [回测 4/5] 模拟第 1911/4905 笔交易: 嘉麟杰...
2026-05-03 19:41:03.465 | INFO     | Backtest   | [回测 4/5] 模拟第 1921/4905 笔交易: 金枫酒业...
2026-05-03 19:41:03.769 | INFO     | Backtest   | [回测 4/5] 模拟第 1931/4905 笔交易: 新宝股份...
2026-05-03 19:41:04.082 | INFO     | Backtest   | [回测 4/5] 模拟第 1941/4905 笔交易: 铜陵有色...
2026-05-03 19:41:04.355 | INFO     | Backtest   | [回测 4/5] 模拟第 1951/4905 笔交易: 齐鲁银行...
2026-05-03 19:41:04.598 | INFO     | Backtest   | [回测 4/5] 模拟第 1961/4905 笔交易: 金发科技...
2026-05-03 19:41:04.862 | INFO     | Backtest   | [回测 4/5] 模拟第 1971/4905 笔交易: 景兴纸业...
2026-05-03 19:41:05.139 | INFO     | Backtest   | [回测 4/5] 模拟第 1981/4905 笔交易: 中兰环保...
2026-05-03 19:41:05.388 | INFO     | Backtest   | [回测 4/5] 模拟第 1991/4905 笔交易: 斯瑞新材...
2026-05-03 19:41:05.619 | INFO     | Backtest   | [回测 4/5] 模拟第 2001/4905 笔交易: 华力创通...
2026-05-03 19:41:05.898 | INFO     | Backtest   | [回测 4/5] 模拟第 2011/4905 笔交易: 久日新材...
2026-05-03 19:41:06.164 | INFO     | Backtest   | [回测 4/5] 模拟第 2021/4905 笔交易: 气派科技...
2026-05-03 19:41:06.442 | INFO     | Backtest   | [回测 4/5] 模拟第 2031/4905 笔交易: 南威软件...
2026-05-03 19:41:06.685 | INFO     | Backtest   | [回测 4/5] 模拟第 2041/4905 笔交易: 确成股份...
2026-05-03 19:41:06.938 | INFO     | Backtest   | [回测 4/5] 模拟第 2051/4905 笔交易: 南京新百...
2026-05-03 19:41:07.110 | INFO     | Backtest   | [回测 4/5] 模拟第 2061/4905 笔交易: 集泰股份...
2026-05-03 19:41:07.376 | INFO     | Backtest   | [回测 4/5] 模拟第 2071/4905 笔交易: 新致软件...
2026-05-03 19:41:07.638 | INFO     | Backtest   | [回测 4/5] 模拟第 2081/4905 笔交易: 国新健康...
2026-05-03 19:41:07.866 | INFO     | Backtest   | [回测 4/5] 模拟第 2091/4905 笔交易: 亨通股份...
2026-05-03 19:41:08.135 | INFO     | Backtest   | [回测 4/5] 模拟第 2101/4905 笔交易: 绿盟科技...
2026-05-03 19:41:08.369 | INFO     | Backtest   | [回测 4/5] 模拟第 2111/4905 笔交易: 统一股份...
2026-05-03 19:41:08.606 | INFO     | Backtest   | [回测 4/5] 模拟第 2121/4905 笔交易: 慈文传媒...
2026-05-03 19:41:08.841 | INFO     | Backtest   | [回测 4/5] 模拟第 2131/4905 笔交易: 城市传媒...
2026-05-03 19:41:09.135 | INFO     | Backtest   | [回测 4/5] 模拟第 2141/4905 笔交易: 美利信...
2026-05-03 19:41:09.416 | INFO     | Backtest   | [回测 4/5] 模拟第 2151/4905 笔交易: 有友食品...
2026-05-03 19:41:09.595 | INFO     | Backtest   | [回测 4/5] 模拟第 2161/4905 笔交易: 沃顿科技...
2026-05-03 19:41:09.837 | INFO     | Backtest   | [回测 4/5] 模拟第 2171/4905 笔交易: 华域汽车...
2026-05-03 19:41:10.106 | INFO     | Backtest   | [回测 4/5] 模拟第 2181/4905 笔交易: 先导基电...
2026-05-03 19:41:10.384 | INFO     | Backtest   | [回测 4/5] 模拟第 2191/4905 笔交易: 明牌珠宝...
2026-05-03 19:41:10.606 | INFO     | Backtest   | [回测 4/5] 模拟第 2201/4905 笔交易: 廊坊发展...
2026-05-03 19:41:10.853 | INFO     | Backtest   | [回测 4/5] 模拟第 2211/4905 笔交易: 华峰化学...
2026-05-03 19:41:11.109 | INFO     | Backtest   | [回测 4/5] 模拟第 2221/4905 笔交易: 衢州东峰...
2026-05-03 19:41:11.327 | INFO     | Backtest   | [回测 4/5] 模拟第 2231/4905 笔交易: 万凯新材...
2026-05-03 19:41:11.564 | INFO     | Backtest   | [回测 4/5] 模拟第 2241/4905 笔交易: 容百科技...
2026-05-03 19:41:11.792 | INFO     | Backtest   | [回测 4/5] 模拟第 2251/4905 笔交易: 城投控股...
2026-05-03 19:41:12.004 | INFO     | Backtest   | [回测 4/5] 模拟第 2261/4905 笔交易: 中国化学...
2026-05-03 19:41:12.187 | INFO     | Backtest   | [回测 4/5] 模拟第 2271/4905 笔交易: 电科芯片...
2026-05-03 19:41:12.392 | INFO     | Backtest   | [回测 4/5] 模拟第 2281/4905 笔交易: 中京电子...
2026-05-03 19:41:12.603 | INFO     | Backtest   | [回测 4/5] 模拟第 2291/4905 笔交易: 国盛证券...
2026-05-03 19:41:12.789 | INFO     | Backtest   | [回测 4/5] 模拟第 2301/4905 笔交易: 万泽股份...
2026-05-03 19:41:13.010 | INFO     | Backtest   | [回测 4/5] 模拟第 2311/4905 笔交易: 浙农股份...
2026-05-03 19:41:13.255 | INFO     | Backtest   | [回测 4/5] 模拟第 2321/4905 笔交易: 华通线缆...
2026-05-03 19:41:13.418 | INFO     | Backtest   | [回测 4/5] 模拟第 2331/4905 笔交易: 浙富控股...
2026-05-03 19:41:13.641 | INFO     | Backtest   | [回测 4/5] 模拟第 2341/4905 笔交易: 青山纸业...
2026-05-03 19:41:13.871 | INFO     | Backtest   | [回测 4/5] 模拟第 2351/4905 笔交易: 新通联...
2026-05-03 19:41:14.137 | INFO     | Backtest   | [回测 4/5] 模拟第 2361/4905 笔交易: 安控科技...
2026-05-03 19:41:14.347 | INFO     | Backtest   | [回测 4/5] 模拟第 2371/4905 笔交易: 世纪鼎利...
2026-05-03 19:41:14.505 | INFO     | Backtest   | [回测 4/5] 模拟第 2381/4905 笔交易: 物产环能...
2026-05-03 19:41:14.709 | INFO     | Backtest   | [回测 4/5] 模拟第 2391/4905 笔交易: 能辉科技...
2026-05-03 19:41:14.892 | INFO     | Backtest   | [回测 4/5] 模拟第 2401/4905 笔交易: 雪天盐业...
2026-05-03 19:41:15.133 | INFO     | Backtest   | [回测 4/5] 模拟第 2411/4905 笔交易: 特锐德...
2026-05-03 19:41:15.357 | INFO     | Backtest   | [回测 4/5] 模拟第 2421/4905 笔交易: 特力Ａ...
2026-05-03 19:41:15.580 | INFO     | Backtest   | [回测 4/5] 模拟第 2431/4905 笔交易: 智能自控...
2026-05-03 19:41:15.858 | INFO     | Backtest   | [回测 4/5] 模拟第 2441/4905 笔交易: 众业达...
2026-05-03 19:41:16.108 | INFO     | Backtest   | [回测 4/5] 模拟第 2451/4905 笔交易: 广汽集团...
2026-05-03 19:41:16.372 | INFO     | Backtest   | [回测 4/5] 模拟第 2461/4905 笔交易: 盐湖股份...
2026-05-03 19:41:16.626 | INFO     | Backtest   | [回测 4/5] 模拟第 2471/4905 笔交易: 合锻智能...
2026-05-03 19:41:16.880 | INFO     | Backtest   | [回测 4/5] 模拟第 2481/4905 笔交易: 厦门港务...
2026-05-03 19:41:17.183 | INFO     | Backtest   | [回测 4/5] 模拟第 2491/4905 笔交易: 星辉娱乐...
2026-05-03 19:41:17.399 | INFO     | Backtest   | [回测 4/5] 模拟第 2501/4905 笔交易: 众信旅游...
2026-05-03 19:41:17.645 | INFO     | Backtest   | [回测 4/5] 模拟第 2511/4905 笔交易: 云意电气...
2026-05-03 19:41:17.859 | INFO     | Backtest   | [回测 4/5] 模拟第 2521/4905 笔交易: 中成股份...
2026-05-03 19:41:18.032 | INFO     | Backtest   | [回测 4/5] 模拟第 2531/4905 笔交易: 峰璟股份...
2026-05-03 19:41:18.277 | INFO     | Backtest   | [回测 4/5] 模拟第 2541/4905 笔交易: S佳通...
2026-05-03 19:41:18.511 | INFO     | Backtest   | [回测 4/5] 模拟第 2551/4905 笔交易: 春立医疗...
2026-05-03 19:41:18.738 | INFO     | Backtest   | [回测 4/5] 模拟第 2561/4905 笔交易: 中科通达...
2026-05-03 19:41:18.920 | INFO     | Backtest   | [回测 4/5] 模拟第 2571/4905 笔交易: 太极实业...
2026-05-03 19:41:19.156 | INFO     | Backtest   | [回测 4/5] 模拟第 2581/4905 笔交易: 华蓝集团...
2026-05-03 19:41:19.403 | INFO     | Backtest   | [回测 4/5] 模拟第 2591/4905 笔交易: 江铃汽车...
2026-05-03 19:41:19.639 | INFO     | Backtest   | [回测 4/5] 模拟第 2601/4905 笔交易: 中仑新材...
2026-05-03 19:41:19.861 | INFO     | Backtest   | [回测 4/5] 模拟第 2611/4905 笔交易: 富临精工...
2026-05-03 19:41:20.055 | INFO     | Backtest   | [回测 4/5] 模拟第 2621/4905 笔交易: 泓淋电力...
2026-05-03 19:41:20.244 | INFO     | Backtest   | [回测 4/5] 模拟第 2631/4905 笔交易: 云南铜业...
2026-05-03 19:41:20.455 | INFO     | Backtest   | [回测 4/5] 模拟第 2641/4905 笔交易: 鲁信创投...
2026-05-03 19:41:20.631 | INFO     | Backtest   | [回测 4/5] 模拟第 2651/4905 笔交易: 南山铝业...
2026-05-03 19:41:20.863 | INFO     | Backtest   | [回测 4/5] 模拟第 2661/4905 笔交易: 招商轮船...
2026-05-03 19:41:21.047 | INFO     | Backtest   | [回测 4/5] 模拟第 2671/4905 笔交易: 侨银股份...
2026-05-03 19:41:21.224 | INFO     | Backtest   | [回测 4/5] 模拟第 2681/4905 笔交易: 新锐股份...
2026-05-03 19:41:21.410 | INFO     | Backtest   | [回测 4/5] 模拟第 2691/4905 笔交易: 厚普股份...
2026-05-03 19:41:21.627 | INFO     | Backtest   | [回测 4/5] 模拟第 2701/4905 笔交易: 中国长城...
2026-05-03 19:41:21.783 | INFO     | Backtest   | [回测 4/5] 模拟第 2711/4905 笔交易: 天洋新材...
2026-05-03 19:41:21.965 | INFO     | Backtest   | [回测 4/5] 模拟第 2721/4905 笔交易: 工大高科...
2026-05-03 19:41:22.182 | INFO     | Backtest   | [回测 4/5] 模拟第 2731/4905 笔交易: 大中矿业...
2026-05-03 19:41:22.425 | INFO     | Backtest   | [回测 4/5] 模拟第 2741/4905 笔交易: 锋龙股份...
2026-05-03 19:41:22.650 | INFO     | Backtest   | [回测 4/5] 模拟第 2751/4905 笔交易: 建科智能...
2026-05-03 19:41:22.886 | INFO     | Backtest   | [回测 4/5] 模拟第 2761/4905 笔交易: 易天股份...
2026-05-03 19:41:23.130 | INFO     | Backtest   | [回测 4/5] 模拟第 2771/4905 笔交易: 华电科工...
2026-05-03 19:41:23.382 | INFO     | Backtest   | [回测 4/5] 模拟第 2781/4905 笔交易: 保立佳...
2026-05-03 19:41:23.644 | INFO     | Backtest   | [回测 4/5] 模拟第 2791/4905 笔交易: 钱江生化...
2026-05-03 19:41:23.926 | INFO     | Backtest   | [回测 4/5] 模拟第 2801/4905 笔交易: 富瑞特装...
2026-05-03 19:41:24.177 | INFO     | Backtest   | [回测 4/5] 模拟第 2811/4905 笔交易: 天虹股份...
2026-05-03 19:41:24.400 | INFO     | Backtest   | [回测 4/5] 模拟第 2821/4905 笔交易: 迪普科技...
2026-05-03 19:41:24.616 | INFO     | Backtest   | [回测 4/5] 模拟第 2831/4905 笔交易: 特力Ａ...
2026-05-03 19:41:24.815 | INFO     | Backtest   | [回测 4/5] 模拟第 2841/4905 笔交易: 中农联合...
2026-05-03 19:41:25.032 | INFO     | Backtest   | [回测 4/5] 模拟第 2851/4905 笔交易: 中信特钢...
2026-05-03 19:41:25.276 | INFO     | Backtest   | [回测 4/5] 模拟第 2861/4905 笔交易: 泰和新材...
2026-05-03 19:41:25.542 | INFO     | Backtest   | [回测 4/5] 模拟第 2871/4905 笔交易: 驰宏锌锗...
2026-05-03 19:41:25.760 | INFO     | Backtest   | [回测 4/5] 模拟第 2881/4905 笔交易: 科陆电子...
2026-05-03 19:41:25.944 | INFO     | Backtest   | [回测 4/5] 模拟第 2891/4905 笔交易: 中国卫通...
2026-05-03 19:41:26.134 | INFO     | Backtest   | [回测 4/5] 模拟第 2901/4905 笔交易: 欣锐科技...
2026-05-03 19:41:26.337 | INFO     | Backtest   | [回测 4/5] 模拟第 2911/4905 笔交易: 安泰科技...
2026-05-03 19:41:26.549 | INFO     | Backtest   | [回测 4/5] 模拟第 2921/4905 笔交易: 宏源药业...
2026-05-03 19:41:26.729 | INFO     | Backtest   | [回测 4/5] 模拟第 2931/4905 笔交易: 海南发展...
2026-05-03 19:41:26.951 | INFO     | Backtest   | [回测 4/5] 模拟第 2941/4905 笔交易: 西高院...
2026-05-03 19:41:27.190 | INFO     | Backtest   | [回测 4/5] 模拟第 2951/4905 笔交易: 雅本化学...
2026-05-03 19:41:27.462 | INFO     | Backtest   | [回测 4/5] 模拟第 2961/4905 笔交易: 完美世界...
2026-05-03 19:41:27.741 | INFO     | Backtest   | [回测 4/5] 模拟第 2971/4905 笔交易: 远望谷...
2026-05-03 19:41:28.024 | INFO     | Backtest   | [回测 4/5] 模拟第 2981/4905 笔交易: 恒华科技...
2026-05-03 19:41:28.327 | INFO     | Backtest   | [回测 4/5] 模拟第 2991/4905 笔交易: 惠天热电...
2026-05-03 19:41:28.562 | INFO     | Backtest   | [回测 4/5] 模拟第 3001/4905 笔交易: 健麾信息...
2026-05-03 19:41:28.882 | INFO     | Backtest   | [回测 4/5] 模拟第 3011/4905 笔交易: 茂硕电源...
2026-05-03 19:41:29.198 | INFO     | Backtest   | [回测 4/5] 模拟第 3021/4905 笔交易: 九洲集团...
2026-05-03 19:41:29.399 | INFO     | Backtest   | [回测 4/5] 模拟第 3031/4905 笔交易: 九鼎投资...
2026-05-03 19:41:29.600 | INFO     | Backtest   | [回测 4/5] 模拟第 3041/4905 笔交易: 亚威股份...
2026-05-03 19:41:29.806 | INFO     | Backtest   | [回测 4/5] 模拟第 3051/4905 笔交易: 长江证券...
2026-05-03 19:41:30.020 | INFO     | Backtest   | [回测 4/5] 模拟第 3061/4905 笔交易: 中国电建...
2026-05-03 19:41:30.218 | INFO     | Backtest   | [回测 4/5] 模拟第 3071/4905 笔交易: 美畅股份...
2026-05-03 19:41:30.437 | INFO     | Backtest   | [回测 4/5] 模拟第 3081/4905 笔交易: 会稽山...
2026-05-03 19:41:30.655 | INFO     | Backtest   | [回测 4/5] 模拟第 3091/4905 笔交易: 海信视像...
2026-05-03 19:41:30.890 | INFO     | Backtest   | [回测 4/5] 模拟第 3101/4905 笔交易: 诺唯赞...
2026-05-03 19:41:31.100 | INFO     | Backtest   | [回测 4/5] 模拟第 3111/4905 笔交易: 冠城新材...
2026-05-03 19:41:31.251 | INFO     | Backtest   | [回测 4/5] 模拟第 3121/4905 笔交易: 光云科技...
2026-05-03 19:41:31.430 | INFO     | Backtest   | [回测 4/5] 模拟第 3131/4905 笔交易: 宁波建工...
2026-05-03 19:41:31.617 | INFO     | Backtest   | [回测 4/5] 模拟第 3141/4905 笔交易: 中电环保...
2026-05-03 19:41:31.764 | INFO     | Backtest   | [回测 4/5] 模拟第 3151/4905 笔交易: 永艺股份...
2026-05-03 19:41:31.953 | INFO     | Backtest   | [回测 4/5] 模拟第 3161/4905 笔交易: 德创环保...
2026-05-03 19:41:32.140 | INFO     | Backtest   | [回测 4/5] 模拟第 3171/4905 笔交易: 光莆股份...
2026-05-03 19:41:32.319 | INFO     | Backtest   | [回测 4/5] 模拟第 3181/4905 笔交易: 锡业股份...
2026-05-03 19:41:32.543 | INFO     | Backtest   | [回测 4/5] 模拟第 3191/4905 笔交易: 浙数文化...
2026-05-03 19:41:32.760 | INFO     | Backtest   | [回测 4/5] 模拟第 3201/4905 笔交易: 太龙药业...
2026-05-03 19:41:32.957 | INFO     | Backtest   | [回测 4/5] 模拟第 3211/4905 笔交易: 天铁科技...
2026-05-03 19:41:33.202 | INFO     | Backtest   | [回测 4/5] 模拟第 3221/4905 笔交易: 集泰股份...
2026-05-03 19:41:33.347 | INFO     | Backtest   | [回测 4/5] 模拟第 3231/4905 笔交易: 航天信息...
2026-05-03 19:41:33.553 | INFO     | Backtest   | [回测 4/5] 模拟第 3241/4905 笔交易: 合百集团...
2026-05-03 19:41:33.757 | INFO     | Backtest   | [回测 4/5] 模拟第 3251/4905 笔交易: 安妮股份...
2026-05-03 19:41:33.920 | INFO     | Backtest   | [回测 4/5] 模拟第 3261/4905 笔交易: 省广集团...
2026-05-03 19:41:34.115 | INFO     | Backtest   | [回测 4/5] 模拟第 3271/4905 笔交易: 福安药业...
2026-05-03 19:41:34.312 | INFO     | Backtest   | [回测 4/5] 模拟第 3281/4905 笔交易: 航天软件...
2026-05-03 19:41:34.446 | INFO     | Backtest   | [回测 4/5] 模拟第 3291/4905 笔交易: 阳光乳业...
2026-05-03 19:41:34.644 | INFO     | Backtest   | [回测 4/5] 模拟第 3301/4905 笔交易: 比依股份...
2026-05-03 19:41:34.893 | INFO     | Backtest   | [回测 4/5] 模拟第 3311/4905 笔交易: 雪迪龙...
2026-05-03 19:41:35.059 | INFO     | Backtest   | [回测 4/5] 模拟第 3321/4905 笔交易: 新疆交建...
2026-05-03 19:41:35.240 | INFO     | Backtest   | [回测 4/5] 模拟第 3331/4905 笔交易: 领益智造...
2026-05-03 19:41:35.483 | INFO     | Backtest   | [回测 4/5] 模拟第 3341/4905 笔交易: 上海九百...
2026-05-03 19:41:35.676 | INFO     | Backtest   | [回测 4/5] 模拟第 3351/4905 笔交易: 永新股份...
2026-05-03 19:41:35.892 | INFO     | Backtest   | [回测 4/5] 模拟第 3361/4905 笔交易: 威星智能...
2026-05-03 19:41:36.114 | INFO     | Backtest   | [回测 4/5] 模拟第 3371/4905 笔交易: 三角轮胎...
2026-05-03 19:41:36.340 | INFO     | Backtest   | [回测 4/5] 模拟第 3381/4905 笔交易: 中威电子...
2026-05-03 19:41:36.550 | INFO     | Backtest   | [回测 4/5] 模拟第 3391/4905 笔交易: 万里扬...
2026-05-03 19:41:36.745 | INFO     | Backtest   | [回测 4/5] 模拟第 3401/4905 笔交易: 中国一重...
2026-05-03 19:41:36.942 | INFO     | Backtest   | [回测 4/5] 模拟第 3411/4905 笔交易: 光力科技...
2026-05-03 19:41:37.135 | INFO     | Backtest   | [回测 4/5] 模拟第 3421/4905 笔交易: 颀中科技...
2026-05-03 19:41:37.335 | INFO     | Backtest   | [回测 4/5] 模拟第 3431/4905 笔交易: 耀皮玻璃...
2026-05-03 19:41:37.528 | INFO     | Backtest   | [回测 4/5] 模拟第 3441/4905 笔交易: 泓淋电力...
2026-05-03 19:41:37.694 | INFO     | Backtest   | [回测 4/5] 模拟第 3451/4905 笔交易: 和顺电气...
2026-05-03 19:41:37.866 | INFO     | Backtest   | [回测 4/5] 模拟第 3461/4905 笔交易: 银邦股份...
2026-05-03 19:41:38.034 | INFO     | Backtest   | [回测 4/5] 模拟第 3471/4905 笔交易: 上海银行...
2026-05-03 19:41:38.252 | INFO     | Backtest   | [回测 4/5] 模拟第 3481/4905 笔交易: 美能能源...
2026-05-03 19:41:38.445 | INFO     | Backtest   | [回测 4/5] 模拟第 3491/4905 笔交易: 雄塑科技...
2026-05-03 19:41:38.659 | INFO     | Backtest   | [回测 4/5] 模拟第 3501/4905 笔交易: 天下秀...
2026-05-03 19:41:38.874 | INFO     | Backtest   | [回测 4/5] 模拟第 3511/4905 笔交易: 锦江酒店...
2026-05-03 19:41:39.034 | INFO     | Backtest   | [回测 4/5] 模拟第 3521/4905 笔交易: 前沿生物-U...
2026-05-03 19:41:39.203 | INFO     | Backtest   | [回测 4/5] 模拟第 3531/4905 笔交易: 艾隆科技...
2026-05-03 19:41:39.377 | INFO     | Backtest   | [回测 4/5] 模拟第 3541/4905 笔交易: 阳普医疗...
2026-05-03 19:41:39.572 | INFO     | Backtest   | [回测 4/5] 模拟第 3551/4905 笔交易: 豪江智能...
2026-05-03 19:41:39.815 | INFO     | Backtest   | [回测 4/5] 模拟第 3561/4905 笔交易: 广发证券...
2026-05-03 19:41:40.010 | INFO     | Backtest   | [回测 4/5] 模拟第 3571/4905 笔交易: 奥赛康...
2026-05-03 19:41:40.198 | INFO     | Backtest   | [回测 4/5] 模拟第 3581/4905 笔交易: 利德曼...
2026-05-03 19:41:40.421 | INFO     | Backtest   | [回测 4/5] 模拟第 3591/4905 笔交易: 城发环境...
2026-05-03 19:41:40.655 | INFO     | Backtest   | [回测 4/5] 模拟第 3601/4905 笔交易: 东方生物...
2026-05-03 19:41:40.863 | INFO     | Backtest   | [回测 4/5] 模拟第 3611/4905 笔交易: 美康生物...
2026-05-03 19:41:41.075 | INFO     | Backtest   | [回测 4/5] 模拟第 3621/4905 笔交易: 新天药业...
2026-05-03 19:41:41.265 | INFO     | Backtest   | [回测 4/5] 模拟第 3631/4905 笔交易: 神州高铁...
2026-05-03 19:41:41.476 | INFO     | Backtest   | [回测 4/5] 模拟第 3641/4905 笔交易: 千里科技...
2026-05-03 19:41:41.663 | INFO     | Backtest   | [回测 4/5] 模拟第 3651/4905 笔交易: 天瑞仪器...
2026-05-03 19:41:41.891 | INFO     | Backtest   | [回测 4/5] 模拟第 3661/4905 笔交易: 利尔化学...
2026-05-03 19:41:42.095 | INFO     | Backtest   | [回测 4/5] 模拟第 3671/4905 笔交易: 红宝丽...
2026-05-03 19:41:42.338 | INFO     | Backtest   | [回测 4/5] 模拟第 3681/4905 笔交易: 晶瑞电材...
2026-05-03 19:41:42.552 | INFO     | Backtest   | [回测 4/5] 模拟第 3691/4905 笔交易: 山西证券...
2026-05-03 19:41:42.786 | INFO     | Backtest   | [回测 4/5] 模拟第 3701/4905 笔交易: 东风科技...
2026-05-03 19:41:42.983 | INFO     | Backtest   | [回测 4/5] 模拟第 3711/4905 笔交易: 腾达科技...
2026-05-03 19:41:43.210 | INFO     | Backtest   | [回测 4/5] 模拟第 3721/4905 笔交易: 华光环能...
2026-05-03 19:41:43.364 | INFO     | Backtest   | [回测 4/5] 模拟第 3731/4905 笔交易: 康盛股份...
2026-05-03 19:41:43.546 | INFO     | Backtest   | [回测 4/5] 模拟第 3741/4905 笔交易: 中瑞股份...
2026-05-03 19:41:43.737 | INFO     | Backtest   | [回测 4/5] 模拟第 3751/4905 笔交易: 泰豪科技...
2026-05-03 19:41:43.929 | INFO     | Backtest   | [回测 4/5] 模拟第 3761/4905 笔交易: 翔港科技...
2026-05-03 19:41:44.115 | INFO     | Backtest   | [回测 4/5] 模拟第 3771/4905 笔交易: 厚普股份...
2026-05-03 19:41:44.332 | INFO     | Backtest   | [回测 4/5] 模拟第 3781/4905 笔交易: 富煌钢构...
2026-05-03 19:41:44.553 | INFO     | Backtest   | [回测 4/5] 模拟第 3791/4905 笔交易: 汇金通...
2026-05-03 19:41:44.768 | INFO     | Backtest   | [回测 4/5] 模拟第 3801/4905 笔交易: 捷安高科...
2026-05-03 19:41:44.978 | INFO     | Backtest   | [回测 4/5] 模拟第 3811/4905 笔交易: 建研院...
2026-05-03 19:41:45.203 | INFO     | Backtest   | [回测 4/5] 模拟第 3821/4905 笔交易: 时代万恒...
2026-05-03 19:41:45.421 | INFO     | Backtest   | [回测 4/5] 模拟第 3831/4905 笔交易: 森泰股份...
2026-05-03 19:41:45.575 | INFO     | Backtest   | [回测 4/5] 模拟第 3841/4905 笔交易: 富祥药业...
2026-05-03 19:41:45.759 | INFO     | Backtest   | [回测 4/5] 模拟第 3851/4905 笔交易: 华谊兄弟...
2026-05-03 19:41:45.935 | INFO     | Backtest   | [回测 4/5] 模拟第 3861/4905 笔交易: 东华能源...
2026-05-03 19:41:46.118 | INFO     | Backtest   | [回测 4/5] 模拟第 3871/4905 笔交易: 森赫股份...
2026-05-03 19:41:46.289 | INFO     | Backtest   | [回测 4/5] 模拟第 3881/4905 笔交易: 飞天诚信...
2026-05-03 19:41:46.502 | INFO     | Backtest   | [回测 4/5] 模拟第 3891/4905 笔交易: 洛阳钼业...
2026-05-03 19:41:46.647 | INFO     | Backtest   | [回测 4/5] 模拟第 3901/4905 笔交易: 博源化工...
2026-05-03 19:41:46.796 | INFO     | Backtest   | [回测 4/5] 模拟第 3911/4905 笔交易: 双象股份...
2026-05-03 19:41:47.030 | INFO     | Backtest   | [回测 4/5] 模拟第 3921/4905 笔交易: 深南电A...
2026-05-03 19:41:47.215 | INFO     | Backtest   | [回测 4/5] 模拟第 3931/4905 笔交易: 京源环保...
2026-05-03 19:41:47.437 | INFO     | Backtest   | [回测 4/5] 模拟第 3941/4905 笔交易: 福然德...
2026-05-03 19:41:47.661 | INFO     | Backtest   | [回测 4/5] 模拟第 3951/4905 笔交易: 同和药业...
2026-05-03 19:41:47.868 | INFO     | Backtest   | [回测 4/5] 模拟第 3961/4905 笔交易: 一拖股份...
2026-05-03 19:41:48.064 | INFO     | Backtest   | [回测 4/5] 模拟第 3971/4905 笔交易: 宁波精达...
2026-05-03 19:41:48.220 | INFO     | Backtest   | [回测 4/5] 模拟第 3981/4905 笔交易: 西藏城投...
2026-05-03 19:41:48.395 | INFO     | Backtest   | [回测 4/5] 模拟第 3991/4905 笔交易: 西藏珠峰...
2026-05-03 19:41:48.530 | INFO     | Backtest   | [回测 4/5] 模拟第 4001/4905 笔交易: 天合光能...
2026-05-03 19:41:48.689 | INFO     | Backtest   | [回测 4/5] 模拟第 4011/4905 笔交易: 九州通...
2026-05-03 19:41:48.857 | INFO     | Backtest   | [回测 4/5] 模拟第 4021/4905 笔交易: 芯能科技...
2026-05-03 19:41:49.011 | INFO     | Backtest   | [回测 4/5] 模拟第 4031/4905 笔交易: 中信金属...
2026-05-03 19:41:49.144 | INFO     | Backtest   | [回测 4/5] 模拟第 4041/4905 笔交易: 汤姆猫...
2026-05-03 19:41:49.254 | INFO     | Backtest   | [回测 4/5] 模拟第 4051/4905 笔交易: 亚虹医药-U...
2026-05-03 19:41:49.402 | INFO     | Backtest   | [回测 4/5] 模拟第 4061/4905 笔交易: XD宝丰能...
2026-05-03 19:41:49.538 | INFO     | Backtest   | [回测 4/5] 模拟第 4071/4905 笔交易: 嘉化能源...
2026-05-03 19:41:49.664 | INFO     | Backtest   | [回测 4/5] 模拟第 4081/4905 笔交易: 黄山旅游...
2026-05-03 19:41:49.849 | INFO     | Backtest   | [回测 4/5] 模拟第 4091/4905 笔交易: 晋亿实业...
2026-05-03 19:41:50.023 | INFO     | Backtest   | [回测 4/5] 模拟第 4101/4905 笔交易: 哈空调...
2026-05-03 19:41:50.217 | INFO     | Backtest   | [回测 4/5] 模拟第 4111/4905 笔交易: 浙江医药...
2026-05-03 19:41:50.393 | INFO     | Backtest   | [回测 4/5] 模拟第 4121/4905 笔交易: 公元股份...
2026-05-03 19:41:50.633 | INFO     | Backtest   | [回测 4/5] 模拟第 4131/4905 笔交易: 捷顺科技...
2026-05-03 19:41:50.832 | INFO     | Backtest   | [回测 4/5] 模拟第 4141/4905 笔交易: 国网英大...
2026-05-03 19:41:50.992 | INFO     | Backtest   | [回测 4/5] 模拟第 4151/4905 笔交易: 晶澳科技...
2026-05-03 19:41:51.183 | INFO     | Backtest   | [回测 4/5] 模拟第 4161/4905 笔交易: 保龄宝...
2026-05-03 19:41:51.356 | INFO     | Backtest   | [回测 4/5] 模拟第 4171/4905 笔交易: 安彩高科...
2026-05-03 19:41:51.573 | INFO     | Backtest   | [回测 4/5] 模拟第 4181/4905 笔交易: 瑞茂通...
2026-05-03 19:41:51.725 | INFO     | Backtest   | [回测 4/5] 模拟第 4191/4905 笔交易: 厦门港务...
2026-05-03 19:41:51.885 | INFO     | Backtest   | [回测 4/5] 模拟第 4201/4905 笔交易: 金瑞矿业...
2026-05-03 19:41:52.055 | INFO     | Backtest   | [回测 4/5] 模拟第 4211/4905 笔交易: 兔宝宝...
2026-05-03 19:41:52.198 | INFO     | Backtest   | [回测 4/5] 模拟第 4221/4905 笔交易: 掌阅科技...
2026-05-03 19:41:52.387 | INFO     | Backtest   | [回测 4/5] 模拟第 4231/4905 笔交易: 辉隆股份...
2026-05-03 19:41:52.592 | INFO     | Backtest   | [回测 4/5] 模拟第 4241/4905 笔交易: 太龙股份...
2026-05-03 19:41:52.747 | INFO     | Backtest   | [回测 4/5] 模拟第 4251/4905 笔交易: 先进数通...
2026-05-03 19:41:52.926 | INFO     | Backtest   | [回测 4/5] 模拟第 4261/4905 笔交易: 长阳科技...
2026-05-03 19:41:53.114 | INFO     | Backtest   | [回测 4/5] 模拟第 4271/4905 笔交易: 宏源药业...
2026-05-03 19:41:53.272 | INFO     | Backtest   | [回测 4/5] 模拟第 4281/4905 笔交易: 彩虹股份...
2026-05-03 19:41:53.415 | INFO     | Backtest   | [回测 4/5] 模拟第 4291/4905 笔交易: 孚日股份...
2026-05-03 19:41:53.558 | INFO     | Backtest   | [回测 4/5] 模拟第 4301/4905 笔交易: 新劲刚...
2026-05-03 19:41:53.692 | INFO     | Backtest   | [回测 4/5] 模拟第 4311/4905 笔交易: 圣农发展...
2026-05-03 19:41:53.819 | INFO     | Backtest   | [回测 4/5] 模拟第 4321/4905 笔交易: 华创云信...
2026-05-03 19:41:53.950 | INFO     | Backtest   | [回测 4/5] 模拟第 4331/4905 笔交易: 新凤鸣...
2026-05-03 19:41:54.077 | INFO     | Backtest   | [回测 4/5] 模拟第 4341/4905 笔交易: 亚星化学...
2026-05-03 19:41:54.230 | INFO     | Backtest   | [回测 4/5] 模拟第 4351/4905 笔交易: 赞宇科技...
2026-05-03 19:41:54.361 | INFO     | Backtest   | [回测 4/5] 模拟第 4361/4905 笔交易: 海天精工...
2026-05-03 19:41:54.557 | INFO     | Backtest   | [回测 4/5] 模拟第 4371/4905 笔交易: 航锦科技...
2026-05-03 19:41:54.697 | INFO     | Backtest   | [回测 4/5] 模拟第 4381/4905 笔交易: 精进电动-UW...
2026-05-03 19:41:54.822 | INFO     | Backtest   | [回测 4/5] 模拟第 4391/4905 笔交易: 昌红科技...
2026-05-03 19:41:55.018 | INFO     | Backtest   | [回测 4/5] 模拟第 4401/4905 笔交易: 大西洋...
2026-05-03 19:41:55.179 | INFO     | Backtest   | [回测 4/5] 模拟第 4411/4905 笔交易: 山东玻纤...
2026-05-03 19:41:55.308 | INFO     | Backtest   | [回测 4/5] 模拟第 4421/4905 笔交易: 双星新材...
2026-05-03 19:41:55.453 | INFO     | Backtest   | [回测 4/5] 模拟第 4431/4905 笔交易: 三友化工...
2026-05-03 19:41:55.608 | INFO     | Backtest   | [回测 4/5] 模拟第 4441/4905 笔交易: 钛能化学...
2026-05-03 19:41:55.750 | INFO     | Backtest   | [回测 4/5] 模拟第 4451/4905 笔交易: 鲁北化工...
2026-05-03 19:41:55.886 | INFO     | Backtest   | [回测 4/5] 模拟第 4461/4905 笔交易: 青松股份...
2026-05-03 19:41:55.988 | INFO     | Backtest   | [回测 4/5] 模拟第 4471/4905 笔交易: 皇氏集团...
2026-05-03 19:41:56.131 | INFO     | Backtest   | [回测 4/5] 模拟第 4481/4905 笔交易: 时代万恒...
2026-05-03 19:41:56.280 | INFO     | Backtest   | [回测 4/5] 模拟第 4491/4905 笔交易: 大连热电...
2026-05-03 19:41:56.425 | INFO     | Backtest   | [回测 4/5] 模拟第 4501/4905 笔交易: 中远通...
2026-05-03 19:41:56.613 | INFO     | Backtest   | [回测 4/5] 模拟第 4511/4905 笔交易: 狮头股份...
2026-05-03 19:41:56.757 | INFO     | Backtest   | [回测 4/5] 模拟第 4521/4905 笔交易: 振东制药...
2026-05-03 19:41:56.920 | INFO     | Backtest   | [回测 4/5] 模拟第 4531/4905 笔交易: 开尔新材...
2026-05-03 19:41:57.137 | INFO     | Backtest   | [回测 4/5] 模拟第 4541/4905 笔交易: XD高能环...
2026-05-03 19:41:57.296 | INFO     | Backtest   | [回测 4/5] 模拟第 4551/4905 笔交易: 我武生物...
2026-05-03 19:41:57.467 | INFO     | Backtest   | [回测 4/5] 模拟第 4561/4905 笔交易: 上海家化...
2026-05-03 19:41:57.618 | INFO     | Backtest   | [回测 4/5] 模拟第 4571/4905 笔交易: 鹏鹞环保...
2026-05-03 19:41:57.767 | INFO     | Backtest   | [回测 4/5] 模拟第 4581/4905 笔交易: 莲花控股...
2026-05-03 19:41:57.917 | INFO     | Backtest   | [回测 4/5] 模拟第 4591/4905 笔交易: 凯美特气...
2026-05-03 19:41:58.090 | INFO     | Backtest   | [回测 4/5] 模拟第 4601/4905 笔交易: 创维数字...
2026-05-03 19:41:58.251 | INFO     | Backtest   | [回测 4/5] 模拟第 4611/4905 笔交易: 恒盛能源...
2026-05-03 19:41:58.432 | INFO     | Backtest   | [回测 4/5] 模拟第 4621/4905 笔交易: 智光电气...
2026-05-03 19:41:58.661 | INFO     | Backtest   | [回测 4/5] 模拟第 4631/4905 笔交易: 康斯特...
2026-05-03 19:41:58.856 | INFO     | Backtest   | [回测 4/5] 模拟第 4641/4905 笔交易: 幸福蓝海...
2026-05-03 19:41:59.032 | INFO     | Backtest   | [回测 4/5] 模拟第 4651/4905 笔交易: 福达股份...
2026-05-03 19:41:59.226 | INFO     | Backtest   | [回测 4/5] 模拟第 4661/4905 笔交易: 聚光科技...
2026-05-03 19:41:59.419 | INFO     | Backtest   | [回测 4/5] 模拟第 4671/4905 笔交易: 瑞泰新材...
2026-05-03 19:41:59.614 | INFO     | Backtest   | [回测 4/5] 模拟第 4681/4905 笔交易: 华源控股...
2026-05-03 19:41:59.813 | INFO     | Backtest   | [回测 4/5] 模拟第 4691/4905 笔交易: 飞力达...
2026-05-03 19:42:00.020 | INFO     | Backtest   | [回测 4/5] 模拟第 4701/4905 笔交易: 嘉应制药...
2026-05-03 19:42:00.223 | INFO     | Backtest   | [回测 4/5] 模拟第 4711/4905 笔交易: 德艺文创...
2026-05-03 19:42:00.360 | INFO     | Backtest   | [回测 4/5] 模拟第 4721/4905 笔交易: 海联金汇...
2026-05-03 19:42:00.569 | INFO     | Backtest   | [回测 4/5] 模拟第 4731/4905 笔交易: 宏达高科...
2026-05-03 19:42:00.766 | INFO     | Backtest   | [回测 4/5] 模拟第 4741/4905 笔交易: 吉林敖东...
2026-05-03 19:42:00.953 | INFO     | Backtest   | [回测 4/5] 模拟第 4751/4905 笔交易: 迈赫股份...
2026-05-03 19:42:01.139 | INFO     | Backtest   | [回测 4/5] 模拟第 4761/4905 笔交易: 湘佳股份...
2026-05-03 19:42:01.321 | INFO     | Backtest   | [回测 4/5] 模拟第 4771/4905 笔交易: 水星家纺...
2026-05-03 19:42:01.491 | INFO     | Backtest   | [回测 4/5] 模拟第 4781/4905 笔交易: 佳力图...
2026-05-03 19:42:01.645 | INFO     | Backtest   | [回测 4/5] 模拟第 4791/4905 笔交易: 金钼股份...
2026-05-03 19:42:01.803 | INFO     | Backtest   | [回测 4/5] 模拟第 4801/4905 笔交易: 光莆股份...
2026-05-03 19:42:01.935 | INFO     | Backtest   | [回测 4/5] 模拟第 4811/4905 笔交易: 平高电气...
2026-05-03 19:42:02.068 | INFO     | Backtest   | [回测 4/5] 模拟第 4821/4905 笔交易: 金信诺...
2026-05-03 19:42:02.220 | INFO     | Backtest   | [回测 4/5] 模拟第 4831/4905 笔交易: 元祖股份...
2026-05-03 19:42:02.345 | INFO     | Backtest   | [回测 4/5] 模拟第 4841/4905 笔交易: 三鑫医疗...
2026-05-03 19:42:02.529 | INFO     | Backtest   | [回测 4/5] 模拟第 4851/4905 笔交易: 湖北宜化...
2026-05-03 19:42:02.619 | INFO     | Backtest   | [回测 4/5] 模拟第 4861/4905 笔交易: 蔚蓝锂芯...
2026-05-03 19:42:02.765 | INFO     | Backtest   | [回测 4/5] 模拟第 4871/4905 笔交易: 初灵信息...
2026-05-03 19:42:02.891 | INFO     | Backtest   | [回测 4/5] 模拟第 4881/4905 笔交易: 麦捷科技...
2026-05-03 19:42:03.004 | INFO     | Backtest   | [回测 4/5] 模拟第 4891/4905 笔交易: 芯联集成-U...
2026-05-03 19:42:03.155 | INFO     | Backtest   | [回测 4/5] 模拟第 4901/4905 笔交易: 广哈通信...
2026-05-03 19:42:03.219 | INFO     | Backtest   | [回测 5/5] 回测任务完成: 1145笔(含0笔平手离场)
2026-05-03 19:42:04.033 | INFO     | Backtest   | [回测 1/5] 筛选回测目标股票...
2026-05-03 19:42:04.049 | INFO     | Backtest   | [回测 2/5] 加载 5010 只股票的历史数据进行快速扫描...
2026-05-03 19:42:17.360 | INFO     | Backtest   | [回测 3/5] 计算策略信号 (基于日线信号库)...
2026-05-03 19:42:17.367 | INFO     | Screener   | 🧬 [Loader] 识别到类继承策略: MA5AngleOriginalStrategy
2026-05-03 19:42:24.839 | INFO     | Backtest   | [回测 4/5] 处理 146 条信号，执行精细分钟线仿真...
2026-05-03 19:42:24.839 | INFO     | Backtest   | [回测 4/5] 模拟第 1/146 笔交易: 升达林业...
2026-05-03 19:42:25.140 | INFO     | Backtest   | [回测 4/5] 模拟第 11/146 笔交易: 华海药业...
2026-05-03 19:42:25.404 | INFO     | Backtest   | [回测 4/5] 模拟第 21/146 笔交易: 三德科技...
2026-05-03 19:42:25.648 | INFO     | Backtest   | [回测 4/5] 模拟第 31/146 笔交易: 南新制药...
2026-05-03 19:42:25.890 | INFO     | Backtest   | [回测 4/5] 模拟第 41/146 笔交易: 宇新股份...
2026-05-03 19:42:26.150 | INFO     | Backtest   | [回测 4/5] 模拟第 51/146 笔交易: 飞乐音响...
2026-05-03 19:42:26.428 | INFO     | Backtest   | [回测 4/5] 模拟第 61/146 笔交易: 荣联科技...
2026-05-03 19:42:26.667 | INFO     | Backtest   | [回测 4/5] 模拟第 71/146 笔交易: 上实发展...
2026-05-03 19:42:26.898 | INFO     | Backtest   | [回测 4/5] 模拟第 81/146 笔交易: 汉宇集团...
2026-05-03 19:42:27.122 | INFO     | Backtest   | [回测 4/5] 模拟第 91/146 笔交易: 实达集团...
2026-05-03 19:42:27.328 | INFO     | Backtest   | [回测 4/5] 模拟第 101/146 笔交易: 百通能源...
2026-05-03 19:42:27.542 | INFO     | Backtest   | [回测 4/5] 模拟第 111/146 笔交易: 仁东控股...
2026-05-03 19:42:27.727 | INFO     | Backtest   | [回测 4/5] 模拟第 121/146 笔交易: 海峡创新...
2026-05-03 19:42:27.873 | INFO     | Backtest   | [回测 4/5] 模拟第 131/146 笔交易: 金海高科...
2026-05-03 19:42:28.057 | INFO     | Backtest   | [回测 4/5] 模拟第 141/146 笔交易: 海亮股份...
2026-05-03 19:42:28.106 | INFO     | Backtest   | [回测 5/5] 回测任务完成: 133笔(含0笔平手离场)
2026-05-03 19:43:04.046 | INFO     | DuckDB     | DuckDB | 所有核心表结构初始化完成 (含热点板块)
2026-05-03 19:43:04.046 | INFO     | DuckDB     | DuckDB 核心就绪: E:\1target\p9_project\quant-platform\data\meta\meta.db
2026-05-03 19:43:26.035 | INFO     | DuckDB     | DuckDB | 所有核心表结构初始化完成 (含热点板块)
2026-05-03 19:43:26.035 | INFO     | DuckDB     | DuckDB 核心就绪: E:\1target\p9_project\quant-platform\data\meta\meta.db
2026-05-03 19:44:07.765 | INFO     | DuckDB     | DuckDB | 所有核心表结构初始化完成 (含热点板块)
2026-05-03 19:44:07.765 | INFO     | DuckDB     | DuckDB 核心就绪: E:\1target\p9_project\quant-platform\data\meta\meta.db
2026-05-03 19:44:07.771 | INFO     | Backtest   | [回测 1/5] 筛选回测目标股票...
2026-05-03 19:44:07.780 | INFO     | Backtest   | [回测 2/5] 加载 5010 只股票的历史数据进行快速扫描...
2026-05-03 19:44:21.390 | INFO     | Backtest   | [回测 3/5] 计算策略信号 (基于日线信号库)...
2026-05-03 19:44:21.398 | INFO     | Screener   | 🧬 [Loader] 识别到类继承策略: MA5AngleOriginalStrategy
2026-05-03 19:44:28.848 | INFO     | Backtest   | [回测 4/5] 处理 4905 条信号，执行精细分钟线仿真...
2026-05-03 19:44:28.854 | INFO     | Backtest   | [回测 4/5] 模拟第 1/4905 笔交易: 升达林业...
2026-05-03 19:44:29.172 | INFO     | Backtest   | [回测 4/5] 模拟第 11/4905 笔交易: 万丰股份...
2026-05-03 19:44:29.500 | INFO     | Backtest   | [回测 4/5] 模拟第 21/4905 笔交易: 恒誉环保...
2026-05-03 19:44:29.843 | INFO     | Backtest   | [回测 4/5] 模拟第 31/4905 笔交易: 锦鸡股份...
2026-05-03 19:44:30.210 | INFO     | Backtest   | [回测 4/5] 模拟第 41/4905 笔交易: 君正集团...
2026-05-03 19:44:30.577 | INFO     | Backtest   | [回测 4/5] 模拟第 51/4905 笔交易: 海洋王...
2026-05-03 19:44:30.889 | INFO     | Backtest   | [回测 4/5] 模拟第 61/4905 笔交易: 三雄极光...
2026-05-03 19:44:31.226 | INFO     | Backtest   | [回测 4/5] 模拟第 71/4905 笔交易: 世名科技...
2026-05-03 19:44:31.539 | INFO     | Backtest   | [回测 4/5] 模拟第 81/4905 笔交易: 朝阳科技...
2026-05-03 19:44:31.847 | INFO     | Backtest   | [回测 4/5] 模拟第 91/4905 笔交易: 飞荣达...
2026-05-03 19:44:32.172 | INFO     | Backtest   | [回测 4/5] 模拟第 101/4905 笔交易: 春兴精工...
2026-05-03 19:44:32.499 | INFO     | Backtest   | [回测 4/5] 模拟第 111/4905 笔交易: 苏州科达...
2026-05-03 19:44:32.866 | INFO     | Backtest   | [回测 4/5] 模拟第 121/4905 笔交易: 海默科技...
2026-05-03 19:44:33.244 | INFO     | Backtest   | [回测 4/5] 模拟第 131/4905 笔交易: 立昂技术...
2026-05-03 19:44:33.564 | INFO     | Backtest   | [回测 4/5] 模拟第 141/4905 笔交易: 多伦科技...
2026-05-03 19:44:33.960 | INFO     | Backtest   | [回测 4/5] 模拟第 151/4905 笔交易: 易瑞生物...
2026-05-03 19:44:34.321 | INFO     | Backtest   | [回测 4/5] 模拟第 161/4905 笔交易: 宇环数控...
2026-05-03 19:44:34.692 | INFO     | Backtest   | [回测 4/5] 模拟第 171/4905 笔交易: 格尔软件...
2026-05-03 19:44:35.062 | INFO     | Backtest   | [回测 4/5] 模拟第 181/4905 笔交易: 神州信息...
2026-05-03 19:44:35.409 | INFO     | Backtest   | [回测 4/5] 模拟第 191/4905 笔交易: 鸿特科技...
2026-05-03 19:44:35.752 | INFO     | Backtest   | [回测 4/5] 模拟第 201/4905 笔交易: 东方智造...
2026-05-03 19:44:36.112 | INFO     | Backtest   | [回测 4/5] 模拟第 211/4905 笔交易: 粤桂股份...
2026-05-03 19:44:36.464 | INFO     | Backtest   | [回测 4/5] 模拟第 221/4905 笔交易: 松霖科技...
2026-05-03 19:44:36.827 | INFO     | Backtest   | [回测 4/5] 模拟第 231/4905 笔交易: 久其软件...
2026-05-03 19:44:37.189 | INFO     | Backtest   | [回测 4/5] 模拟第 241/4905 笔交易: 锦龙股份...
2026-05-03 19:44:37.563 | INFO     | Backtest   | [回测 4/5] 模拟第 251/4905 笔交易: 菲沃泰...
2026-05-03 19:44:37.939 | INFO     | Backtest   | [回测 4/5] 模拟第 261/4905 笔交易: 山高环能...
2026-05-03 19:44:38.314 | INFO     | Backtest   | [回测 4/5] 模拟第 271/4905 笔交易: 四创电子...
2026-05-03 19:44:38.674 | INFO     | Backtest   | [回测 4/5] 模拟第 281/4905 笔交易: 广电运通...
2026-05-03 19:44:39.048 | INFO     | Backtest   | [回测 4/5] 模拟第 291/4905 笔交易: 中科江南...
2026-05-03 19:44:39.432 | INFO     | Backtest   | [回测 4/5] 模拟第 301/4905 笔交易: 钛能化学...
2026-05-03 19:44:39.795 | INFO     | Backtest   | [回测 4/5] 模拟第 311/4905 笔交易: 华鼎股份...
2026-05-03 19:44:40.147 | INFO     | Backtest   | [回测 4/5] 模拟第 321/4905 笔交易: 钱江生化...
2026-05-03 19:44:40.514 | INFO     | Backtest   | [回测 4/5] 模拟第 331/4905 笔交易: 德冠新材...
2026-05-03 19:44:40.856 | INFO     | Backtest   | [回测 4/5] 模拟第 341/4905 笔交易: 罗平锌电...
2026-05-03 19:44:41.222 | INFO     | Backtest   | [回测 4/5] 模拟第 351/4905 笔交易: 金智科技...
2026-05-03 19:44:41.553 | INFO     | Backtest   | [回测 4/5] 模拟第 361/4905 笔交易: 宏盛华源...
2026-05-03 19:44:41.926 | INFO     | Backtest   | [回测 4/5] 模拟第 371/4905 笔交易: 东软集团...
2026-05-03 19:44:42.308 | INFO     | Backtest   | [回测 4/5] 模拟第 381/4905 笔交易: 泰和科技...
2026-05-03 19:44:42.654 | INFO     | Backtest   | [回测 4/5] 模拟第 391/4905 笔交易: 海德股份...
2026-05-03 19:44:43.002 | INFO     | Backtest   | [回测 4/5] 模拟第 401/4905 笔交易: 中关村...
2026-05-03 19:44:43.322 | INFO     | Backtest   | [回测 4/5] 模拟第 411/4905 笔交易: 彩蝶实业...
2026-05-03 19:44:43.666 | INFO     | Backtest   | [回测 4/5] 模拟第 421/4905 笔交易: 汇金通...
2026-05-03 19:44:44.043 | INFO     | Backtest   | [回测 4/5] 模拟第 431/4905 笔交易: 西部矿业...
2026-05-03 19:44:44.381 | INFO     | Backtest   | [回测 4/5] 模拟第 441/4905 笔交易: 游族网络...
2026-05-03 19:44:44.713 | INFO     | Backtest   | [回测 4/5] 模拟第 451/4905 笔交易: 保龄宝...
2026-05-03 19:44:45.004 | INFO     | Backtest   | [回测 4/5] 模拟第 461/4905 笔交易: 麦克奥迪...
2026-05-03 19:44:45.306 | INFO     | Backtest   | [回测 4/5] 模拟第 471/4905 笔交易: 博汇纸业...
2026-05-03 19:44:45.634 | INFO     | Backtest   | [回测 4/5] 模拟第 481/4905 笔交易: 得利斯...
2026-05-03 19:44:45.977 | INFO     | Backtest   | [回测 4/5] 模拟第 491/4905 笔交易: 宁波富达...
2026-05-03 19:44:46.344 | INFO     | Backtest   | [回测 4/5] 模拟第 501/4905 笔交易: 上海九百...
2026-05-03 19:44:46.679 | INFO     | Backtest   | [回测 4/5] 模拟第 511/4905 笔交易: 粤高速Ａ...
2026-05-03 19:44:47.001 | INFO     | Backtest   | [回测 4/5] 模拟第 521/4905 笔交易: 高乐股份...
2026-05-03 19:44:47.281 | INFO     | Backtest   | [回测 4/5] 模拟第 531/4905 笔交易: 海伦钢琴...
2026-05-03 19:44:47.569 | INFO     | Backtest   | [回测 4/5] 模拟第 541/4905 笔交易: 李子园...
2026-05-03 19:44:47.908 | INFO     | Backtest   | [回测 4/5] 模拟第 551/4905 笔交易: 崧盛股份...
2026-05-03 19:44:48.257 | INFO     | Backtest   | [回测 4/5] 模拟第 561/4905 笔交易: 恒尚节能...
2026-05-03 19:44:48.563 | INFO     | Backtest   | [回测 4/5] 模拟第 571/4905 笔交易: 明阳电路...
2026-05-03 19:44:48.875 | INFO     | Backtest   | [回测 4/5] 模拟第 581/4905 笔交易: 二六三...
2026-05-03 19:44:49.227 | INFO     | Backtest   | [回测 4/5] 模拟第 591/4905 笔交易: 大为股份...
2026-05-03 19:44:49.533 | INFO     | Backtest   | [回测 4/5] 模拟第 601/4905 笔交易: 星网宇达...
2026-05-03 19:44:49.856 | INFO     | Backtest   | [回测 4/5] 模拟第 611/4905 笔交易: 锦江在线...
2026-05-03 19:44:50.158 | INFO     | Backtest   | [回测 4/5] 模拟第 621/4905 笔交易: 再升科技...
2026-05-03 19:44:50.496 | INFO     | Backtest   | [回测 4/5] 模拟第 631/4905 笔交易: 汉缆股份...
2026-05-03 19:44:50.854 | INFO     | Backtest   | [回测 4/5] 模拟第 641/4905 笔交易: 奥拓电子...
2026-05-03 19:44:51.185 | INFO     | Backtest   | [回测 4/5] 模拟第 651/4905 笔交易: 三维通信...
2026-05-03 19:44:51.432 | INFO     | Backtest   | [回测 4/5] 模拟第 661/4905 笔交易: 杭州高新...
2026-05-03 19:44:51.723 | INFO     | Backtest   | [回测 4/5] 模拟第 671/4905 笔交易: 南新制药...
2026-05-03 19:44:52.056 | INFO     | Backtest   | [回测 4/5] 模拟第 681/4905 笔交易: 华媒控股...
2026-05-03 19:44:52.373 | INFO     | Backtest   | [回测 4/5] 模拟第 691/4905 笔交易: 康泰医学...
2026-05-03 19:44:52.702 | INFO     | Backtest   | [回测 4/5] 模拟第 701/4905 笔交易: 三旺通信...
2026-05-03 19:44:53.037 | INFO     | Backtest   | [回测 4/5] 模拟第 711/4905 笔交易: 雅博股份...
2026-05-03 19:44:53.390 | INFO     | Backtest   | [回测 4/5] 模拟第 721/4905 笔交易: 泰祥股份...
2026-05-03 19:44:53.751 | INFO     | Backtest   | [回测 4/5] 模拟第 731/4905 笔交易: 熙菱信息...
2026-05-03 19:44:54.116 | INFO     | Backtest   | [回测 4/5] 模拟第 741/4905 笔交易: 合富中国...
2026-05-03 19:44:54.503 | INFO     | Backtest   | [回测 4/5] 模拟第 751/4905 笔交易: 宣泰医药...
2026-05-03 19:44:54.850 | INFO     | Backtest   | [回测 4/5] 模拟第 761/4905 笔交易: 澳弘电子...
2026-05-03 19:44:55.206 | INFO     | Backtest   | [回测 4/5] 模拟第 771/4905 笔交易: 戴维医疗...
2026-05-03 19:44:55.537 | INFO     | Backtest   | [回测 4/5] 模拟第 781/4905 笔交易: 东方生物...
2026-05-03 19:44:55.894 | INFO     | Backtest   | [回测 4/5] 模拟第 791/4905 笔交易: 科华控股...
2026-05-03 19:44:56.228 | INFO     | Backtest   | [回测 4/5] 模拟第 801/4905 笔交易: 哈药股份...
2026-05-03 19:44:56.597 | INFO     | Backtest   | [回测 4/5] 模拟第 811/4905 笔交易: 威派格...
2026-05-03 19:44:56.925 | INFO     | Backtest   | [回测 4/5] 模拟第 821/4905 笔交易: 申联生物...
2026-05-03 19:44:57.276 | INFO     | Backtest   | [回测 4/5] 模拟第 831/4905 笔交易: 福莱蒽特...
2026-05-03 19:44:57.620 | INFO     | Backtest   | [回测 4/5] 模拟第 841/4905 笔交易: 赢合科技...
2026-05-03 19:44:57.956 | INFO     | Backtest   | [回测 4/5] 模拟第 851/4905 笔交易: 哈三联...
2026-05-03 19:44:58.233 | INFO     | Backtest   | [回测 4/5] 模拟第 861/4905 笔交易: 江苏有线...
2026-05-03 19:44:58.550 | INFO     | Backtest   | [回测 4/5] 模拟第 871/4905 笔交易: 华谊集团...
2026-05-03 19:44:58.877 | INFO     | Backtest   | [回测 4/5] 模拟第 881/4905 笔交易: 西麦食品...
2026-05-03 19:44:59.204 | INFO     | Backtest   | [回测 4/5] 模拟第 891/4905 笔交易: 北矿科技...
2026-05-03 19:44:59.513 | INFO     | Backtest   | [回测 4/5] 模拟第 901/4905 笔交易: 英派斯...
2026-05-03 19:44:59.808 | INFO     | Backtest   | [回测 4/5] 模拟第 911/4905 笔交易: 交大昂立...
2026-05-03 19:45:00.119 | INFO     | Backtest   | [回测 4/5] 模拟第 921/4905 笔交易: 江苏神通...
2026-05-03 19:45:00.406 | INFO     | Backtest   | [回测 4/5] 模拟第 931/4905 笔交易: 长缆科技...
2026-05-03 19:45:00.748 | INFO     | Backtest   | [回测 4/5] 模拟第 941/4905 笔交易: 元隆雅图...
2026-05-03 19:45:00.995 | INFO     | Backtest   | [回测 4/5] 模拟第 951/4905 笔交易: 中国石化...
2026-05-03 19:45:01.263 | INFO     | Backtest   | [回测 4/5] 模拟第 961/4905 笔交易: 歌力思...
2026-05-03 19:45:01.529 | INFO     | Backtest   | [回测 4/5] 模拟第 971/4905 笔交易: 文峰股份...
2026-05-03 19:45:01.800 | INFO     | Backtest   | [回测 4/5] 模拟第 981/4905 笔交易: 创识科技...
2026-05-03 19:45:02.057 | INFO     | Backtest   | [回测 4/5] 模拟第 991/4905 笔交易: 友邦吊顶...
2026-05-03 19:45:02.319 | INFO     | Backtest   | [回测 4/5] 模拟第 1001/4905 笔交易: 沃尔核材...
2026-05-03 19:45:02.614 | INFO     | Backtest   | [回测 4/5] 模拟第 1011/4905 笔交易: 上海银行...
2026-05-03 19:45:02.865 | INFO     | Backtest   | [回测 4/5] 模拟第 1021/4905 笔交易: 新亚强...
2026-05-03 19:45:03.147 | INFO     | Backtest   | [回测 4/5] 模拟第 1031/4905 笔交易: 三和管桩...
2026-05-03 19:45:03.468 | INFO     | Backtest   | [回测 4/5] 模拟第 1041/4905 笔交易: 鹿山新材...
2026-05-03 19:45:03.743 | INFO     | Backtest   | [回测 4/5] 模拟第 1051/4905 笔交易: 塞力医疗...
2026-05-03 19:45:04.067 | INFO     | Backtest   | [回测 4/5] 模拟第 1061/4905 笔交易: 建设工业...
2026-05-03 19:45:04.377 | INFO     | Backtest   | [回测 4/5] 模拟第 1071/4905 笔交易: 招金黄金...
2026-05-03 19:45:04.673 | INFO     | Backtest   | [回测 4/5] 模拟第 1081/4905 笔交易: 朗坤科技...
2026-05-03 19:45:05.001 | INFO     | Backtest   | [回测 4/5] 模拟第 1091/4905 笔交易: 信音电子...
2026-05-03 19:45:05.307 | INFO     | Backtest   | [回测 4/5] 模拟第 1101/4905 笔交易: 德创环保...
2026-05-03 19:45:05.617 | INFO     | Backtest   | [回测 4/5] 模拟第 1111/4905 笔交易: 国盛证券...
2026-05-03 19:45:05.897 | INFO     | Backtest   | [回测 4/5] 模拟第 1121/4905 笔交易: 研奥股份...
2026-05-03 19:45:06.216 | INFO     | Backtest   | [回测 4/5] 模拟第 1131/4905 笔交易: 华骐环保...
2026-05-03 19:45:06.538 | INFO     | Backtest   | [回测 4/5] 模拟第 1141/4905 笔交易: 楚江新材...
2026-05-03 19:45:06.885 | INFO     | Backtest   | [回测 4/5] 模拟第 1151/4905 笔交易: 机器人...
2026-05-03 19:45:07.207 | INFO     | Backtest   | [回测 4/5] 模拟第 1161/4905 笔交易: 红塔证券...
2026-05-03 19:45:07.529 | INFO     | Backtest   | [回测 4/5] 模拟第 1171/4905 笔交易: 金奥博...
2026-05-03 19:45:07.839 | INFO     | Backtest   | [回测 4/5] 模拟第 1181/4905 笔交易: 中国电建...
2026-05-03 19:45:08.175 | INFO     | Backtest   | [回测 4/5] 模拟第 1191/4905 笔交易: 永安期货...
2026-05-03 19:45:08.444 | INFO     | Backtest   | [回测 4/5] 模拟第 1201/4905 笔交易: 香溢融通...
2026-05-03 19:45:08.762 | INFO     | Backtest   | [回测 4/5] 模拟第 1211/4905 笔交易: 晨曦航空...
2026-05-03 19:45:09.019 | INFO     | Backtest   | [回测 4/5] 模拟第 1221/4905 笔交易: 中远通...
2026-05-03 19:45:09.282 | INFO     | Backtest   | [回测 4/5] 模拟第 1231/4905 笔交易: 宏昌电子...
2026-05-03 19:45:09.549 | INFO     | Backtest   | [回测 4/5] 模拟第 1241/4905 笔交易: 歌尔股份...
2026-05-03 19:45:09.841 | INFO     | Backtest   | [回测 4/5] 模拟第 1251/4905 笔交易: 世茂能源...
2026-05-03 19:45:10.106 | INFO     | Backtest   | [回测 4/5] 模拟第 1261/4905 笔交易: 中南传媒...
2026-05-03 19:45:10.432 | INFO     | Backtest   | [回测 4/5] 模拟第 1271/4905 笔交易: 悦达投资...
2026-05-03 19:45:10.676 | INFO     | Backtest   | [回测 4/5] 模拟第 1281/4905 笔交易: 仕净科技...
2026-05-03 19:45:10.955 | INFO     | Backtest   | [回测 4/5] 模拟第 1291/4905 笔交易: 中石科技...
2026-05-03 19:45:11.227 | INFO     | Backtest   | [回测 4/5] 模拟第 1301/4905 笔交易: 长江材料...
2026-05-03 19:45:11.510 | INFO     | Backtest   | [回测 4/5] 模拟第 1311/4905 笔交易: 可立克...
2026-05-03 19:45:11.815 | INFO     | Backtest   | [回测 4/5] 模拟第 1321/4905 笔交易: 盐湖股份...
2026-05-03 19:45:12.131 | INFO     | Backtest   | [回测 4/5] 模拟第 1331/4905 笔交易: 协鑫集成...
2026-05-03 19:45:12.434 | INFO     | Backtest   | [回测 4/5] 模拟第 1341/4905 笔交易: 雅化集团...
2026-05-03 19:45:12.759 | INFO     | Backtest   | [回测 4/5] 模拟第 1351/4905 笔交易: 宁夏建材...
2026-05-03 19:45:13.056 | INFO     | Backtest   | [回测 4/5] 模拟第 1361/4905 笔交易: 天玑科技...
2026-05-03 19:45:13.356 | INFO     | Backtest   | [回测 4/5] 模拟第 1371/4905 笔交易: 光莆股份...
2026-05-03 19:45:13.647 | INFO     | Backtest   | [回测 4/5] 模拟第 1381/4905 笔交易: 六国化工...
2026-05-03 19:45:13.903 | INFO     | Backtest   | [回测 4/5] 模拟第 1391/4905 笔交易: 亚士创能...
2026-05-03 19:45:14.214 | INFO     | Backtest   | [回测 4/5] 模拟第 1401/4905 笔交易: 园林股份...
2026-05-03 19:45:14.500 | INFO     | Backtest   | [回测 4/5] 模拟第 1411/4905 笔交易: 诚意药业...
2026-05-03 19:45:14.800 | INFO     | Backtest   | [回测 4/5] 模拟第 1421/4905 笔交易: 海象新材...
2026-05-03 19:45:15.109 | INFO     | Backtest   | [回测 4/5] 模拟第 1431/4905 笔交易: 安利股份...
2026-05-03 19:45:15.392 | INFO     | Backtest   | [回测 4/5] 模拟第 1441/4905 笔交易: 迅捷兴...
2026-05-03 19:45:15.632 | INFO     | Backtest   | [回测 4/5] 模拟第 1451/4905 笔交易: 顺网科技...
2026-05-03 19:45:15.938 | INFO     | Backtest   | [回测 4/5] 模拟第 1461/4905 笔交易: 银龙股份...
2026-05-03 19:45:16.203 | INFO     | Backtest   | [回测 4/5] 模拟第 1471/4905 笔交易: 森麒麟...
2026-05-03 19:45:16.511 | INFO     | Backtest   | [回测 4/5] 模拟第 1481/4905 笔交易: 红日药业...
2026-05-03 19:45:16.801 | INFO     | Backtest   | [回测 4/5] 模拟第 1491/4905 笔交易: 仁智股份...
2026-05-03 19:45:17.085 | INFO     | Backtest   | [回测 4/5] 模拟第 1501/4905 笔交易: 飞乐音响...
2026-05-03 19:45:17.320 | INFO     | Backtest   | [回测 4/5] 模拟第 1511/4905 笔交易: 泰坦股份...
2026-05-03 19:45:17.616 | INFO     | Backtest   | [回测 4/5] 模拟第 1521/4905 笔交易: 物产环能...
2026-05-03 19:45:17.884 | INFO     | Backtest   | [回测 4/5] 模拟第 1531/4905 笔交易: 新赛股份...
2026-05-03 19:45:18.185 | INFO     | Backtest   | [回测 4/5] 模拟第 1541/4905 笔交易: 华建集团...
2026-05-03 19:45:18.453 | INFO     | Backtest   | [回测 4/5] 模拟第 1551/4905 笔交易: 华峰化学...
2026-05-03 19:45:18.743 | INFO     | Backtest   | [回测 4/5] 模拟第 1561/4905 笔交易: 铁建重工...
2026-05-03 19:45:18.952 | INFO     | Backtest   | [回测 4/5] 模拟第 1571/4905 笔交易: 西部建设...
2026-05-03 19:45:19.196 | INFO     | Backtest   | [回测 4/5] 模拟第 1581/4905 笔交易: 建设机械...
2026-05-03 19:45:19.446 | INFO     | Backtest   | [回测 4/5] 模拟第 1591/4905 笔交易: 福建水泥...
2026-05-03 19:45:19.642 | INFO     | Backtest   | [回测 4/5] 模拟第 1601/4905 笔交易: 节能铁汉...
2026-05-03 19:45:19.924 | INFO     | Backtest   | [回测 4/5] 模拟第 1611/4905 笔交易: 通裕重工...
2026-05-03 19:45:20.185 | INFO     | Backtest   | [回测 4/5] 模拟第 1621/4905 笔交易: 中国一重...
2026-05-03 19:45:20.461 | INFO     | Backtest   | [回测 4/5] 模拟第 1631/4905 笔交易: 智慧农业...
2026-05-03 19:45:20.684 | INFO     | Backtest   | [回测 4/5] 模拟第 1641/4905 笔交易: 晋控煤业...
2026-05-03 19:45:20.973 | INFO     | Backtest   | [回测 4/5] 模拟第 1651/4905 笔交易: 名雕股份...
2026-05-03 19:45:21.278 | INFO     | Backtest   | [回测 4/5] 模拟第 1661/4905 笔交易: 蒙草生态...
2026-05-03 19:45:21.571 | INFO     | Backtest   | [回测 4/5] 模拟第 1671/4905 笔交易: 曙光股份...
2026-05-03 19:45:21.842 | INFO     | Backtest   | [回测 4/5] 模拟第 1681/4905 笔交易: 清新环境...
2026-05-03 19:45:22.125 | INFO     | Backtest   | [回测 4/5] 模拟第 1691/4905 笔交易: 金安国纪...
2026-05-03 19:45:22.356 | INFO     | Backtest   | [回测 4/5] 模拟第 1701/4905 笔交易: 远东股份...
2026-05-03 19:45:22.645 | INFO     | Backtest   | [回测 4/5] 模拟第 1711/4905 笔交易: 天地科技...
2026-05-03 19:45:22.915 | INFO     | Backtest   | [回测 4/5] 模拟第 1721/4905 笔交易: 汇通集团...
2026-05-03 19:45:23.173 | INFO     | Backtest   | [回测 4/5] 模拟第 1731/4905 笔交易: 英洛华...
2026-05-03 19:45:23.472 | INFO     | Backtest   | [回测 4/5] 模拟第 1741/4905 笔交易: 三诺生物...
2026-05-03 19:45:23.754 | INFO     | Backtest   | [回测 4/5] 模拟第 1751/4905 笔交易: 先锋电子...
2026-05-03 19:45:24.039 | INFO     | Backtest   | [回测 4/5] 模拟第 1761/4905 笔交易: 华星创业...
2026-05-03 19:45:24.281 | INFO     | Backtest   | [回测 4/5] 模拟第 1771/4905 笔交易: 奥翔药业...
2026-05-03 19:45:24.526 | INFO     | Backtest   | [回测 4/5] 模拟第 1781/4905 笔交易: 京新药业...
2026-05-03 19:45:24.765 | INFO     | Backtest   | [回测 4/5] 模拟第 1791/4905 笔交易: 河化股份...
2026-05-03 19:45:25.005 | INFO     | Backtest   | [回测 4/5] 模拟第 1801/4905 笔交易: 中国医药...
2026-05-03 19:45:25.279 | INFO     | Backtest   | [回测 4/5] 模拟第 1811/4905 笔交易: 天和防务...
2026-05-03 19:45:25.540 | INFO     | Backtest   | [回测 4/5] 模拟第 1821/4905 笔交易: 深深房Ａ...
2026-05-03 19:45:25.824 | INFO     | Backtest   | [回测 4/5] 模拟第 1831/4905 笔交易: 联美控股...
2026-05-03 19:45:26.111 | INFO     | Backtest   | [回测 4/5] 模拟第 1841/4905 笔交易: 维力医疗...
2026-05-03 19:45:26.394 | INFO     | Backtest   | [回测 4/5] 模拟第 1851/4905 笔交易: 宇环数控...
2026-05-03 19:45:26.696 | INFO     | Backtest   | [回测 4/5] 模拟第 1861/4905 笔交易: 贝斯特...
2026-05-03 19:45:26.990 | INFO     | Backtest   | [回测 4/5] 模拟第 1871/4905 笔交易: 沈阳机床...
2026-05-03 19:45:27.281 | INFO     | Backtest   | [回测 4/5] 模拟第 1881/4905 笔交易: 双杰电气...
2026-05-03 19:45:27.586 | INFO     | Backtest   | [回测 4/5] 模拟第 1891/4905 笔交易: 国茂股份...
2026-05-03 19:45:27.797 | INFO     | Backtest   | [回测 4/5] 模拟第 1901/4905 笔交易: 上实发展...
2026-05-03 19:45:28.055 | INFO     | Backtest   | [回测 4/5] 模拟第 1911/4905 笔交易: 嘉麟杰...
2026-05-03 19:45:28.308 | INFO     | Backtest   | [回测 4/5] 模拟第 1921/4905 笔交易: 金枫酒业...
2026-05-03 19:45:28.587 | INFO     | Backtest   | [回测 4/5] 模拟第 1931/4905 笔交易: 新宝股份...
2026-05-03 19:45:28.904 | INFO     | Backtest   | [回测 4/5] 模拟第 1941/4905 笔交易: 铜陵有色...
2026-05-03 19:45:29.182 | INFO     | Backtest   | [回测 4/5] 模拟第 1951/4905 笔交易: 齐鲁银行...
2026-05-03 19:45:29.441 | INFO     | Backtest   | [回测 4/5] 模拟第 1961/4905 笔交易: 金发科技...
2026-05-03 19:45:29.712 | INFO     | Backtest   | [回测 4/5] 模拟第 1971/4905 笔交易: 景兴纸业...
2026-05-03 19:45:29.997 | INFO     | Backtest   | [回测 4/5] 模拟第 1981/4905 笔交易: 中兰环保...
2026-05-03 19:45:30.244 | INFO     | Backtest   | [回测 4/5] 模拟第 1991/4905 笔交易: 斯瑞新材...
2026-05-03 19:45:30.480 | INFO     | Backtest   | [回测 4/5] 模拟第 2001/4905 笔交易: 华力创通...
2026-05-03 19:45:30.749 | INFO     | Backtest   | [回测 4/5] 模拟第 2011/4905 笔交易: 久日新材...
2026-05-03 19:45:31.010 | INFO     | Backtest   | [回测 4/5] 模拟第 2021/4905 笔交易: 气派科技...
2026-05-03 19:45:31.290 | INFO     | Backtest   | [回测 4/5] 模拟第 2031/4905 笔交易: 南威软件...
2026-05-03 19:45:31.530 | INFO     | Backtest   | [回测 4/5] 模拟第 2041/4905 笔交易: 确成股份...
2026-05-03 19:45:31.770 | INFO     | Backtest   | [回测 4/5] 模拟第 2051/4905 笔交易: 南京新百...
2026-05-03 19:45:31.950 | INFO     | Backtest   | [回测 4/5] 模拟第 2061/4905 笔交易: 集泰股份...
2026-05-03 19:45:32.219 | INFO     | Backtest   | [回测 4/5] 模拟第 2071/4905 笔交易: 新致软件...
2026-05-03 19:45:32.478 | INFO     | Backtest   | [回测 4/5] 模拟第 2081/4905 笔交易: 国新健康...
2026-05-03 19:45:32.707 | INFO     | Backtest   | [回测 4/5] 模拟第 2091/4905 笔交易: 亨通股份...
2026-05-03 19:45:32.967 | INFO     | Backtest   | [回测 4/5] 模拟第 2101/4905 笔交易: 绿盟科技...
2026-05-03 19:45:33.206 | INFO     | Backtest   | [回测 4/5] 模拟第 2111/4905 笔交易: 统一股份...
2026-05-03 19:45:33.436 | INFO     | Backtest   | [回测 4/5] 模拟第 2121/4905 笔交易: 慈文传媒...
2026-05-03 19:45:33.655 | INFO     | Backtest   | [回测 4/5] 模拟第 2131/4905 笔交易: 城市传媒...
2026-05-03 19:45:33.945 | INFO     | Backtest   | [回测 4/5] 模拟第 2141/4905 笔交易: 美利信...
2026-05-03 19:45:34.232 | INFO     | Backtest   | [回测 4/5] 模拟第 2151/4905 笔交易: 有友食品...
2026-05-03 19:45:34.417 | INFO     | Backtest   | [回测 4/5] 模拟第 2161/4905 笔交易: 沃顿科技...
2026-05-03 19:45:34.667 | INFO     | Backtest   | [回测 4/5] 模拟第 2171/4905 笔交易: 华域汽车...
2026-05-03 19:45:34.934 | INFO     | Backtest   | [回测 4/5] 模拟第 2181/4905 笔交易: 先导基电...
2026-05-03 19:45:35.212 | INFO     | Backtest   | [回测 4/5] 模拟第 2191/4905 笔交易: 明牌珠宝...
2026-05-03 19:45:35.436 | INFO     | Backtest   | [回测 4/5] 模拟第 2201/4905 笔交易: 廊坊发展...
2026-05-03 19:45:35.682 | INFO     | Backtest   | [回测 4/5] 模拟第 2211/4905 笔交易: 华峰化学...
2026-05-03 19:45:35.929 | INFO     | Backtest   | [回测 4/5] 模拟第 2221/4905 笔交易: 衢州东峰...
2026-05-03 19:45:36.145 | INFO     | Backtest   | [回测 4/5] 模拟第 2231/4905 笔交易: 万凯新材...
2026-05-03 19:45:36.393 | INFO     | Backtest   | [回测 4/5] 模拟第 2241/4905 笔交易: 容百科技...
2026-05-03 19:45:36.617 | INFO     | Backtest   | [回测 4/5] 模拟第 2251/4905 笔交易: 城投控股...
2026-05-03 19:45:36.836 | INFO     | Backtest   | [回测 4/5] 模拟第 2261/4905 笔交易: 中国化学...
2026-05-03 19:45:37.025 | INFO     | Backtest   | [回测 4/5] 模拟第 2271/4905 笔交易: 电科芯片...
2026-05-03 19:45:37.225 | INFO     | Backtest   | [回测 4/5] 模拟第 2281/4905 笔交易: 中京电子...
2026-05-03 19:45:37.436 | INFO     | Backtest   | [回测 4/5] 模拟第 2291/4905 笔交易: 国盛证券...
2026-05-03 19:45:37.617 | INFO     | Backtest   | [回测 4/5] 模拟第 2301/4905 笔交易: 万泽股份...
2026-05-03 19:45:37.836 | INFO     | Backtest   | [回测 4/5] 模拟第 2311/4905 笔交易: 浙农股份...
2026-05-03 19:45:38.083 | INFO     | Backtest   | [回测 4/5] 模拟第 2321/4905 笔交易: 华通线缆...
2026-05-03 19:45:38.240 | INFO     | Backtest   | [回测 4/5] 模拟第 2331/4905 笔交易: 浙富控股...
2026-05-03 19:45:38.460 | INFO     | Backtest   | [回测 4/5] 模拟第 2341/4905 笔交易: 青山纸业...
2026-05-03 19:45:38.678 | INFO     | Backtest   | [回测 4/5] 模拟第 2351/4905 笔交易: 新通联...
2026-05-03 19:45:38.946 | INFO     | Backtest   | [回测 4/5] 模拟第 2361/4905 笔交易: 安控科技...
2026-05-03 19:45:39.166 | INFO     | Backtest   | [回测 4/5] 模拟第 2371/4905 笔交易: 世纪鼎利...
2026-05-03 19:45:39.326 | INFO     | Backtest   | [回测 4/5] 模拟第 2381/4905 笔交易: 物产环能...
2026-05-03 19:45:39.539 | INFO     | Backtest   | [回测 4/5] 模拟第 2391/4905 笔交易: 能辉科技...
2026-05-03 19:45:39.723 | INFO     | Backtest   | [回测 4/5] 模拟第 2401/4905 笔交易: 雪天盐业...
2026-05-03 19:45:39.961 | INFO     | Backtest   | [回测 4/5] 模拟第 2411/4905 笔交易: 特锐德...
2026-05-03 19:45:40.182 | INFO     | Backtest   | [回测 4/5] 模拟第 2421/4905 笔交易: 特力Ａ...
2026-05-03 19:45:40.400 | INFO     | Backtest   | [回测 4/5] 模拟第 2431/4905 笔交易: 智能自控...
2026-05-03 19:45:40.696 | INFO     | Backtest   | [回测 4/5] 模拟第 2441/4905 笔交易: 众业达...
2026-05-03 19:45:40.944 | INFO     | Backtest   | [回测 4/5] 模拟第 2451/4905 笔交易: 广汽集团...
2026-05-03 19:45:41.208 | INFO     | Backtest   | [回测 4/5] 模拟第 2461/4905 笔交易: 盐湖股份...
2026-05-03 19:45:41.461 | INFO     | Backtest   | [回测 4/5] 模拟第 2471/4905 笔交易: 合锻智能...
2026-05-03 19:45:41.720 | INFO     | Backtest   | [回测 4/5] 模拟第 2481/4905 笔交易: 厦门港务...
2026-05-03 19:45:42.023 | INFO     | Backtest   | [回测 4/5] 模拟第 2491/4905 笔交易: 星辉娱乐...
2026-05-03 19:45:42.242 | INFO     | Backtest   | [回测 4/5] 模拟第 2501/4905 笔交易: 众信旅游...
2026-05-03 19:45:42.481 | INFO     | Backtest   | [回测 4/5] 模拟第 2511/4905 笔交易: 云意电气...
2026-05-03 19:45:42.699 | INFO     | Backtest   | [回测 4/5] 模拟第 2521/4905 笔交易: 中成股份...
2026-05-03 19:45:42.868 | INFO     | Backtest   | [回测 4/5] 模拟第 2531/4905 笔交易: 峰璟股份...
2026-05-03 19:45:43.111 | INFO     | Backtest   | [回测 4/5] 模拟第 2541/4905 笔交易: S佳通...
2026-05-03 19:45:43.337 | INFO     | Backtest   | [回测 4/5] 模拟第 2551/4905 笔交易: 春立医疗...
2026-05-03 19:45:43.548 | INFO     | Backtest   | [回测 4/5] 模拟第 2561/4905 笔交易: 中科通达...
2026-05-03 19:45:43.723 | INFO     | Backtest   | [回测 4/5] 模拟第 2571/4905 笔交易: 太极实业...
2026-05-03 19:45:43.948 | INFO     | Backtest   | [回测 4/5] 模拟第 2581/4905 笔交易: 华蓝集团...
2026-05-03 19:45:44.190 | INFO     | Backtest   | [回测 4/5] 模拟第 2591/4905 笔交易: 江铃汽车...
2026-05-03 19:45:44.429 | INFO     | Backtest   | [回测 4/5] 模拟第 2601/4905 笔交易: 中仑新材...
2026-05-03 19:45:44.652 | INFO     | Backtest   | [回测 4/5] 模拟第 2611/4905 笔交易: 富临精工...
2026-05-03 19:45:44.860 | INFO     | Backtest   | [回测 4/5] 模拟第 2621/4905 笔交易: 泓淋电力...
2026-05-03 19:45:45.042 | INFO     | Backtest   | [回测 4/5] 模拟第 2631/4905 笔交易: 云南铜业...
2026-05-03 19:45:45.254 | INFO     | Backtest   | [回测 4/5] 模拟第 2641/4905 笔交易: 鲁信创投...
2026-05-03 19:45:45.424 | INFO     | Backtest   | [回测 4/5] 模拟第 2651/4905 笔交易: 南山铝业...
2026-05-03 19:45:45.654 | INFO     | Backtest   | [回测 4/5] 模拟第 2661/4905 笔交易: 招商轮船...
2026-05-03 19:45:45.834 | INFO     | Backtest   | [回测 4/5] 模拟第 2671/4905 笔交易: 侨银股份...
2026-05-03 19:45:46.005 | INFO     | Backtest   | [回测 4/5] 模拟第 2681/4905 笔交易: 新锐股份...
2026-05-03 19:45:46.187 | INFO     | Backtest   | [回测 4/5] 模拟第 2691/4905 笔交易: 厚普股份...
2026-05-03 19:45:46.411 | INFO     | Backtest   | [回测 4/5] 模拟第 2701/4905 笔交易: 中国长城...
2026-05-03 19:45:46.565 | INFO     | Backtest   | [回测 4/5] 模拟第 2711/4905 笔交易: 天洋新材...
2026-05-03 19:45:46.748 | INFO     | Backtest   | [回测 4/5] 模拟第 2721/4905 笔交易: 工大高科...
2026-05-03 19:45:46.963 | INFO     | Backtest   | [回测 4/5] 模拟第 2731/4905 笔交易: 大中矿业...
2026-05-03 19:45:47.203 | INFO     | Backtest   | [回测 4/5] 模拟第 2741/4905 笔交易: 锋龙股份...
2026-05-03 19:45:47.430 | INFO     | Backtest   | [回测 4/5] 模拟第 2751/4905 笔交易: 建科智能...
2026-05-03 19:45:47.662 | INFO     | Backtest   | [回测 4/5] 模拟第 2761/4905 笔交易: 易天股份...
2026-05-03 19:45:47.909 | INFO     | Backtest   | [回测 4/5] 模拟第 2771/4905 笔交易: 华电科工...
2026-05-03 19:45:48.154 | INFO     | Backtest   | [回测 4/5] 模拟第 2781/4905 笔交易: 保立佳...
2026-05-03 19:45:48.399 | INFO     | Backtest   | [回测 4/5] 模拟第 2791/4905 笔交易: 钱江生化...
2026-05-03 19:45:48.661 | INFO     | Backtest   | [回测 4/5] 模拟第 2801/4905 笔交易: 富瑞特装...
2026-05-03 19:45:48.917 | INFO     | Backtest   | [回测 4/5] 模拟第 2811/4905 笔交易: 天虹股份...
2026-05-03 19:45:49.150 | INFO     | Backtest   | [回测 4/5] 模拟第 2821/4905 笔交易: 迪普科技...
2026-05-03 19:45:49.365 | INFO     | Backtest   | [回测 4/5] 模拟第 2831/4905 笔交易: 特力Ａ...
2026-05-03 19:45:49.566 | INFO     | Backtest   | [回测 4/5] 模拟第 2841/4905 笔交易: 中农联合...
2026-05-03 19:45:49.780 | INFO     | Backtest   | [回测 4/5] 模拟第 2851/4905 笔交易: 中信特钢...
2026-05-03 19:45:50.027 | INFO     | Backtest   | [回测 4/5] 模拟第 2861/4905 笔交易: 泰和新材...
2026-05-03 19:45:50.288 | INFO     | Backtest   | [回测 4/5] 模拟第 2871/4905 笔交易: 驰宏锌锗...
2026-05-03 19:45:50.499 | INFO     | Backtest   | [回测 4/5] 模拟第 2881/4905 笔交易: 科陆电子...
2026-05-03 19:45:50.683 | INFO     | Backtest   | [回测 4/5] 模拟第 2891/4905 笔交易: 中国卫通...
2026-05-03 19:45:50.866 | INFO     | Backtest   | [回测 4/5] 模拟第 2901/4905 笔交易: 欣锐科技...
2026-05-03 19:45:51.068 | INFO     | Backtest   | [回测 4/5] 模拟第 2911/4905 笔交易: 安泰科技...
2026-05-03 19:45:51.276 | INFO     | Backtest   | [回测 4/5] 模拟第 2921/4905 笔交易: 宏源药业...
2026-05-03 19:45:51.452 | INFO     | Backtest   | [回测 4/5] 模拟第 2931/4905 笔交易: 海南发展...
2026-05-03 19:45:51.678 | INFO     | Backtest   | [回测 4/5] 模拟第 2941/4905 笔交易: 西高院...
2026-05-03 19:45:51.885 | INFO     | Backtest   | [回测 4/5] 模拟第 2951/4905 笔交易: 雅本化学...
2026-05-03 19:45:52.109 | INFO     | Backtest   | [回测 4/5] 模拟第 2961/4905 笔交易: 完美世界...
2026-05-03 19:45:52.337 | INFO     | Backtest   | [回测 4/5] 模拟第 2971/4905 笔交易: 远望谷...
2026-05-03 19:45:52.568 | INFO     | Backtest   | [回测 4/5] 模拟第 2981/4905 笔交易: 恒华科技...
2026-05-03 19:45:52.823 | INFO     | Backtest   | [回测 4/5] 模拟第 2991/4905 笔交易: 惠天热电...
2026-05-03 19:45:53.022 | INFO     | Backtest   | [回测 4/5] 模拟第 3001/4905 笔交易: 健麾信息...
2026-05-03 19:45:53.289 | INFO     | Backtest   | [回测 4/5] 模拟第 3011/4905 笔交易: 茂硕电源...
2026-05-03 19:45:53.559 | INFO     | Backtest   | [回测 4/5] 模拟第 3021/4905 笔交易: 九洲集团...
2026-05-03 19:45:53.761 | INFO     | Backtest   | [回测 4/5] 模拟第 3031/4905 笔交易: 九鼎投资...
2026-05-03 19:45:53.969 | INFO     | Backtest   | [回测 4/5] 模拟第 3041/4905 笔交易: 亚威股份...
2026-05-03 19:45:54.186 | INFO     | Backtest   | [回测 4/5] 模拟第 3051/4905 笔交易: 长江证券...
2026-05-03 19:45:54.407 | INFO     | Backtest   | [回测 4/5] 模拟第 3061/4905 笔交易: 中国电建...
2026-05-03 19:45:54.608 | INFO     | Backtest   | [回测 4/5] 模拟第 3071/4905 笔交易: 美畅股份...
2026-05-03 19:45:54.826 | INFO     | Backtest   | [回测 4/5] 模拟第 3081/4905 笔交易: 会稽山...
2026-05-03 19:45:55.035 | INFO     | Backtest   | [回测 4/5] 模拟第 3091/4905 笔交易: 海信视像...
2026-05-03 19:45:55.263 | INFO     | Backtest   | [回测 4/5] 模拟第 3101/4905 笔交易: 诺唯赞...
2026-05-03 19:45:55.474 | INFO     | Backtest   | [回测 4/5] 模拟第 3111/4905 笔交易: 冠城新材...
2026-05-03 19:45:55.623 | INFO     | Backtest   | [回测 4/5] 模拟第 3121/4905 笔交易: 光云科技...
2026-05-03 19:45:55.796 | INFO     | Backtest   | [回测 4/5] 模拟第 3131/4905 笔交易: 宁波建工...
2026-05-03 19:45:55.976 | INFO     | Backtest   | [回测 4/5] 模拟第 3141/4905 笔交易: 中电环保...
2026-05-03 19:45:56.114 | INFO     | Backtest   | [回测 4/5] 模拟第 3151/4905 笔交易: 永艺股份...
2026-05-03 19:45:56.291 | INFO     | Backtest   | [回测 4/5] 模拟第 3161/4905 笔交易: 德创环保...
2026-05-03 19:45:56.466 | INFO     | Backtest   | [回测 4/5] 模拟第 3171/4905 笔交易: 光莆股份...
2026-05-03 19:45:56.644 | INFO     | Backtest   | [回测 4/5] 模拟第 3181/4905 笔交易: 锡业股份...
2026-05-03 19:45:56.867 | INFO     | Backtest   | [回测 4/5] 模拟第 3191/4905 笔交易: 浙数文化...
2026-05-03 19:45:57.079 | INFO     | Backtest   | [回测 4/5] 模拟第 3201/4905 笔交易: 太龙药业...
2026-05-03 19:45:57.272 | INFO     | Backtest   | [回测 4/5] 模拟第 3211/4905 笔交易: 天铁科技...
2026-05-03 19:45:57.527 | INFO     | Backtest   | [回测 4/5] 模拟第 3221/4905 笔交易: 集泰股份...
2026-05-03 19:45:57.667 | INFO     | Backtest   | [回测 4/5] 模拟第 3231/4905 笔交易: 航天信息...
2026-05-03 19:45:57.862 | INFO     | Backtest   | [回测 4/5] 模拟第 3241/4905 笔交易: 合百集团...
2026-05-03 19:45:58.055 | INFO     | Backtest   | [回测 4/5] 模拟第 3251/4905 笔交易: 安妮股份...
2026-05-03 19:45:58.202 | INFO     | Backtest   | [回测 4/5] 模拟第 3261/4905 笔交易: 省广集团...
2026-05-03 19:45:58.381 | INFO     | Backtest   | [回测 4/5] 模拟第 3271/4905 笔交易: 福安药业...
2026-05-03 19:45:58.569 | INFO     | Backtest   | [回测 4/5] 模拟第 3281/4905 笔交易: 航天软件...
2026-05-03 19:45:58.699 | INFO     | Backtest   | [回测 4/5] 模拟第 3291/4905 笔交易: 阳光乳业...
2026-05-03 19:45:58.907 | INFO     | Backtest   | [回测 4/5] 模拟第 3301/4905 笔交易: 比依股份...
2026-05-03 19:45:59.163 | INFO     | Backtest   | [回测 4/5] 模拟第 3311/4905 笔交易: 雪迪龙...
2026-05-03 19:45:59.332 | INFO     | Backtest   | [回测 4/5] 模拟第 3321/4905 笔交易: 新疆交建...
2026-05-03 19:45:59.521 | INFO     | Backtest   | [回测 4/5] 模拟第 3331/4905 笔交易: 领益智造...
2026-05-03 19:45:59.764 | INFO     | Backtest   | [回测 4/5] 模拟第 3341/4905 笔交易: 上海九百...
2026-05-03 19:45:59.954 | INFO     | Backtest   | [回测 4/5] 模拟第 3351/4905 笔交易: 永新股份...
2026-05-03 19:46:00.171 | INFO     | Backtest   | [回测 4/5] 模拟第 3361/4905 笔交易: 威星智能...
2026-05-03 19:46:00.389 | INFO     | Backtest   | [回测 4/5] 模拟第 3371/4905 笔交易: 三角轮胎...
2026-05-03 19:46:00.604 | INFO     | Backtest   | [回测 4/5] 模拟第 3381/4905 笔交易: 中威电子...
2026-05-03 19:46:00.812 | INFO     | Backtest   | [回测 4/5] 模拟第 3391/4905 笔交易: 万里扬...
2026-05-03 19:46:01.002 | INFO     | Backtest   | [回测 4/5] 模拟第 3401/4905 笔交易: 中国一重...
2026-05-03 19:46:01.231 | INFO     | Backtest   | [回测 4/5] 模拟第 3411/4905 笔交易: 光力科技...
2026-05-03 19:46:01.453 | INFO     | Backtest   | [回测 4/5] 模拟第 3421/4905 笔交易: 颀中科技...
2026-05-03 19:46:01.694 | INFO     | Backtest   | [回测 4/5] 模拟第 3431/4905 笔交易: 耀皮玻璃...
2026-05-03 19:46:01.918 | INFO     | Backtest   | [回测 4/5] 模拟第 3441/4905 笔交易: 泓淋电力...
2026-05-03 19:46:02.109 | INFO     | Backtest   | [回测 4/5] 模拟第 3451/4905 笔交易: 和顺电气...
2026-05-03 19:46:02.307 | INFO     | Backtest   | [回测 4/5] 模拟第 3461/4905 笔交易: 银邦股份...
2026-05-03 19:46:02.505 | INFO     | Backtest   | [回测 4/5] 模拟第 3471/4905 笔交易: 上海银行...
2026-05-03 19:46:02.761 | INFO     | Backtest   | [回测 4/5] 模拟第 3481/4905 笔交易: 美能能源...
2026-05-03 19:46:02.956 | INFO     | Backtest   | [回测 4/5] 模拟第 3491/4905 笔交易: 雄塑科技...
2026-05-03 19:46:03.163 | INFO     | Backtest   | [回测 4/5] 模拟第 3501/4905 笔交易: 天下秀...
2026-05-03 19:46:03.368 | INFO     | Backtest   | [回测 4/5] 模拟第 3511/4905 笔交易: 锦江酒店...
2026-05-03 19:46:03.522 | INFO     | Backtest   | [回测 4/5] 模拟第 3521/4905 笔交易: 前沿生物-U...
2026-05-03 19:46:03.686 | INFO     | Backtest   | [回测 4/5] 模拟第 3531/4905 笔交易: 艾隆科技...
2026-05-03 19:46:03.859 | INFO     | Backtest   | [回测 4/5] 模拟第 3541/4905 笔交易: 阳普医疗...
2026-05-03 19:46:04.064 | INFO     | Backtest   | [回测 4/5] 模拟第 3551/4905 笔交易: 豪江智能...
2026-05-03 19:46:04.307 | INFO     | Backtest   | [回测 4/5] 模拟第 3561/4905 笔交易: 广发证券...
2026-05-03 19:46:04.505 | INFO     | Backtest   | [回测 4/5] 模拟第 3571/4905 笔交易: 奥赛康...
2026-05-03 19:46:04.701 | INFO     | Backtest   | [回测 4/5] 模拟第 3581/4905 笔交易: 利德曼...
2026-05-03 19:46:04.918 | INFO     | Backtest   | [回测 4/5] 模拟第 3591/4905 笔交易: 城发环境...
2026-05-03 19:46:05.146 | INFO     | Backtest   | [回测 4/5] 模拟第 3601/4905 笔交易: 东方生物...
2026-05-03 19:46:05.357 | INFO     | Backtest   | [回测 4/5] 模拟第 3611/4905 笔交易: 美康生物...
2026-05-03 19:46:05.571 | INFO     | Backtest   | [回测 4/5] 模拟第 3621/4905 笔交易: 新天药业...
2026-05-03 19:46:05.769 | INFO     | Backtest   | [回测 4/5] 模拟第 3631/4905 笔交易: 神州高铁...
2026-05-03 19:46:05.983 | INFO     | Backtest   | [回测 4/5] 模拟第 3641/4905 笔交易: 千里科技...
2026-05-03 19:46:06.171 | INFO     | Backtest   | [回测 4/5] 模拟第 3651/4905 笔交易: 天瑞仪器...
2026-05-03 19:46:06.401 | INFO     | Backtest   | [回测 4/5] 模拟第 3661/4905 笔交易: 利尔化学...
2026-05-03 19:46:06.601 | INFO     | Backtest   | [回测 4/5] 模拟第 3671/4905 笔交易: 红宝丽...
2026-05-03 19:46:06.837 | INFO     | Backtest   | [回测 4/5] 模拟第 3681/4905 笔交易: 晶瑞电材...
2026-05-03 19:46:07.047 | INFO     | Backtest   | [回测 4/5] 模拟第 3691/4905 笔交易: 山西证券...
2026-05-03 19:46:07.278 | INFO     | Backtest   | [回测 4/5] 模拟第 3701/4905 笔交易: 东风科技...
2026-05-03 19:46:07.473 | INFO     | Backtest   | [回测 4/5] 模拟第 3711/4905 笔交易: 腾达科技...
2026-05-03 19:46:07.699 | INFO     | Backtest   | [回测 4/5] 模拟第 3721/4905 笔交易: 华光环能...
2026-05-03 19:46:07.856 | INFO     | Backtest   | [回测 4/5] 模拟第 3731/4905 笔交易: 康盛股份...
2026-05-03 19:46:08.031 | INFO     | Backtest   | [回测 4/5] 模拟第 3741/4905 笔交易: 中瑞股份...
2026-05-03 19:46:08.216 | INFO     | Backtest   | [回测 4/5] 模拟第 3751/4905 笔交易: 泰豪科技...
2026-05-03 19:46:08.401 | INFO     | Backtest   | [回测 4/5] 模拟第 3761/4905 笔交易: 翔港科技...
2026-05-03 19:46:08.578 | INFO     | Backtest   | [回测 4/5] 模拟第 3771/4905 笔交易: 厚普股份...
2026-05-03 19:46:08.792 | INFO     | Backtest   | [回测 4/5] 模拟第 3781/4905 笔交易: 富煌钢构...
2026-05-03 19:46:09.021 | INFO     | Backtest   | [回测 4/5] 模拟第 3791/4905 笔交易: 汇金通...
2026-05-03 19:46:09.235 | INFO     | Backtest   | [回测 4/5] 模拟第 3801/4905 笔交易: 捷安高科...
2026-05-03 19:46:09.455 | INFO     | Backtest   | [回测 4/5] 模拟第 3811/4905 笔交易: 建研院...
2026-05-03 19:46:09.691 | INFO     | Backtest   | [回测 4/5] 模拟第 3821/4905 笔交易: 时代万恒...
2026-05-03 19:46:09.915 | INFO     | Backtest   | [回测 4/5] 模拟第 3831/4905 笔交易: 森泰股份...
2026-05-03 19:46:10.072 | INFO     | Backtest   | [回测 4/5] 模拟第 3841/4905 笔交易: 富祥药业...
2026-05-03 19:46:10.259 | INFO     | Backtest   | [回测 4/5] 模拟第 3851/4905 笔交易: 华谊兄弟...
2026-05-03 19:46:10.438 | INFO     | Backtest   | [回测 4/5] 模拟第 3861/4905 笔交易: 东华能源...
2026-05-03 19:46:10.624 | INFO     | Backtest   | [回测 4/5] 模拟第 3871/4905 笔交易: 森赫股份...
2026-05-03 19:46:10.801 | INFO     | Backtest   | [回测 4/5] 模拟第 3881/4905 笔交易: 飞天诚信...
2026-05-03 19:46:11.017 | INFO     | Backtest   | [回测 4/5] 模拟第 3891/4905 笔交易: 洛阳钼业...
2026-05-03 19:46:11.165 | INFO     | Backtest   | [回测 4/5] 模拟第 3901/4905 笔交易: 博源化工...
2026-05-03 19:46:11.312 | INFO     | Backtest   | [回测 4/5] 模拟第 3911/4905 笔交易: 双象股份...
2026-05-03 19:46:11.541 | INFO     | Backtest   | [回测 4/5] 模拟第 3921/4905 笔交易: 深南电A...
2026-05-03 19:46:11.720 | INFO     | Backtest   | [回测 4/5] 模拟第 3931/4905 笔交易: 京源环保...
2026-05-03 19:46:11.943 | INFO     | Backtest   | [回测 4/5] 模拟第 3941/4905 笔交易: 福然德...
2026-05-03 19:46:12.165 | INFO     | Backtest   | [回测 4/5] 模拟第 3951/4905 笔交易: 同和药业...
2026-05-03 19:46:12.369 | INFO     | Backtest   | [回测 4/5] 模拟第 3961/4905 笔交易: 一拖股份...
2026-05-03 19:46:12.563 | INFO     | Backtest   | [回测 4/5] 模拟第 3971/4905 笔交易: 宁波精达...
2026-05-03 19:46:12.718 | INFO     | Backtest   | [回测 4/5] 模拟第 3981/4905 笔交易: 西藏城投...
2026-05-03 19:46:12.892 | INFO     | Backtest   | [回测 4/5] 模拟第 3991/4905 笔交易: 西藏珠峰...
2026-05-03 19:46:13.022 | INFO     | Backtest   | [回测 4/5] 模拟第 4001/4905 笔交易: 天合光能...
2026-05-03 19:46:13.179 | INFO     | Backtest   | [回测 4/5] 模拟第 4011/4905 笔交易: 九州通...
2026-05-03 19:46:13.336 | INFO     | Backtest   | [回测 4/5] 模拟第 4021/4905 笔交易: 芯能科技...
2026-05-03 19:46:13.480 | INFO     | Backtest   | [回测 4/5] 模拟第 4031/4905 笔交易: 中信金属...
2026-05-03 19:46:13.608 | INFO     | Backtest   | [回测 4/5] 模拟第 4041/4905 笔交易: 汤姆猫...
2026-05-03 19:46:13.712 | INFO     | Backtest   | [回测 4/5] 模拟第 4051/4905 笔交易: 亚虹医药-U...
2026-05-03 19:46:13.868 | INFO     | Backtest   | [回测 4/5] 模拟第 4061/4905 笔交易: XD宝丰能...
2026-05-03 19:46:14.009 | INFO     | Backtest   | [回测 4/5] 模拟第 4071/4905 笔交易: 嘉化能源...
2026-05-03 19:46:14.145 | INFO     | Backtest   | [回测 4/5] 模拟第 4081/4905 笔交易: 黄山旅游...
2026-05-03 19:46:14.346 | INFO     | Backtest   | [回测 4/5] 模拟第 4091/4905 笔交易: 晋亿实业...
2026-05-03 19:46:14.518 | INFO     | Backtest   | [回测 4/5] 模拟第 4101/4905 笔交易: 哈空调...
2026-05-03 19:46:14.714 | INFO     | Backtest   | [回测 4/5] 模拟第 4111/4905 笔交易: 浙江医药...
2026-05-03 19:46:14.893 | INFO     | Backtest   | [回测 4/5] 模拟第 4121/4905 笔交易: 公元股份...
2026-05-03 19:46:15.131 | INFO     | Backtest   | [回测 4/5] 模拟第 4131/4905 笔交易: 捷顺科技...
2026-05-03 19:46:15.331 | INFO     | Backtest   | [回测 4/5] 模拟第 4141/4905 笔交易: 国网英大...
2026-05-03 19:46:15.489 | INFO     | Backtest   | [回测 4/5] 模拟第 4151/4905 笔交易: 晶澳科技...
2026-05-03 19:46:15.675 | INFO     | Backtest   | [回测 4/5] 模拟第 4161/4905 笔交易: 保龄宝...
2026-05-03 19:46:15.849 | INFO     | Backtest   | [回测 4/5] 模拟第 4171/4905 笔交易: 安彩高科...
2026-05-03 19:46:16.064 | INFO     | Backtest   | [回测 4/5] 模拟第 4181/4905 笔交易: 瑞茂通...
2026-05-03 19:46:16.218 | INFO     | Backtest   | [回测 4/5] 模拟第 4191/4905 笔交易: 厦门港务...
2026-05-03 19:46:16.377 | INFO     | Backtest   | [回测 4/5] 模拟第 4201/4905 笔交易: 金瑞矿业...
2026-05-03 19:46:16.544 | INFO     | Backtest   | [回测 4/5] 模拟第 4211/4905 笔交易: 兔宝宝...
2026-05-03 19:46:16.681 | INFO     | Backtest   | [回测 4/5] 模拟第 4221/4905 笔交易: 掌阅科技...
2026-05-03 19:46:16.869 | INFO     | Backtest   | [回测 4/5] 模拟第 4231/4905 笔交易: 辉隆股份...
2026-05-03 19:46:17.075 | INFO     | Backtest   | [回测 4/5] 模拟第 4241/4905 笔交易: 太龙股份...
2026-05-03 19:46:17.230 | INFO     | Backtest   | [回测 4/5] 模拟第 4251/4905 笔交易: 先进数通...
2026-05-03 19:46:17.408 | INFO     | Backtest   | [回测 4/5] 模拟第 4261/4905 笔交易: 长阳科技...
2026-05-03 19:46:17.590 | INFO     | Backtest   | [回测 4/5] 模拟第 4271/4905 笔交易: 宏源药业...
2026-05-03 19:46:17.749 | INFO     | Backtest   | [回测 4/5] 模拟第 4281/4905 笔交易: 彩虹股份...
2026-05-03 19:46:17.892 | INFO     | Backtest   | [回测 4/5] 模拟第 4291/4905 笔交易: 孚日股份...
2026-05-03 19:46:18.029 | INFO     | Backtest   | [回测 4/5] 模拟第 4301/4905 笔交易: 新劲刚...
2026-05-03 19:46:18.154 | INFO     | Backtest   | [回测 4/5] 模拟第 4311/4905 笔交易: 圣农发展...
2026-05-03 19:46:18.272 | INFO     | Backtest   | [回测 4/5] 模拟第 4321/4905 笔交易: 华创云信...
2026-05-03 19:46:18.404 | INFO     | Backtest   | [回测 4/5] 模拟第 4331/4905 笔交易: 新凤鸣...
2026-05-03 19:46:18.529 | INFO     | Backtest   | [回测 4/5] 模拟第 4341/4905 笔交易: 亚星化学...
2026-05-03 19:46:18.674 | INFO     | Backtest   | [回测 4/5] 模拟第 4351/4905 笔交易: 赞宇科技...
2026-05-03 19:46:18.805 | INFO     | Backtest   | [回测 4/5] 模拟第 4361/4905 笔交易: 海天精工...
2026-05-03 19:46:19.006 | INFO     | Backtest   | [回测 4/5] 模拟第 4371/4905 笔交易: 航锦科技...
2026-05-03 19:46:19.149 | INFO     | Backtest   | [回测 4/5] 模拟第 4381/4905 笔交易: 精进电动-UW...
2026-05-03 19:46:19.282 | INFO     | Backtest   | [回测 4/5] 模拟第 4391/4905 笔交易: 昌红科技...
2026-05-03 19:46:19.480 | INFO     | Backtest   | [回测 4/5] 模拟第 4401/4905 笔交易: 大西洋...
2026-05-03 19:46:19.636 | INFO     | Backtest   | [回测 4/5] 模拟第 4411/4905 笔交易: 山东玻纤...
2026-05-03 19:46:19.768 | INFO     | Backtest   | [回测 4/5] 模拟第 4421/4905 笔交易: 双星新材...
2026-05-03 19:46:19.915 | INFO     | Backtest   | [回测 4/5] 模拟第 4431/4905 笔交易: 三友化工...
2026-05-03 19:46:20.075 | INFO     | Backtest   | [回测 4/5] 模拟第 4441/4905 笔交易: 钛能化学...
2026-05-03 19:46:20.218 | INFO     | Backtest   | [回测 4/5] 模拟第 4451/4905 笔交易: 鲁北化工...
2026-05-03 19:46:20.352 | INFO     | Backtest   | [回测 4/5] 模拟第 4461/4905 笔交易: 青松股份...
2026-05-03 19:46:20.453 | INFO     | Backtest   | [回测 4/5] 模拟第 4471/4905 笔交易: 皇氏集团...
2026-05-03 19:46:20.593 | INFO     | Backtest   | [回测 4/5] 模拟第 4481/4905 笔交易: 时代万恒...
2026-05-03 19:46:20.735 | INFO     | Backtest   | [回测 4/5] 模拟第 4491/4905 笔交易: 大连热电...
2026-05-03 19:46:20.877 | INFO     | Backtest   | [回测 4/5] 模拟第 4501/4905 笔交易: 中远通...
2026-05-03 19:46:21.063 | INFO     | Backtest   | [回测 4/5] 模拟第 4511/4905 笔交易: 狮头股份...
2026-05-03 19:46:21.203 | INFO     | Backtest   | [回测 4/5] 模拟第 4521/4905 笔交易: 振东制药...
2026-05-03 19:46:21.366 | INFO     | Backtest   | [回测 4/5] 模拟第 4531/4905 笔交易: 开尔新材...
2026-05-03 19:46:21.581 | INFO     | Backtest   | [回测 4/5] 模拟第 4541/4905 笔交易: XD高能环...
2026-05-03 19:46:21.734 | INFO     | Backtest   | [回测 4/5] 模拟第 4551/4905 笔交易: 我武生物...
2026-05-03 19:46:21.901 | INFO     | Backtest   | [回测 4/5] 模拟第 4561/4905 笔交易: 上海家化...
2026-05-03 19:46:22.053 | INFO     | Backtest   | [回测 4/5] 模拟第 4571/4905 笔交易: 鹏鹞环保...
2026-05-03 19:46:22.196 | INFO     | Backtest   | [回测 4/5] 模拟第 4581/4905 笔交易: 莲花控股...
2026-05-03 19:46:22.347 | INFO     | Backtest   | [回测 4/5] 模拟第 4591/4905 笔交易: 凯美特气...
2026-05-03 19:46:22.524 | INFO     | Backtest   | [回测 4/5] 模拟第 4601/4905 笔交易: 创维数字...
2026-05-03 19:46:22.692 | INFO     | Backtest   | [回测 4/5] 模拟第 4611/4905 笔交易: 恒盛能源...
2026-05-03 19:46:22.871 | INFO     | Backtest   | [回测 4/5] 模拟第 4621/4905 笔交易: 智光电气...
2026-05-03 19:46:23.085 | INFO     | Backtest   | [回测 4/5] 模拟第 4631/4905 笔交易: 康斯特...
2026-05-03 19:46:23.269 | INFO     | Backtest   | [回测 4/5] 模拟第 4641/4905 笔交易: 幸福蓝海...
2026-05-03 19:46:23.435 | INFO     | Backtest   | [回测 4/5] 模拟第 4651/4905 笔交易: 福达股份...
2026-05-03 19:46:23.628 | INFO     | Backtest   | [回测 4/5] 模拟第 4661/4905 笔交易: 聚光科技...
2026-05-03 19:46:23.819 | INFO     | Backtest   | [回测 4/5] 模拟第 4671/4905 笔交易: 瑞泰新材...
2026-05-03 19:46:24.019 | INFO     | Backtest   | [回测 4/5] 模拟第 4681/4905 笔交易: 华源控股...
2026-05-03 19:46:24.231 | INFO     | Backtest   | [回测 4/5] 模拟第 4691/4905 笔交易: 飞力达...
2026-05-03 19:46:24.447 | INFO     | Backtest   | [回测 4/5] 模拟第 4701/4905 笔交易: 嘉应制药...
2026-05-03 19:46:24.649 | INFO     | Backtest   | [回测 4/5] 模拟第 4711/4905 笔交易: 德艺文创...
2026-05-03 19:46:24.790 | INFO     | Backtest   | [回测 4/5] 模拟第 4721/4905 笔交易: 海联金汇...
2026-05-03 19:46:24.998 | INFO     | Backtest   | [回测 4/5] 模拟第 4731/4905 笔交易: 宏达高科...
2026-05-03 19:46:25.194 | INFO     | Backtest   | [回测 4/5] 模拟第 4741/4905 笔交易: 吉林敖东...
2026-05-03 19:46:25.376 | INFO     | Backtest   | [回测 4/5] 模拟第 4751/4905 笔交易: 迈赫股份...
2026-05-03 19:46:25.563 | INFO     | Backtest   | [回测 4/5] 模拟第 4761/4905 笔交易: 湘佳股份...
2026-05-03 19:46:25.746 | INFO     | Backtest   | [回测 4/5] 模拟第 4771/4905 笔交易: 水星家纺...
2026-05-03 19:46:25.910 | INFO     | Backtest   | [回测 4/5] 模拟第 4781/4905 笔交易: 佳力图...
2026-05-03 19:46:26.057 | INFO     | Backtest   | [回测 4/5] 模拟第 4791/4905 笔交易: 金钼股份...
2026-05-03 19:46:26.212 | INFO     | Backtest   | [回测 4/5] 模拟第 4801/4905 笔交易: 光莆股份...
2026-05-03 19:46:26.345 | INFO     | Backtest   | [回测 4/5] 模拟第 4811/4905 笔交易: 平高电气...
2026-05-03 19:46:26.473 | INFO     | Backtest   | [回测 4/5] 模拟第 4821/4905 笔交易: 金信诺...
2026-05-03 19:46:26.625 | INFO     | Backtest   | [回测 4/5] 模拟第 4831/4905 笔交易: 元祖股份...
2026-05-03 19:46:26.750 | INFO     | Backtest   | [回测 4/5] 模拟第 4841/4905 笔交易: 三鑫医疗...
2026-05-03 19:46:26.939 | INFO     | Backtest   | [回测 4/5] 模拟第 4851/4905 笔交易: 湖北宜化...
2026-05-03 19:46:27.026 | INFO     | Backtest   | [回测 4/5] 模拟第 4861/4905 笔交易: 蔚蓝锂芯...
2026-05-03 19:46:27.172 | INFO     | Backtest   | [回测 4/5] 模拟第 4871/4905 笔交易: 初灵信息...
2026-05-03 19:46:27.297 | INFO     | Backtest   | [回测 4/5] 模拟第 4881/4905 笔交易: 麦捷科技...
2026-05-03 19:46:27.409 | INFO     | Backtest   | [回测 4/5] 模拟第 4891/4905 笔交易: 芯联集成-U...
2026-05-03 19:46:27.555 | INFO     | Backtest   | [回测 4/5] 模拟第 4901/4905 笔交易: 广哈通信...
2026-05-03 19:46:27.619 | INFO     | Backtest   | [回测 5/5] 回测任务完成: 1145笔(含0笔平手离场)
2026-05-03 19:46:28.426 | INFO     | Backtest   | [回测 1/5] 筛选回测目标股票...
2026-05-03 19:46:28.442 | INFO     | Backtest   | [回测 2/5] 加载 5010 只股票的历史数据进行快速扫描...
2026-05-03 19:46:41.740 | INFO     | Backtest   | [回测 3/5] 计算策略信号 (基于日线信号库)...
2026-05-03 19:46:41.746 | INFO     | Screener   | 🧬 [Loader] 识别到类继承策略: MA5AngleOriginalStrategy
2026-05-03 19:46:49.170 | INFO     | Backtest   | [回测 4/5] 处理 146 条信号，执行精细分钟线仿真...
2026-05-03 19:46:49.170 | INFO     | Backtest   | [回测 4/5] 模拟第 1/146 笔交易: 升达林业...
2026-05-03 19:46:49.490 | INFO     | Backtest   | [回测 4/5] 模拟第 11/146 笔交易: 华海药业...
2026-05-03 19:46:49.778 | INFO     | Backtest   | [回测 4/5] 模拟第 21/146 笔交易: 三德科技...
2026-05-03 19:46:50.042 | INFO     | Backtest   | [回测 4/5] 模拟第 31/146 笔交易: 南新制药...
2026-05-03 19:46:50.289 | INFO     | Backtest   | [回测 4/5] 模拟第 41/146 笔交易: 宇新股份...
2026-05-03 19:46:50.552 | INFO     | Backtest   | [回测 4/5] 模拟第 51/146 笔交易: 飞乐音响...
2026-05-03 19:46:50.830 | INFO     | Backtest   | [回测 4/5] 模拟第 61/146 笔交易: 荣联科技...
2026-05-03 19:46:51.072 | INFO     | Backtest   | [回测 4/5] 模拟第 71/146 笔交易: 上实发展...
2026-05-03 19:46:51.292 | INFO     | Backtest   | [回测 4/5] 模拟第 81/146 笔交易: 汉宇集团...
2026-05-03 19:46:51.513 | INFO     | Backtest   | [回测 4/5] 模拟第 91/146 笔交易: 实达集团...
2026-05-03 19:46:51.720 | INFO     | Backtest   | [回测 4/5] 模拟第 101/146 笔交易: 百通能源...
2026-05-03 19:46:51.927 | INFO     | Backtest   | [回测 4/5] 模拟第 111/146 笔交易: 仁东控股...
2026-05-03 19:46:52.120 | INFO     | Backtest   | [回测 4/5] 模拟第 121/146 笔交易: 海峡创新...
2026-05-03 19:46:52.270 | INFO     | Backtest   | [回测 4/5] 模拟第 131/146 笔交易: 金海高科...
2026-05-03 19:46:52.460 | INFO     | Backtest   | [回测 4/5] 模拟第 141/146 笔交易: 海亮股份...
2026-05-03 19:46:52.511 | INFO     | Backtest   | [回测 5/5] 回测任务完成: 133笔(含0笔平手离场)
2026-05-03 19:46:52.650 | INFO     | Backtest   | [回测 1/5] 筛选回测目标股票...
2026-05-03 19:46:52.667 | INFO     | Backtest   | [回测 2/5] 加载 5010 只股票的历史数据进行快速扫描...
2026-05-03 19:47:06.461 | INFO     | Backtest   | [回测 3/5] 计算策略信号 (基于日线信号库)...
2026-05-03 19:47:06.467 | INFO     | Screener   | 🧬 [Loader] 识别到类继承策略: MA5AngleOriginalStrategy
2026-05-03 19:47:13.923 | INFO     | Backtest   | [回测 4/5] 处理 292 条信号，执行精细分钟线仿真...
2026-05-03 19:47:13.924 | INFO     | Backtest   | [回测 4/5] 模拟第 1/292 笔交易: 升达林业...
2026-05-03 19:47:14.228 | INFO     | Backtest   | [回测 4/5] 模拟第 11/292 笔交易: 森远股份...
2026-05-03 19:47:14.527 | INFO     | Backtest   | [回测 4/5] 模拟第 21/292 笔交易: 华海药业...
2026-05-03 19:47:14.856 | INFO     | Backtest   | [回测 4/5] 模拟第 31/292 笔交易: 元隆雅图...
2026-05-03 19:47:15.096 | INFO     | Backtest   | [回测 4/5] 模拟第 41/292 笔交易: 三德科技...
2026-05-03 19:47:15.376 | INFO     | Backtest   | [回测 4/5] 模拟第 51/292 笔交易: 宜安科技...
2026-05-03 19:47:15.635 | INFO     | Backtest   | [回测 4/5] 模拟第 61/292 笔交易: 南新制药...
2026-05-03 19:47:15.860 | INFO     | Backtest   | [回测 4/5] 模拟第 71/292 笔交易: 前沿生物-U...
2026-05-03 19:47:16.110 | INFO     | Backtest   | [回测 4/5] 模拟第 81/292 笔交易: 宇新股份...
2026-05-03 19:47:16.332 | INFO     | Backtest   | [回测 4/5] 模拟第 91/292 笔交易: 中恒电气...
2026-05-03 19:47:16.581 | INFO     | Backtest   | [回测 4/5] 模拟第 101/292 笔交易: 飞乐音响...
2026-05-03 19:47:16.798 | INFO     | Backtest   | [回测 4/5] 模拟第 111/292 笔交易: 西安银行...
2026-05-03 19:47:17.068 | INFO     | Backtest   | [回测 4/5] 模拟第 121/292 笔交易: 荣联科技...
2026-05-03 19:47:17.307 | INFO     | Backtest   | [回测 4/5] 模拟第 131/292 笔交易: 毅昌科技...
2026-05-03 19:47:17.553 | INFO     | Backtest   | [回测 4/5] 模拟第 141/292 笔交易: 上实发展...
2026-05-03 19:47:17.800 | INFO     | Backtest   | [回测 4/5] 模拟第 151/292 笔交易: 同有科技...
2026-05-03 19:47:18.002 | INFO     | Backtest   | [回测 4/5] 模拟第 161/292 笔交易: 汉宇集团...
2026-05-03 19:47:18.216 | INFO     | Backtest   | [回测 4/5] 模拟第 171/292 笔交易: 赛伍技术...
2026-05-03 19:47:18.410 | INFO     | Backtest   | [回测 4/5] 模拟第 181/292 笔交易: 实达集团...
2026-05-03 19:47:18.636 | INFO     | Backtest   | [回测 4/5] 模拟第 191/292 笔交易: 友好集团...
2026-05-03 19:47:18.823 | INFO     | Backtest   | [回测 4/5] 模拟第 201/292 笔交易: 百通能源...
2026-05-03 19:47:19.059 | INFO     | Backtest   | [回测 4/5] 模拟第 211/292 笔交易: 诚益通...
2026-05-03 19:47:19.211 | INFO     | Backtest   | [回测 4/5] 模拟第 221/292 笔交易: 仁东控股...
2026-05-03 19:47:19.441 | INFO     | Backtest   | [回测 4/5] 模拟第 231/292 笔交易: 明冠新材...
2026-05-03 19:47:19.596 | INFO     | Backtest   | [回测 4/5] 模拟第 241/292 笔交易: 海峡创新...
2026-05-03 19:47:19.772 | INFO     | Backtest   | [回测 4/5] 模拟第 251/292 笔交易: 御银股份...
2026-05-03 19:47:19.918 | INFO     | Backtest   | [回测 4/5] 模拟第 261/292 笔交易: 金海高科...
2026-05-03 19:47:20.088 | INFO     | Backtest   | [回测 4/5] 模拟第 271/292 笔交易: 招商轮船...
2026-05-03 19:47:20.280 | INFO     | Backtest   | [回测 4/5] 模拟第 281/292 笔交易: 海亮股份...
2026-05-03 19:47:20.429 | INFO     | Backtest   | [回测 4/5] 模拟第 291/292 笔交易: 康盛股份...
2026-05-03 19:47:20.430 | INFO     | Backtest   | [回测 5/5] 回测任务完成: 259笔(含0笔平手离场)
2026-05-03 19:47:20.612 | INFO     | Backtest   | [回测 1/5] 筛选回测目标股票...
2026-05-03 19:47:20.629 | INFO     | Backtest   | [回测 2/5] 加载 5010 只股票的历史数据进行快速扫描...
2026-05-03 19:47:34.587 | INFO     | Backtest   | [回测 3/5] 计算策略信号 (基于日线信号库)...
2026-05-03 19:47:34.594 | INFO     | Screener   | 🧬 [Loader] 识别到类继承策略: MA5AngleOriginalStrategy
2026-05-03 19:47:42.067 | INFO     | Backtest   | [回测 4/5] 处理 436 条信号，执行精细分钟线仿真...
2026-05-03 19:47:42.069 | INFO     | Backtest   | [回测 4/5] 模拟第 1/436 笔交易: 升达林业...
2026-05-03 19:47:42.375 | INFO     | Backtest   | [回测 4/5] 模拟第 11/436 笔交易: 通化金马...
2026-05-03 19:47:42.693 | INFO     | Backtest   | [回测 4/5] 模拟第 21/436 笔交易: 金春股份...
2026-05-03 19:47:42.964 | INFO     | Backtest   | [回测 4/5] 模拟第 31/436 笔交易: 华海药业...
2026-05-03 19:47:43.254 | INFO     | Backtest   | [回测 4/5] 模拟第 41/436 笔交易: 浙江众成...
2026-05-03 19:47:43.554 | INFO     | Backtest   | [回测 4/5] 模拟第 51/436 笔交易: 绿茵生态...
2026-05-03 19:47:43.805 | INFO     | Backtest   | [回测 4/5] 模拟第 61/436 笔交易: 三德科技...
2026-05-03 19:47:44.088 | INFO     | Backtest   | [回测 4/5] 模拟第 71/436 笔交易: 巨人网络...
2026-05-03 19:47:44.380 | INFO     | Backtest   | [回测 4/5] 模拟第 81/436 笔交易: 长沙银行...
2026-05-03 19:47:44.636 | INFO     | Backtest   | [回测 4/5] 模拟第 91/436 笔交易: 南新制药...
2026-05-03 19:47:44.895 | INFO     | Backtest   | [回测 4/5] 模拟第 101/436 笔交易: 柳钢股份...
2026-05-03 19:47:45.124 | INFO     | Backtest   | [回测 4/5] 模拟第 111/436 笔交易: 大恒科技...
2026-05-03 19:47:45.378 | INFO     | Backtest   | [回测 4/5] 模拟第 121/436 笔交易: 宇新股份...
2026-05-03 19:47:45.630 | INFO     | Backtest   | [回测 4/5] 模拟第 131/436 笔交易: 韵达股份...
2026-05-03 19:47:45.899 | INFO     | Backtest   | [回测 4/5] 模拟第 141/436 笔交易: 科德教育...
2026-05-03 19:47:46.132 | INFO     | Backtest   | [回测 4/5] 模拟第 151/436 笔交易: 飞乐音响...
2026-05-03 19:47:46.365 | INFO     | Backtest   | [回测 4/5] 模拟第 161/436 笔交易: 华联控股...
2026-05-03 19:47:46.612 | INFO     | Backtest   | [回测 4/5] 模拟第 171/436 笔交易: 胜利精密...
2026-05-03 19:47:46.884 | INFO     | Backtest   | [回测 4/5] 模拟第 181/436 笔交易: 荣联科技...
2026-05-03 19:47:47.123 | INFO     | Backtest   | [回测 4/5] 模拟第 191/436 笔交易: 深科技...
2026-05-03 19:47:47.385 | INFO     | Backtest   | [回测 4/5] 模拟第 201/436 笔交易: 亨通股份...
2026-05-03 19:47:47.615 | INFO     | Backtest   | [回测 4/5] 模拟第 211/436 笔交易: 上实发展...
2026-05-03 19:47:47.878 | INFO     | Backtest   | [回测 4/5] 模拟第 221/436 笔交易: 迪普科技...
2026-05-03 19:47:48.057 | INFO     | Backtest   | [回测 4/5] 模拟第 231/436 笔交易: 赣粤高速...
2026-05-03 19:47:48.287 | INFO     | Backtest   | [回测 4/5] 模拟第 241/436 笔交易: 汉宇集团...
2026-05-03 19:47:48.477 | INFO     | Backtest   | [回测 4/5] 模拟第 251/436 笔交易: 华蓝集团...
2026-05-03 19:47:48.674 | INFO     | Backtest   | [回测 4/5] 模拟第 261/436 笔交易: 科信技术...
2026-05-03 19:47:48.899 | INFO     | Backtest   | [回测 4/5] 模拟第 271/436 笔交易: 建设机械...
2026-05-03 19:47:49.134 | INFO     | Backtest   | [回测 4/5] 模拟第 281/436 笔交易: 航天软件...
2026-05-03 19:47:49.381 | INFO     | Backtest   | [回测 4/5] 模拟第 291/436 笔交易: 中国一重...
2026-05-03 19:47:49.592 | INFO     | Backtest   | [回测 4/5] 模拟第 301/436 笔交易: 泰尔股份...
2026-05-03 19:47:49.806 | INFO     | Backtest   | [回测 4/5] 模拟第 311/436 笔交易: 冰山冷热...
2026-05-03 19:47:49.988 | INFO     | Backtest   | [回测 4/5] 模拟第 321/436 笔交易: 中国核建...
2026-05-03 19:47:50.158 | INFO     | Backtest   | [回测 4/5] 模拟第 331/436 笔交易: 金财互联...
2026-05-03 19:47:50.359 | INFO     | Backtest   | [回测 4/5] 模拟第 341/436 笔交易: 综艺股份...
2026-05-03 19:47:50.520 | INFO     | Backtest   | [回测 4/5] 模拟第 351/436 笔交易: 商络电子...
2026-05-03 19:47:50.708 | INFO     | Backtest   | [回测 4/5] 模拟第 361/436 笔交易: 博纳影业...
2026-05-03 19:47:50.905 | INFO     | Backtest   | [回测 4/5] 模拟第 371/436 笔交易: 飞南资源...
2026-05-03 19:47:51.068 | INFO     | Backtest   | [回测 4/5] 模拟第 381/436 笔交易: 华新科技...
2026-05-03 19:47:51.240 | INFO     | Backtest   | [回测 4/5] 模拟第 391/436 笔交易: 粤电力Ａ...
2026-05-03 19:47:51.388 | INFO     | Backtest   | [回测 4/5] 模拟第 401/436 笔交易: 翰宇药业...
2026-05-03 19:47:51.573 | INFO     | Backtest   | [回测 4/5] 模拟第 411/436 笔交易: 远东股份...
2026-05-03 19:47:51.789 | INFO     | Backtest   | [回测 4/5] 模拟第 421/436 笔交易: 亿利达...
2026-05-03 19:47:51.952 | INFO     | Backtest   | [回测 4/5] 模拟第 431/436 笔交易: 阳光照明...
2026-05-03 19:47:51.970 | INFO     | Backtest   | [回测 5/5] 回测任务完成: 349笔(含0笔平手离场)
2026-05-03 19:47:52.156 | INFO     | Backtest   | [回测 1/5] 筛选回测目标股票...
2026-05-03 19:47:52.174 | INFO     | Backtest   | [回测 2/5] 加载 5010 只股票的历史数据进行快速扫描...
2026-05-03 19:48:06.113 | INFO     | Backtest   | [回测 3/5] 计算策略信号 (基于日线信号库)...
2026-05-03 19:48:06.120 | INFO     | Screener   | 🧬 [Loader] 识别到类继承策略: MA5AngleOriginalStrategy
2026-05-03 19:48:13.594 | INFO     | Backtest   | [回测 4/5] 处理 580 条信号，执行精细分钟线仿真...
2026-05-03 19:48:13.595 | INFO     | Backtest   | [回测 4/5] 模拟第 1/580 笔交易: 升达林业...
2026-05-03 19:48:13.868 | INFO     | Backtest   | [回测 4/5] 模拟第 11/580 笔交易: 上海凤凰...
2026-05-03 19:48:14.235 | INFO     | Backtest   | [回测 4/5] 模拟第 21/580 笔交易: 森远股份...
2026-05-03 19:48:14.542 | INFO     | Backtest   | [回测 4/5] 模拟第 31/580 笔交易: 圣阳股份...
2026-05-03 19:48:14.836 | INFO     | Backtest   | [回测 4/5] 模拟第 41/580 笔交易: 华海药业...
2026-05-03 19:48:15.136 | INFO     | Backtest   | [回测 4/5] 模拟第 51/580 笔交易: 幸福蓝海...
2026-05-03 19:48:15.470 | INFO     | Backtest   | [回测 4/5] 模拟第 61/580 笔交易: 元隆雅图...
2026-05-03 19:48:15.743 | INFO     | Backtest   | [回测 4/5] 模拟第 71/580 笔交易: 凡拓数创...
2026-05-03 19:48:16.001 | INFO     | Backtest   | [回测 4/5] 模拟第 81/580 笔交易: 三德科技...
2026-05-03 19:48:16.338 | INFO     | Backtest   | [回测 4/5] 模拟第 91/580 笔交易: 凯撒文化...
2026-05-03 19:48:16.638 | INFO     | Backtest   | [回测 4/5] 模拟第 101/580 笔交易: 宜安科技...
2026-05-03 19:48:16.945 | INFO     | Backtest   | [回测 4/5] 模拟第 111/580 笔交易: 福然德...
2026-05-03 19:48:17.191 | INFO     | Backtest   | [回测 4/5] 模拟第 121/580 笔交易: 南新制药...
2026-05-03 19:48:17.450 | INFO     | Backtest   | [回测 4/5] 模拟第 131/580 笔交易: 飞亚达...
2026-05-03 19:48:17.678 | INFO     | Backtest   | [回测 4/5] 模拟第 141/580 笔交易: 前沿生物-U...
2026-05-03 19:48:17.949 | INFO     | Backtest   | [回测 4/5] 模拟第 151/580 笔交易: 银河微电...
2026-05-03 19:48:18.227 | INFO     | Backtest   | [回测 4/5] 模拟第 161/580 笔交易: 宇新股份...
2026-05-03 19:48:18.505 | INFO     | Backtest   | [回测 4/5] 模拟第 171/580 笔交易: 皖通科技...
2026-05-03 19:48:18.789 | INFO     | Backtest   | [回测 4/5] 模拟第 181/580 笔交易: 中恒电气...
2026-05-03 19:48:19.123 | INFO     | Backtest   | [回测 4/5] 模拟第 191/580 笔交易: 多伦科技...
2026-05-03 19:48:19.383 | INFO     | Backtest   | [回测 4/5] 模拟第 201/580 笔交易: 飞乐音响...
2026-05-03 19:48:19.624 | INFO     | Backtest   | [回测 4/5] 模拟第 211/580 笔交易: 城地香江...
2026-05-03 19:48:19.915 | INFO     | Backtest   | [回测 4/5] 模拟第 221/580 笔交易: 西安银行...
2026-05-03 19:48:20.157 | INFO     | Backtest   | [回测 4/5] 模拟第 231/580 笔交易: 均胜电子...
2026-05-03 19:48:20.437 | INFO     | Backtest   | [回测 4/5] 模拟第 241/580 笔交易: 荣联科技...
2026-05-03 19:48:20.689 | INFO     | Backtest   | [回测 4/5] 模拟第 251/580 笔交易: 科瑞技术...
2026-05-03 19:48:20.933 | INFO     | Backtest   | [回测 4/5] 模拟第 261/580 笔交易: 毅昌科技...
2026-05-03 19:48:21.189 | INFO     | Backtest   | [回测 4/5] 模拟第 271/580 笔交易: 华明装备...
2026-05-03 19:48:21.441 | INFO     | Backtest   | [回测 4/5] 模拟第 281/580 笔交易: 上实发展...
2026-05-03 19:48:21.711 | INFO     | Backtest   | [回测 4/5] 模拟第 291/580 笔交易: 中曼石油...
2026-05-03 19:48:21.929 | INFO     | Backtest   | [回测 4/5] 模拟第 301/580 笔交易: 同有科技...
2026-05-03 19:48:22.149 | INFO     | Backtest   | [回测 4/5] 模拟第 311/580 笔交易: 海南发展...
2026-05-03 19:48:22.374 | INFO     | Backtest   | [回测 4/5] 模拟第 321/580 笔交易: 汉宇集团...
2026-05-03 19:48:22.594 | INFO     | Backtest   | [回测 4/5] 模拟第 331/580 笔交易: 纽威数控...
2026-05-03 19:48:22.789 | INFO     | Backtest   | [回测 4/5] 模拟第 341/580 笔交易: 赛伍技术...
2026-05-03 19:48:23.000 | INFO     | Backtest   | [回测 4/5] 模拟第 351/580 笔交易: 澳柯玛...
2026-05-03 19:48:23.231 | INFO     | Backtest   | [回测 4/5] 模拟第 361/580 笔交易: 银禧科技...
2026-05-03 19:48:23.469 | INFO     | Backtest   | [回测 4/5] 模拟第 371/580 笔交易: 雷科防务...
2026-05-03 19:48:23.675 | INFO     | Backtest   | [回测 4/5] 模拟第 381/580 笔交易: 瑞斯康达...
2026-05-03 19:48:23.912 | INFO     | Backtest   | [回测 4/5] 模拟第 391/580 笔交易: 中光防雷...
2026-05-03 19:48:24.118 | INFO     | Backtest   | [回测 4/5] 模拟第 401/580 笔交易: 中锐股份...
2026-05-03 19:48:24.372 | INFO     | Backtest   | [回测 4/5] 模拟第 411/580 笔交易: 天地数码...
2026-05-03 19:48:24.585 | INFO     | Backtest   | [回测 4/5] 模拟第 421/580 笔交易: 乐普医疗...
2026-05-03 19:48:24.798 | INFO     | Backtest   | [回测 4/5] 模拟第 431/580 笔交易: 泰胜风能...
2026-05-03 19:48:24.970 | INFO     | Backtest   | [回测 4/5] 模拟第 441/580 笔交易: 埃斯顿...
2026-05-03 19:48:25.165 | INFO     | Backtest   | [回测 4/5] 模拟第 451/580 笔交易: 惠博普...
2026-05-03 19:48:25.356 | INFO     | Backtest   | [回测 4/5] 模拟第 461/580 笔交易: 亚虹医药-U...
2026-05-03 19:48:25.532 | INFO     | Backtest   | [回测 4/5] 模拟第 471/580 笔交易: 红墙股份...
2026-05-03 19:48:25.710 | INFO     | Backtest   | [回测 4/5] 模拟第 481/580 笔交易: 金富科技...
2026-05-03 19:48:25.902 | INFO     | Backtest   | [回测 4/5] 模拟第 491/580 笔交易: 网宿科技...
2026-05-03 19:48:26.096 | INFO     | Backtest   | [回测 4/5] 模拟第 501/580 笔交易: 中科通达...
2026-05-03 19:48:26.235 | INFO     | Backtest   | [回测 4/5] 模拟第 511/580 笔交易: 华瓷股份...
2026-05-03 19:48:26.408 | INFO     | Backtest   | [回测 4/5] 模拟第 521/580 笔交易: 珈伟新能...
2026-05-03 19:48:26.552 | INFO     | Backtest   | [回测 4/5] 模拟第 531/580 笔交易: 奥赛康...
2026-05-03 19:48:26.778 | INFO     | Backtest   | [回测 4/5] 模拟第 541/580 笔交易: 新能泰山...
2026-05-03 19:48:26.933 | INFO     | Backtest   | [回测 4/5] 模拟第 551/580 笔交易: 宏源药业...
2026-05-03 19:48:27.139 | INFO     | Backtest   | [回测 4/5] 模拟第 561/580 笔交易: 大东南...
2026-05-03 19:48:27.314 | INFO     | Backtest   | [回测 4/5] 模拟第 571/580 笔交易: 泰永长征...
2026-05-03 19:48:27.413 | INFO     | Backtest   | [回测 5/5] 回测任务完成: 474笔(含0笔平手离场)
2026-05-03 19:48:27.616 | INFO     | Backtest   | [回测 1/5] 筛选回测目标股票...
2026-05-03 19:48:27.633 | INFO     | Backtest   | [回测 2/5] 加载 5010 只股票的历史数据进行快速扫描...
2026-05-03 19:48:40.836 | INFO     | Backtest   | [回测 3/5] 计算策略信号 (基于日线信号库)...
2026-05-03 19:48:40.843 | INFO     | Screener   | 🧬 [Loader] 识别到类继承策略: MA5AngleOriginalStrategy
2026-05-03 19:48:48.295 | INFO     | Backtest   | [回测 4/5] 处理 718 条信号，执行精细分钟线仿真...
2026-05-03 19:48:48.297 | INFO     | Backtest   | [回测 4/5] 模拟第 1/718 笔交易: 升达林业...
2026-05-03 19:48:48.570 | INFO     | Backtest   | [回测 4/5] 模拟第 11/718 笔交易: 尖峰集团...
2026-05-03 19:48:48.920 | INFO     | Backtest   | [回测 4/5] 模拟第 21/718 笔交易: 永茂泰...
2026-05-03 19:48:49.228 | INFO     | Backtest   | [回测 4/5] 模拟第 31/718 笔交易: 开创电气...
2026-05-03 19:48:49.549 | INFO     | Backtest   | [回测 4/5] 模拟第 41/718 笔交易: 中兰环保...
2026-05-03 19:48:49.817 | INFO     | Backtest   | [回测 4/5] 模拟第 51/718 笔交易: 华海药业...
2026-05-03 19:48:50.118 | INFO     | Backtest   | [回测 4/5] 模拟第 61/718 笔交易: 永创智能...
2026-05-03 19:48:50.419 | INFO     | Backtest   | [回测 4/5] 模拟第 71/718 笔交易: 交大昂立...
2026-05-03 19:48:50.723 | INFO     | Backtest   | [回测 4/5] 模拟第 81/718 笔交易: 爱司凯...
2026-05-03 19:48:50.999 | INFO     | Backtest   | [回测 4/5] 模拟第 91/718 笔交易: 联建光电...
2026-05-03 19:48:51.236 | INFO     | Backtest   | [回测 4/5] 模拟第 101/718 笔交易: 三德科技...
2026-05-03 19:48:51.538 | INFO     | Backtest   | [回测 4/5] 模拟第 111/718 笔交易: 兆日科技...
2026-05-03 19:48:51.842 | INFO     | Backtest   | [回测 4/5] 模拟第 121/718 笔交易: 昆船智能...
2026-05-03 19:48:52.122 | INFO     | Backtest   | [回测 4/5] 模拟第 131/718 笔交易: 浦发银行...
2026-05-03 19:48:52.439 | INFO     | Backtest   | [回测 4/5] 模拟第 141/718 笔交易: 金时科技...
2026-05-03 19:48:52.689 | INFO     | Backtest   | [回测 4/5] 模拟第 151/718 笔交易: 南新制药...
2026-05-03 19:48:52.966 | INFO     | Backtest   | [回测 4/5] 模拟第 161/718 笔交易: 东材科技...
2026-05-03 19:48:53.213 | INFO     | Backtest   | [回测 4/5] 模拟第 171/718 笔交易: 深水规院...
2026-05-03 19:48:53.443 | INFO     | Backtest   | [回测 4/5] 模拟第 181/718 笔交易: 汇通集团...
2026-05-03 19:48:53.714 | INFO     | Backtest   | [回测 4/5] 模拟第 191/718 笔交易: 联环药业...
2026-05-03 19:48:53.963 | INFO     | Backtest   | [回测 4/5] 模拟第 201/718 笔交易: 宇新股份...
2026-05-03 19:48:54.266 | INFO     | Backtest   | [回测 4/5] 模拟第 211/718 笔交易: 内蒙一机...
2026-05-03 19:48:54.554 | INFO     | Backtest   | [回测 4/5] 模拟第 221/718 笔交易: 光电股份...
2026-05-03 19:48:54.848 | INFO     | Backtest   | [回测 4/5] 模拟第 231/718 笔交易: 宇瞳光学...
2026-05-03 19:48:55.101 | INFO     | Backtest   | [回测 4/5] 模拟第 241/718 笔交易: 科创信息...
2026-05-03 19:48:55.334 | INFO     | Backtest   | [回测 4/5] 模拟第 251/718 笔交易: 飞乐音响...
2026-05-03 19:48:55.535 | INFO     | Backtest   | [回测 4/5] 模拟第 261/718 笔交易: 衢州东峰...
2026-05-03 19:48:55.801 | INFO     | Backtest   | [回测 4/5] 模拟第 271/718 笔交易: 金安国纪...
2026-05-03 19:48:56.034 | INFO     | Backtest   | [回测 4/5] 模拟第 281/718 笔交易: 海正生材...
2026-05-03 19:48:56.277 | INFO     | Backtest   | [回测 4/5] 模拟第 291/718 笔交易: 福星股份...
2026-05-03 19:48:56.546 | INFO     | Backtest   | [回测 4/5] 模拟第 301/718 笔交易: 东土科技...
2026-05-03 19:48:56.806 | INFO     | Backtest   | [回测 4/5] 模拟第 311/718 笔交易: 蓝丰生化...
2026-05-03 19:48:57.030 | INFO     | Backtest   | [回测 4/5] 模拟第 321/718 笔交易: 富临精工...
2026-05-03 19:48:57.294 | INFO     | Backtest   | [回测 4/5] 模拟第 331/718 笔交易: 华宏科技...
2026-05-03 19:48:57.530 | INFO     | Backtest   | [回测 4/5] 模拟第 341/718 笔交易: 经纬辉开...
2026-05-03 19:48:57.771 | INFO     | Backtest   | [回测 4/5] 模拟第 351/718 笔交易: 赛分科技...
2026-05-03 19:48:58.028 | INFO     | Backtest   | [回测 4/5] 模拟第 361/718 笔交易: 沈阳机床...
2026-05-03 19:48:58.270 | INFO     | Backtest   | [回测 4/5] 模拟第 371/718 笔交易: 上海电力...
2026-05-03 19:48:58.494 | INFO     | Backtest   | [回测 4/5] 模拟第 381/718 笔交易: 赣粤高速...
2026-05-03 19:48:58.748 | INFO     | Backtest   | [回测 4/5] 模拟第 391/718 笔交易: 国晟科技...
2026-05-03 19:48:58.950 | INFO     | Backtest   | [回测 4/5] 模拟第 401/718 笔交易: 新相微...
2026-05-03 19:48:59.199 | INFO     | Backtest   | [回测 4/5] 模拟第 411/718 笔交易: 纽威数控...
2026-05-03 19:48:59.448 | INFO     | Backtest   | [回测 4/5] 模拟第 421/718 笔交易: 龙蟠科技...
2026-05-03 19:48:59.638 | INFO     | Backtest   | [回测 4/5] 模拟第 431/718 笔交易: 科信技术...
2026-05-03 19:48:59.882 | INFO     | Backtest   | [回测 4/5] 模拟第 441/718 笔交易: 银河电子...
2026-05-03 19:49:00.095 | INFO     | Backtest   | [回测 4/5] 模拟第 451/718 笔交易: 泰晶科技...
2026-05-03 19:49:00.335 | INFO     | Backtest   | [回测 4/5] 模拟第 461/718 笔交易: 中闽能源...
2026-05-03 19:49:00.537 | INFO     | Backtest   | [回测 4/5] 模拟第 471/718 笔交易: 塞力医疗...
2026-05-03 19:49:00.771 | INFO     | Backtest   | [回测 4/5] 模拟第 481/718 笔交易: 智光电气...
2026-05-03 19:49:00.993 | INFO     | Backtest   | [回测 4/5] 模拟第 491/718 笔交易: 信科移动-U...
2026-05-03 19:49:01.196 | INFO     | Backtest   | [回测 4/5] 模拟第 501/718 笔交易: 东方雨虹...
2026-05-03 19:49:01.440 | INFO     | Backtest   | [回测 4/5] 模拟第 511/718 笔交易: 冰山冷热...
2026-05-03 19:49:01.646 | INFO     | Backtest   | [回测 4/5] 模拟第 521/718 笔交易: 乐普医疗...
2026-05-03 19:49:01.838 | INFO     | Backtest   | [回测 4/5] 模拟第 531/718 笔交易: 南山铝业...
2026-05-03 19:49:02.012 | INFO     | Backtest   | [回测 4/5] 模拟第 541/718 笔交易: 洲际油气...
2026-05-03 19:49:02.208 | INFO     | Backtest   | [回测 4/5] 模拟第 551/718 笔交易: 文科股份...
2026-05-03 19:49:02.382 | INFO     | Backtest   | [回测 4/5] 模拟第 561/718 笔交易: 综艺股份...
2026-05-03 19:49:02.577 | INFO     | Backtest   | [回测 4/5] 模拟第 571/718 笔交易: 亚虹医药-U...
2026-05-03 19:49:02.744 | INFO     | Backtest   | [回测 4/5] 模拟第 581/718 笔交易: 吉华集团...
2026-05-03 19:49:02.929 | INFO     | Backtest   | [回测 4/5] 模拟第 591/718 笔交易: 坚朗五金...
2026-05-03 19:49:03.120 | INFO     | Backtest   | [回测 4/5] 模拟第 601/718 笔交易: 航民股份...
2026-05-03 19:49:03.347 | INFO     | Backtest   | [回测 4/5] 模拟第 611/718 笔交易: 飞南资源...
2026-05-03 19:49:03.533 | INFO     | Backtest   | [回测 4/5] 模拟第 621/718 笔交易: 通达动力...
2026-05-03 19:49:03.686 | INFO     | Backtest   | [回测 4/5] 模拟第 631/718 笔交易: 可立克...
2026-05-03 19:49:03.856 | INFO     | Backtest   | [回测 4/5] 模拟第 641/718 笔交易: 中盐化工...
2026-05-03 19:49:04.025 | INFO     | Backtest   | [回测 4/5] 模拟第 651/718 笔交易: 铭普光磁...
2026-05-03 19:49:04.200 | INFO     | Backtest   | [回测 4/5] 模拟第 661/718 笔交易: 开能健康...
2026-05-03 19:49:04.424 | INFO     | Backtest   | [回测 4/5] 模拟第 671/718 笔交易: 佳发教育...
2026-05-03 19:49:04.600 | INFO     | Backtest   | [回测 4/5] 模拟第 681/718 笔交易: 宏源药业...
2026-05-03 19:49:04.816 | INFO     | Backtest   | [回测 4/5] 模拟第 691/718 笔交易: 亿利达...
2026-05-03 19:49:05.024 | INFO     | Backtest   | [回测 4/5] 模拟第 701/718 笔交易: 岳阳兴长...
2026-05-03 19:49:05.175 | INFO     | Backtest   | [回测 4/5] 模拟第 711/718 笔交易: 华泰股份...
2026-05-03 19:49:05.263 | INFO     | Backtest   | [回测 5/5] 回测任务完成: 627笔(含0笔平手离场)
2026-05-03 19:49:05.508 | INFO     | Backtest   | [回测 1/5] 筛选回测目标股票...
2026-05-03 19:49:05.525 | INFO     | Backtest   | [回测 2/5] 加载 5010 只股票的历史数据进行快速扫描...
2026-05-03 19:49:19.576 | INFO     | Backtest   | [回测 3/5] 计算策略信号 (基于日线信号库)...
2026-05-03 19:49:19.583 | INFO     | Screener   | 🧬 [Loader] 识别到类继承策略: MA5AngleOriginalStrategy
2026-05-03 19:49:26.923 | INFO     | Backtest   | [回测 4/5] 处理 853 条信号，执行精细分钟线仿真...
2026-05-03 19:49:26.925 | INFO     | Backtest   | [回测 4/5] 模拟第 1/853 笔交易: 升达林业...
2026-05-03 19:49:27.201 | INFO     | Backtest   | [回测 4/5] 模拟第 11/853 笔交易: 中恒电气...
2026-05-03 19:49:27.525 | INFO     | Backtest   | [回测 4/5] 模拟第 21/853 笔交易: 祥源文旅...
2026-05-03 19:49:27.896 | INFO     | Backtest   | [回测 4/5] 模拟第 31/853 笔交易: 森远股份...
2026-05-03 19:49:28.169 | INFO     | Backtest   | [回测 4/5] 模拟第 41/853 笔交易: 博汇股份...
2026-05-03 19:49:28.515 | INFO     | Backtest   | [回测 4/5] 模拟第 51/853 笔交易: 聚石化学...
2026-05-03 19:49:28.755 | INFO     | Backtest   | [回测 4/5] 模拟第 61/853 笔交易: 华海药业...
2026-05-03 19:49:29.060 | INFO     | Backtest   | [回测 4/5] 模拟第 71/853 笔交易: 西麦食品...
2026-05-03 19:49:29.386 | INFO     | Backtest   | [回测 4/5] 模拟第 81/853 笔交易: 华培动力...
2026-05-03 19:49:29.726 | INFO     | Backtest   | [回测 4/5] 模拟第 91/853 笔交易: 元隆雅图...
2026-05-03 19:49:30.020 | INFO     | Backtest   | [回测 4/5] 模拟第 101/853 笔交易: 电子城...
2026-05-03 19:49:30.286 | INFO     | Backtest   | [回测 4/5] 模拟第 111/853 笔交易: 标准股份...
2026-05-03 19:49:30.553 | INFO     | Backtest   | [回测 4/5] 模拟第 121/853 笔交易: 三德科技...
2026-05-03 19:49:30.858 | INFO     | Backtest   | [回测 4/5] 模拟第 131/853 笔交易: 壹石通...
2026-05-03 19:49:31.179 | INFO     | Backtest   | [回测 4/5] 模拟第 141/853 笔交易: 泉峰汽车...
2026-05-03 19:49:31.483 | INFO     | Backtest   | [回测 4/5] 模拟第 151/853 笔交易: 宜安科技...
2026-05-03 19:49:31.786 | INFO     | Backtest   | [回测 4/5] 模拟第 161/853 笔交易: 渝农商行...
2026-05-03 19:49:32.073 | INFO     | Backtest   | [回测 4/5] 模拟第 171/853 笔交易: 卓郎智能...
2026-05-03 19:49:32.340 | INFO     | Backtest   | [回测 4/5] 模拟第 181/853 笔交易: 盟科药业-U...
2026-05-03 19:49:32.629 | INFO     | Backtest   | [回测 4/5] 模拟第 191/853 笔交易: 亚太药业...
2026-05-03 19:49:32.864 | INFO     | Backtest   | [回测 4/5] 模拟第 201/853 笔交易: 闽东电力...
2026-05-03 19:49:33.122 | INFO     | Backtest   | [回测 4/5] 模拟第 211/853 笔交易: 望变电气...
2026-05-03 19:49:33.393 | INFO     | Backtest   | [回测 4/5] 模拟第 221/853 笔交易: 江河集团...
2026-05-03 19:49:33.668 | INFO     | Backtest   | [回测 4/5] 模拟第 231/853 笔交易: 中化装备...
2026-05-03 19:49:33.939 | INFO     | Backtest   | [回测 4/5] 模拟第 241/853 笔交易: 华东数控...
2026-05-03 19:49:34.211 | INFO     | Backtest   | [回测 4/5] 模拟第 251/853 笔交易: 泰和科技...
2026-05-03 19:49:34.478 | INFO     | Backtest   | [回测 4/5] 模拟第 261/853 笔交易: 大为股份...
2026-05-03 19:49:34.777 | INFO     | Backtest   | [回测 4/5] 模拟第 271/853 笔交易: 奥瑞德...
2026-05-03 19:49:35.076 | INFO     | Backtest   | [回测 4/5] 模拟第 281/853 笔交易: 正海生物...
2026-05-03 19:49:35.327 | INFO     | Backtest   | [回测 4/5] 模拟第 291/853 笔交易: 康欣新材...
2026-05-03 19:49:35.554 | INFO     | Backtest   | [回测 4/5] 模拟第 301/853 笔交易: 华升股份...
2026-05-03 19:49:35.782 | INFO     | Backtest   | [回测 4/5] 模拟第 311/853 笔交易: 诺普信...
2026-05-03 19:49:36.036 | INFO     | Backtest   | [回测 4/5] 模拟第 321/853 笔交易: 北方铜业...
2026-05-03 19:49:36.293 | INFO     | Backtest   | [回测 4/5] 模拟第 331/853 笔交易: 华海药业...
2026-05-03 19:49:36.507 | INFO     | Backtest   | [回测 4/5] 模拟第 341/853 笔交易: 方正科技...
2026-05-03 19:49:36.778 | INFO     | Backtest   | [回测 4/5] 模拟第 351/853 笔交易: 南山智尚...
2026-05-03 19:49:36.999 | INFO     | Backtest   | [回测 4/5] 模拟第 361/853 笔交易: 万通发展...
2026-05-03 19:49:37.251 | INFO     | Backtest   | [回测 4/5] 模拟第 371/853 笔交易: 蓝丰生化...
2026-05-03 19:49:37.466 | INFO     | Backtest   | [回测 4/5] 模拟第 381/853 笔交易: 力星股份...
2026-05-03 19:49:37.711 | INFO     | Backtest   | [回测 4/5] 模拟第 391/853 笔交易: 奥联电子...
2026-05-03 19:49:37.938 | INFO     | Backtest   | [回测 4/5] 模拟第 401/853 笔交易: 恒基达鑫...
2026-05-03 19:49:38.156 | INFO     | Backtest   | [回测 4/5] 模拟第 411/853 笔交易: 兴业股份...
2026-05-03 19:49:38.375 | INFO     | Backtest   | [回测 4/5] 模拟第 421/853 笔交易: 蓝箭电子...
2026-05-03 19:49:38.635 | INFO     | Backtest   | [回测 4/5] 模拟第 431/853 笔交易: 沈阳机床...
2026-05-03 19:49:38.866 | INFO     | Backtest   | [回测 4/5] 模拟第 441/853 笔交易: 豪尔赛...
2026-05-03 19:49:39.094 | INFO     | Backtest   | [回测 4/5] 模拟第 451/853 笔交易: 九芝堂...
2026-05-03 19:49:39.311 | INFO     | Backtest   | [回测 4/5] 模拟第 461/853 笔交易: 中孚实业...
2026-05-03 19:49:39.591 | INFO     | Backtest   | [回测 4/5] 模拟第 471/853 笔交易: 常宝股份...
2026-05-03 19:49:39.792 | INFO     | Backtest   | [回测 4/5] 模拟第 481/853 笔交易: 风华高科...
2026-05-03 19:49:40.013 | INFO     | Backtest   | [回测 4/5] 模拟第 491/853 笔交易: 诺德股份...
2026-05-03 19:49:40.226 | INFO     | Backtest   | [回测 4/5] 模拟第 501/853 笔交易: 龙蟠科技...
2026-05-03 19:49:40.421 | INFO     | Backtest   | [回测 4/5] 模拟第 511/853 笔交易: 厦门信达...
2026-05-03 19:49:40.634 | INFO     | Backtest   | [回测 4/5] 模拟第 521/853 笔交易: 天铁科技...
2026-05-03 19:49:40.873 | INFO     | Backtest   | [回测 4/5] 模拟第 531/853 笔交易: 实达集团...
2026-05-03 19:49:41.074 | INFO     | Backtest   | [回测 4/5] 模拟第 541/853 笔交易: 锦富技术...
2026-05-03 19:49:41.292 | INFO     | Backtest   | [回测 4/5] 模拟第 551/853 笔交易: 瑞泰科技...
2026-05-03 19:49:41.489 | INFO     | Backtest   | [回测 4/5] 模拟第 561/853 笔交易: 瑞斯康达...
2026-05-03 19:49:41.742 | INFO     | Backtest   | [回测 4/5] 模拟第 571/853 笔交易: 中国一重...
2026-05-03 19:49:41.948 | INFO     | Backtest   | [回测 4/5] 模拟第 581/853 笔交易: 建投能源...
2026-05-03 19:49:42.183 | INFO     | Backtest   | [回测 4/5] 模拟第 591/853 笔交易: 中锐股份...
2026-05-03 19:49:42.376 | INFO     | Backtest   | [回测 4/5] 模拟第 601/853 笔交易: 新晨科技...
2026-05-03 19:49:42.635 | INFO     | Backtest   | [回测 4/5] 模拟第 611/853 笔交易: 中创物流...
2026-05-03 19:49:42.834 | INFO     | Backtest   | [回测 4/5] 模拟第 621/853 笔交易: 盈康生命...
2026-05-03 19:49:43.039 | INFO     | Backtest   | [回测 4/5] 模拟第 631/853 笔交易: 南山铝业...
2026-05-03 19:49:43.234 | INFO     | Backtest   | [回测 4/5] 模拟第 641/853 笔交易: 旭升集团...
2026-05-03 19:49:43.402 | INFO     | Backtest   | [回测 4/5] 模拟第 651/853 笔交易: 福成股份...
2026-05-03 19:49:43.590 | INFO     | Backtest   | [回测 4/5] 模拟第 661/853 笔交易: 北京科锐...
2026-05-03 19:49:43.794 | INFO     | Backtest   | [回测 4/5] 模拟第 671/853 笔交易: 双杰电气...
2026-05-03 19:49:43.987 | INFO     | Backtest   | [回测 4/5] 模拟第 681/853 笔交易: 爱慕股份...
2026-05-03 19:49:44.156 | INFO     | Backtest   | [回测 4/5] 模拟第 691/853 笔交易: 吉华集团...
2026-05-03 19:49:44.351 | INFO     | Backtest   | [回测 4/5] 模拟第 701/853 笔交易: 致远新能...
2026-05-03 19:49:44.527 | INFO     | Backtest   | [回测 4/5] 模拟第 711/853 笔交易: 宏辉果蔬...
2026-05-03 19:49:44.743 | INFO     | Backtest   | [回测 4/5] 模拟第 721/853 笔交易: 安诺其...
2026-05-03 19:49:44.973 | INFO     | Backtest   | [回测 4/5] 模拟第 731/853 笔交易: 美克家居...
2026-05-03 19:49:45.112 | INFO     | Backtest   | [回测 4/5] 模拟第 741/853 笔交易: 上海石化...
2026-05-03 19:49:45.271 | INFO     | Backtest   | [回测 4/5] 模拟第 751/853 笔交易: 行云科技...
2026-05-03 19:49:45.446 | INFO     | Backtest   | [回测 4/5] 模拟第 761/853 笔交易: 三友化工...
2026-05-03 19:49:45.605 | INFO     | Backtest   | [回测 4/5] 模拟第 771/853 笔交易: 华电能源...
2026-05-03 19:49:45.752 | INFO     | Backtest   | [回测 4/5] 模拟第 781/853 笔交易: 百洋医药...
2026-05-03 19:49:45.959 | INFO     | Backtest   | [回测 4/5] 模拟第 791/853 笔交易: 厦门银行...
2026-05-03 19:49:46.145 | INFO     | Backtest   | [回测 4/5] 模拟第 801/853 笔交易: 行云科技...
2026-05-03 19:49:46.302 | INFO     | Backtest   | [回测 4/5] 模拟第 811/853 笔交易: 万向钱潮...
2026-05-03 19:49:46.518 | INFO     | Backtest   | [回测 4/5] 模拟第 821/853 笔交易: 亿利达...
2026-05-03 19:49:46.722 | INFO     | Backtest   | [回测 4/5] 模拟第 831/853 笔交易: 中孚实业...
2026-05-03 19:49:46.894 | INFO     | Backtest   | [回测 4/5] 模拟第 841/853 笔交易: 蠡湖股份...
2026-05-03 19:49:46.986 | INFO     | Backtest   | [回测 4/5] 模拟第 851/853 笔交易: 永创智能...
2026-05-03 19:49:47.047 | INFO     | Backtest   | [回测 5/5] 回测任务完成: 752笔(含0笔平手离场)
2026-05-03 19:49:47.291 | INFO     | Backtest   | [回测 1/5] 筛选回测目标股票...
2026-05-03 19:49:47.309 | INFO     | Backtest   | [回测 2/5] 加载 5010 只股票的历史数据进行快速扫描...
2026-05-03 19:50:01.418 | INFO     | Backtest   | [回测 3/5] 计算策略信号 (基于日线信号库)...
2026-05-03 19:50:01.425 | INFO     | Screener   | 🧬 [Loader] 识别到类继承策略: MA5AngleOriginalStrategy
2026-05-03 19:50:08.894 | INFO     | Backtest   | [回测 4/5] 处理 1113 条信号，执行精细分钟线仿真...
2026-05-03 19:50:08.896 | INFO     | Backtest   | [回测 4/5] 模拟第 1/1113 笔交易: 升达林业...
2026-05-03 19:50:09.197 | INFO     | Backtest   | [回测 4/5] 模拟第 11/1113 笔交易: 朝阳科技...
2026-05-03 19:50:09.551 | INFO     | Backtest   | [回测 4/5] 模拟第 21/1113 笔交易: 天邦食品...
2026-05-03 19:50:09.948 | INFO     | Backtest   | [回测 4/5] 模拟第 31/1113 笔交易: 艾比森...
2026-05-03 19:50:10.300 | INFO     | Backtest   | [回测 4/5] 模拟第 41/1113 笔交易: 森远股份...
2026-05-03 19:50:10.596 | INFO     | Backtest   | [回测 4/5] 模拟第 51/1113 笔交易: 金春股份...
2026-05-03 19:50:10.872 | INFO     | Backtest   | [回测 4/5] 模拟第 61/1113 笔交易: 华夏航空...
2026-05-03 19:50:11.177 | INFO     | Backtest   | [回测 4/5] 模拟第 71/1113 笔交易: 中国核建...
2026-05-03 19:50:11.458 | INFO     | Backtest   | [回测 4/5] 模拟第 81/1113 笔交易: 华海药业...
2026-05-03 19:50:11.742 | INFO     | Backtest   | [回测 4/5] 模拟第 91/1113 笔交易: 漱玉平民...
2026-05-03 19:50:12.045 | INFO     | Backtest   | [回测 4/5] 模拟第 101/1113 笔交易: 英派斯...
2026-05-03 19:50:12.360 | INFO     | Backtest   | [回测 4/5] 模拟第 111/1113 笔交易: 交大昂立...
2026-05-03 19:50:12.680 | INFO     | Backtest   | [回测 4/5] 模拟第 121/1113 笔交易: 金麒麟...
2026-05-03 19:50:12.954 | INFO     | Backtest   | [回测 4/5] 模拟第 131/1113 笔交易: 电子城...
2026-05-03 19:50:13.233 | INFO     | Backtest   | [回测 4/5] 模拟第 141/1113 笔交易: 陕西黑猫...
2026-05-03 19:50:13.507 | INFO     | Backtest   | [回测 4/5] 模拟第 151/1113 笔交易: 科恒股份...
2026-05-03 19:50:13.764 | INFO     | Backtest   | [回测 4/5] 模拟第 161/1113 笔交易: 金煤科技...
2026-05-03 19:50:14.077 | INFO     | Backtest   | [回测 4/5] 模拟第 171/1113 笔交易: 壹石通...
2026-05-03 19:50:14.426 | INFO     | Backtest   | [回测 4/5] 模拟第 181/1113 笔交易: 新城控股...
2026-05-03 19:50:14.744 | INFO     | Backtest   | [回测 4/5] 模拟第 191/1113 笔交易: 同兴达...
2026-05-03 19:50:15.038 | INFO     | Backtest   | [回测 4/5] 模拟第 201/1113 笔交易: 宏昌电子...
2026-05-03 19:50:15.352 | INFO     | Backtest   | [回测 4/5] 模拟第 211/1113 笔交易: 四方新材...
2026-05-03 19:50:15.627 | INFO     | Backtest   | [回测 4/5] 模拟第 221/1113 笔交易: 卓郎智能...
2026-05-03 19:50:15.886 | INFO     | Backtest   | [回测 4/5] 模拟第 231/1113 笔交易: 誉衡药业...
2026-05-03 19:50:16.190 | INFO     | Backtest   | [回测 4/5] 模拟第 241/1113 笔交易: 冠昊生物...
2026-05-03 19:50:16.442 | INFO     | Backtest   | [回测 4/5] 模拟第 251/1113 笔交易: 金科环境...
2026-05-03 19:50:16.696 | INFO     | Backtest   | [回测 4/5] 模拟第 261/1113 笔交易: 闽东电力...
2026-05-03 19:50:16.967 | INFO     | Backtest   | [回测 4/5] 模拟第 271/1113 笔交易: 国机重装...
2026-05-03 19:50:17.222 | INFO     | Backtest   | [回测 4/5] 模拟第 281/1113 笔交易: 中材节能...
2026-05-03 19:50:17.500 | INFO     | Backtest   | [回测 4/5] 模拟第 291/1113 笔交易: 丰原药业...
2026-05-03 19:50:17.790 | INFO     | Backtest   | [回测 4/5] 模拟第 301/1113 笔交易: 中化装备...
2026-05-03 19:50:18.063 | INFO     | Backtest   | [回测 4/5] 模拟第 311/1113 笔交易: 天微电子...
2026-05-03 19:50:18.331 | INFO     | Backtest   | [回测 4/5] 模拟第 321/1113 笔交易: 航天软件...
2026-05-03 19:50:18.606 | INFO     | Backtest   | [回测 4/5] 模拟第 331/1113 笔交易: 海立股份...
2026-05-03 19:50:18.856 | INFO     | Backtest   | [回测 4/5] 模拟第 341/1113 笔交易: 大为股份...
2026-05-03 19:50:19.155 | INFO     | Backtest   | [回测 4/5] 模拟第 351/1113 笔交易: 冠龙节能...
2026-05-03 19:50:19.478 | INFO     | Backtest   | [回测 4/5] 模拟第 361/1113 笔交易: 宇瞳光学...
2026-05-03 19:50:19.786 | INFO     | Backtest   | [回测 4/5] 模拟第 371/1113 笔交易: 多伦科技...
2026-05-03 19:50:20.026 | INFO     | Backtest   | [回测 4/5] 模拟第 381/1113 笔交易: 奥福科技...
2026-05-03 19:50:20.254 | INFO     | Backtest   | [回测 4/5] 模拟第 391/1113 笔交易: 天海防务...
2026-05-03 19:50:20.462 | INFO     | Backtest   | [回测 4/5] 模拟第 401/1113 笔交易: 华光环能...
2026-05-03 19:50:20.707 | INFO     | Backtest   | [回测 4/5] 模拟第 411/1113 笔交易: 城地香江...
2026-05-03 19:50:20.983 | INFO     | Backtest   | [回测 4/5] 模拟第 421/1113 笔交易: 易事特...
2026-05-03 19:50:21.226 | INFO     | Backtest   | [回测 4/5] 模拟第 431/1113 笔交易: 天际股份...
2026-05-03 19:50:21.446 | INFO     | Backtest   | [回测 4/5] 模拟第 441/1113 笔交易: 华西股份...
2026-05-03 19:50:21.660 | INFO     | Backtest   | [回测 4/5] 模拟第 451/1113 笔交易: 凯撒文化...
2026-05-03 19:50:21.952 | INFO     | Backtest   | [回测 4/5] 模拟第 461/1113 笔交易: 天府文旅...
2026-05-03 19:50:22.193 | INFO     | Backtest   | [回测 4/5] 模拟第 471/1113 笔交易: 豫光金铅...
2026-05-03 19:50:22.456 | INFO     | Backtest   | [回测 4/5] 模拟第 481/1113 笔交易: 孚能科技...
2026-05-03 19:50:22.660 | INFO     | Backtest   | [回测 4/5] 模拟第 491/1113 笔交易: 康普顿...
2026-05-03 19:50:22.885 | INFO     | Backtest   | [回测 4/5] 模拟第 501/1113 笔交易: 维康药业...
2026-05-03 19:50:23.120 | INFO     | Backtest   | [回测 4/5] 模拟第 511/1113 笔交易: 和顺电气...
2026-05-03 19:50:23.355 | INFO     | Backtest   | [回测 4/5] 模拟第 521/1113 笔交易: 国光电器...
2026-05-03 19:50:23.571 | INFO     | Backtest   | [回测 4/5] 模拟第 531/1113 笔交易: 睿能科技...
2026-05-03 19:50:23.771 | INFO     | Backtest   | [回测 4/5] 模拟第 541/1113 笔交易: 望变电气...
2026-05-03 19:50:23.975 | INFO     | Backtest   | [回测 4/5] 模拟第 551/1113 笔交易: 索菱股份...
2026-05-03 19:50:24.262 | INFO     | Backtest   | [回测 4/5] 模拟第 561/1113 笔交易: 深康佳Ａ...
2026-05-03 19:50:24.509 | INFO     | Backtest   | [回测 4/5] 模拟第 571/1113 笔交易: 金岭矿业...
2026-05-03 19:50:24.772 | INFO     | Backtest   | [回测 4/5] 模拟第 581/1113 笔交易: 万胜智能...
2026-05-03 19:50:25.000 | INFO     | Backtest   | [回测 4/5] 模拟第 591/1113 笔交易: 胜通能源...
2026-05-03 19:50:25.245 | INFO     | Backtest   | [回测 4/5] 模拟第 601/1113 笔交易: 陕西黑猫...
2026-05-03 19:50:25.476 | INFO     | Backtest   | [回测 4/5] 模拟第 611/1113 笔交易: 惠博普...
2026-05-03 19:50:25.719 | INFO     | Backtest   | [回测 4/5] 模拟第 621/1113 笔交易: 煜邦电力...
2026-05-03 19:50:25.944 | INFO     | Backtest   | [回测 4/5] 模拟第 631/1113 笔交易: 交建股份...
2026-05-03 19:50:26.182 | INFO     | Backtest   | [回测 4/5] 模拟第 641/1113 笔交易: 会稽山...
2026-05-03 19:50:26.403 | INFO     | Backtest   | [回测 4/5] 模拟第 651/1113 笔交易: 日上集团...
2026-05-03 19:50:26.615 | INFO     | Backtest   | [回测 4/5] 模拟第 661/1113 笔交易: 赛伍技术...
2026-05-03 19:50:26.783 | INFO     | Backtest   | [回测 4/5] 模拟第 671/1113 笔交易: 科信技术...
2026-05-03 19:50:27.008 | INFO     | Backtest   | [回测 4/5] 模拟第 681/1113 笔交易: 天铁科技...
2026-05-03 19:50:27.213 | INFO     | Backtest   | [回测 4/5] 模拟第 691/1113 笔交易: 园林股份...
2026-05-03 19:50:27.396 | INFO     | Backtest   | [回测 4/5] 模拟第 701/1113 笔交易: 海南海药...
2026-05-03 19:50:27.598 | INFO     | Backtest   | [回测 4/5] 模拟第 711/1113 笔交易: 中京电子...
2026-05-03 19:50:27.768 | INFO     | Backtest   | [回测 4/5] 模拟第 721/1113 笔交易: 金鹰股份...
2026-05-03 19:50:27.984 | INFO     | Backtest   | [回测 4/5] 模拟第 731/1113 笔交易: 友好集团...
2026-05-03 19:50:28.200 | INFO     | Backtest   | [回测 4/5] 模拟第 741/1113 笔交易: 森霸传感...
2026-05-03 19:50:28.445 | INFO     | Backtest   | [回测 4/5] 模拟第 751/1113 笔交易: 杭电股份...
2026-05-03 19:50:28.675 | INFO     | Backtest   | [回测 4/5] 模拟第 761/1113 笔交易: 金杯电工...
2026-05-03 19:50:28.915 | INFO     | Backtest   | [回测 4/5] 模拟第 771/1113 笔交易: 百通能源...
2026-05-03 19:50:29.094 | INFO     | Backtest   | [回测 4/5] 模拟第 781/1113 笔交易: 森远股份...
2026-05-03 19:50:29.339 | INFO     | Backtest   | [回测 4/5] 模拟第 791/1113 笔交易: 天地数码...
2026-05-03 19:50:29.578 | INFO     | Backtest   | [回测 4/5] 模拟第 801/1113 笔交易: 飞亚达...
2026-05-03 19:50:29.780 | INFO     | Backtest   | [回测 4/5] 模拟第 811/1113 笔交易: 盈康生命...
2026-05-03 19:50:30.008 | INFO     | Backtest   | [回测 4/5] 模拟第 821/1113 笔交易: 乐通股份...
2026-05-03 19:50:30.185 | INFO     | Backtest   | [回测 4/5] 模拟第 831/1113 笔交易: 泰胜风能...
2026-05-03 19:50:30.379 | INFO     | Backtest   | [回测 4/5] 模拟第 841/1113 笔交易: 洲际油气...
2026-05-03 19:50:30.554 | INFO     | Backtest   | [回测 4/5] 模拟第 851/1113 笔交易: 福成股份...
2026-05-03 19:50:30.736 | INFO     | Backtest   | [回测 4/5] 模拟第 861/1113 笔交易: 富临运业...
2026-05-03 19:50:30.914 | INFO     | Backtest   | [回测 4/5] 模拟第 871/1113 笔交易: 惠博普...
2026-05-03 19:50:31.124 | INFO     | Backtest   | [回测 4/5] 模拟第 881/1113 笔交易: 太阳能...
2026-05-03 19:50:31.273 | INFO     | Backtest   | [回测 4/5] 模拟第 891/1113 笔交易: 爱慕股份...
2026-05-03 19:50:31.410 | INFO     | Backtest   | [回测 4/5] 模拟第 901/1113 笔交易: 金隅冀东...
2026-05-03 19:50:31.592 | INFO     | Backtest   | [回测 4/5] 模拟第 911/1113 笔交易: 红墙股份...
2026-05-03 19:50:31.760 | INFO     | Backtest   | [回测 4/5] 模拟第 921/1113 笔交易: 坚朗五金...
2026-05-03 19:50:31.922 | INFO     | Backtest   | [回测 4/5] 模拟第 931/1113 笔交易: 宏辉果蔬...
2026-05-03 19:50:32.124 | INFO     | Backtest   | [回测 4/5] 模拟第 941/1113 笔交易: 恒逸石化...
2026-05-03 19:50:32.307 | INFO     | Backtest   | [回测 4/5] 模拟第 951/1113 笔交易: 网宿科技...
2026-05-03 19:50:32.508 | INFO     | Backtest   | [回测 4/5] 模拟第 961/1113 笔交易: 华菱钢铁...
2026-05-03 19:50:32.653 | INFO     | Backtest   | [回测 4/5] 模拟第 971/1113 笔交易: 上海石化...
2026-05-03 19:50:32.816 | INFO     | Backtest   | [回测 4/5] 模拟第 981/1113 笔交易: 可立克...
2026-05-03 19:50:32.993 | INFO     | Backtest   | [回测 4/5] 模拟第 991/1113 笔交易: 创力集团...
2026-05-03 19:50:33.153 | INFO     | Backtest   | [回测 4/5] 模拟第 1001/1113 笔交易: 永泰能源...
2026-05-03 19:50:33.285 | INFO     | Backtest   | [回测 4/5] 模拟第 1011/1113 笔交易: 迪森股份...
2026-05-03 19:50:33.421 | INFO     | Backtest   | [回测 4/5] 模拟第 1021/1113 笔交易: 秦港股份...
2026-05-03 19:50:33.618 | INFO     | Backtest   | [回测 4/5] 模拟第 1031/1113 笔交易: 金正大...
2026-05-03 19:50:33.824 | INFO     | Backtest   | [回测 4/5] 模拟第 1041/1113 笔交易: 爱建集团...
2026-05-03 19:50:33.983 | INFO     | Backtest   | [回测 4/5] 模拟第 1051/1113 笔交易: 天龙集团...
2026-05-03 19:50:34.161 | INFO     | Backtest   | [回测 4/5] 模拟第 1061/1113 笔交易: 西藏旅游...
2026-05-03 19:50:34.364 | INFO     | Backtest   | [回测 4/5] 模拟第 1071/1113 笔交易: 水星家纺...
2026-05-03 19:50:34.591 | INFO     | Backtest   | [回测 4/5] 模拟第 1081/1113 笔交易: 佳力图...
2026-05-03 19:50:34.739 | INFO     | Backtest   | [回测 4/5] 模拟第 1091/1113 笔交易: 严牌股份...
2026-05-03 19:50:34.876 | INFO     | Backtest   | [回测 4/5] 模拟第 1101/1113 笔交易: 江河集团...
2026-05-03 19:50:35.027 | INFO     | Backtest   | [回测 4/5] 模拟第 1111/1113 笔交易: 中胤时尚...
2026-05-03 19:50:35.090 | INFO     | Backtest   | [回测 5/5] 回测任务完成: 870笔(含0笔平手离场)
2026-05-03 19:50:35.402 | INFO     | Backtest   | [回测 1/5] 筛选回测目标股票...
2026-05-03 19:50:35.419 | INFO     | Backtest   | [回测 2/5] 加载 5010 只股票的历史数据进行快速扫描...
2026-05-03 19:50:49.438 | INFO     | Backtest   | [回测 3/5] 计算策略信号 (基于日线信号库)...
2026-05-03 19:50:49.446 | INFO     | Screener   | 🧬 [Loader] 识别到类继承策略: MA5AngleOriginalStrategy
2026-05-03 19:50:56.925 | INFO     | Backtest   | [回测 4/5] 处理 1358 条信号，执行精细分钟线仿真...
2026-05-03 19:50:56.928 | INFO     | Backtest   | [回测 4/5] 模拟第 1/1358 笔交易: 升达林业...
2026-05-03 19:50:57.234 | INFO     | Backtest   | [回测 4/5] 模拟第 11/1358 笔交易: 同益中...
2026-05-03 19:50:57.565 | INFO     | Backtest   | [回测 4/5] 模拟第 21/1358 笔交易: 尖峰集团...
2026-05-03 19:50:57.921 | INFO     | Backtest   | [回测 4/5] 模拟第 31/1358 笔交易: 顺灏股份...
2026-05-03 19:50:58.295 | INFO     | Backtest   | [回测 4/5] 模拟第 41/1358 笔交易: 永茂泰...
2026-05-03 19:50:58.658 | INFO     | Backtest   | [回测 4/5] 模拟第 51/1358 笔交易: 森远股份...
2026-05-03 19:50:58.955 | INFO     | Backtest   | [回测 4/5] 模拟第 61/1358 笔交易: 开创电气...
2026-05-03 19:50:59.283 | INFO     | Backtest   | [回测 4/5] 模拟第 71/1358 笔交易: 天铁科技...
2026-05-03 19:50:59.618 | INFO     | Backtest   | [回测 4/5] 模拟第 81/1358 笔交易: 中兰环保...
2026-05-03 19:50:59.944 | INFO     | Backtest   | [回测 4/5] 模拟第 91/1358 笔交易: 朗新科技...
2026-05-03 19:51:00.211 | INFO     | Backtest   | [回测 4/5] 模拟第 101/1358 笔交易: 华海药业...
2026-05-03 19:51:00.506 | INFO     | Backtest   | [回测 4/5] 模拟第 111/1358 笔交易: 亚世光电...
2026-05-03 19:51:00.852 | INFO     | Backtest   | [回测 4/5] 模拟第 121/1358 笔交易: 永创智能...
2026-05-03 19:51:01.152 | INFO     | Backtest   | [回测 4/5] 模拟第 131/1358 笔交易: 金达莱...
2026-05-03 19:51:01.489 | INFO     | Backtest   | [回测 4/5] 模拟第 141/1358 笔交易: 博纳影业...
2026-05-03 19:51:01.797 | INFO     | Backtest   | [回测 4/5] 模拟第 151/1358 笔交易: 西上海...
2026-05-03 19:51:02.060 | INFO     | Backtest   | [回测 4/5] 模拟第 161/1358 笔交易: 登云股份...
2026-05-03 19:51:02.340 | INFO     | Backtest   | [回测 4/5] 模拟第 171/1358 笔交易: 陕西黑猫...
2026-05-03 19:51:02.588 | INFO     | Backtest   | [回测 4/5] 模拟第 181/1358 笔交易: 时代出版...
2026-05-03 19:51:02.886 | INFO     | Backtest   | [回测 4/5] 模拟第 191/1358 笔交易: 英联股份...
2026-05-03 19:51:03.168 | INFO     | Backtest   | [回测 4/5] 模拟第 201/1358 笔交易: 宁波远洋...
2026-05-03 19:51:03.484 | INFO     | Backtest   | [回测 4/5] 模拟第 211/1358 笔交易: 先导智能...
2026-05-03 19:51:03.823 | INFO     | Backtest   | [回测 4/5] 模拟第 221/1358 笔交易: 新城控股...
2026-05-03 19:51:04.124 | INFO     | Backtest   | [回测 4/5] 模拟第 231/1358 笔交易: 昆船智能...
2026-05-03 19:51:04.450 | INFO     | Backtest   | [回测 4/5] 模拟第 241/1358 笔交易: 宜安科技...
2026-05-03 19:51:04.750 | INFO     | Backtest   | [回测 4/5] 模拟第 251/1358 笔交易: 浦发银行...
2026-05-03 19:51:05.088 | INFO     | Backtest   | [回测 4/5] 模拟第 261/1358 笔交易: 格力博...
2026-05-03 19:51:05.352 | INFO     | Backtest   | [回测 4/5] 模拟第 271/1358 笔交易: 仕净科技...
2026-05-03 19:51:05.625 | INFO     | Backtest   | [回测 4/5] 模拟第 281/1358 笔交易: 誉衡药业...
2026-05-03 19:51:05.898 | INFO     | Backtest   | [回测 4/5] 模拟第 291/1358 笔交易: 振东制药...
2026-05-03 19:51:06.207 | INFO     | Backtest   | [回测 4/5] 模拟第 301/1358 笔交易: 亚太药业...
2026-05-03 19:51:06.449 | INFO     | Backtest   | [回测 4/5] 模拟第 311/1358 笔交易: 泰坦股份...
2026-05-03 19:51:06.726 | INFO     | Backtest   | [回测 4/5] 模拟第 321/1358 笔交易: 中南股份...
2026-05-03 19:51:06.980 | INFO     | Backtest   | [回测 4/5] 模拟第 331/1358 笔交易: 国机重装...
2026-05-03 19:51:07.216 | INFO     | Backtest   | [回测 4/5] 模拟第 341/1358 笔交易: 科新发展...
2026-05-03 19:51:07.505 | INFO     | Backtest   | [回测 4/5] 模拟第 351/1358 笔交易: 江河集团...
2026-05-03 19:51:07.802 | INFO     | Backtest   | [回测 4/5] 模拟第 361/1358 笔交易: 横店影视...
2026-05-03 19:51:08.067 | INFO     | Backtest   | [回测 4/5] 模拟第 371/1358 笔交易: 神剑股份...
2026-05-03 19:51:08.339 | INFO     | Backtest   | [回测 4/5] 模拟第 381/1358 笔交易: 天微电子...
2026-05-03 19:51:08.626 | INFO     | Backtest   | [回测 4/5] 模拟第 391/1358 笔交易: 利君股份...
2026-05-03 19:51:08.883 | INFO     | Backtest   | [回测 4/5] 模拟第 401/1358 笔交易: 泰和科技...
2026-05-03 19:51:09.147 | INFO     | Backtest   | [回测 4/5] 模拟第 411/1358 笔交易: 金发科技...
2026-05-03 19:51:09.442 | INFO     | Backtest   | [回测 4/5] 模拟第 421/1358 笔交易: 宝立食品...
2026-05-03 19:51:09.740 | INFO     | Backtest   | [回测 4/5] 模拟第 431/1358 笔交易: 冠龙节能...
2026-05-03 19:51:10.068 | INFO     | Backtest   | [回测 4/5] 模拟第 441/1358 笔交易: 易明医药...
2026-05-03 19:51:10.377 | INFO     | Backtest   | [回测 4/5] 模拟第 451/1358 笔交易: 荣科科技...
2026-05-03 19:51:10.645 | INFO     | Backtest   | [回测 4/5] 模拟第 461/1358 笔交易: 科创信息...
2026-05-03 19:51:10.895 | INFO     | Backtest   | [回测 4/5] 模拟第 471/1358 笔交易: 震安科技...
2026-05-03 19:51:11.144 | INFO     | Backtest   | [回测 4/5] 模拟第 481/1358 笔交易: 飞乐音响...
2026-05-03 19:51:11.373 | INFO     | Backtest   | [回测 4/5] 模拟第 491/1358 笔交易: 华光环能...
2026-05-03 19:51:11.633 | INFO     | Backtest   | [回测 4/5] 模拟第 501/1358 笔交易: 衢州东峰...
2026-05-03 19:51:11.884 | INFO     | Backtest   | [回测 4/5] 模拟第 511/1358 笔交易: 万凯新材...
2026-05-03 19:51:12.118 | INFO     | Backtest   | [回测 4/5] 模拟第 521/1358 笔交易: 国瓷材料...
2026-05-03 19:51:12.349 | INFO     | Backtest   | [回测 4/5] 模拟第 531/1358 笔交易: 东方钽业...
2026-05-03 19:51:12.577 | INFO     | Backtest   | [回测 4/5] 模拟第 541/1358 笔交易: 新华都...
2026-05-03 19:51:12.818 | INFO     | Backtest   | [回测 4/5] 模拟第 551/1358 笔交易: 凯撒文化...
2026-05-03 19:51:13.103 | INFO     | Backtest   | [回测 4/5] 模拟第 561/1358 笔交易: 盐湖股份...
2026-05-03 19:51:13.385 | INFO     | Backtest   | [回测 4/5] 模拟第 571/1358 笔交易: 爱普股份...
2026-05-03 19:51:13.641 | INFO     | Backtest   | [回测 4/5] 模拟第 581/1358 笔交易: 云意电气...
2026-05-03 19:51:13.907 | INFO     | Backtest   | [回测 4/5] 模拟第 591/1358 笔交易: 中成股份...
2026-05-03 19:51:14.145 | INFO     | Backtest   | [回测 4/5] 模拟第 601/1358 笔交易: 康普顿...
2026-05-03 19:51:14.398 | INFO     | Backtest   | [回测 4/5] 模拟第 611/1358 笔交易: 启迪环境...
2026-05-03 19:51:14.628 | INFO     | Backtest   | [回测 4/5] 模拟第 621/1358 笔交易: 鑫科材料...
2026-05-03 19:51:14.895 | INFO     | Backtest   | [回测 4/5] 模拟第 631/1358 笔交易: 永贵电器...
2026-05-03 19:51:15.132 | INFO     | Backtest   | [回测 4/5] 模拟第 641/1358 笔交易: 德尔未来...
2026-05-03 19:51:15.332 | INFO     | Backtest   | [回测 4/5] 模拟第 651/1358 笔交易: 睿能科技...
2026-05-03 19:51:15.528 | INFO     | Backtest   | [回测 4/5] 模拟第 661/1358 笔交易: 宁波海运...
2026-05-03 19:51:15.740 | INFO     | Backtest   | [回测 4/5] 模拟第 671/1358 笔交易: 东贝集团...
2026-05-03 19:51:15.970 | INFO     | Backtest   | [回测 4/5] 模拟第 681/1358 笔交易: 正元地信...
2026-05-03 19:51:16.230 | INFO     | Backtest   | [回测 4/5] 模拟第 691/1358 笔交易: 双塔食品...
2026-05-03 19:51:16.462 | INFO     | Backtest   | [回测 4/5] 模拟第 701/1358 笔交易: 绿盟科技...
2026-05-03 19:51:16.704 | INFO     | Backtest   | [回测 4/5] 模拟第 711/1358 笔交易: 华伍股份...
2026-05-03 19:51:16.916 | INFO     | Backtest   | [回测 4/5] 模拟第 721/1358 笔交易: 宝立食品...
2026-05-03 19:51:17.171 | INFO     | Backtest   | [回测 4/5] 模拟第 731/1358 笔交易: 欣贺股份...
2026-05-03 19:51:17.397 | INFO     | Backtest   | [回测 4/5] 模拟第 741/1358 笔交易: 金卡智能...
2026-05-03 19:51:17.688 | INFO     | Backtest   | [回测 4/5] 模拟第 751/1358 笔交易: 恒大高新...
2026-05-03 19:51:17.898 | INFO     | Backtest   | [回测 4/5] 模拟第 761/1358 笔交易: 福日电子...
2026-05-03 19:51:18.143 | INFO     | Backtest   | [回测 4/5] 模拟第 771/1358 笔交易: 交建股份...
2026-05-03 19:51:18.380 | INFO     | Backtest   | [回测 4/5] 模拟第 781/1358 笔交易: 盛路通信...
2026-05-03 19:51:18.600 | INFO     | Backtest   | [回测 4/5] 模拟第 791/1358 笔交易: 传艺科技...
2026-05-03 19:51:18.827 | INFO     | Backtest   | [回测 4/5] 模拟第 801/1358 笔交易: 龙蟠科技...
2026-05-03 19:51:19.010 | INFO     | Backtest   | [回测 4/5] 模拟第 811/1358 笔交易: 方大炭素...
2026-05-03 19:51:19.197 | INFO     | Backtest   | [回测 4/5] 模拟第 821/1358 笔交易: 科信技术...
2026-05-03 19:51:19.399 | INFO     | Backtest   | [回测 4/5] 模拟第 831/1358 笔交易: 澳柯玛...
2026-05-03 19:51:19.657 | INFO     | Backtest   | [回测 4/5] 模拟第 841/1358 笔交易: 银河电子...
2026-05-03 19:51:19.857 | INFO     | Backtest   | [回测 4/5] 模拟第 851/1358 笔交易: 实达集团...
2026-05-03 19:51:20.048 | INFO     | Backtest   | [回测 4/5] 模拟第 861/1358 笔交易: 南卫股份...
2026-05-03 19:51:20.260 | INFO     | Backtest   | [回测 4/5] 模拟第 871/1358 笔交易: 永吉股份...
2026-05-03 19:51:20.419 | INFO     | Backtest   | [回测 4/5] 模拟第 881/1358 笔交易: 金鹰股份...
2026-05-03 19:51:20.593 | INFO     | Backtest   | [回测 4/5] 模拟第 891/1358 笔交易: 南方泵业...
2026-05-03 19:51:20.828 | INFO     | Backtest   | [回测 4/5] 模拟第 901/1358 笔交易: 德力股份...
2026-05-03 19:51:21.071 | INFO     | Backtest   | [回测 4/5] 模拟第 911/1358 笔交易: 凤凰航运...
2026-05-03 19:51:21.273 | INFO     | Backtest   | [回测 4/5] 模拟第 921/1358 笔交易: 晋拓股份...
2026-05-03 19:51:21.525 | INFO     | Backtest   | [回测 4/5] 模拟第 931/1358 笔交易: 金杯电工...
2026-05-03 19:51:21.746 | INFO     | Backtest   | [回测 4/5] 模拟第 941/1358 笔交易: 银龙股份...
2026-05-03 19:51:21.941 | INFO     | Backtest   | [回测 4/5] 模拟第 951/1358 笔交易: 航天科技...
2026-05-03 19:51:22.136 | INFO     | Backtest   | [回测 4/5] 模拟第 961/1358 笔交易: 上海银行...
2026-05-03 19:51:22.373 | INFO     | Backtest   | [回测 4/5] 模拟第 971/1358 笔交易: 康普顿...
2026-05-03 19:51:22.604 | INFO     | Backtest   | [回测 4/5] 模拟第 981/1358 笔交易: 联翔股份...
2026-05-03 19:51:22.789 | INFO     | Backtest   | [回测 4/5] 模拟第 991/1358 笔交易: 港通医疗...
2026-05-03 19:51:22.992 | INFO     | Backtest   | [回测 4/5] 模拟第 1001/1358 笔交易: 创力集团...
2026-05-03 19:51:23.200 | INFO     | Backtest   | [回测 4/5] 模拟第 1011/1358 笔交易: 华光环能...
2026-05-03 19:51:23.362 | INFO     | Backtest   | [回测 4/5] 模拟第 1021/1358 笔交易: 隆华科技...
2026-05-03 19:51:23.557 | INFO     | Backtest   | [回测 4/5] 模拟第 1031/1358 笔交易: 辉煌科技...
2026-05-03 19:51:23.732 | INFO     | Backtest   | [回测 4/5] 模拟第 1041/1358 笔交易: 森赫股份...
2026-05-03 19:51:23.930 | INFO     | Backtest   | [回测 4/5] 模拟第 1051/1358 笔交易: 五矿发展...
2026-05-03 19:51:24.095 | INFO     | Backtest   | [回测 4/5] 模拟第 1061/1358 笔交易: 君正集团...
2026-05-03 19:51:24.311 | INFO     | Backtest   | [回测 4/5] 模拟第 1071/1358 笔交易: 郴电国际...
2026-05-03 19:51:24.523 | INFO     | Backtest   | [回测 4/5] 模拟第 1081/1358 笔交易: 驰宏锌锗...
2026-05-03 19:51:24.654 | INFO     | Backtest   | [回测 4/5] 模拟第 1091/1358 笔交易: 亚太股份...
2026-05-03 19:51:24.792 | INFO     | Backtest   | [回测 4/5] 模拟第 1101/1358 笔交易: 华阳股份...
2026-05-03 19:51:24.975 | INFO     | Backtest   | [回测 4/5] 模拟第 1111/1358 笔交易: 科达制造...
2026-05-03 19:51:25.133 | INFO     | Backtest   | [回测 4/5] 模拟第 1121/1358 笔交易: 晋亿实业...
2026-05-03 19:51:25.301 | INFO     | Backtest   | [回测 4/5] 模拟第 1131/1358 笔交易: 汽轮科技...
2026-05-03 19:51:25.454 | INFO     | Backtest   | [回测 4/5] 模拟第 1141/1358 笔交易: 宏辉果蔬...
2026-05-03 19:51:25.639 | INFO     | Backtest   | [回测 4/5] 模拟第 1151/1358 笔交易: 恒逸石化...
2026-05-03 19:51:25.834 | INFO     | Backtest   | [回测 4/5] 模拟第 1161/1358 笔交易: 兔宝宝...
2026-05-03 19:51:26.018 | INFO     | Backtest   | [回测 4/5] 模拟第 1171/1358 笔交易: 美克家居...
2026-05-03 19:51:26.174 | INFO     | Backtest   | [回测 4/5] 模拟第 1181/1358 笔交易: 中科通达...
2026-05-03 19:51:26.289 | INFO     | Backtest   | [回测 4/5] 模拟第 1191/1358 笔交易: 桐昆股份...
2026-05-03 19:51:26.445 | INFO     | Backtest   | [回测 4/5] 模拟第 1201/1358 笔交易: 彩虹集团...
2026-05-03 19:51:26.610 | INFO     | Backtest   | [回测 4/5] 模拟第 1211/1358 笔交易: 创力集团...
2026-05-03 19:51:26.731 | INFO     | Backtest   | [回测 4/5] 模拟第 1221/1358 笔交易: 百隆东方...
2026-05-03 19:51:26.881 | INFO     | Backtest   | [回测 4/5] 模拟第 1231/1358 笔交易: 深南电A...
2026-05-03 19:51:26.994 | INFO     | Backtest   | [回测 4/5] 模拟第 1241/1358 笔交易: 北方国际...
2026-05-03 19:51:27.160 | INFO     | Backtest   | [回测 4/5] 模拟第 1251/1358 笔交易: 维科技术...
2026-05-03 19:51:27.345 | INFO     | Backtest   | [回测 4/5] 模拟第 1261/1358 笔交易: 赛升药业...
2026-05-03 19:51:27.540 | INFO     | Backtest   | [回测 4/5] 模拟第 1271/1358 笔交易: 招商轮船...
2026-05-03 19:51:27.679 | INFO     | Backtest   | [回测 4/5] 模拟第 1281/1358 笔交易: 理邦仪器...
2026-05-03 19:51:27.844 | INFO     | Backtest   | [回测 4/5] 模拟第 1291/1358 笔交易: 万向钱潮...
2026-05-03 19:51:28.052 | INFO     | Backtest   | [回测 4/5] 模拟第 1301/1358 笔交易: 川能动力...
2026-05-03 19:51:28.242 | INFO     | Backtest   | [回测 4/5] 模拟第 1311/1358 笔交易: 瑞华泰...
2026-05-03 19:51:28.424 | INFO     | Backtest   | [回测 4/5] 模拟第 1321/1358 笔交易: 中顺洁柔...
2026-05-03 19:51:28.559 | INFO     | Backtest   | [回测 4/5] 模拟第 1331/1358 笔交易: 泰永长征...
2026-05-03 19:51:28.698 | INFO     | Backtest   | [回测 4/5] 模拟第 1341/1358 笔交易: 华泰股份...
2026-05-03 19:51:28.851 | INFO     | Backtest   | [回测 4/5] 模拟第 1351/1358 笔交易: 厦工股份...
2026-05-03 19:51:28.973 | INFO     | Backtest   | [回测 5/5] 回测任务完成: 981笔(含0笔平手离场)
2026-05-03 21:50:56.854 | INFO     | DuckDB     | DuckDB | 所有核心表结构初始化完成 (含热点板块)
2026-05-03 21:50:56.855 | INFO     | DuckDB     | DuckDB 核心就绪: E:\1target\p9_project\quant-platform\data\meta\meta.db
2026-05-03 21:50:56.861 | INFO     | Backtest   | [回测 1/5] 筛选回测目标股票...
2026-05-03 21:50:56.868 | INFO     | Backtest   | [回测 2/5] 加载 5010 只股票的历史数据进行快速扫描...
2026-05-03 21:51:10.793 | INFO     | Backtest   | [回测 3/5] 计算策略信号 (基于日线信号库)...
2026-05-03 21:51:10.805 | INFO     | Screener   | 🧬 [Loader] 识别到类继承策略: MA5AngleOriginalStrategy
2026-05-03 21:51:14.994 | INFO     | Backtest   | [回测 4/5] 处理 4905 条信号，执行精细分钟线仿真...
2026-05-03 21:51:14.998 | INFO     | Backtest   | [回测 4/5] 模拟第 1/4905 笔交易: 升达林业...
2026-05-03 21:51:15.300 | INFO     | Backtest   | [回测 4/5] 模拟第 11/4905 笔交易: 万丰股份...
2026-05-03 21:51:15.629 | INFO     | Backtest   | [回测 4/5] 模拟第 21/4905 笔交易: 恒誉环保...
2026-05-03 21:51:15.976 | INFO     | Backtest   | [回测 4/5] 模拟第 31/4905 笔交易: 锦鸡股份...
2026-05-03 21:51:16.363 | INFO     | Backtest   | [回测 4/5] 模拟第 41/4905 笔交易: 君正集团...
2026-05-03 21:51:16.725 | INFO     | Backtest   | [回测 4/5] 模拟第 51/4905 笔交易: 海洋王...
2026-05-03 21:51:17.029 | INFO     | Backtest   | [回测 4/5] 模拟第 61/4905 笔交易: 三雄极光...
2026-05-03 21:51:17.356 | INFO     | Backtest   | [回测 4/5] 模拟第 71/4905 笔交易: 世名科技...
2026-05-03 21:51:17.665 | INFO     | Backtest   | [回测 4/5] 模拟第 81/4905 笔交易: 朝阳科技...
2026-05-03 21:51:17.981 | INFO     | Backtest   | [回测 4/5] 模拟第 91/4905 笔交易: 飞荣达...
2026-05-03 21:51:18.318 | INFO     | Backtest   | [回测 4/5] 模拟第 101/4905 笔交易: 春兴精工...
2026-05-03 21:51:18.656 | INFO     | Backtest   | [回测 4/5] 模拟第 111/4905 笔交易: 苏州科达...
2026-05-03 21:51:19.025 | INFO     | Backtest   | [回测 4/5] 模拟第 121/4905 笔交易: 海默科技...
2026-05-03 21:51:19.394 | INFO     | Backtest   | [回测 4/5] 模拟第 131/4905 笔交易: 立昂技术...
2026-05-03 21:51:19.717 | INFO     | Backtest   | [回测 4/5] 模拟第 141/4905 笔交易: 多伦科技...
2026-05-03 21:51:20.085 | INFO     | Backtest   | [回测 4/5] 模拟第 151/4905 笔交易: 易瑞生物...
2026-05-03 21:51:20.442 | INFO     | Backtest   | [回测 4/5] 模拟第 161/4905 笔交易: 宇环数控...
2026-05-03 21:51:20.802 | INFO     | Backtest   | [回测 4/5] 模拟第 171/4905 笔交易: 格尔软件...
2026-05-03 21:51:21.179 | INFO     | Backtest   | [回测 4/5] 模拟第 181/4905 笔交易: 神州信息...
2026-05-03 21:51:21.552 | INFO     | Backtest   | [回测 4/5] 模拟第 191/4905 笔交易: 鸿特科技...
2026-05-03 21:51:21.913 | INFO     | Backtest   | [回测 4/5] 模拟第 201/4905 笔交易: 东方智造...
2026-05-03 21:51:22.275 | INFO     | Backtest   | [回测 4/5] 模拟第 211/4905 笔交易: 粤桂股份...
2026-05-03 21:51:22.642 | INFO     | Backtest   | [回测 4/5] 模拟第 221/4905 笔交易: 松霖科技...
2026-05-03 21:51:22.986 | INFO     | Backtest   | [回测 4/5] 模拟第 231/4905 笔交易: 久其软件...
2026-05-03 21:51:23.345 | INFO     | Backtest   | [回测 4/5] 模拟第 241/4905 笔交易: 锦龙股份...
2026-05-03 21:51:23.708 | INFO     | Backtest   | [回测 4/5] 模拟第 251/4905 笔交易: 菲沃泰...
2026-05-03 21:51:24.069 | INFO     | Backtest   | [回测 4/5] 模拟第 261/4905 笔交易: 山高环能...
2026-05-03 21:51:24.440 | INFO     | Backtest   | [回测 4/5] 模拟第 271/4905 笔交易: 四创电子...
2026-05-03 21:51:24.789 | INFO     | Backtest   | [回测 4/5] 模拟第 281/4905 笔交易: 广电运通...
2026-05-03 21:51:25.158 | INFO     | Backtest   | [回测 4/5] 模拟第 291/4905 笔交易: 中科江南...
2026-05-03 21:51:25.540 | INFO     | Backtest   | [回测 4/5] 模拟第 301/4905 笔交易: 钛能化学...
2026-05-03 21:51:25.902 | INFO     | Backtest   | [回测 4/5] 模拟第 311/4905 笔交易: 华鼎股份...
2026-05-03 21:51:26.297 | INFO     | Backtest   | [回测 4/5] 模拟第 321/4905 笔交易: 钱江生化...
2026-05-03 21:51:26.685 | INFO     | Backtest   | [回测 4/5] 模拟第 331/4905 笔交易: 德冠新材...
2026-05-03 21:51:27.048 | INFO     | Backtest   | [回测 4/5] 模拟第 341/4905 笔交易: 罗平锌电...
2026-05-03 21:51:27.406 | INFO     | Backtest   | [回测 4/5] 模拟第 351/4905 笔交易: 金智科技...
2026-05-03 21:51:27.737 | INFO     | Backtest   | [回测 4/5] 模拟第 361/4905 笔交易: 宏盛华源...
2026-05-03 21:51:28.107 | INFO     | Backtest   | [回测 4/5] 模拟第 371/4905 笔交易: 东软集团...
2026-05-03 21:51:28.480 | INFO     | Backtest   | [回测 4/5] 模拟第 381/4905 笔交易: 泰和科技...
2026-05-03 21:51:28.841 | INFO     | Backtest   | [回测 4/5] 模拟第 391/4905 笔交易: 海德股份...
2026-05-03 21:51:29.195 | INFO     | Backtest   | [回测 4/5] 模拟第 401/4905 笔交易: 中关村...
2026-05-03 21:51:29.535 | INFO     | Backtest   | [回测 4/5] 模拟第 411/4905 笔交易: 彩蝶实业...
2026-05-03 21:51:29.891 | INFO     | Backtest   | [回测 4/5] 模拟第 421/4905 笔交易: 汇金通...
2026-05-03 21:51:30.249 | INFO     | Backtest   | [回测 4/5] 模拟第 431/4905 笔交易: 西部矿业...
2026-05-03 21:51:30.583 | INFO     | Backtest   | [回测 4/5] 模拟第 441/4905 笔交易: 游族网络...
2026-05-03 21:51:30.923 | INFO     | Backtest   | [回测 4/5] 模拟第 451/4905 笔交易: 保龄宝...
2026-05-03 21:51:31.246 | INFO     | Backtest   | [回测 4/5] 模拟第 461/4905 笔交易: 麦克奥迪...
2026-05-03 21:51:31.574 | INFO     | Backtest   | [回测 4/5] 模拟第 471/4905 笔交易: 博汇纸业...
2026-05-03 21:51:31.913 | INFO     | Backtest   | [回测 4/5] 模拟第 481/4905 笔交易: 得利斯...
2026-05-03 21:51:32.264 | INFO     | Backtest   | [回测 4/5] 模拟第 491/4905 笔交易: 宁波富达...
2026-05-03 21:51:32.626 | INFO     | Backtest   | [回测 4/5] 模拟第 501/4905 笔交易: 上海九百...
2026-05-03 21:51:32.991 | INFO     | Backtest   | [回测 4/5] 模拟第 511/4905 笔交易: 粤高速Ａ...
2026-05-03 21:51:33.317 | INFO     | Backtest   | [回测 4/5] 模拟第 521/4905 笔交易: 高乐股份...
2026-05-03 21:51:33.621 | INFO     | Backtest   | [回测 4/5] 模拟第 531/4905 笔交易: 海伦钢琴...
2026-05-03 21:51:33.922 | INFO     | Backtest   | [回测 4/5] 模拟第 541/4905 笔交易: 李子园...
2026-05-03 21:51:34.258 | INFO     | Backtest   | [回测 4/5] 模拟第 551/4905 笔交易: 崧盛股份...
2026-05-03 21:51:34.623 | INFO     | Backtest   | [回测 4/5] 模拟第 561/4905 笔交易: 恒尚节能...
2026-05-03 21:51:34.925 | INFO     | Backtest   | [回测 4/5] 模拟第 571/4905 笔交易: 明阳电路...
2026-05-03 21:51:35.237 | INFO     | Backtest   | [回测 4/5] 模拟第 581/4905 笔交易: 二六三...
2026-05-03 21:51:35.570 | INFO     | Backtest   | [回测 4/5] 模拟第 591/4905 笔交易: 大为股份...
2026-05-03 21:51:35.891 | INFO     | Backtest   | [回测 4/5] 模拟第 601/4905 笔交易: 星网宇达...
2026-05-03 21:51:36.247 | INFO     | Backtest   | [回测 4/5] 模拟第 611/4905 笔交易: 锦江在线...
2026-05-03 21:51:36.564 | INFO     | Backtest   | [回测 4/5] 模拟第 621/4905 笔交易: 再升科技...
2026-05-03 21:51:36.956 | INFO     | Backtest   | [回测 4/5] 模拟第 631/4905 笔交易: 汉缆股份...
2026-05-03 21:51:37.331 | INFO     | Backtest   | [回测 4/5] 模拟第 641/4905 笔交易: 奥拓电子...
2026-05-03 21:51:37.709 | INFO     | Backtest   | [回测 4/5] 模拟第 651/4905 笔交易: 三维通信...
2026-05-03 21:51:37.979 | INFO     | Backtest   | [回测 4/5] 模拟第 661/4905 笔交易: 杭州高新...
2026-05-03 21:51:38.313 | INFO     | Backtest   | [回测 4/5] 模拟第 671/4905 笔交易: 南新制药...
2026-05-03 21:51:38.665 | INFO     | Backtest   | [回测 4/5] 模拟第 681/4905 笔交易: 华媒控股...
2026-05-03 21:51:39.017 | INFO     | Backtest   | [回测 4/5] 模拟第 691/4905 笔交易: 康泰医学...
2026-05-03 21:51:39.382 | INFO     | Backtest   | [回测 4/5] 模拟第 701/4905 笔交易: 三旺通信...
2026-05-03 21:51:39.741 | INFO     | Backtest   | [回测 4/5] 模拟第 711/4905 笔交易: 雅博股份...
2026-05-03 21:51:40.128 | INFO     | Backtest   | [回测 4/5] 模拟第 721/4905 笔交易: 泰祥股份...
2026-05-03 21:51:40.499 | INFO     | Backtest   | [回测 4/5] 模拟第 731/4905 笔交易: 熙菱信息...
2026-05-03 21:51:40.894 | INFO     | Backtest   | [回测 4/5] 模拟第 741/4905 笔交易: 合富中国...
2026-05-03 21:51:41.292 | INFO     | Backtest   | [回测 4/5] 模拟第 751/4905 笔交易: 宣泰医药...
2026-05-03 21:51:41.687 | INFO     | Backtest   | [回测 4/5] 模拟第 761/4905 笔交易: 澳弘电子...
2026-05-03 21:51:42.071 | INFO     | Backtest   | [回测 4/5] 模拟第 771/4905 笔交易: 戴维医疗...
2026-05-03 21:51:42.428 | INFO     | Backtest   | [回测 4/5] 模拟第 781/4905 笔交易: 东方生物...
2026-05-03 21:51:42.802 | INFO     | Backtest   | [回测 4/5] 模拟第 791/4905 笔交易: 科华控股...
2026-05-03 21:51:43.183 | INFO     | Backtest   | [回测 4/5] 模拟第 801/4905 笔交易: 哈药股份...
2026-05-03 21:51:43.588 | INFO     | Backtest   | [回测 4/5] 模拟第 811/4905 笔交易: 威派格...
2026-05-03 21:51:43.945 | INFO     | Backtest   | [回测 4/5] 模拟第 821/4905 笔交易: 申联生物...
2026-05-03 21:51:44.341 | INFO     | Backtest   | [回测 4/5] 模拟第 831/4905 笔交易: 福莱蒽特...
2026-05-03 21:51:44.708 | INFO     | Backtest   | [回测 4/5] 模拟第 841/4905 笔交易: 赢合科技...
2026-05-03 21:51:45.084 | INFO     | Backtest   | [回测 4/5] 模拟第 851/4905 笔交易: 哈三联...
2026-05-03 21:51:45.377 | INFO     | Backtest   | [回测 4/5] 模拟第 861/4905 笔交易: 江苏有线...
2026-05-03 21:51:45.738 | INFO     | Backtest   | [回测 4/5] 模拟第 871/4905 笔交易: 华谊集团...
2026-05-03 21:51:46.067 | INFO     | Backtest   | [回测 4/5] 模拟第 881/4905 笔交易: 西麦食品...
2026-05-03 21:51:46.429 | INFO     | Backtest   | [回测 4/5] 模拟第 891/4905 笔交易: 北矿科技...
2026-05-03 21:51:46.752 | INFO     | Backtest   | [回测 4/5] 模拟第 901/4905 笔交易: 英派斯...
2026-05-03 21:51:47.092 | INFO     | Backtest   | [回测 4/5] 模拟第 911/4905 笔交易: 交大昂立...
2026-05-03 21:51:47.421 | INFO     | Backtest   | [回测 4/5] 模拟第 921/4905 笔交易: 江苏神通...
2026-05-03 21:51:47.757 | INFO     | Backtest   | [回测 4/5] 模拟第 931/4905 笔交易: 长缆科技...
2026-05-03 21:51:48.128 | INFO     | Backtest   | [回测 4/5] 模拟第 941/4905 笔交易: 元隆雅图...
2026-05-03 21:51:48.414 | INFO     | Backtest   | [回测 4/5] 模拟第 951/4905 笔交易: 中国石化...
2026-05-03 21:51:48.712 | INFO     | Backtest   | [回测 4/5] 模拟第 961/4905 笔交易: 歌力思...
2026-05-03 21:51:49.014 | INFO     | Backtest   | [回测 4/5] 模拟第 971/4905 笔交易: 文峰股份...
2026-05-03 21:51:49.311 | INFO     | Backtest   | [回测 4/5] 模拟第 981/4905 笔交易: 创识科技...
2026-05-03 21:51:49.587 | INFO     | Backtest   | [回测 4/5] 模拟第 991/4905 笔交易: 友邦吊顶...
2026-05-03 21:51:49.885 | INFO     | Backtest   | [回测 4/5] 模拟第 1001/4905 笔交易: 沃尔核材...
2026-05-03 21:51:50.194 | INFO     | Backtest   | [回测 4/5] 模拟第 1011/4905 笔交易: 上海银行...
2026-05-03 21:51:50.476 | INFO     | Backtest   | [回测 4/5] 模拟第 1021/4905 笔交易: 新亚强...
2026-05-03 21:51:50.778 | INFO     | Backtest   | [回测 4/5] 模拟第 1031/4905 笔交易: 三和管桩...
2026-05-03 21:51:51.148 | INFO     | Backtest   | [回测 4/5] 模拟第 1041/4905 笔交易: 鹿山新材...
2026-05-03 21:51:51.443 | INFO     | Backtest   | [回测 4/5] 模拟第 1051/4905 笔交易: 塞力医疗...
2026-05-03 21:51:51.799 | INFO     | Backtest   | [回测 4/5] 模拟第 1061/4905 笔交易: 建设工业...
2026-05-03 21:51:52.112 | INFO     | Backtest   | [回测 4/5] 模拟第 1071/4905 笔交易: 招金黄金...
2026-05-03 21:51:52.447 | INFO     | Backtest   | [回测 4/5] 模拟第 1081/4905 笔交易: 朗坤科技...
2026-05-03 21:51:52.790 | INFO     | Backtest   | [回测 4/5] 模拟第 1091/4905 笔交易: 信音电子...
2026-05-03 21:51:53.138 | INFO     | Backtest   | [回测 4/5] 模拟第 1101/4905 笔交易: 德创环保...
2026-05-03 21:51:53.460 | INFO     | Backtest   | [回测 4/5] 模拟第 1111/4905 笔交易: 国盛证券...
2026-05-03 21:51:53.783 | INFO     | Backtest   | [回测 4/5] 模拟第 1121/4905 笔交易: 研奥股份...
2026-05-03 21:51:54.123 | INFO     | Backtest   | [回测 4/5] 模拟第 1131/4905 笔交易: 华骐环保...
2026-05-03 21:51:54.478 | INFO     | Backtest   | [回测 4/5] 模拟第 1141/4905 笔交易: 楚江新材...
2026-05-03 21:51:54.832 | INFO     | Backtest   | [回测 4/5] 模拟第 1151/4905 笔交易: 机器人...
2026-05-03 21:51:55.194 | INFO     | Backtest   | [回测 4/5] 模拟第 1161/4905 笔交易: 红塔证券...
2026-05-03 21:51:55.539 | INFO     | Backtest   | [回测 4/5] 模拟第 1171/4905 笔交易: 金奥博...
2026-05-03 21:51:55.891 | INFO     | Backtest   | [回测 4/5] 模拟第 1181/4905 笔交易: 中国电建...
2026-05-03 21:51:56.259 | INFO     | Backtest   | [回测 4/5] 模拟第 1191/4905 笔交易: 永安期货...
2026-05-03 21:51:56.584 | INFO     | Backtest   | [回测 4/5] 模拟第 1201/4905 笔交易: 香溢融通...
2026-05-03 21:51:56.910 | INFO     | Backtest   | [回测 4/5] 模拟第 1211/4905 笔交易: 晨曦航空...
2026-05-03 21:51:57.189 | INFO     | Backtest   | [回测 4/5] 模拟第 1221/4905 笔交易: 中远通...
2026-05-03 21:51:57.450 | INFO     | Backtest   | [回测 4/5] 模拟第 1231/4905 笔交易: 宏昌电子...
2026-05-03 21:51:57.755 | INFO     | Backtest   | [回测 4/5] 模拟第 1241/4905 笔交易: 歌尔股份...
2026-05-03 21:51:58.062 | INFO     | Backtest   | [回测 4/5] 模拟第 1251/4905 笔交易: 世茂能源...
2026-05-03 21:51:58.375 | INFO     | Backtest   | [回测 4/5] 模拟第 1261/4905 笔交易: 中南传媒...
2026-05-03 21:51:58.713 | INFO     | Backtest   | [回测 4/5] 模拟第 1271/4905 笔交易: 悦达投资...
2026-05-03 21:51:58.994 | INFO     | Backtest   | [回测 4/5] 模拟第 1281/4905 笔交易: 仕净科技...
2026-05-03 21:51:59.294 | INFO     | Backtest   | [回测 4/5] 模拟第 1291/4905 笔交易: 中石科技...
2026-05-03 21:51:59.603 | INFO     | Backtest   | [回测 4/5] 模拟第 1301/4905 笔交易: 长江材料...
2026-05-03 21:51:59.911 | INFO     | Backtest   | [回测 4/5] 模拟第 1311/4905 笔交易: 可立克...
2026-05-03 21:52:00.249 | INFO     | Backtest   | [回测 4/5] 模拟第 1321/4905 笔交易: 盐湖股份...
2026-05-03 21:52:00.598 | INFO     | Backtest   | [回测 4/5] 模拟第 1331/4905 笔交易: 协鑫集成...
2026-05-03 21:52:00.935 | INFO     | Backtest   | [回测 4/5] 模拟第 1341/4905 笔交易: 雅化集团...
2026-05-03 21:52:01.291 | INFO     | Backtest   | [回测 4/5] 模拟第 1351/4905 笔交易: 宁夏建材...
2026-05-03 21:52:01.627 | INFO     | Backtest   | [回测 4/5] 模拟第 1361/4905 笔交易: 天玑科技...
2026-05-03 21:52:01.954 | INFO     | Backtest   | [回测 4/5] 模拟第 1371/4905 笔交易: 光莆股份...
2026-05-03 21:52:02.273 | INFO     | Backtest   | [回测 4/5] 模拟第 1381/4905 笔交易: 六国化工...
2026-05-03 21:52:02.549 | INFO     | Backtest   | [回测 4/5] 模拟第 1391/4905 笔交易: 亚士创能...
2026-05-03 21:52:02.866 | INFO     | Backtest   | [回测 4/5] 模拟第 1401/4905 笔交易: 园林股份...
2026-05-03 21:52:03.158 | INFO     | Backtest   | [回测 4/5] 模拟第 1411/4905 笔交易: 诚意药业...
2026-05-03 21:52:03.470 | INFO     | Backtest   | [回测 4/5] 模拟第 1421/4905 笔交易: 海象新材...
2026-05-03 21:52:03.787 | INFO     | Backtest   | [回测 4/5] 模拟第 1431/4905 笔交易: 安利股份...
2026-05-03 21:52:04.084 | INFO     | Backtest   | [回测 4/5] 模拟第 1441/4905 笔交易: 迅捷兴...
2026-05-03 21:52:04.342 | INFO     | Backtest   | [回测 4/5] 模拟第 1451/4905 笔交易: 顺网科技...
2026-05-03 21:52:04.667 | INFO     | Backtest   | [回测 4/5] 模拟第 1461/4905 笔交易: 银龙股份...
2026-05-03 21:52:04.962 | INFO     | Backtest   | [回测 4/5] 模拟第 1471/4905 笔交易: 森麒麟...
2026-05-03 21:52:05.299 | INFO     | Backtest   | [回测 4/5] 模拟第 1481/4905 笔交易: 红日药业...
2026-05-03 21:52:05.612 | INFO     | Backtest   | [回测 4/5] 模拟第 1491/4905 笔交易: 仁智股份...
2026-05-03 21:52:05.925 | INFO     | Backtest   | [回测 4/5] 模拟第 1501/4905 笔交易: 飞乐音响...
2026-05-03 21:52:06.188 | INFO     | Backtest   | [回测 4/5] 模拟第 1511/4905 笔交易: 泰坦股份...
2026-05-03 21:52:06.509 | INFO     | Backtest   | [回测 4/5] 模拟第 1521/4905 笔交易: 物产环能...
2026-05-03 21:52:06.802 | INFO     | Backtest   | [回测 4/5] 模拟第 1531/4905 笔交易: 新赛股份...
2026-05-03 21:52:07.119 | INFO     | Backtest   | [回测 4/5] 模拟第 1541/4905 笔交易: 华建集团...
2026-05-03 21:52:07.405 | INFO     | Backtest   | [回测 4/5] 模拟第 1551/4905 笔交易: 华峰化学...
2026-05-03 21:52:07.710 | INFO     | Backtest   | [回测 4/5] 模拟第 1561/4905 笔交易: 铁建重工...
2026-05-03 21:52:07.931 | INFO     | Backtest   | [回测 4/5] 模拟第 1571/4905 笔交易: 西部建设...
2026-05-03 21:52:08.182 | INFO     | Backtest   | [回测 4/5] 模拟第 1581/4905 笔交易: 建设机械...
2026-05-03 21:52:08.437 | INFO     | Backtest   | [回测 4/5] 模拟第 1591/4905 笔交易: 福建水泥...
2026-05-03 21:52:08.649 | INFO     | Backtest   | [回测 4/5] 模拟第 1601/4905 笔交易: 节能铁汉...
2026-05-03 21:52:08.950 | INFO     | Backtest   | [回测 4/5] 模拟第 1611/4905 笔交易: 通裕重工...
2026-05-03 21:52:09.241 | INFO     | Backtest   | [回测 4/5] 模拟第 1621/4905 笔交易: 中国一重...
2026-05-03 21:52:09.544 | INFO     | Backtest   | [回测 4/5] 模拟第 1631/4905 笔交易: 智慧农业...
2026-05-03 21:52:09.793 | INFO     | Backtest   | [回测 4/5] 模拟第 1641/4905 笔交易: 晋控煤业...
2026-05-03 21:52:10.101 | INFO     | Backtest   | [回测 4/5] 模拟第 1651/4905 笔交易: 名雕股份...
2026-05-03 21:52:10.417 | INFO     | Backtest   | [回测 4/5] 模拟第 1661/4905 笔交易: 蒙草生态...
2026-05-03 21:52:10.736 | INFO     | Backtest   | [回测 4/5] 模拟第 1671/4905 笔交易: 曙光股份...
2026-05-03 21:52:11.038 | INFO     | Backtest   | [回测 4/5] 模拟第 1681/4905 笔交易: 清新环境...
2026-05-03 21:52:11.351 | INFO     | Backtest   | [回测 4/5] 模拟第 1691/4905 笔交易: 金安国纪...
2026-05-03 21:52:11.603 | INFO     | Backtest   | [回测 4/5] 模拟第 1701/4905 笔交易: 远东股份...
2026-05-03 21:52:11.912 | INFO     | Backtest   | [回测 4/5] 模拟第 1711/4905 笔交易: 天地科技...
2026-05-03 21:52:12.195 | INFO     | Backtest   | [回测 4/5] 模拟第 1721/4905 笔交易: 汇通集团...
2026-05-03 21:52:12.462 | INFO     | Backtest   | [回测 4/5] 模拟第 1731/4905 笔交易: 英洛华...
2026-05-03 21:52:12.784 | INFO     | Backtest   | [回测 4/5] 模拟第 1741/4905 笔交易: 三诺生物...
2026-05-03 21:52:13.067 | INFO     | Backtest   | [回测 4/5] 模拟第 1751/4905 笔交易: 先锋电子...
2026-05-03 21:52:13.352 | INFO     | Backtest   | [回测 4/5] 模拟第 1761/4905 笔交易: 华星创业...
2026-05-03 21:52:13.613 | INFO     | Backtest   | [回测 4/5] 模拟第 1771/4905 笔交易: 奥翔药业...
2026-05-03 21:52:13.872 | INFO     | Backtest   | [回测 4/5] 模拟第 1781/4905 笔交易: 京新药业...
2026-05-03 21:52:14.135 | INFO     | Backtest   | [回测 4/5] 模拟第 1791/4905 笔交易: 河化股份...
2026-05-03 21:52:14.399 | INFO     | Backtest   | [回测 4/5] 模拟第 1801/4905 笔交易: 中国医药...
2026-05-03 21:52:14.696 | INFO     | Backtest   | [回测 4/5] 模拟第 1811/4905 笔交易: 天和防务...
2026-05-03 21:52:14.983 | INFO     | Backtest   | [回测 4/5] 模拟第 1821/4905 笔交易: 深深房Ａ...
2026-05-03 21:52:15.287 | INFO     | Backtest   | [回测 4/5] 模拟第 1831/4905 笔交易: 联美控股...
2026-05-03 21:52:15.588 | INFO     | Backtest   | [回测 4/5] 模拟第 1841/4905 笔交易: 维力医疗...
2026-05-03 21:52:15.891 | INFO     | Backtest   | [回测 4/5] 模拟第 1851/4905 笔交易: 宇环数控...
2026-05-03 21:52:16.218 | INFO     | Backtest   | [回测 4/5] 模拟第 1861/4905 笔交易: 贝斯特...
2026-05-03 21:52:16.540 | INFO     | Backtest   | [回测 4/5] 模拟第 1871/4905 笔交易: 沈阳机床...
2026-05-03 21:52:16.861 | INFO     | Backtest   | [回测 4/5] 模拟第 1881/4905 笔交易: 双杰电气...
2026-05-03 21:52:17.191 | INFO     | Backtest   | [回测 4/5] 模拟第 1891/4905 笔交易: 国茂股份...
2026-05-03 21:52:17.425 | INFO     | Backtest   | [回测 4/5] 模拟第 1901/4905 笔交易: 上实发展...
2026-05-03 21:52:17.696 | INFO     | Backtest   | [回测 4/5] 模拟第 1911/4905 笔交易: 嘉麟杰...
2026-05-03 21:52:17.971 | INFO     | Backtest   | [回测 4/5] 模拟第 1921/4905 笔交易: 金枫酒业...
2026-05-03 21:52:18.276 | INFO     | Backtest   | [回测 4/5] 模拟第 1931/4905 笔交易: 新宝股份...
2026-05-03 21:52:18.602 | INFO     | Backtest   | [回测 4/5] 模拟第 1941/4905 笔交易: 铜陵有色...
2026-05-03 21:52:18.892 | INFO     | Backtest   | [回测 4/5] 模拟第 1951/4905 笔交易: 齐鲁银行...
2026-05-03 21:52:19.163 | INFO     | Backtest   | [回测 4/5] 模拟第 1961/4905 笔交易: 金发科技...
2026-05-03 21:52:19.446 | INFO     | Backtest   | [回测 4/5] 模拟第 1971/4905 笔交易: 景兴纸业...
2026-05-03 21:52:19.750 | INFO     | Backtest   | [回测 4/5] 模拟第 1981/4905 笔交易: 中兰环保...
2026-05-03 21:52:20.021 | INFO     | Backtest   | [回测 4/5] 模拟第 1991/4905 笔交易: 斯瑞新材...
2026-05-03 21:52:20.278 | INFO     | Backtest   | [回测 4/5] 模拟第 2001/4905 笔交易: 华力创通...
2026-05-03 21:52:20.579 | INFO     | Backtest   | [回测 4/5] 模拟第 2011/4905 笔交易: 久日新材...
2026-05-03 21:52:20.864 | INFO     | Backtest   | [回测 4/5] 模拟第 2021/4905 笔交易: 气派科技...
2026-05-03 21:52:21.172 | INFO     | Backtest   | [回测 4/5] 模拟第 2031/4905 笔交易: 南威软件...
2026-05-03 21:52:21.444 | INFO     | Backtest   | [回测 4/5] 模拟第 2041/4905 笔交易: 确成股份...
2026-05-03 21:52:21.715 | INFO     | Backtest   | [回测 4/5] 模拟第 2051/4905 笔交易: 南京新百...
2026-05-03 21:52:21.916 | INFO     | Backtest   | [回测 4/5] 模拟第 2061/4905 笔交易: 集泰股份...
2026-05-03 21:52:22.202 | INFO     | Backtest   | [回测 4/5] 模拟第 2071/4905 笔交易: 新致软件...
2026-05-03 21:52:22.487 | INFO     | Backtest   | [回测 4/5] 模拟第 2081/4905 笔交易: 国新健康...
2026-05-03 21:52:22.735 | INFO     | Backtest   | [回测 4/5] 模拟第 2091/4905 笔交易: 亨通股份...
2026-05-03 21:52:23.025 | INFO     | Backtest   | [回测 4/5] 模拟第 2101/4905 笔交易: 绿盟科技...
2026-05-03 21:52:23.276 | INFO     | Backtest   | [回测 4/5] 模拟第 2111/4905 笔交易: 统一股份...
2026-05-03 21:52:23.532 | INFO     | Backtest   | [回测 4/5] 模拟第 2121/4905 笔交易: 慈文传媒...
2026-05-03 21:52:23.775 | INFO     | Backtest   | [回测 4/5] 模拟第 2131/4905 笔交易: 城市传媒...
2026-05-03 21:52:24.078 | INFO     | Backtest   | [回测 4/5] 模拟第 2141/4905 笔交易: 美利信...
2026-05-03 21:52:24.378 | INFO     | Backtest   | [回测 4/5] 模拟第 2151/4905 笔交易: 有友食品...
2026-05-03 21:52:24.575 | INFO     | Backtest   | [回测 4/5] 模拟第 2161/4905 笔交易: 沃顿科技...
2026-05-03 21:52:24.840 | INFO     | Backtest   | [回测 4/5] 模拟第 2171/4905 笔交易: 华域汽车...
2026-05-03 21:52:25.128 | INFO     | Backtest   | [回测 4/5] 模拟第 2181/4905 笔交易: 先导基电...
2026-05-03 21:52:25.428 | INFO     | Backtest   | [回测 4/5] 模拟第 2191/4905 笔交易: 明牌珠宝...
2026-05-03 21:52:25.668 | INFO     | Backtest   | [回测 4/5] 模拟第 2201/4905 笔交易: 廊坊发展...
2026-05-03 21:52:25.938 | INFO     | Backtest   | [回测 4/5] 模拟第 2211/4905 笔交易: 华峰化学...
2026-05-03 21:52:26.216 | INFO     | Backtest   | [回测 4/5] 模拟第 2221/4905 笔交易: 衢州东峰...
2026-05-03 21:52:26.459 | INFO     | Backtest   | [回测 4/5] 模拟第 2231/4905 笔交易: 万凯新材...
2026-05-03 21:52:26.726 | INFO     | Backtest   | [回测 4/5] 模拟第 2241/4905 笔交易: 容百科技...
2026-05-03 21:52:26.971 | INFO     | Backtest   | [回测 4/5] 模拟第 2251/4905 笔交易: 城投控股...
2026-05-03 21:52:27.206 | INFO     | Backtest   | [回测 4/5] 模拟第 2261/4905 笔交易: 中国化学...
2026-05-03 21:52:27.413 | INFO     | Backtest   | [回测 4/5] 模拟第 2271/4905 笔交易: 电科芯片...
2026-05-03 21:52:27.640 | INFO     | Backtest   | [回测 4/5] 模拟第 2281/4905 笔交易: 中京电子...
2026-05-03 21:52:27.868 | INFO     | Backtest   | [回测 4/5] 模拟第 2291/4905 笔交易: 国盛证券...
2026-05-03 21:52:28.077 | INFO     | Backtest   | [回测 4/5] 模拟第 2301/4905 笔交易: 万泽股份...
2026-05-03 21:52:28.315 | INFO     | Backtest   | [回测 4/5] 模拟第 2311/4905 笔交易: 浙农股份...
2026-05-03 21:52:28.589 | INFO     | Backtest   | [回测 4/5] 模拟第 2321/4905 笔交易: 华通线缆...
2026-05-03 21:52:28.768 | INFO     | Backtest   | [回测 4/5] 模拟第 2331/4905 笔交易: 浙富控股...
2026-05-03 21:52:29.008 | INFO     | Backtest   | [回测 4/5] 模拟第 2341/4905 笔交易: 青山纸业...
2026-05-03 21:52:29.246 | INFO     | Backtest   | [回测 4/5] 模拟第 2351/4905 笔交易: 新通联...
2026-05-03 21:52:29.531 | INFO     | Backtest   | [回测 4/5] 模拟第 2361/4905 笔交易: 安控科技...
2026-05-03 21:52:29.764 | INFO     | Backtest   | [回测 4/5] 模拟第 2371/4905 笔交易: 世纪鼎利...
2026-05-03 21:52:29.941 | INFO     | Backtest   | [回测 4/5] 模拟第 2381/4905 笔交易: 物产环能...
2026-05-03 21:52:30.170 | INFO     | Backtest   | [回测 4/5] 模拟第 2391/4905 笔交易: 能辉科技...
2026-05-03 21:52:30.371 | INFO     | Backtest   | [回测 4/5] 模拟第 2401/4905 笔交易: 雪天盐业...
2026-05-03 21:52:30.629 | INFO     | Backtest   | [回测 4/5] 模拟第 2411/4905 笔交易: 特锐德...
2026-05-03 21:52:30.866 | INFO     | Backtest   | [回测 4/5] 模拟第 2421/4905 笔交易: 特力Ａ...
2026-05-03 21:52:31.112 | INFO     | Backtest   | [回测 4/5] 模拟第 2431/4905 笔交易: 智能自控...
2026-05-03 21:52:31.431 | INFO     | Backtest   | [回测 4/5] 模拟第 2441/4905 笔交易: 众业达...
2026-05-03 21:52:31.713 | INFO     | Backtest   | [回测 4/5] 模拟第 2451/4905 笔交易: 广汽集团...
2026-05-03 21:52:32.004 | INFO     | Backtest   | [回测 4/5] 模拟第 2461/4905 笔交易: 盐湖股份...
2026-05-03 21:52:32.287 | INFO     | Backtest   | [回测 4/5] 模拟第 2471/4905 笔交易: 合锻智能...
2026-05-03 21:52:32.565 | INFO     | Backtest   | [回测 4/5] 模拟第 2481/4905 笔交易: 厦门港务...
2026-05-03 21:52:32.893 | INFO     | Backtest   | [回测 4/5] 模拟第 2491/4905 笔交易: 星辉娱乐...
2026-05-03 21:52:33.134 | INFO     | Backtest   | [回测 4/5] 模拟第 2501/4905 笔交易: 众信旅游...
2026-05-03 21:52:33.399 | INFO     | Backtest   | [回测 4/5] 模拟第 2511/4905 笔交易: 云意电气...
2026-05-03 21:52:33.635 | INFO     | Backtest   | [回测 4/5] 模拟第 2521/4905 笔交易: 中成股份...
2026-05-03 21:52:33.824 | INFO     | Backtest   | [回测 4/5] 模拟第 2531/4905 笔交易: 峰璟股份...
2026-05-03 21:52:34.084 | INFO     | Backtest   | [回测 4/5] 模拟第 2541/4905 笔交易: S佳通...
2026-05-03 21:52:34.328 | INFO     | Backtest   | [回测 4/5] 模拟第 2551/4905 笔交易: 春立医疗...
2026-05-03 21:52:34.570 | INFO     | Backtest   | [回测 4/5] 模拟第 2561/4905 笔交易: 中科通达...
2026-05-03 21:52:34.756 | INFO     | Backtest   | [回测 4/5] 模拟第 2571/4905 笔交易: 太极实业...
2026-05-03 21:52:34.994 | INFO     | Backtest   | [回测 4/5] 模拟第 2581/4905 笔交易: 华蓝集团...
2026-05-03 21:52:35.252 | INFO     | Backtest   | [回测 4/5] 模拟第 2591/4905 笔交易: 江铃汽车...
2026-05-03 21:52:35.509 | INFO     | Backtest   | [回测 4/5] 模拟第 2601/4905 笔交易: 中仑新材...
2026-05-03 21:52:35.753 | INFO     | Backtest   | [回测 4/5] 模拟第 2611/4905 笔交易: 富临精工...
2026-05-03 21:52:35.984 | INFO     | Backtest   | [回测 4/5] 模拟第 2621/4905 笔交易: 泓淋电力...
2026-05-03 21:52:36.196 | INFO     | Backtest   | [回测 4/5] 模拟第 2631/4905 笔交易: 云南铜业...
2026-05-03 21:52:36.436 | INFO     | Backtest   | [回测 4/5] 模拟第 2641/4905 笔交易: 鲁信创投...
2026-05-03 21:52:36.630 | INFO     | Backtest   | [回测 4/5] 模拟第 2651/4905 笔交易: 南山铝业...
2026-05-03 21:52:36.882 | INFO     | Backtest   | [回测 4/5] 模拟第 2661/4905 笔交易: 招商轮船...
2026-05-03 21:52:37.086 | INFO     | Backtest   | [回测 4/5] 模拟第 2671/4905 笔交易: 侨银股份...
2026-05-03 21:52:37.277 | INFO     | Backtest   | [回测 4/5] 模拟第 2681/4905 笔交易: 新锐股份...
2026-05-03 21:52:37.481 | INFO     | Backtest   | [回测 4/5] 模拟第 2691/4905 笔交易: 厚普股份...
2026-05-03 21:52:37.723 | INFO     | Backtest   | [回测 4/5] 模拟第 2701/4905 笔交易: 中国长城...
2026-05-03 21:52:37.899 | INFO     | Backtest   | [回测 4/5] 模拟第 2711/4905 笔交易: 天洋新材...
2026-05-03 21:52:38.106 | INFO     | Backtest   | [回测 4/5] 模拟第 2721/4905 笔交易: 工大高科...
2026-05-03 21:52:38.341 | INFO     | Backtest   | [回测 4/5] 模拟第 2731/4905 笔交易: 大中矿业...
2026-05-03 21:52:38.598 | INFO     | Backtest   | [回测 4/5] 模拟第 2741/4905 笔交易: 锋龙股份...
2026-05-03 21:52:38.843 | INFO     | Backtest   | [回测 4/5] 模拟第 2751/4905 笔交易: 建科智能...
2026-05-03 21:52:39.099 | INFO     | Backtest   | [回测 4/5] 模拟第 2761/4905 笔交易: 易天股份...
2026-05-03 21:52:39.363 | INFO     | Backtest   | [回测 4/5] 模拟第 2771/4905 笔交易: 华电科工...
2026-05-03 21:52:39.633 | INFO     | Backtest   | [回测 4/5] 模拟第 2781/4905 笔交易: 保立佳...
2026-05-03 21:52:39.902 | INFO     | Backtest   | [回测 4/5] 模拟第 2791/4905 笔交易: 钱江生化...
2026-05-03 21:52:40.195 | INFO     | Backtest   | [回测 4/5] 模拟第 2801/4905 笔交易: 富瑞特装...
2026-05-03 21:52:40.458 | INFO     | Backtest   | [回测 4/5] 模拟第 2811/4905 笔交易: 天虹股份...
2026-05-03 21:52:40.697 | INFO     | Backtest   | [回测 4/5] 模拟第 2821/4905 笔交易: 迪普科技...
2026-05-03 21:52:40.933 | INFO     | Backtest   | [回测 4/5] 模拟第 2831/4905 笔交易: 特力Ａ...
2026-05-03 21:52:41.156 | INFO     | Backtest   | [回测 4/5] 模拟第 2841/4905 笔交易: 中农联合...
2026-05-03 21:52:41.393 | INFO     | Backtest   | [回测 4/5] 模拟第 2851/4905 笔交易: 中信特钢...
2026-05-03 21:52:41.664 | INFO     | Backtest   | [回测 4/5] 模拟第 2861/4905 笔交易: 泰和新材...
2026-05-03 21:52:41.946 | INFO     | Backtest   | [回测 4/5] 模拟第 2871/4905 笔交易: 驰宏锌锗...
2026-05-03 21:52:42.181 | INFO     | Backtest   | [回测 4/5] 模拟第 2881/4905 笔交易: 科陆电子...
2026-05-03 21:52:42.384 | INFO     | Backtest   | [回测 4/5] 模拟第 2891/4905 笔交易: 中国卫通...
2026-05-03 21:52:42.591 | INFO     | Backtest   | [回测 4/5] 模拟第 2901/4905 笔交易: 欣锐科技...
2026-05-03 21:52:42.806 | INFO     | Backtest   | [回测 4/5] 模拟第 2911/4905 笔交易: 安泰科技...
2026-05-03 21:52:43.034 | INFO     | Backtest   | [回测 4/5] 模拟第 2921/4905 笔交易: 宏源药业...
2026-05-03 21:52:43.232 | INFO     | Backtest   | [回测 4/5] 模拟第 2931/4905 笔交易: 海南发展...
2026-05-03 21:52:43.479 | INFO     | Backtest   | [回测 4/5] 模拟第 2941/4905 笔交易: 西高院...
2026-05-03 21:52:43.703 | INFO     | Backtest   | [回测 4/5] 模拟第 2951/4905 笔交易: 雅本化学...
2026-05-03 21:52:43.945 | INFO     | Backtest   | [回测 4/5] 模拟第 2961/4905 笔交易: 完美世界...
2026-05-03 21:52:44.199 | INFO     | Backtest   | [回测 4/5] 模拟第 2971/4905 笔交易: 远望谷...
2026-05-03 21:52:44.455 | INFO     | Backtest   | [回测 4/5] 模拟第 2981/4905 笔交易: 恒华科技...
2026-05-03 21:52:44.731 | INFO     | Backtest   | [回测 4/5] 模拟第 2991/4905 笔交易: 惠天热电...
2026-05-03 21:52:44.947 | INFO     | Backtest   | [回测 4/5] 模拟第 3001/4905 笔交易: 健麾信息...
2026-05-03 21:52:45.222 | INFO     | Backtest   | [回测 4/5] 模拟第 3011/4905 笔交易: 茂硕电源...
2026-05-03 21:52:45.511 | INFO     | Backtest   | [回测 4/5] 模拟第 3021/4905 笔交易: 九洲集团...
2026-05-03 21:52:45.728 | INFO     | Backtest   | [回测 4/5] 模拟第 3031/4905 笔交易: 九鼎投资...
2026-05-03 21:52:45.953 | INFO     | Backtest   | [回测 4/5] 模拟第 3041/4905 笔交易: 亚威股份...
2026-05-03 21:52:46.183 | INFO     | Backtest   | [回测 4/5] 模拟第 3051/4905 笔交易: 长江证券...
2026-05-03 21:52:46.415 | INFO     | Backtest   | [回测 4/5] 模拟第 3061/4905 笔交易: 中国电建...
2026-05-03 21:52:46.636 | INFO     | Backtest   | [回测 4/5] 模拟第 3071/4905 笔交易: 美畅股份...
2026-05-03 21:52:46.868 | INFO     | Backtest   | [回测 4/5] 模拟第 3081/4905 笔交易: 会稽山...
2026-05-03 21:52:47.098 | INFO     | Backtest   | [回测 4/5] 模拟第 3091/4905 笔交易: 海信视像...
2026-05-03 21:52:47.336 | INFO     | Backtest   | [回测 4/5] 模拟第 3101/4905 笔交易: 诺唯赞...
2026-05-03 21:52:47.552 | INFO     | Backtest   | [回测 4/5] 模拟第 3111/4905 笔交易: 冠城新材...
2026-05-03 21:52:47.704 | INFO     | Backtest   | [回测 4/5] 模拟第 3121/4905 笔交易: 光云科技...
2026-05-03 21:52:47.883 | INFO     | Backtest   | [回测 4/5] 模拟第 3131/4905 笔交易: 宁波建工...
2026-05-03 21:52:48.077 | INFO     | Backtest   | [回测 4/5] 模拟第 3141/4905 笔交易: 中电环保...
2026-05-03 21:52:48.220 | INFO     | Backtest   | [回测 4/5] 模拟第 3151/4905 笔交易: 永艺股份...
2026-05-03 21:52:48.403 | INFO     | Backtest   | [回测 4/5] 模拟第 3161/4905 笔交易: 德创环保...
2026-05-03 21:52:48.590 | INFO     | Backtest   | [回测 4/5] 模拟第 3171/4905 笔交易: 光莆股份...
2026-05-03 21:52:48.781 | INFO     | Backtest   | [回测 4/5] 模拟第 3181/4905 笔交易: 锡业股份...
2026-05-03 21:52:49.007 | INFO     | Backtest   | [回测 4/5] 模拟第 3191/4905 笔交易: 浙数文化...
2026-05-03 21:52:49.224 | INFO     | Backtest   | [回测 4/5] 模拟第 3201/4905 笔交易: 太龙药业...
2026-05-03 21:52:49.421 | INFO     | Backtest   | [回测 4/5] 模拟第 3211/4905 笔交易: 天铁科技...
2026-05-03 21:52:49.670 | INFO     | Backtest   | [回测 4/5] 模拟第 3221/4905 笔交易: 集泰股份...
2026-05-03 21:52:49.820 | INFO     | Backtest   | [回测 4/5] 模拟第 3231/4905 笔交易: 航天信息...
2026-05-03 21:52:50.017 | INFO     | Backtest   | [回测 4/5] 模拟第 3241/4905 笔交易: 合百集团...
2026-05-03 21:52:50.224 | INFO     | Backtest   | [回测 4/5] 模拟第 3251/4905 笔交易: 安妮股份...
2026-05-03 21:52:50.379 | INFO     | Backtest   | [回测 4/5] 模拟第 3261/4905 笔交易: 省广集团...
2026-05-03 21:52:50.564 | INFO     | Backtest   | [回测 4/5] 模拟第 3271/4905 笔交易: 福安药业...
2026-05-03 21:52:50.752 | INFO     | Backtest   | [回测 4/5] 模拟第 3281/4905 笔交易: 航天软件...
2026-05-03 21:52:50.885 | INFO     | Backtest   | [回测 4/5] 模拟第 3291/4905 笔交易: 阳光乳业...
2026-05-03 21:52:51.091 | INFO     | Backtest   | [回测 4/5] 模拟第 3301/4905 笔交易: 比依股份...
2026-05-03 21:52:51.346 | INFO     | Backtest   | [回测 4/5] 模拟第 3311/4905 笔交易: 雪迪龙...
2026-05-03 21:52:51.523 | INFO     | Backtest   | [回测 4/5] 模拟第 3321/4905 笔交易: 新疆交建...
2026-05-03 21:52:51.711 | INFO     | Backtest   | [回测 4/5] 模拟第 3331/4905 笔交易: 领益智造...
2026-05-03 21:52:51.955 | INFO     | Backtest   | [回测 4/5] 模拟第 3341/4905 笔交易: 上海九百...
2026-05-03 21:52:52.143 | INFO     | Backtest   | [回测 4/5] 模拟第 3351/4905 笔交易: 永新股份...
2026-05-03 21:52:52.365 | INFO     | Backtest   | [回测 4/5] 模拟第 3361/4905 笔交易: 威星智能...
2026-05-03 21:52:52.586 | INFO     | Backtest   | [回测 4/5] 模拟第 3371/4905 笔交易: 三角轮胎...
2026-05-03 21:52:52.807 | INFO     | Backtest   | [回测 4/5] 模拟第 3381/4905 笔交易: 中威电子...
2026-05-03 21:52:53.030 | INFO     | Backtest   | [回测 4/5] 模拟第 3391/4905 笔交易: 万里扬...
2026-05-03 21:52:53.230 | INFO     | Backtest   | [回测 4/5] 模拟第 3401/4905 笔交易: 中国一重...
2026-05-03 21:52:53.427 | INFO     | Backtest   | [回测 4/5] 模拟第 3411/4905 笔交易: 光力科技...
2026-05-03 21:52:53.613 | INFO     | Backtest   | [回测 4/5] 模拟第 3421/4905 笔交易: 颀中科技...
2026-05-03 21:52:53.812 | INFO     | Backtest   | [回测 4/5] 模拟第 3431/4905 笔交易: 耀皮玻璃...
2026-05-03 21:52:53.998 | INFO     | Backtest   | [回测 4/5] 模拟第 3441/4905 笔交易: 泓淋电力...
2026-05-03 21:52:54.159 | INFO     | Backtest   | [回测 4/5] 模拟第 3451/4905 笔交易: 和顺电气...
2026-05-03 21:52:54.327 | INFO     | Backtest   | [回测 4/5] 模拟第 3461/4905 笔交易: 银邦股份...
2026-05-03 21:52:54.499 | INFO     | Backtest   | [回测 4/5] 模拟第 3471/4905 笔交易: 上海银行...
2026-05-03 21:52:54.711 | INFO     | Backtest   | [回测 4/5] 模拟第 3481/4905 笔交易: 美能能源...
2026-05-03 21:52:54.900 | INFO     | Backtest   | [回测 4/5] 模拟第 3491/4905 笔交易: 雄塑科技...
2026-05-03 21:52:55.103 | INFO     | Backtest   | [回测 4/5] 模拟第 3501/4905 笔交易: 天下秀...
2026-05-03 21:52:55.308 | INFO     | Backtest   | [回测 4/5] 模拟第 3511/4905 笔交易: 锦江酒店...
2026-05-03 21:52:55.466 | INFO     | Backtest   | [回测 4/5] 模拟第 3521/4905 笔交易: 前沿生物-U...
2026-05-03 21:52:55.630 | INFO     | Backtest   | [回测 4/5] 模拟第 3531/4905 笔交易: 艾隆科技...
2026-05-03 21:52:55.798 | INFO     | Backtest   | [回测 4/5] 模拟第 3541/4905 笔交易: 阳普医疗...
2026-05-03 21:52:56.002 | INFO     | Backtest   | [回测 4/5] 模拟第 3551/4905 笔交易: 豪江智能...
2026-05-03 21:52:56.249 | INFO     | Backtest   | [回测 4/5] 模拟第 3561/4905 笔交易: 广发证券...
2026-05-03 21:52:56.453 | INFO     | Backtest   | [回测 4/5] 模拟第 3571/4905 笔交易: 奥赛康...
2026-05-03 21:52:56.649 | INFO     | Backtest   | [回测 4/5] 模拟第 3581/4905 笔交易: 利德曼...
2026-05-03 21:52:56.873 | INFO     | Backtest   | [回测 4/5] 模拟第 3591/4905 笔交易: 城发环境...
2026-05-03 21:52:57.124 | INFO     | Backtest   | [回测 4/5] 模拟第 3601/4905 笔交易: 东方生物...
2026-05-03 21:52:57.335 | INFO     | Backtest   | [回测 4/5] 模拟第 3611/4905 笔交易: 美康生物...
2026-05-03 21:52:57.550 | INFO     | Backtest   | [回测 4/5] 模拟第 3621/4905 笔交易: 新天药业...
2026-05-03 21:52:57.750 | INFO     | Backtest   | [回测 4/5] 模拟第 3631/4905 笔交易: 神州高铁...
2026-05-03 21:52:57.961 | INFO     | Backtest   | [回测 4/5] 模拟第 3641/4905 笔交易: 千里科技...
2026-05-03 21:52:58.152 | INFO     | Backtest   | [回测 4/5] 模拟第 3651/4905 笔交易: 天瑞仪器...
2026-05-03 21:52:58.378 | INFO     | Backtest   | [回测 4/5] 模拟第 3661/4905 笔交易: 利尔化学...
2026-05-03 21:52:58.578 | INFO     | Backtest   | [回测 4/5] 模拟第 3671/4905 笔交易: 红宝丽...
2026-05-03 21:52:58.819 | INFO     | Backtest   | [回测 4/5] 模拟第 3681/4905 笔交易: 晶瑞电材...
2026-05-03 21:52:59.027 | INFO     | Backtest   | [回测 4/5] 模拟第 3691/4905 笔交易: 山西证券...
2026-05-03 21:52:59.253 | INFO     | Backtest   | [回测 4/5] 模拟第 3701/4905 笔交易: 东风科技...
2026-05-03 21:52:59.449 | INFO     | Backtest   | [回测 4/5] 模拟第 3711/4905 笔交易: 腾达科技...
2026-05-03 21:52:59.653 | INFO     | Backtest   | [回测 4/5] 模拟第 3721/4905 笔交易: 华光环能...
2026-05-03 21:52:59.831 | INFO     | Backtest   | [回测 4/5] 模拟第 3731/4905 笔交易: 康盛股份...
2026-05-03 21:53:00.005 | INFO     | Backtest   | [回测 4/5] 模拟第 3741/4905 笔交易: 中瑞股份...
2026-05-03 21:53:00.193 | INFO     | Backtest   | [回测 4/5] 模拟第 3751/4905 笔交易: 泰豪科技...
2026-05-03 21:53:00.383 | INFO     | Backtest   | [回测 4/5] 模拟第 3761/4905 笔交易: 翔港科技...
2026-05-03 21:53:00.560 | INFO     | Backtest   | [回测 4/5] 模拟第 3771/4905 笔交易: 厚普股份...
2026-05-03 21:53:00.775 | INFO     | Backtest   | [回测 4/5] 模拟第 3781/4905 笔交易: 富煌钢构...
2026-05-03 21:53:01.002 | INFO     | Backtest   | [回测 4/5] 模拟第 3791/4905 笔交易: 汇金通...
2026-05-03 21:53:01.226 | INFO     | Backtest   | [回测 4/5] 模拟第 3801/4905 笔交易: 捷安高科...
2026-05-03 21:53:01.448 | INFO     | Backtest   | [回测 4/5] 模拟第 3811/4905 笔交易: 建研院...
2026-05-03 21:53:01.688 | INFO     | Backtest   | [回测 4/5] 模拟第 3821/4905 笔交易: 时代万恒...
2026-05-03 21:53:01.915 | INFO     | Backtest   | [回测 4/5] 模拟第 3831/4905 笔交易: 森泰股份...
2026-05-03 21:53:02.072 | INFO     | Backtest   | [回测 4/5] 模拟第 3841/4905 笔交易: 富祥药业...
2026-05-03 21:53:02.239 | INFO     | Backtest   | [回测 4/5] 模拟第 3851/4905 笔交易: 华谊兄弟...
2026-05-03 21:53:02.436 | INFO     | Backtest   | [回测 4/5] 模拟第 3861/4905 笔交易: 东华能源...
2026-05-03 21:53:02.621 | INFO     | Backtest   | [回测 4/5] 模拟第 3871/4905 笔交易: 森赫股份...
2026-05-03 21:53:02.792 | INFO     | Backtest   | [回测 4/5] 模拟第 3881/4905 笔交易: 飞天诚信...
2026-05-03 21:53:03.006 | INFO     | Backtest   | [回测 4/5] 模拟第 3891/4905 笔交易: 洛阳钼业...
2026-05-03 21:53:03.156 | INFO     | Backtest   | [回测 4/5] 模拟第 3901/4905 笔交易: 博源化工...
2026-05-03 21:53:03.305 | INFO     | Backtest   | [回测 4/5] 模拟第 3911/4905 笔交易: 双象股份...
2026-05-03 21:53:03.541 | INFO     | Backtest   | [回测 4/5] 模拟第 3921/4905 笔交易: 深南电A...
2026-05-03 21:53:03.726 | INFO     | Backtest   | [回测 4/5] 模拟第 3931/4905 笔交易: 京源环保...
2026-05-03 21:53:03.950 | INFO     | Backtest   | [回测 4/5] 模拟第 3941/4905 笔交易: 福然德...
2026-05-03 21:53:04.161 | INFO     | Backtest   | [回测 4/5] 模拟第 3951/4905 笔交易: 同和药业...
2026-05-03 21:53:04.383 | INFO     | Backtest   | [回测 4/5] 模拟第 3961/4905 笔交易: 一拖股份...
2026-05-03 21:53:04.580 | INFO     | Backtest   | [回测 4/5] 模拟第 3971/4905 笔交易: 宁波精达...
2026-05-03 21:53:04.738 | INFO     | Backtest   | [回测 4/5] 模拟第 3981/4905 笔交易: 西藏城投...
2026-05-03 21:53:04.916 | INFO     | Backtest   | [回测 4/5] 模拟第 3991/4905 笔交易: 西藏珠峰...
2026-05-03 21:53:05.054 | INFO     | Backtest   | [回测 4/5] 模拟第 4001/4905 笔交易: 天合光能...
2026-05-03 21:53:05.215 | INFO     | Backtest   | [回测 4/5] 模拟第 4011/4905 笔交易: 九州通...
2026-05-03 21:53:05.380 | INFO     | Backtest   | [回测 4/5] 模拟第 4021/4905 笔交易: 芯能科技...
2026-05-03 21:53:05.533 | INFO     | Backtest   | [回测 4/5] 模拟第 4031/4905 笔交易: 中信金属...
2026-05-03 21:53:05.666 | INFO     | Backtest   | [回测 4/5] 模拟第 4041/4905 笔交易: 汤姆猫...
2026-05-03 21:53:05.771 | INFO     | Backtest   | [回测 4/5] 模拟第 4051/4905 笔交易: 亚虹医药-U...
2026-05-03 21:53:05.920 | INFO     | Backtest   | [回测 4/5] 模拟第 4061/4905 笔交易: XD宝丰能...
2026-05-03 21:53:06.070 | INFO     | Backtest   | [回测 4/5] 模拟第 4071/4905 笔交易: 嘉化能源...
2026-05-03 21:53:06.208 | INFO     | Backtest   | [回测 4/5] 模拟第 4081/4905 笔交易: 黄山旅游...
2026-05-03 21:53:06.402 | INFO     | Backtest   | [回测 4/5] 模拟第 4091/4905 笔交易: 晋亿实业...
2026-05-03 21:53:06.577 | INFO     | Backtest   | [回测 4/5] 模拟第 4101/4905 笔交易: 哈空调...
2026-05-03 21:53:06.777 | INFO     | Backtest   | [回测 4/5] 模拟第 4111/4905 笔交易: 浙江医药...
2026-05-03 21:53:06.961 | INFO     | Backtest   | [回测 4/5] 模拟第 4121/4905 笔交易: 公元股份...
2026-05-03 21:53:07.202 | INFO     | Backtest   | [回测 4/5] 模拟第 4131/4905 笔交易: 捷顺科技...
2026-05-03 21:53:07.413 | INFO     | Backtest   | [回测 4/5] 模拟第 4141/4905 笔交易: 国网英大...
2026-05-03 21:53:07.574 | INFO     | Backtest   | [回测 4/5] 模拟第 4151/4905 笔交易: 晶澳科技...
2026-05-03 21:53:07.766 | INFO     | Backtest   | [回测 4/5] 模拟第 4161/4905 笔交易: 保龄宝...
2026-05-03 21:53:07.941 | INFO     | Backtest   | [回测 4/5] 模拟第 4171/4905 笔交易: 安彩高科...
2026-05-03 21:53:08.157 | INFO     | Backtest   | [回测 4/5] 模拟第 4181/4905 笔交易: 瑞茂通...
2026-05-03 21:53:08.317 | INFO     | Backtest   | [回测 4/5] 模拟第 4191/4905 笔交易: 厦门港务...
2026-05-03 21:53:08.476 | INFO     | Backtest   | [回测 4/5] 模拟第 4201/4905 笔交易: 金瑞矿业...
2026-05-03 21:53:08.645 | INFO     | Backtest   | [回测 4/5] 模拟第 4211/4905 笔交易: 兔宝宝...
2026-05-03 21:53:08.787 | INFO     | Backtest   | [回测 4/5] 模拟第 4221/4905 笔交易: 掌阅科技...
2026-05-03 21:53:08.984 | INFO     | Backtest   | [回测 4/5] 模拟第 4231/4905 笔交易: 辉隆股份...
2026-05-03 21:53:09.190 | INFO     | Backtest   | [回测 4/5] 模拟第 4241/4905 笔交易: 太龙股份...
2026-05-03 21:53:09.348 | INFO     | Backtest   | [回测 4/5] 模拟第 4251/4905 笔交易: 先进数通...
2026-05-03 21:53:09.533 | INFO     | Backtest   | [回测 4/5] 模拟第 4261/4905 笔交易: 长阳科技...
2026-05-03 21:53:09.724 | INFO     | Backtest   | [回测 4/5] 模拟第 4271/4905 笔交易: 宏源药业...
2026-05-03 21:53:09.887 | INFO     | Backtest   | [回测 4/5] 模拟第 4281/4905 笔交易: 彩虹股份...
2026-05-03 21:53:10.037 | INFO     | Backtest   | [回测 4/5] 模拟第 4291/4905 笔交易: 孚日股份...
2026-05-03 21:53:10.179 | INFO     | Backtest   | [回测 4/5] 模拟第 4301/4905 笔交易: 新劲刚...
2026-05-03 21:53:10.311 | INFO     | Backtest   | [回测 4/5] 模拟第 4311/4905 笔交易: 圣农发展...
2026-05-03 21:53:10.435 | INFO     | Backtest   | [回测 4/5] 模拟第 4321/4905 笔交易: 华创云信...
2026-05-03 21:53:10.566 | INFO     | Backtest   | [回测 4/5] 模拟第 4331/4905 笔交易: 新凤鸣...
2026-05-03 21:53:10.692 | INFO     | Backtest   | [回测 4/5] 模拟第 4341/4905 笔交易: 亚星化学...
2026-05-03 21:53:10.839 | INFO     | Backtest   | [回测 4/5] 模拟第 4351/4905 笔交易: 赞宇科技...
2026-05-03 21:53:10.973 | INFO     | Backtest   | [回测 4/5] 模拟第 4361/4905 笔交易: 海天精工...
2026-05-03 21:53:11.178 | INFO     | Backtest   | [回测 4/5] 模拟第 4371/4905 笔交易: 航锦科技...
2026-05-03 21:53:11.327 | INFO     | Backtest   | [回测 4/5] 模拟第 4381/4905 笔交易: 精进电动-UW...
2026-05-03 21:53:11.461 | INFO     | Backtest   | [回测 4/5] 模拟第 4391/4905 笔交易: 昌红科技...
2026-05-03 21:53:11.662 | INFO     | Backtest   | [回测 4/5] 模拟第 4401/4905 笔交易: 大西洋...
2026-05-03 21:53:11.828 | INFO     | Backtest   | [回测 4/5] 模拟第 4411/4905 笔交易: 山东玻纤...
2026-05-03 21:53:11.961 | INFO     | Backtest   | [回测 4/5] 模拟第 4421/4905 笔交易: 双星新材...
2026-05-03 21:53:12.110 | INFO     | Backtest   | [回测 4/5] 模拟第 4431/4905 笔交易: 三友化工...
2026-05-03 21:53:12.270 | INFO     | Backtest   | [回测 4/5] 模拟第 4441/4905 笔交易: 钛能化学...
2026-05-03 21:53:12.417 | INFO     | Backtest   | [回测 4/5] 模拟第 4451/4905 笔交易: 鲁北化工...
2026-05-03 21:53:12.559 | INFO     | Backtest   | [回测 4/5] 模拟第 4461/4905 笔交易: 青松股份...
2026-05-03 21:53:12.665 | INFO     | Backtest   | [回测 4/5] 模拟第 4471/4905 笔交易: 皇氏集团...
2026-05-03 21:53:12.817 | INFO     | Backtest   | [回测 4/5] 模拟第 4481/4905 笔交易: 时代万恒...
2026-05-03 21:53:12.969 | INFO     | Backtest   | [回测 4/5] 模拟第 4491/4905 笔交易: 大连热电...
2026-05-03 21:53:13.119 | INFO     | Backtest   | [回测 4/5] 模拟第 4501/4905 笔交易: 中远通...
2026-05-03 21:53:13.312 | INFO     | Backtest   | [回测 4/5] 模拟第 4511/4905 笔交易: 狮头股份...
2026-05-03 21:53:13.461 | INFO     | Backtest   | [回测 4/5] 模拟第 4521/4905 笔交易: 振东制药...
2026-05-03 21:53:13.631 | INFO     | Backtest   | [回测 4/5] 模拟第 4531/4905 笔交易: 开尔新材...
2026-05-03 21:53:13.857 | INFO     | Backtest   | [回测 4/5] 模拟第 4541/4905 笔交易: XD高能环...
2026-05-03 21:53:14.020 | INFO     | Backtest   | [回测 4/5] 模拟第 4551/4905 笔交易: 我武生物...
2026-05-03 21:53:14.195 | INFO     | Backtest   | [回测 4/5] 模拟第 4561/4905 笔交易: 上海家化...
2026-05-03 21:53:14.350 | INFO     | Backtest   | [回测 4/5] 模拟第 4571/4905 笔交易: 鹏鹞环保...
2026-05-03 21:53:14.500 | INFO     | Backtest   | [回测 4/5] 模拟第 4581/4905 笔交易: 莲花控股...
2026-05-03 21:53:14.652 | INFO     | Backtest   | [回测 4/5] 模拟第 4591/4905 笔交易: 凯美特气...
2026-05-03 21:53:14.829 | INFO     | Backtest   | [回测 4/5] 模拟第 4601/4905 笔交易: 创维数字...
2026-05-03 21:53:14.991 | INFO     | Backtest   | [回测 4/5] 模拟第 4611/4905 笔交易: 恒盛能源...
2026-05-03 21:53:15.175 | INFO     | Backtest   | [回测 4/5] 模拟第 4621/4905 笔交易: 智光电气...
2026-05-03 21:53:15.392 | INFO     | Backtest   | [回测 4/5] 模拟第 4631/4905 笔交易: 康斯特...
2026-05-03 21:53:15.580 | INFO     | Backtest   | [回测 4/5] 模拟第 4641/4905 笔交易: 幸福蓝海...
2026-05-03 21:53:15.749 | INFO     | Backtest   | [回测 4/5] 模拟第 4651/4905 笔交易: 福达股份...
2026-05-03 21:53:15.946 | INFO     | Backtest   | [回测 4/5] 模拟第 4661/4905 笔交易: 聚光科技...
2026-05-03 21:53:16.144 | INFO     | Backtest   | [回测 4/5] 模拟第 4671/4905 笔交易: 瑞泰新材...
2026-05-03 21:53:16.346 | INFO     | Backtest   | [回测 4/5] 模拟第 4681/4905 笔交易: 华源控股...
2026-05-03 21:53:16.562 | INFO     | Backtest   | [回测 4/5] 模拟第 4691/4905 笔交易: 飞力达...
2026-05-03 21:53:16.775 | INFO     | Backtest   | [回测 4/5] 模拟第 4701/4905 笔交易: 嘉应制药...
2026-05-03 21:53:16.981 | INFO     | Backtest   | [回测 4/5] 模拟第 4711/4905 笔交易: 德艺文创...
2026-05-03 21:53:17.128 | INFO     | Backtest   | [回测 4/5] 模拟第 4721/4905 笔交易: 海联金汇...
2026-05-03 21:53:17.338 | INFO     | Backtest   | [回测 4/5] 模拟第 4731/4905 笔交易: 宏达高科...
2026-05-03 21:53:17.535 | INFO     | Backtest   | [回测 4/5] 模拟第 4741/4905 笔交易: 吉林敖东...
2026-05-03 21:53:17.724 | INFO     | Backtest   | [回测 4/5] 模拟第 4751/4905 笔交易: 迈赫股份...
2026-05-03 21:53:17.914 | INFO     | Backtest   | [回测 4/5] 模拟第 4761/4905 笔交易: 湘佳股份...
2026-05-03 21:53:18.101 | INFO     | Backtest   | [回测 4/5] 模拟第 4771/4905 笔交易: 水星家纺...
2026-05-03 21:53:18.273 | INFO     | Backtest   | [回测 4/5] 模拟第 4781/4905 笔交易: 佳力图...
2026-05-03 21:53:18.422 | INFO     | Backtest   | [回测 4/5] 模拟第 4791/4905 笔交易: 金钼股份...
2026-05-03 21:53:18.583 | INFO     | Backtest   | [回测 4/5] 模拟第 4801/4905 笔交易: 光莆股份...
2026-05-03 21:53:18.717 | INFO     | Backtest   | [回测 4/5] 模拟第 4811/4905 笔交易: 平高电气...
2026-05-03 21:53:18.845 | INFO     | Backtest   | [回测 4/5] 模拟第 4821/4905 笔交易: 金信诺...
2026-05-03 21:53:19.001 | INFO     | Backtest   | [回测 4/5] 模拟第 4831/4905 笔交易: 元祖股份...
2026-05-03 21:53:19.128 | INFO     | Backtest   | [回测 4/5] 模拟第 4841/4905 笔交易: 三鑫医疗...
2026-05-03 21:53:19.309 | INFO     | Backtest   | [回测 4/5] 模拟第 4851/4905 笔交易: 湖北宜化...
2026-05-03 21:53:19.399 | INFO     | Backtest   | [回测 4/5] 模拟第 4861/4905 笔交易: 蔚蓝锂芯...
2026-05-03 21:53:19.549 | INFO     | Backtest   | [回测 4/5] 模拟第 4871/4905 笔交易: 初灵信息...
2026-05-03 21:53:19.679 | INFO     | Backtest   | [回测 4/5] 模拟第 4881/4905 笔交易: 麦捷科技...
2026-05-03 21:53:19.798 | INFO     | Backtest   | [回测 4/5] 模拟第 4891/4905 笔交易: 芯联集成-U...
2026-05-03 21:53:19.951 | INFO     | Backtest   | [回测 4/5] 模拟第 4901/4905 笔交易: 广哈通信...
2026-05-03 21:53:20.016 | INFO     | Backtest   | [回测 5/5] 回测任务完成: 1145笔(含0笔平手离场)
2026-05-03 21:53:20.804 | INFO     | Backtest   | [回测 1/5] 筛选回测目标股票...
2026-05-03 21:53:20.818 | INFO     | Backtest   | [回测 2/5] 加载 5010 只股票的历史数据进行快速扫描...
2026-05-03 21:53:34.206 | INFO     | Backtest   | [回测 3/5] 计算策略信号 (基于日线信号库)...
2026-05-03 21:53:34.212 | INFO     | Screener   | 🧬 [Loader] 识别到类继承策略: MA5AngleOriginalStrategy
2026-05-03 21:53:38.332 | INFO     | Backtest   | [回测 4/5] 处理 4905 条信号，执行精细分钟线仿真...
2026-05-03 21:53:38.336 | INFO     | Backtest   | [回测 4/5] 模拟第 1/4905 笔交易: 平安银行...
2026-05-03 21:53:38.645 | INFO     | Backtest   | [回测 4/5] 模拟第 11/4905 笔交易: 深康佳Ａ...
2026-05-03 21:53:38.928 | INFO     | Backtest   | [回测 4/5] 模拟第 21/4905 笔交易: 飞亚达...
2026-05-03 21:53:39.207 | INFO     | Backtest   | [回测 4/5] 模拟第 31/4905 笔交易: 华联控股...
2026-05-03 21:53:39.460 | INFO     | Backtest   | [回测 4/5] 模拟第 41/4905 笔交易: 京基智农...
2026-05-03 21:53:39.702 | INFO     | Backtest   | [回测 4/5] 模拟第 51/4905 笔交易: 北方国际...
2026-05-03 21:53:39.986 | INFO     | Backtest   | [回测 4/5] 模拟第 61/4905 笔交易: 海王生物...
2026-05-03 21:53:40.238 | INFO     | Backtest   | [回测 4/5] 模拟第 71/4905 笔交易: 东方盛虹...
2026-05-03 21:53:40.566 | INFO     | Backtest   | [回测 4/5] 模拟第 81/4905 笔交易: 沈阳机床...
2026-05-03 21:53:40.791 | INFO     | Backtest   | [回测 4/5] 模拟第 91/4905 笔交易: 湖北宜化...
2026-05-03 21:53:41.074 | INFO     | Backtest   | [回测 4/5] 模拟第 101/4905 笔交易: 国新健康...
2026-05-03 21:53:41.324 | INFO     | Backtest   | [回测 4/5] 模拟第 111/4905 笔交易: 荣安地产...
2026-05-03 21:53:41.589 | INFO     | Backtest   | [回测 4/5] 模拟第 121/4905 笔交易: 万泽股份...
2026-05-03 21:53:41.859 | INFO     | Backtest   | [回测 4/5] 模拟第 131/4905 笔交易: 金圆股份...
2026-05-03 21:53:42.155 | INFO     | Backtest   | [回测 4/5] 模拟第 141/4905 笔交易: 创元科技...
2026-05-03 21:53:42.434 | INFO     | Backtest   | [回测 4/5] 模拟第 151/4905 笔交易: 万向钱潮...
2026-05-03 21:53:42.688 | INFO     | Backtest   | [回测 4/5] 模拟第 161/4905 笔交易: 苏常柴Ａ...
2026-05-03 21:53:42.952 | INFO     | Backtest   | [回测 4/5] 模拟第 171/4905 笔交易: 北部湾港...
2026-05-03 21:53:43.217 | INFO     | Backtest   | [回测 4/5] 模拟第 181/4905 笔交易: 青岛双星...
2026-05-03 21:53:43.453 | INFO     | Backtest   | [回测 4/5] 模拟第 191/4905 笔交易: 焦作万方...
2026-05-03 21:53:43.750 | INFO     | Backtest   | [回测 4/5] 模拟第 201/4905 笔交易: 钒钛股份...
2026-05-03 21:53:44.021 | INFO     | Backtest   | [回测 4/5] 模拟第 211/4905 笔交易: 英力特...
2026-05-03 21:53:44.291 | INFO     | Backtest   | [回测 4/5] 模拟第 221/4905 笔交易: 泰达股份...
2026-05-03 21:53:44.552 | INFO     | Backtest   | [回测 4/5] 模拟第 231/4905 笔交易: 恒天海龙...
2026-05-03 21:53:44.781 | INFO     | Backtest   | [回测 4/5] 模拟第 241/4905 笔交易: 中山公用...
2026-05-03 21:53:45.049 | INFO     | Backtest   | [回测 4/5] 模拟第 251/4905 笔交易: 滨海能源...
2026-05-03 21:53:45.294 | INFO     | Backtest   | [回测 4/5] 模拟第 261/4905 笔交易: 双环科技...
2026-05-03 21:53:45.557 | INFO     | Backtest   | [回测 4/5] 模拟第 271/4905 笔交易: 中南股份...
2026-05-03 21:53:45.829 | INFO     | Backtest   | [回测 4/5] 模拟第 281/4905 笔交易: 北方铜业...
2026-05-03 21:53:46.135 | INFO     | Backtest   | [回测 4/5] 模拟第 291/4905 笔交易: 新华制药...
2026-05-03 21:53:46.438 | INFO     | Backtest   | [回测 4/5] 模拟第 301/4905 笔交易: 中核科技...
2026-05-03 21:53:46.756 | INFO     | Backtest   | [回测 4/5] 模拟第 311/4905 笔交易: 北大医药...
2026-05-03 21:53:47.039 | INFO     | Backtest   | [回测 4/5] 模拟第 321/4905 笔交易: 中水渔业...
2026-05-03 21:53:47.293 | INFO     | Backtest   | [回测 4/5] 模拟第 331/4905 笔交易: 和展能源...
2026-05-03 21:53:47.547 | INFO     | Backtest   | [回测 4/5] 模拟第 341/4905 笔交易: 智慧农业...
2026-05-03 21:53:47.766 | INFO     | Backtest   | [回测 4/5] 模拟第 351/4905 笔交易: 启迪环境...
2026-05-03 21:53:48.062 | INFO     | Backtest   | [回测 4/5] 模拟第 361/4905 笔交易: 华茂股份...
2026-05-03 21:53:48.306 | INFO     | Backtest   | [回测 4/5] 模拟第 371/4905 笔交易: 天山股份...
2026-05-03 21:53:48.559 | INFO     | Backtest   | [回测 4/5] 模拟第 381/4905 笔交易: 海南高速...
2026-05-03 21:53:48.805 | INFO     | Backtest   | [回测 4/5] 模拟第 391/4905 笔交易: 航天科技...
2026-05-03 21:53:49.039 | INFO     | Backtest   | [回测 4/5] 模拟第 401/4905 笔交易: 沃顿科技...
2026-05-03 21:53:49.304 | INFO     | Backtest   | [回测 4/5] 模拟第 411/4905 笔交易: 神火股份...
2026-05-03 21:53:49.565 | INFO     | Backtest   | [回测 4/5] 模拟第 421/4905 笔交易: 南天信息...
2026-05-03 21:53:49.791 | INFO     | Backtest   | [回测 4/5] 模拟第 431/4905 笔交易: 欣龙控股...
2026-05-03 21:53:50.062 | INFO     | Backtest   | [回测 4/5] 模拟第 441/4905 笔交易: 佛塑科技...
2026-05-03 21:53:50.361 | INFO     | Backtest   | [回测 4/5] 模拟第 451/4905 笔交易: 诚志股份...
2026-05-03 21:53:50.618 | INFO     | Backtest   | [回测 4/5] 模拟第 461/4905 笔交易: 华瓷股份...
2026-05-03 21:53:50.879 | INFO     | Backtest   | [回测 4/5] 模拟第 471/4905 笔交易: 弘业期货...
2026-05-03 21:53:51.194 | INFO     | Backtest   | [回测 4/5] 模拟第 481/4905 笔交易: 陕西能源...
2026-05-03 21:53:51.452 | INFO     | Backtest   | [回测 4/5] 模拟第 491/4905 笔交易: 铭科精技...
2026-05-03 21:53:51.728 | INFO     | Backtest   | [回测 4/5] 模拟第 501/4905 笔交易: 南矿集团...
2026-05-03 21:53:51.982 | INFO     | Backtest   | [回测 4/5] 模拟第 511/4905 笔交易: 百通能源...
2026-05-03 21:53:52.247 | INFO     | Backtest   | [回测 4/5] 模拟第 521/4905 笔交易: 宗申动力...
2026-05-03 21:53:52.547 | INFO     | Backtest   | [回测 4/5] 模拟第 531/4905 笔交易: 协鑫能科...
2026-05-03 21:53:52.853 | INFO     | Backtest   | [回测 4/5] 模拟第 541/4905 笔交易: 中捷资源...
2026-05-03 21:53:53.118 | INFO     | Backtest   | [回测 4/5] 模拟第 551/4905 笔交易: 旺能环境...
2026-05-03 21:53:53.387 | INFO     | Backtest   | [回测 4/5] 模拟第 561/4905 笔交易: 华孚时尚...
2026-05-03 21:53:53.671 | INFO     | Backtest   | [回测 4/5] 模拟第 571/4905 笔交易: 同洲电子...
2026-05-03 21:53:53.938 | INFO     | Backtest   | [回测 4/5] 模拟第 581/4905 笔交易: 浙江交科...
2026-05-03 21:53:54.176 | INFO     | Backtest   | [回测 4/5] 模拟第 591/4905 笔交易: 瑞泰科技...
2026-05-03 21:53:54.473 | INFO     | Backtest   | [回测 4/5] 模拟第 601/4905 笔交易: 太阳纸业...
2026-05-03 21:53:54.774 | INFO     | Backtest   | [回测 4/5] 模拟第 611/4905 笔交易: 金智科技...
2026-05-03 21:53:55.043 | INFO     | Backtest   | [回测 4/5] 模拟第 621/4905 笔交易: 山河智能...
2026-05-03 21:53:55.313 | INFO     | Backtest   | [回测 4/5] 模拟第 631/4905 笔交易: 沧州明珠...
2026-05-03 21:53:55.600 | INFO     | Backtest   | [回测 4/5] 模拟第 641/4905 笔交易: 罗平锌电...
2026-05-03 21:53:55.888 | INFO     | Backtest   | [回测 4/5] 模拟第 651/4905 笔交易: 韵达股份...
2026-05-03 21:53:56.156 | INFO     | Backtest   | [回测 4/5] 模拟第 661/4905 笔交易: 沃尔核材...
2026-05-03 21:53:56.469 | INFO     | Backtest   | [回测 4/5] 模拟第 671/4905 笔交易: 实益达...
2026-05-03 21:53:56.778 | INFO     | Backtest   | [回测 4/5] 模拟第 681/4905 笔交易: 正泰电源...
2026-05-03 21:53:57.049 | INFO     | Backtest   | [回测 4/5] 模拟第 691/4905 笔交易: 远望谷...
2026-05-03 21:53:57.344 | INFO     | Backtest   | [回测 4/5] 模拟第 701/4905 笔交易: 智光电气...
2026-05-03 21:53:57.614 | INFO     | Backtest   | [回测 4/5] 模拟第 711/4905 笔交易: 游族网络...
2026-05-03 21:53:57.876 | INFO     | Backtest   | [回测 4/5] 模拟第 721/4905 笔交易: 奔图科技...
2026-05-03 21:53:58.134 | INFO     | Backtest   | [回测 4/5] 模拟第 731/4905 笔交易: 如意集团...
2026-05-03 21:53:58.413 | INFO     | Backtest   | [回测 4/5] 模拟第 741/4905 笔交易: 海亮股份...
2026-05-03 21:53:58.653 | INFO     | Backtest   | [回测 4/5] 模拟第 751/4905 笔交易: 准油股份...
2026-05-03 21:53:58.914 | INFO     | Backtest   | [回测 4/5] 模拟第 761/4905 笔交易: 拓日新能...
2026-05-03 21:53:59.186 | INFO     | Backtest   | [回测 4/5] 模拟第 771/4905 笔交易: 民和股份...
2026-05-03 21:53:59.453 | INFO     | Backtest   | [回测 4/5] 模拟第 781/4905 笔交易: 力合科创...
2026-05-03 21:53:59.682 | INFO     | Backtest   | [回测 4/5] 模拟第 791/4905 笔交易: 华东数控...
2026-05-03 21:53:59.922 | INFO     | Backtest   | [回测 4/5] 模拟第 801/4905 笔交易: 利尔化学...
2026-05-03 21:54:00.130 | INFO     | Backtest   | [回测 4/5] 模拟第 811/4905 笔交易: 新华都...
2026-05-03 21:54:00.408 | INFO     | Backtest   | [回测 4/5] 模拟第 821/4905 笔交易: 美邦服饰...
2026-05-03 21:54:00.637 | INFO     | Backtest   | [回测 4/5] 模拟第 831/4905 笔交易: 友阿股份...
2026-05-03 21:54:00.922 | INFO     | Backtest   | [回测 4/5] 模拟第 841/4905 笔交易: 亚太股份...
2026-05-03 21:54:01.196 | INFO     | Backtest   | [回测 4/5] 模拟第 851/4905 笔交易: 辉煌科技...
2026-05-03 21:54:01.445 | INFO     | Backtest   | [回测 4/5] 模拟第 861/4905 笔交易: 西部建设...
2026-05-03 21:54:01.715 | INFO     | Backtest   | [回测 4/5] 模拟第 871/4905 笔交易: 川发龙蟒...
2026-05-03 21:54:02.015 | INFO     | Backtest   | [回测 4/5] 模拟第 881/4905 笔交易: 海峡股份...
2026-05-03 21:54:02.295 | INFO     | Backtest   | [回测 4/5] 模拟第 891/4905 笔交易: 永太科技...
2026-05-03 21:54:02.566 | INFO     | Backtest   | [回测 4/5] 模拟第 901/4905 笔交易: 皖通科技...
2026-05-03 21:54:02.795 | INFO     | Backtest   | [回测 4/5] 模拟第 911/4905 笔交易: 潮宏基...
2026-05-03 21:54:03.044 | INFO     | Backtest   | [回测 4/5] 模拟第 921/4905 笔交易: 兴民智通...
2026-05-03 21:54:03.305 | INFO     | Backtest   | [回测 4/5] 模拟第 931/4905 笔交易: 隆基机械...
2026-05-03 21:54:03.576 | INFO     | Backtest   | [回测 4/5] 模拟第 941/4905 笔交易: 亚厦股份...
2026-05-03 21:54:03.823 | INFO     | Backtest   | [回测 4/5] 模拟第 951/4905 笔交易: 宏桥控股...
2026-05-03 21:54:04.118 | INFO     | Backtest   | [回测 4/5] 模拟第 961/4905 笔交易: 北京利尔...
2026-05-03 21:54:04.340 | INFO     | Backtest   | [回测 4/5] 模拟第 971/4905 笔交易: 省广集团...
2026-05-03 21:54:04.578 | INFO     | Backtest   | [回测 4/5] 模拟第 981/4905 笔交易: 雷科防务...
2026-05-03 21:54:04.801 | INFO     | Backtest   | [回测 4/5] 模拟第 991/4905 笔交易: 达实智能...
2026-05-03 21:54:05.048 | INFO     | Backtest   | [回测 4/5] 模拟第 1001/4905 笔交易: 兆驰股份...
2026-05-03 21:54:05.305 | INFO     | Backtest   | [回测 4/5] 模拟第 1011/4905 笔交易: 江苏神通...
2026-05-03 21:54:05.629 | INFO     | Backtest   | [回测 4/5] 模拟第 1021/4905 笔交易: 中南文化...
2026-05-03 21:54:05.859 | INFO     | Backtest   | [回测 4/5] 模拟第 1031/4905 笔交易: 摩恩电气...
2026-05-03 21:54:06.152 | INFO     | Backtest   | [回测 4/5] 模拟第 1041/4905 笔交易: 二六三...
2026-05-03 21:54:06.407 | INFO     | Backtest   | [回测 4/5] 模拟第 1051/4905 笔交易: 常宝股份...
2026-05-03 21:54:06.632 | INFO     | Backtest   | [回测 4/5] 模拟第 1061/4905 笔交易: 嘉麟杰...
2026-05-03 21:54:06.862 | INFO     | Backtest   | [回测 4/5] 模拟第 1071/4905 笔交易: 雅化集团...
2026-05-03 21:54:07.152 | INFO     | Backtest   | [回测 4/5] 模拟第 1081/4905 笔交易: 中顺洁柔...
2026-05-03 21:54:07.415 | INFO     | Backtest   | [回测 4/5] 模拟第 1091/4905 笔交易: 浙江众成...
2026-05-03 21:54:07.708 | INFO     | Backtest   | [回测 4/5] 模拟第 1101/4905 笔交易: 天山铝业...
2026-05-03 21:54:07.978 | INFO     | Backtest   | [回测 4/5] 模拟第 1111/4905 笔交易: 鸿路钢构...
2026-05-03 21:54:08.221 | INFO     | Backtest   | [回测 4/5] 模拟第 1121/4905 笔交易: 凯美特气...
2026-05-03 21:54:08.446 | INFO     | Backtest   | [回测 4/5] 模拟第 1131/4905 笔交易: 辉隆股份...
2026-05-03 21:54:08.723 | INFO     | Backtest   | [回测 4/5] 模拟第 1141/4905 笔交易: 天沃科技...
2026-05-03 21:54:08.954 | INFO     | Backtest   | [回测 4/5] 模拟第 1151/4905 笔交易: 清新环境...
2026-05-03 21:54:09.212 | INFO     | Backtest   | [回测 4/5] 模拟第 1161/4905 笔交易: 闽发铝业...
2026-05-03 21:54:09.449 | INFO     | Backtest   | [回测 4/5] 模拟第 1171/4905 笔交易: 圣阳股份...
2026-05-03 21:54:09.685 | INFO     | Backtest   | [回测 4/5] 模拟第 1181/4905 笔交易: 史丹利...
2026-05-03 21:54:09.920 | INFO     | Backtest   | [回测 4/5] 模拟第 1191/4905 笔交易: 领益智造...
2026-05-03 21:54:10.147 | INFO     | Backtest   | [回测 4/5] 模拟第 1201/4905 笔交易: 以岭药业...
2026-05-03 21:54:10.395 | INFO     | Backtest   | [回测 4/5] 模拟第 1211/4905 笔交易: 奥佳华...
2026-05-03 21:54:10.633 | INFO     | Backtest   | [回测 4/5] 模拟第 1221/4905 笔交易: 完美世界...
2026-05-03 21:54:10.861 | INFO     | Backtest   | [回测 4/5] 模拟第 1231/4905 笔交易: 仁智股份...
2026-05-03 21:54:11.098 | INFO     | Backtest   | [回测 4/5] 模拟第 1241/4905 笔交易: 金安国纪...
2026-05-03 21:54:11.328 | INFO     | Backtest   | [回测 4/5] 模拟第 1251/4905 笔交易: 华宏科技...
2026-05-03 21:54:11.585 | INFO     | Backtest   | [回测 4/5] 模拟第 1261/4905 笔交易: 共达电声...
2026-05-03 21:54:11.834 | INFO     | Backtest   | [回测 4/5] 模拟第 1271/4905 笔交易: 信质集团...
2026-05-03 21:54:12.092 | INFO     | Backtest   | [回测 4/5] 模拟第 1281/4905 笔交易: 兴业科技...
2026-05-03 21:54:12.341 | INFO     | Backtest   | [回测 4/5] 模拟第 1291/4905 笔交易: 亿利达...
2026-05-03 21:54:12.617 | INFO     | Backtest   | [回测 4/5] 模拟第 1301/4905 笔交易: 煌上煌...
2026-05-03 21:54:12.903 | INFO     | Backtest   | [回测 4/5] 模拟第 1311/4905 笔交易: 新宝股份...
2026-05-03 21:54:13.167 | INFO     | Backtest   | [回测 4/5] 模拟第 1321/4905 笔交易: 湖南白银...
2026-05-03 21:54:13.437 | INFO     | Backtest   | [回测 4/5] 模拟第 1331/4905 笔交易: 海洋王...
2026-05-03 21:54:13.676 | INFO     | Backtest   | [回测 4/5] 模拟第 1341/4905 笔交易: 利民股份...
2026-05-03 21:54:13.944 | INFO     | Backtest   | [回测 4/5] 模拟第 1351/4905 笔交易: 富煌钢构...
2026-05-03 21:54:14.188 | INFO     | Backtest   | [回测 4/5] 模拟第 1361/4905 笔交易: 南兴股份...
2026-05-03 21:54:14.405 | INFO     | Backtest   | [回测 4/5] 模拟第 1371/4905 笔交易: 索菱股份...
2026-05-03 21:54:14.628 | INFO     | Backtest   | [回测 4/5] 模拟第 1381/4905 笔交易: 文科股份...
2026-05-03 21:54:14.851 | INFO     | Backtest   | [回测 4/5] 模拟第 1391/4905 笔交易: 华源控股...
2026-05-03 21:54:15.131 | INFO     | Backtest   | [回测 4/5] 模拟第 1401/4905 笔交易: 罗欣药业...
2026-05-03 21:54:15.343 | INFO     | Backtest   | [回测 4/5] 模拟第 1411/4905 笔交易: 江阴银行...
2026-05-03 21:54:15.588 | INFO     | Backtest   | [回测 4/5] 模拟第 1421/4905 笔交易: 富森美...
2026-05-03 21:54:15.863 | INFO     | Backtest   | [回测 4/5] 模拟第 1431/4905 笔交易: 名雕股份...
2026-05-03 21:54:16.071 | INFO     | Backtest   | [回测 4/5] 模拟第 1441/4905 笔交易: 泰嘉股份...
2026-05-03 21:54:16.370 | INFO     | Backtest   | [回测 4/5] 模拟第 1451/4905 笔交易: 皮阿诺...
2026-05-03 21:54:16.599 | INFO     | Backtest   | [回测 4/5] 模拟第 1461/4905 笔交易: 瀛通通讯...
2026-05-03 21:54:16.866 | INFO     | Backtest   | [回测 4/5] 模拟第 1471/4905 笔交易: 新天药业...
2026-05-03 21:54:17.126 | INFO     | Backtest   | [回测 4/5] 模拟第 1481/4905 笔交易: 凌霄泵业...
2026-05-03 21:54:17.414 | INFO     | Backtest   | [回测 4/5] 模拟第 1491/4905 笔交易: 科力尔...
2026-05-03 21:54:17.647 | INFO     | Backtest   | [回测 4/5] 模拟第 1501/4905 笔交易: 宇环数控...
2026-05-03 21:54:17.921 | INFO     | Backtest   | [回测 4/5] 模拟第 1511/4905 笔交易: 庄园牧场...
2026-05-03 21:54:18.174 | INFO     | Backtest   | [回测 4/5] 模拟第 1521/4905 笔交易: 华西证券...
2026-05-03 21:54:18.412 | INFO     | Backtest   | [回测 4/5] 模拟第 1531/4905 笔交易: 新疆交建...
2026-05-03 21:54:18.628 | INFO     | Backtest   | [回测 4/5] 模拟第 1541/4905 笔交易: 金时科技...
2026-05-03 21:54:18.890 | INFO     | Backtest   | [回测 4/5] 模拟第 1551/4905 笔交易: 青鸟智控...
2026-05-03 21:54:19.148 | INFO     | Backtest   | [回测 4/5] 模拟第 1561/4905 笔交易: 侨银股份...
2026-05-03 21:54:19.367 | INFO     | Backtest   | [回测 4/5] 模拟第 1571/4905 笔交易: 天地在线...
2026-05-03 21:54:19.621 | INFO     | Backtest   | [回测 4/5] 模拟第 1581/4905 笔交易: 日久光电...
2026-05-03 21:54:19.865 | INFO     | Backtest   | [回测 4/5] 模拟第 1591/4905 笔交易: 思进智能...
2026-05-03 21:54:20.106 | INFO     | Backtest   | [回测 4/5] 模拟第 1601/4905 笔交易: 楚天龙...
2026-05-03 21:54:20.328 | INFO     | Backtest   | [回测 4/5] 模拟第 1611/4905 笔交易: 探路者...
2026-05-03 21:54:20.576 | INFO     | Backtest   | [回测 4/5] 模拟第 1621/4905 笔交易: 鼎汉技术...
2026-05-03 21:54:20.819 | INFO     | Backtest   | [回测 4/5] 模拟第 1631/4905 笔交易: 网宿科技...
2026-05-03 21:54:21.063 | INFO     | Backtest   | [回测 4/5] 模拟第 1641/4905 笔交易: 机器人...
2026-05-03 21:54:21.334 | INFO     | Backtest   | [回测 4/5] 模拟第 1651/4905 笔交易: 阳普医疗...
2026-05-03 21:54:21.555 | INFO     | Backtest   | [回测 4/5] 模拟第 1661/4905 笔交易: 超图软件...
2026-05-03 21:54:21.832 | INFO     | Backtest   | [回测 4/5] 模拟第 1671/4905 笔交易: 合康新能...
2026-05-03 21:54:22.088 | INFO     | Backtest   | [回测 4/5] 模拟第 1681/4905 笔交易: 万邦达...
2026-05-03 21:54:22.373 | INFO     | Backtest   | [回测 4/5] 模拟第 1691/4905 笔交易: 旗天科技...
2026-05-03 21:54:22.608 | INFO     | Backtest   | [回测 4/5] 模拟第 1701/4905 笔交易: 南都电源...
2026-05-03 21:54:22.848 | INFO     | Backtest   | [回测 4/5] 模拟第 1711/4905 笔交易: 华平股份...
2026-05-03 21:54:23.075 | INFO     | Backtest   | [回测 4/5] 模拟第 1721/4905 笔交易: 创世纪...
2026-05-03 21:54:23.319 | INFO     | Backtest   | [回测 4/5] 模拟第 1731/4905 笔交易: 智云股份...
2026-05-03 21:54:23.560 | INFO     | Backtest   | [回测 4/5] 模拟第 1741/4905 笔交易: 达刚控股...
2026-05-03 21:54:23.811 | INFO     | Backtest   | [回测 4/5] 模拟第 1751/4905 笔交易: 万讯自控...
2026-05-03 21:54:24.073 | INFO     | Backtest   | [回测 4/5] 模拟第 1761/4905 笔交易: 泰胜风能...
2026-05-03 21:54:24.269 | INFO     | Backtest   | [回测 4/5] 模拟第 1771/4905 笔交易: 华策影视...
2026-05-03 21:54:24.508 | INFO     | Backtest   | [回测 4/5] 模拟第 1781/4905 笔交易: 和顺电气...
2026-05-03 21:54:24.741 | INFO     | Backtest   | [回测 4/5] 模拟第 1791/4905 笔交易: 南方泵业...
2026-05-03 21:54:25.001 | INFO     | Backtest   | [回测 4/5] 模拟第 1801/4905 笔交易: 安居宝...
2026-05-03 21:54:25.233 | INFO     | Backtest   | [回测 4/5] 模拟第 1811/4905 笔交易: 先锋新材...
2026-05-03 21:54:25.480 | INFO     | Backtest   | [回测 4/5] 模拟第 1821/4905 笔交易: 天晟新材...
2026-05-03 21:54:25.716 | INFO     | Backtest   | [回测 4/5] 模拟第 1831/4905 笔交易: 东软载波...
2026-05-03 21:54:25.953 | INFO     | Backtest   | [回测 4/5] 模拟第 1841/4905 笔交易: 科德教育...
2026-05-03 21:54:26.204 | INFO     | Backtest   | [回测 4/5] 模拟第 1851/4905 笔交易: 长海股份...
2026-05-03 21:54:26.442 | INFO     | Backtest   | [回测 4/5] 模拟第 1861/4905 笔交易: 海伦哲...
2026-05-03 21:54:26.666 | INFO     | Backtest   | [回测 4/5] 模拟第 1871/4905 笔交易: 森远股份...
2026-05-03 21:54:26.925 | INFO     | Backtest   | [回测 4/5] 模拟第 1881/4905 笔交易: 金运激光...
2026-05-03 21:54:27.183 | INFO     | Backtest   | [回测 4/5] 模拟第 1891/4905 笔交易: 富瑞特装...
2026-05-03 21:54:27.423 | INFO     | Backtest   | [回测 4/5] 模拟第 1901/4905 笔交易: 开尔新材...
2026-05-03 21:54:27.638 | INFO     | Backtest   | [回测 4/5] 模拟第 1911/4905 笔交易: 瑞丰光电...
2026-05-03 21:54:27.875 | INFO     | Backtest   | [回测 4/5] 模拟第 1921/4905 笔交易: 天玑科技...
2026-05-03 21:54:28.107 | INFO     | Backtest   | [回测 4/5] 模拟第 1931/4905 笔交易: 初灵信息...
2026-05-03 21:54:28.358 | INFO     | Backtest   | [回测 4/5] 模拟第 1941/4905 笔交易: 雅本化学...
2026-05-03 21:54:28.573 | INFO     | Backtest   | [回测 4/5] 模拟第 1951/4905 笔交易: 联建光电...
2026-05-03 21:54:28.798 | INFO     | Backtest   | [回测 4/5] 模拟第 1961/4905 笔交易: 金明精机...
2026-05-03 21:54:29.054 | INFO     | Backtest   | [回测 4/5] 模拟第 1971/4905 笔交易: 利德曼...
2026-05-03 21:54:29.287 | INFO     | Backtest   | [回测 4/5] 模拟第 1981/4905 笔交易: 利亚德...
2026-05-03 21:54:29.474 | INFO     | Backtest   | [回测 4/5] 模拟第 1991/4905 笔交易: 同有科技...
2026-05-03 21:54:29.714 | INFO     | Backtest   | [回测 4/5] 模拟第 2001/4905 笔交易: 宜通世纪...
2026-05-03 21:54:29.958 | INFO     | Backtest   | [回测 4/5] 模拟第 2011/4905 笔交易: 博晖创新...
2026-05-03 21:54:30.169 | INFO     | Backtest   | [回测 4/5] 模拟第 2021/4905 笔交易: 宜安科技...
2026-05-03 21:54:30.364 | INFO     | Backtest   | [回测 4/5] 模拟第 2031/4905 笔交易: 科恒股份...
2026-05-03 21:54:30.614 | INFO     | Backtest   | [回测 4/5] 模拟第 2041/4905 笔交易: 蒙草生态...
2026-05-03 21:54:30.897 | INFO     | Backtest   | [回测 4/5] 模拟第 2051/4905 笔交易: 恒华科技...
2026-05-03 21:54:31.168 | INFO     | Backtest   | [回测 4/5] 模拟第 2061/4905 笔交易: 鹏翎股份...
2026-05-03 21:54:31.390 | INFO     | Backtest   | [回测 4/5] 模拟第 2071/4905 笔交易: 艾比森...
2026-05-03 21:54:31.657 | INFO     | Backtest   | [回测 4/5] 模拟第 2081/4905 笔交易: 花园生物...
2026-05-03 21:54:31.892 | INFO     | Backtest   | [回测 4/5] 模拟第 2091/4905 笔交易: 道氏技术...
2026-05-03 21:54:32.126 | INFO     | Backtest   | [回测 4/5] 模拟第 2101/4905 笔交易: 红相股份...
2026-05-03 21:54:32.325 | INFO     | Backtest   | [回测 4/5] 模拟第 2111/4905 笔交易: 清水源...
2026-05-03 21:54:32.570 | INFO     | Backtest   | [回测 4/5] 模拟第 2121/4905 笔交易: 双杰电气...
2026-05-03 21:54:32.778 | INFO     | Backtest   | [回测 4/5] 模拟第 2131/4905 笔交易: 浩云科技...
2026-05-03 21:54:33.025 | INFO     | Backtest   | [回测 4/5] 模拟第 2141/4905 笔交易: 航天智装...
2026-05-03 21:54:33.257 | INFO     | Backtest   | [回测 4/5] 模拟第 2151/4905 笔交易: 星徽股份...
2026-05-03 21:54:33.460 | INFO     | Backtest   | [回测 4/5] 模拟第 2161/4905 笔交易: 光力科技...
2026-05-03 21:54:33.718 | INFO     | Backtest   | [回测 4/5] 模拟第 2171/4905 笔交易: 赛升药业...
2026-05-03 21:54:33.867 | INFO     | Backtest   | [回测 4/5] 模拟第 2181/4905 笔交易: 通合科技...
2026-05-03 21:54:34.110 | INFO     | Backtest   | [回测 4/5] 模拟第 2191/4905 笔交易: 高澜股份...
2026-05-03 21:54:34.344 | INFO     | Backtest   | [回测 4/5] 模拟第 2201/4905 笔交易: 金冠股份...
2026-05-03 21:54:34.604 | INFO     | Backtest   | [回测 4/5] 模拟第 2211/4905 笔交易: 海波重科...
2026-05-03 21:54:34.835 | INFO     | Backtest   | [回测 4/5] 模拟第 2221/4905 笔交易: 世名科技...
2026-05-03 21:54:35.090 | INFO     | Backtest   | [回测 4/5] 模拟第 2231/4905 笔交易: 农尚环境...
2026-05-03 21:54:35.359 | INFO     | Backtest   | [回测 4/5] 模拟第 2241/4905 笔交易: 朗科智能...
2026-05-03 21:54:35.538 | INFO     | Backtest   | [回测 4/5] 模拟第 2251/4905 笔交易: 筑博设计...
2026-05-03 21:54:35.792 | INFO     | Backtest   | [回测 4/5] 模拟第 2261/4905 笔交易: 星源材质...
2026-05-03 21:54:36.083 | INFO     | Backtest   | [回测 4/5] 模拟第 2271/4905 笔交易: 晨曦航空...
2026-05-03 21:54:36.331 | INFO     | Backtest   | [回测 4/5] 模拟第 2281/4905 笔交易: 美联新材...
2026-05-03 21:54:36.578 | INFO     | Backtest   | [回测 4/5] 模拟第 2291/4905 笔交易: 欧普康视...
2026-05-03 21:54:36.816 | INFO     | Backtest   | [回测 4/5] 模拟第 2301/4905 笔交易: 飞荣达...
2026-05-03 21:54:37.068 | INFO     | Backtest   | [回测 4/5] 模拟第 2311/4905 笔交易: 宣亚国际...
2026-05-03 21:54:37.347 | INFO     | Backtest   | [回测 4/5] 模拟第 2321/4905 笔交易: 新劲刚...
2026-05-03 21:54:37.576 | INFO     | Backtest   | [回测 4/5] 模拟第 2331/4905 笔交易: 扬帆新材...
2026-05-03 21:54:37.852 | INFO     | Backtest   | [回测 4/5] 模拟第 2341/4905 笔交易: 杭州园林...
2026-05-03 21:54:38.067 | INFO     | Backtest   | [回测 4/5] 模拟第 2351/4905 笔交易: 晶瑞电材...
2026-05-03 21:54:38.260 | INFO     | Backtest   | [回测 4/5] 模拟第 2361/4905 笔交易: 飞鹿股份...
2026-05-03 21:54:38.499 | INFO     | Backtest   | [回测 4/5] 模拟第 2371/4905 笔交易: 宇信科技...
2026-05-03 21:54:38.719 | INFO     | Backtest   | [回测 4/5] 模拟第 2381/4905 笔交易: 双一科技...
2026-05-03 21:54:38.979 | INFO     | Backtest   | [回测 4/5] 模拟第 2391/4905 笔交易: 森霸传感...
2026-05-03 21:54:39.219 | INFO     | Backtest   | [回测 4/5] 模拟第 2401/4905 笔交易: 万隆光电...
2026-05-03 21:54:39.433 | INFO     | Backtest   | [回测 4/5] 模拟第 2411/4905 笔交易: 设研院...
2026-05-03 21:54:39.629 | INFO     | Backtest   | [回测 4/5] 模拟第 2421/4905 笔交易: 明阳电路...
2026-05-03 21:54:39.879 | INFO     | Backtest   | [回测 4/5] 模拟第 2431/4905 笔交易: 汉嘉数智...
2026-05-03 21:54:40.115 | INFO     | Backtest   | [回测 4/5] 模拟第 2441/4905 笔交易: 智莱科技...
2026-05-03 21:54:40.325 | INFO     | Backtest   | [回测 4/5] 模拟第 2451/4905 笔交易: 德恩精工...
2026-05-03 21:54:40.582 | INFO     | Backtest   | [回测 4/5] 模拟第 2461/4905 笔交易: 钢研纳克...
2026-05-03 21:54:40.826 | INFO     | Backtest   | [回测 4/5] 模拟第 2471/4905 笔交易: 玉禾田...
2026-05-03 21:54:41.070 | INFO     | Backtest   | [回测 4/5] 模拟第 2481/4905 笔交易: 测绘股份...
2026-05-03 21:54:41.327 | INFO     | Backtest   | [回测 4/5] 模拟第 2491/4905 笔交易: 博汇股份...
2026-05-03 21:54:41.587 | INFO     | Backtest   | [回测 4/5] 模拟第 2501/4905 笔交易: 锦盛新材...
2026-05-03 21:54:41.859 | INFO     | Backtest   | [回测 4/5] 模拟第 2511/4905 笔交易: 南大环境...
2026-05-03 21:54:42.134 | INFO     | Backtest   | [回测 4/5] 模拟第 2521/4905 笔交易: 天阳科技...
2026-05-03 21:54:42.350 | INFO     | Backtest   | [回测 4/5] 模拟第 2531/4905 笔交易: 狄耐克...
2026-05-03 21:54:42.600 | INFO     | Backtest   | [回测 4/5] 模拟第 2541/4905 笔交易: 中胤时尚...
2026-05-03 21:54:42.853 | INFO     | Backtest   | [回测 4/5] 模拟第 2551/4905 笔交易: 凯龙高科...
2026-05-03 21:54:43.095 | INFO     | Backtest   | [回测 4/5] 模拟第 2561/4905 笔交易: 通用电梯...
2026-05-03 21:54:43.353 | INFO     | Backtest   | [回测 4/5] 模拟第 2571/4905 笔交易: 易瑞生物...
2026-05-03 21:54:43.551 | INFO     | Backtest   | [回测 4/5] 模拟第 2581/4905 笔交易: 英力股份...
2026-05-03 21:54:43.796 | INFO     | Backtest   | [回测 4/5] 模拟第 2591/4905 笔交易: 中洲特材...
2026-05-03 21:54:44.000 | INFO     | Backtest   | [回测 4/5] 模拟第 2601/4905 笔交易: 中红医疗...
2026-05-03 21:54:44.277 | INFO     | Backtest   | [回测 4/5] 模拟第 2611/4905 笔交易: 崧盛股份...
2026-05-03 21:54:44.549 | INFO     | Backtest   | [回测 4/5] 模拟第 2621/4905 笔交易: 雷尔伟...
2026-05-03 21:54:44.795 | INFO     | Backtest   | [回测 4/5] 模拟第 2631/4905 笔交易: 浩通科技...
2026-05-03 21:54:44.996 | INFO     | Backtest   | [回测 4/5] 模拟第 2641/4905 笔交易: 保立佳...
2026-05-03 21:54:45.262 | INFO     | Backtest   | [回测 4/5] 模拟第 2651/4905 笔交易: 能辉科技...
2026-05-03 21:54:45.523 | INFO     | Backtest   | [回测 4/5] 模拟第 2661/4905 笔交易: 森赫股份...
2026-05-03 21:54:45.767 | INFO     | Backtest   | [回测 4/5] 模拟第 2671/4905 笔交易: 万事利...
2026-05-03 21:54:46.028 | INFO     | Backtest   | [回测 4/5] 模拟第 2681/4905 笔交易: 金埔园林...
2026-05-03 21:54:46.260 | INFO     | Backtest   | [回测 4/5] 模拟第 2691/4905 笔交易: 联检科技...
2026-05-03 21:54:46.526 | INFO     | Backtest   | [回测 4/5] 模拟第 2701/4905 笔交易: 武汉天源...
2026-05-03 21:54:46.793 | INFO     | Backtest   | [回测 4/5] 模拟第 2711/4905 笔交易: 建研设计...
2026-05-03 21:54:47.099 | INFO     | Backtest   | [回测 4/5] 模拟第 2721/4905 笔交易: 泰祥股份...
2026-05-03 21:54:47.371 | INFO     | Backtest   | [回测 4/5] 模拟第 2731/4905 笔交易: 亨迪药业...
2026-05-03 21:54:47.632 | INFO     | Backtest   | [回测 4/5] 模拟第 2741/4905 笔交易: 森鹰窗业...
2026-05-03 21:54:47.856 | INFO     | Backtest   | [回测 4/5] 模拟第 2751/4905 笔交易: 杰创智能...
2026-05-03 21:54:48.090 | INFO     | Backtest   | [回测 4/5] 模拟第 2761/4905 笔交易: 华厦眼科...
2026-05-03 21:54:48.371 | INFO     | Backtest   | [回测 4/5] 模拟第 2771/4905 笔交易: 真兰仪表...
2026-05-03 21:54:48.623 | INFO     | Backtest   | [回测 4/5] 模拟第 2781/4905 笔交易: 信音电子...
2026-05-03 21:54:48.875 | INFO     | Backtest   | [回测 4/5] 模拟第 2791/4905 笔交易: 矩阵股份...
2026-05-03 21:54:49.168 | INFO     | Backtest   | [回测 4/5] 模拟第 2801/4905 笔交易: 英特科技...
2026-05-03 21:54:49.441 | INFO     | Backtest   | [回测 4/5] 模拟第 2811/4905 笔交易: 恒达新材...
2026-05-03 21:54:49.715 | INFO     | Backtest   | [回测 4/5] 模拟第 2821/4905 笔交易: 德福科技...
2026-05-03 21:54:49.923 | INFO     | Backtest   | [回测 4/5] 模拟第 2831/4905 笔交易: 浙江华远...
2026-05-03 21:54:50.191 | INFO     | Backtest   | [回测 4/5] 模拟第 2841/4905 笔交易: 达利凯普...
2026-05-03 21:54:50.451 | INFO     | Backtest   | [回测 4/5] 模拟第 2851/4905 笔交易: 包钢股份...
2026-05-03 21:54:50.662 | INFO     | Backtest   | [回测 4/5] 模拟第 2861/4905 笔交易: 中国石化...
2026-05-03 21:54:50.911 | INFO     | Backtest   | [回测 4/5] 模拟第 2871/4905 笔交易: 保利发展...
2026-05-03 21:54:51.159 | INFO     | Backtest   | [回测 4/5] 模拟第 2881/4905 笔交易: 五矿发展...
2026-05-03 21:54:51.402 | INFO     | Backtest   | [回测 4/5] 模拟第 2891/4905 笔交易: 冠城新材...
2026-05-03 21:54:51.668 | INFO     | Backtest   | [回测 4/5] 模拟第 2901/4905 笔交易: 澄星股份...
2026-05-03 21:54:51.896 | INFO     | Backtest   | [回测 4/5] 模拟第 2911/4905 笔交易: 大名城...
2026-05-03 21:54:52.156 | INFO     | Backtest   | [回测 4/5] 模拟第 2921/4905 笔交易: 上汽集团...
2026-05-03 21:54:52.412 | INFO     | Backtest   | [回测 4/5] 模拟第 2931/4905 笔交易: 中国东航...
2026-05-03 21:54:52.640 | INFO     | Backtest   | [回测 4/5] 模拟第 2941/4905 笔交易: 杭钢股份...
2026-05-03 21:54:52.924 | INFO     | Backtest   | [回测 4/5] 模拟第 2951/4905 笔交易: 浪莎股份...
2026-05-03 21:54:53.154 | INFO     | Backtest   | [回测 4/5] 模拟第 2961/4905 笔交易: 维科技术...
2026-05-03 21:54:53.369 | INFO     | Backtest   | [回测 4/5] 模拟第 2971/4905 笔交易: 永泰能源...
2026-05-03 21:54:53.615 | INFO     | Backtest   | [回测 4/5] 模拟第 2981/4905 笔交易: 武汉控股...
2026-05-03 21:54:53.829 | INFO     | Backtest   | [回测 4/5] 模拟第 2991/4905 笔交易: 安通控股...
2026-05-03 21:54:54.078 | INFO     | Backtest   | [回测 4/5] 模拟第 3001/4905 笔交易: 国中水务...
2026-05-03 21:54:54.336 | INFO     | Backtest   | [回测 4/5] 模拟第 3011/4905 笔交易: 哈空调...
2026-05-03 21:54:54.579 | INFO     | Backtest   | [回测 4/5] 模拟第 3021/4905 笔交易: 紫江企业...
2026-05-03 21:54:54.781 | INFO     | Backtest   | [回测 4/5] 模拟第 3031/4905 笔交易: 南山铝业...
2026-05-03 21:54:55.022 | INFO     | Backtest   | [回测 4/5] 模拟第 3041/4905 笔交易: 赤天化...
2026-05-03 21:54:55.266 | INFO     | Backtest   | [回测 4/5] 模拟第 3051/4905 笔交易: 民丰特纸...
2026-05-03 21:54:55.475 | INFO     | Backtest   | [回测 4/5] 模拟第 3061/4905 笔交易: 时代万恒...
2026-05-03 21:54:55.701 | INFO     | Backtest   | [回测 4/5] 模拟第 3071/4905 笔交易: 鑫科材料...
2026-05-03 21:54:55.940 | INFO     | Backtest   | [回测 4/5] 模拟第 3081/4905 笔交易: 海正药业...
2026-05-03 21:54:56.187 | INFO     | Backtest   | [回测 4/5] 模拟第 3091/4905 笔交易: 东方创业...
2026-05-03 21:54:56.427 | INFO     | Backtest   | [回测 4/5] 模拟第 3101/4905 笔交易: 鄂尔多斯...
2026-05-03 21:54:56.650 | INFO     | Backtest   | [回测 4/5] 模拟第 3111/4905 笔交易: 标准股份...
2026-05-03 21:54:56.834 | INFO     | Backtest   | [回测 4/5] 模拟第 3121/4905 笔交易: 上海家化...
2026-05-03 21:54:57.073 | INFO     | Backtest   | [回测 4/5] 模拟第 3131/4905 笔交易: 大东方...
2026-05-03 21:54:57.305 | INFO     | Backtest   | [回测 4/5] 模拟第 3141/4905 笔交易: 中油工程...
2026-05-03 21:54:57.518 | INFO     | Backtest   | [回测 4/5] 模拟第 3151/4905 笔交易: 浙江龙盛...
2026-05-03 21:54:57.818 | INFO     | Backtest   | [回测 4/5] 模拟第 3161/4905 笔交易: 红星发展...
2026-05-03 21:54:58.056 | INFO     | Backtest   | [回测 4/5] 模拟第 3171/4905 笔交易: 龙净环保...
2026-05-03 21:54:58.269 | INFO     | Backtest   | [回测 4/5] 模拟第 3181/4905 笔交易: 海澜之家...
2026-05-03 21:54:58.498 | INFO     | Backtest   | [回测 4/5] 模拟第 3191/4905 笔交易: 三友化工...
2026-05-03 21:54:58.738 | INFO     | Backtest   | [回测 4/5] 模拟第 3201/4905 笔交易: 通威股份...
2026-05-03 21:54:58.978 | INFO     | Backtest   | [回测 4/5] 模拟第 3211/4905 笔交易: 时代新材...
2026-05-03 21:54:59.226 | INFO     | Backtest   | [回测 4/5] 模拟第 3221/4905 笔交易: 科力远...
2026-05-03 21:54:59.470 | INFO     | Backtest   | [回测 4/5] 模拟第 3231/4905 笔交易: 鹏欣资源...
2026-05-03 21:54:59.715 | INFO     | Backtest   | [回测 4/5] 模拟第 3241/4905 笔交易: 科达制造...
2026-05-03 21:54:59.928 | INFO     | Backtest   | [回测 4/5] 模拟第 3251/4905 笔交易: 黑牡丹...
2026-05-03 21:55:00.142 | INFO     | Backtest   | [回测 4/5] 模拟第 3261/4905 笔交易: 华海药业...
2026-05-03 21:55:00.380 | INFO     | Backtest   | [回测 4/5] 模拟第 3271/4905 笔交易: 山东药玻...
2026-05-03 21:55:00.591 | INFO     | Backtest   | [回测 4/5] 模拟第 3281/4905 笔交易: 狮头股份...
2026-05-03 21:55:00.846 | INFO     | Backtest   | [回测 4/5] 模拟第 3291/4905 笔交易: 天下秀...
2026-05-03 21:55:01.047 | INFO     | Backtest   | [回测 4/5] 模拟第 3301/4905 笔交易: 山鹰国际...
2026-05-03 21:55:01.307 | INFO     | Backtest   | [回测 4/5] 模拟第 3311/4905 笔交易: 京能电力...
2026-05-03 21:55:01.545 | INFO     | Backtest   | [回测 4/5] 模拟第 3321/4905 笔交易: 大位科技...
2026-05-03 21:55:01.757 | INFO     | Backtest   | [回测 4/5] 模拟第 3331/4905 笔交易: 方正科技...
2026-05-03 21:55:01.984 | INFO     | Backtest   | [回测 4/5] 模拟第 3341/4905 笔交易: 鑫源智造...
2026-05-03 21:55:02.218 | INFO     | Backtest   | [回测 4/5] 模拟第 3351/4905 笔交易: 华谊集团...
2026-05-03 21:55:02.450 | INFO     | Backtest   | [回测 4/5] 模拟第 3361/4905 笔交易: 浙数文化...
2026-05-03 21:55:02.692 | INFO     | Backtest   | [回测 4/5] 模拟第 3371/4905 笔交易: 乐山电力...
2026-05-03 21:55:02.895 | INFO     | Backtest   | [回测 4/5] 模拟第 3381/4905 笔交易: 飞乐音响...
2026-05-03 21:55:03.166 | INFO     | Backtest   | [回测 4/5] 模拟第 3391/4905 笔交易: 太极实业...
2026-05-03 21:55:03.412 | INFO     | Backtest   | [回测 4/5] 模拟第 3401/4905 笔交易: 上海凤凰...
2026-05-03 21:55:03.636 | INFO     | Backtest   | [回测 4/5] 模拟第 3411/4905 笔交易: 上海三毛...
2026-05-03 21:55:03.872 | INFO     | Backtest   | [回测 4/5] 模拟第 3421/4905 笔交易: 均胜电子...
2026-05-03 21:55:04.083 | INFO     | Backtest   | [回测 4/5] 模拟第 3431/4905 笔交易: 南宁百货...
2026-05-03 21:55:04.332 | INFO     | Backtest   | [回测 4/5] 模拟第 3441/4905 笔交易: 天津港...
2026-05-03 21:55:04.571 | INFO     | Backtest   | [回测 4/5] 模拟第 3451/4905 笔交易: 宁波富达...
2026-05-03 21:55:04.783 | INFO     | Backtest   | [回测 4/5] 模拟第 3461/4905 笔交易: 湖南海利...
2026-05-03 21:55:05.004 | INFO     | Backtest   | [回测 4/5] 模拟第 3471/4905 笔交易: 中粮糖业...
2026-05-03 21:55:05.267 | INFO     | Backtest   | [回测 4/5] 模拟第 3481/4905 笔交易: 上实发展...
2026-05-03 21:55:05.457 | INFO     | Backtest   | [回测 4/5] 模拟第 3491/4905 笔交易: 安徽合力...
2026-05-03 21:55:05.658 | INFO     | Backtest   | [回测 4/5] 模拟第 3501/4905 笔交易: 汉商集团...
2026-05-03 21:55:05.898 | INFO     | Backtest   | [回测 4/5] 模拟第 3511/4905 笔交易: 鲁信创投...
2026-05-03 21:55:06.131 | INFO     | Backtest   | [回测 4/5] 模拟第 3521/4905 笔交易: 国电电力...
2026-05-03 21:55:06.388 | INFO     | Backtest   | [回测 4/5] 模拟第 3531/4905 笔交易: 福建水泥...
2026-05-03 21:55:06.603 | INFO     | Backtest   | [回测 4/5] 模拟第 3541/4905 笔交易: 厦工股份...
2026-05-03 21:55:06.786 | INFO     | Backtest   | [回测 4/5] 模拟第 3551/4905 笔交易: 隧道股份...
2026-05-03 21:55:07.037 | INFO     | Backtest   | [回测 4/5] 模拟第 3561/4905 笔交易: 香溢融通...
2026-05-03 21:55:07.266 | INFO     | Backtest   | [回测 4/5] 模拟第 3571/4905 笔交易: 动力新科...
2026-05-03 21:55:07.495 | INFO     | Backtest   | [回测 4/5] 模拟第 3581/4905 笔交易: 春兰股份...
2026-05-03 21:55:07.754 | INFO     | Backtest   | [回测 4/5] 模拟第 3591/4905 笔交易: 哈投股份...
2026-05-03 21:55:07.973 | INFO     | Backtest   | [回测 4/5] 模拟第 3601/4905 笔交易: 石化油服...
2026-05-03 21:55:08.157 | INFO     | Backtest   | [回测 4/5] 模拟第 3611/4905 笔交易: 航天电子...
2026-05-03 21:55:08.428 | INFO     | Backtest   | [回测 4/5] 模拟第 3621/4905 笔交易: 新疆众和...
2026-05-03 21:55:08.671 | INFO     | Backtest   | [回测 4/5] 模拟第 3631/4905 笔交易: 永安期货...
2026-05-03 21:55:08.926 | INFO     | Backtest   | [回测 4/5] 模拟第 3641/4905 笔交易: 华塑股份...
2026-05-03 21:55:09.194 | INFO     | Backtest   | [回测 4/5] 模拟第 3651/4905 笔交易: 国投中鲁...
2026-05-03 21:55:09.415 | INFO     | Backtest   | [回测 4/5] 模拟第 3661/4905 笔交易: 博汇纸业...
2026-05-03 21:55:09.620 | INFO     | Backtest   | [回测 4/5] 模拟第 3671/4905 笔交易: 北矿科技...
2026-05-03 21:55:09.850 | INFO     | Backtest   | [回测 4/5] 模拟第 3681/4905 笔交易: 淮北矿业...
2026-05-03 21:55:10.092 | INFO     | Backtest   | [回测 4/5] 模拟第 3691/4905 笔交易: 贵广网络...
2026-05-03 21:55:10.333 | INFO     | Backtest   | [回测 4/5] 模拟第 3701/4905 笔交易: 柳钢股份...
2026-05-03 21:55:10.558 | INFO     | Backtest   | [回测 4/5] 模拟第 3711/4905 笔交易: 宝泰隆...
2026-05-03 21:55:10.752 | INFO     | Backtest   | [回测 4/5] 模拟第 3721/4905 笔交易: 永兴股份...
2026-05-03 21:55:11.003 | INFO     | Backtest   | [回测 4/5] 模拟第 3731/4905 笔交易: 锦江航运...
2026-05-03 21:55:11.286 | INFO     | Backtest   | [回测 4/5] 模拟第 3741/4905 笔交易: 中国一重...
2026-05-03 21:55:11.530 | INFO     | Backtest   | [回测 4/5] 模拟第 3751/4905 笔交易: 华鼎股份...
2026-05-03 21:55:11.739 | INFO     | Backtest   | [回测 4/5] 模拟第 3761/4905 笔交易: 宝地矿业...
2026-05-03 21:55:11.991 | INFO     | Backtest   | [回测 4/5] 模拟第 3771/4905 笔交易: 新城控股...
2026-05-03 21:55:12.265 | INFO     | Backtest   | [回测 4/5] 模拟第 3781/4905 笔交易: 厦门银行...
2026-05-03 21:55:12.510 | INFO     | Backtest   | [回测 4/5] 模拟第 3791/4905 笔交易: 吉鑫科技...
2026-05-03 21:55:12.732 | INFO     | Backtest   | [回测 4/5] 模拟第 3801/4905 笔交易: 上海银行...
2026-05-03 21:55:12.955 | INFO     | Backtest   | [回测 4/5] 模拟第 3811/4905 笔交易: 中国人保...
2026-05-03 21:55:13.211 | INFO     | Backtest   | [回测 4/5] 模拟第 3821/4905 笔交易: 三六零...
2026-05-03 21:55:13.437 | INFO     | Backtest   | [回测 4/5] 模拟第 3831/4905 笔交易: 衢州东峰...
2026-05-03 21:55:13.706 | INFO     | Backtest   | [回测 4/5] 模拟第 3841/4905 笔交易: 长沙银行...
2026-05-03 21:55:13.950 | INFO     | Backtest   | [回测 4/5] 模拟第 3851/4905 笔交易: 明阳智能...
2026-05-03 21:55:14.197 | INFO     | Backtest   | [回测 4/5] 模拟第 3861/4905 笔交易: 中国电建...
2026-05-03 21:55:14.456 | INFO     | Backtest   | [回测 4/5] 模拟第 3871/4905 笔交易: 中国卫通...
2026-05-03 21:55:14.667 | INFO     | Backtest   | [回测 4/5] 模拟第 3881/4905 笔交易: 晶科科技...
2026-05-03 21:55:14.902 | INFO     | Backtest   | [回测 4/5] 模拟第 3891/4905 笔交易: 福莱特...
2026-05-03 21:55:15.158 | INFO     | Backtest   | [回测 4/5] 模拟第 3901/4905 笔交易: 江河集团...
2026-05-03 21:55:15.371 | INFO     | Backtest   | [回测 4/5] 模拟第 3911/4905 笔交易: 新集能源...
2026-05-03 21:55:15.581 | INFO     | Backtest   | [回测 4/5] 模拟第 3921/4905 笔交易: 中国汽研...
2026-05-03 21:55:15.850 | INFO     | Backtest   | [回测 4/5] 模拟第 3931/4905 笔交易: 中信银行...
2026-05-03 21:55:16.090 | INFO     | Backtest   | [回测 4/5] 模拟第 3941/4905 笔交易: 宏昌电子...
2026-05-03 21:55:16.340 | INFO     | Backtest   | [回测 4/5] 模拟第 3951/4905 笔交易: 中衡设计...
2026-05-03 21:55:16.584 | INFO     | Backtest   | [回测 4/5] 模拟第 3961/4905 笔交易: 全筑股份...
2026-05-03 21:55:16.815 | INFO     | Backtest   | [回测 4/5] 模拟第 3971/4905 笔交易: 华脉科技...
2026-05-03 21:55:17.034 | INFO     | Backtest   | [回测 4/5] 模拟第 3981/4905 笔交易: 鹿山新材...
2026-05-03 21:55:17.240 | INFO     | Backtest   | [回测 4/5] 模拟第 3991/4905 笔交易: 宿迁联盛...
2026-05-03 21:55:17.500 | INFO     | Backtest   | [回测 4/5] 模拟第 4001/4905 笔交易: 热威股份...
2026-05-03 21:55:17.763 | INFO     | Backtest   | [回测 4/5] 模拟第 4011/4905 笔交易: 宁波精达...
2026-05-03 21:55:17.990 | INFO     | Backtest   | [回测 4/5] 模拟第 4021/4905 笔交易: 森特股份...
2026-05-03 21:55:18.224 | INFO     | Backtest   | [回测 4/5] 模拟第 4031/4905 笔交易: 东方材料...
2026-05-03 21:55:18.447 | INFO     | Backtest   | [回测 4/5] 模拟第 4041/4905 笔交易: 华培动力...
2026-05-03 21:55:18.660 | INFO     | Backtest   | [回测 4/5] 模拟第 4051/4905 笔交易: 上海沪工...
2026-05-03 21:55:18.887 | INFO     | Backtest   | [回测 4/5] 模拟第 4061/4905 笔交易: 邦基科技...
2026-05-03 21:55:19.123 | INFO     | Backtest   | [回测 4/5] 模拟第 4071/4905 笔交易: 科华控股...
2026-05-03 21:55:19.358 | INFO     | Backtest   | [回测 4/5] 模拟第 4081/4905 笔交易: 万丰股份...
2026-05-03 21:55:19.579 | INFO     | Backtest   | [回测 4/5] 模拟第 4091/4905 笔交易: 海容冷链...
2026-05-03 21:55:19.789 | INFO     | Backtest   | [回测 4/5] 模拟第 4101/4905 笔交易: 璞源材料...
2026-05-03 21:55:20.040 | INFO     | Backtest   | [回测 4/5] 模拟第 4111/4905 笔交易: 赛伍技术...
2026-05-03 21:55:20.271 | INFO     | Backtest   | [回测 4/5] 模拟第 4121/4905 笔交易: 中贝通信...
2026-05-03 21:55:20.468 | INFO     | Backtest   | [回测 4/5] 模拟第 4131/4905 笔交易: 菲林格尔...
2026-05-03 21:55:20.682 | INFO     | Backtest   | [回测 4/5] 模拟第 4141/4905 笔交易: 宏和科技...
2026-05-03 21:55:20.917 | INFO     | Backtest   | [回测 4/5] 模拟第 4151/4905 笔交易: 天元智能...
2026-05-03 21:55:21.190 | INFO     | Backtest   | [回测 4/5] 模拟第 4161/4905 笔交易: 泰瑞机器...
2026-05-03 21:55:21.422 | INFO     | Backtest   | [回测 4/5] 模拟第 4171/4905 笔交易: 维力医疗...
2026-05-03 21:55:21.644 | INFO     | Backtest   | [回测 4/5] 模拟第 4181/4905 笔交易: 苏农银行...
2026-05-03 21:55:21.877 | INFO     | Backtest   | [回测 4/5] 模拟第 4191/4905 笔交易: 四方科技...
2026-05-03 21:55:22.114 | INFO     | Backtest   | [回测 4/5] 模拟第 4201/4905 笔交易: 柳药集团...
2026-05-03 21:55:22.379 | INFO     | Backtest   | [回测 4/5] 模拟第 4211/4905 笔交易: 鼎信通讯...
2026-05-03 21:55:22.596 | INFO     | Backtest   | [回测 4/5] 模拟第 4221/4905 笔交易: 展鹏科技...
2026-05-03 21:55:22.818 | INFO     | Backtest   | [回测 4/5] 模拟第 4231/4905 笔交易: 金石资源...
2026-05-03 21:55:23.065 | INFO     | Backtest   | [回测 4/5] 模拟第 4241/4905 笔交易: 多伦科技...
2026-05-03 21:55:23.290 | INFO     | Backtest   | [回测 4/5] 模拟第 4251/4905 笔交易: 伟明环保...
2026-05-03 21:55:23.540 | INFO     | Backtest   | [回测 4/5] 模拟第 4261/4905 笔交易: XD高能环...
2026-05-03 21:55:23.774 | INFO     | Backtest   | [回测 4/5] 模拟第 4271/4905 笔交易: 京华激光...
2026-05-03 21:55:24.021 | INFO     | Backtest   | [回测 4/5] 模拟第 4281/4905 笔交易: 韩建河山...
2026-05-03 21:55:24.273 | INFO     | Backtest   | [回测 4/5] 模拟第 4291/4905 笔交易: 拉芳家化...
2026-05-03 21:55:24.522 | INFO     | Backtest   | [回测 4/5] 模拟第 4301/4905 笔交易: 苏州科达...
2026-05-03 21:55:24.760 | INFO     | Backtest   | [回测 4/5] 模拟第 4311/4905 笔交易: 锦和商管...
2026-05-03 21:55:24.995 | INFO     | Backtest   | [回测 4/5] 模拟第 4321/4905 笔交易: 宁水集团...
2026-05-03 21:55:25.256 | INFO     | Backtest   | [回测 4/5] 模拟第 4331/4905 笔交易: 塞力医疗...
2026-05-03 21:55:25.482 | INFO     | Backtest   | [回测 4/5] 模拟第 4341/4905 笔交易: 岱美股份...
2026-05-03 21:55:25.734 | INFO     | Backtest   | [回测 4/5] 模拟第 4351/4905 笔交易: 海天股份...
2026-05-03 21:55:25.929 | INFO     | Backtest   | [回测 4/5] 模拟第 4361/4905 笔交易: 威龙股份...
2026-05-03 21:55:26.172 | INFO     | Backtest   | [回测 4/5] 模拟第 4371/4905 笔交易: 歌力思...
2026-05-03 21:55:26.433 | INFO     | Backtest   | [回测 4/5] 模拟第 4381/4905 笔交易: 海峡环保...
2026-05-03 21:55:26.642 | INFO     | Backtest   | [回测 4/5] 模拟第 4391/4905 笔交易: 华荣股份...
2026-05-03 21:55:26.910 | INFO     | Backtest   | [回测 4/5] 模拟第 4401/4905 笔交易: 新化股份...
2026-05-03 21:55:27.115 | INFO     | Backtest   | [回测 4/5] 模拟第 4411/4905 笔交易: 吉祥航空...
2026-05-03 21:55:27.339 | INFO     | Backtest   | [回测 4/5] 模拟第 4421/4905 笔交易: 好莱客...
2026-05-03 21:55:27.568 | INFO     | Backtest   | [回测 4/5] 模拟第 4431/4905 笔交易: 中持股份...
2026-05-03 21:55:27.773 | INFO     | Backtest   | [回测 4/5] 模拟第 4441/4905 笔交易: 合力科技...
2026-05-03 21:55:28.012 | INFO     | Backtest   | [回测 4/5] 模拟第 4451/4905 笔交易: 兴业股份...
2026-05-03 21:55:28.197 | INFO     | Backtest   | [回测 4/5] 模拟第 4461/4905 笔交易: 雪龙集团...
2026-05-03 21:55:28.423 | INFO     | Backtest   | [回测 4/5] 模拟第 4471/4905 笔交易: 银龙股份...
2026-05-03 21:55:28.656 | INFO     | Backtest   | [回测 4/5] 模拟第 4481/4905 笔交易: 泉峰汽车...
2026-05-03 21:55:28.931 | INFO     | Backtest   | [回测 4/5] 模拟第 4491/4905 笔交易: 洛阳钼业...
2026-05-03 21:55:29.169 | INFO     | Backtest   | [回测 4/5] 模拟第 4501/4905 笔交易: 众望布艺...
2026-05-03 21:55:29.385 | INFO     | Backtest   | [回测 4/5] 模拟第 4511/4905 笔交易: 世茂能源...
2026-05-03 21:55:29.614 | INFO     | Backtest   | [回测 4/5] 模拟第 4521/4905 笔交易: 咸亨国际...
2026-05-03 21:55:29.854 | INFO     | Backtest   | [回测 4/5] 模拟第 4531/4905 笔交易: 华丰股份...
2026-05-03 21:55:30.080 | INFO     | Backtest   | [回测 4/5] 模拟第 4541/4905 笔交易: 聚合顺...
2026-05-03 21:55:30.340 | INFO     | Backtest   | [回测 4/5] 模拟第 4551/4905 笔交易: 华生科技...
2026-05-03 21:55:30.559 | INFO     | Backtest   | [回测 4/5] 模拟第 4561/4905 笔交易: 起帆电缆...
2026-05-03 21:55:30.801 | INFO     | Backtest   | [回测 4/5] 模拟第 4571/4905 笔交易: 必得科技...
2026-05-03 21:55:31.043 | INFO     | Backtest   | [回测 4/5] 模拟第 4581/4905 笔交易: 李子园...
2026-05-03 21:55:31.296 | INFO     | Backtest   | [回测 4/5] 模拟第 4591/4905 笔交易: 晨光新材...
2026-05-03 21:55:31.564 | INFO     | Backtest   | [回测 4/5] 模拟第 4601/4905 笔交易: 菜百股份...
2026-05-03 21:55:31.788 | INFO     | Backtest   | [回测 4/5] 模拟第 4611/4905 笔交易: 洁特生物...
2026-05-03 21:55:31.994 | INFO     | Backtest   | [回测 4/5] 模拟第 4621/4905 笔交易: 龙腾光电...
2026-05-03 21:55:32.237 | INFO     | Backtest   | [回测 4/5] 模拟第 4631/4905 笔交易: 美迪凯...
2026-05-03 21:55:32.506 | INFO     | Backtest   | [回测 4/5] 模拟第 4641/4905 笔交易: 赛诺医疗...
2026-05-03 21:55:32.756 | INFO     | Backtest   | [回测 4/5] 模拟第 4651/4905 笔交易: 东来技术...
2026-05-03 21:55:33.008 | INFO     | Backtest   | [回测 4/5] 模拟第 4661/4905 笔交易: 路德科技...
2026-05-03 21:55:33.266 | INFO     | Backtest   | [回测 4/5] 模拟第 4671/4905 笔交易: 高凌信息...
2026-05-03 21:55:33.465 | INFO     | Backtest   | [回测 4/5] 模拟第 4681/4905 笔交易: 信安世纪...
2026-05-03 21:55:33.697 | INFO     | Backtest   | [回测 4/5] 模拟第 4691/4905 笔交易: 江苏北人...
2026-05-03 21:55:33.903 | INFO     | Backtest   | [回测 4/5] 模拟第 4701/4905 笔交易: 和元生物...
2026-05-03 21:55:34.133 | INFO     | Backtest   | [回测 4/5] 模拟第 4711/4905 笔交易: 富吉瑞...
2026-05-03 21:55:34.404 | INFO     | Backtest   | [回测 4/5] 模拟第 4721/4905 笔交易: 东方生物...
2026-05-03 21:55:34.651 | INFO     | Backtest   | [回测 4/5] 模拟第 4731/4905 笔交易: 恒誉环保...
2026-05-03 21:55:34.869 | INFO     | Backtest   | [回测 4/5] 模拟第 4741/4905 笔交易: 西高院...
2026-05-03 21:55:35.151 | INFO     | Backtest   | [回测 4/5] 模拟第 4751/4905 笔交易: 光云科技...
2026-05-03 21:55:35.385 | INFO     | Backtest   | [回测 4/5] 模拟第 4761/4905 笔交易: 盟科药业-U...
2026-05-03 21:55:35.578 | INFO     | Backtest   | [回测 4/5] 模拟第 4771/4905 笔交易: 汇成股份...
2026-05-03 21:55:35.832 | INFO     | Backtest   | [回测 4/5] 模拟第 4781/4905 笔交易: 有研硅...
2026-05-03 21:55:36.086 | INFO     | Backtest   | [回测 4/5] 模拟第 4791/4905 笔交易: 芯联集成-U...
2026-05-03 21:55:36.300 | INFO     | Backtest   | [回测 4/5] 模拟第 4801/4905 笔交易: 天微电子...
2026-05-03 21:55:36.595 | INFO     | Backtest   | [回测 4/5] 模拟第 4811/4905 笔交易: 广钢气体...
2026-05-03 21:55:36.818 | INFO     | Backtest   | [回测 4/5] 模拟第 4821/4905 笔交易: 航天软件...
2026-05-03 21:55:37.057 | INFO     | Backtest   | [回测 4/5] 模拟第 4831/4905 笔交易: 信宇人...
2026-05-03 21:55:37.302 | INFO     | Backtest   | [回测 4/5] 模拟第 4841/4905 笔交易: 新相微...
2026-05-03 21:55:37.520 | INFO     | Backtest   | [回测 4/5] 模拟第 4851/4905 笔交易: 康鹏科技...
2026-05-03 21:55:37.754 | INFO     | Backtest   | [回测 4/5] 模拟第 4861/4905 笔交易: 星球石墨...
2026-05-03 21:55:37.974 | INFO     | Backtest   | [回测 4/5] 模拟第 4871/4905 笔交易: 元琛科技...
2026-05-03 21:55:38.200 | INFO     | Backtest   | [回测 4/5] 模拟第 4881/4905 笔交易: 科汇股份...
2026-05-03 21:55:38.393 | INFO     | Backtest   | [回测 4/5] 模拟第 4891/4905 笔交易: 唯赛勃...
2026-05-03 21:55:38.681 | INFO     | Backtest   | [回测 4/5] 模拟第 4901/4905 笔交易: 珠海冠宇...
2026-05-03 21:55:38.796 | INFO     | Backtest   | [回测 5/5] 回测任务完成: 918笔(含0笔平手离场)
