2026-05-01 00:23:55.777 | INFO     | DuckDB     | DuckDB | 所有核心表结构初始化完成 (含热点板块)
2026-05-01 00:23:55.777 | INFO     | DuckDB     | DuckDB 核心就绪: E:\1target\p9_project\quant-platform\data\meta\meta.db
2026-05-01 00:23:55.782 | INFO     | Backtest   | [回测 1/5] 筛选回测目标股票...
2026-05-01 00:23:55.788 | INFO     | Backtest   | [回测 2/5] 加载 5202 只股票的历史数据进行快速扫描...
2026-05-01 00:24:10.021 | INFO     | Backtest   | [回测 3/5] 计算策略信号 (基于日线信号库)...
2026-05-01 00:24:10.038 | INFO     | Screener   | 🧬 [Loader] 识别到类继承策略: MA5AngleOriginalStrategy
2026-05-01 00:24:14.819 | INFO     | Backtest   | [回测 4/5] 处理 9008 条信号，执行精细分钟线仿真...
2026-05-01 00:24:14.827 | INFO     | Backtest   | [回测 4/5] 模拟第 1/9008 笔交易: 平安银行...
2026-05-01 00:24:15.384 | INFO     | Backtest   | [回测 4/5] 模拟第 11/9008 笔交易: 神州高铁...
2026-05-01 00:24:15.796 | INFO     | Backtest   | [回测 4/5] 模拟第 21/9008 笔交易: 沙河股份...
2026-05-01 00:24:16.187 | INFO     | Backtest   | [回测 4/5] 模拟第 31/9008 笔交易: 深粮控股...
2026-05-01 00:24:16.402 | INFO     | Backtest   | [回测 4/5] 模拟第 41/9008 笔交易: 国药一致...
2026-05-01 00:24:16.850 | INFO     | Backtest   | [回测 4/5] 模拟第 51/9008 笔交易: 中国天楹...
2026-05-01 00:24:17.237 | INFO     | Backtest   | [回测 4/5] 模拟第 61/9008 笔交易: 中洲控股...
2026-05-01 00:24:17.542 | INFO     | Backtest   | [回测 4/5] 模拟第 71/9008 笔交易: 深天马Ａ...
2026-05-01 00:24:18.065 | INFO     | Backtest   | [回测 4/5] 模拟第 81/9008 笔交易: 中金岭南...
2026-05-01 00:24:18.281 | INFO     | Backtest   | [回测 4/5] 模拟第 91/9008 笔交易: 华控赛格...
2026-05-01 00:24:18.574 | INFO     | Backtest   | [回测 4/5] 模拟第 101/9008 笔交易: 海王生物...
2026-05-01 00:24:19.051 | INFO     | Backtest   | [回测 4/5] 模拟第 111/9008 笔交易: 丰原药业...
2026-05-01 00:24:19.461 | INFO     | Backtest   | [回测 4/5] 模拟第 121/9008 笔交易: 东方盛虹...
2026-05-01 00:24:19.908 | INFO     | Backtest   | [回测 4/5] 模拟第 131/9008 笔交易: 胜利股份...
2026-05-01 00:24:20.309 | INFO     | Backtest   | [回测 4/5] 模拟第 141/9008 笔交易: 渤海租赁...
2026-05-01 00:24:20.790 | INFO     | Backtest   | [回测 4/5] 模拟第 151/9008 笔交易: 南京公用...
2026-05-01 00:24:21.253 | INFO     | Backtest   | [回测 4/5] 模拟第 161/9008 笔交易: 兴业银锡...
2026-05-01 00:24:21.714 | INFO     | Backtest   | [回测 4/5] 模拟第 171/9008 笔交易: 国新健康...
2026-05-01 00:24:22.219 | INFO     | Backtest   | [回测 4/5] 模拟第 181/9008 笔交易: 招金黄金...
2026-05-01 00:24:22.547 | INFO     | Backtest   | [回测 4/5] 模拟第 191/9008 笔交易: 国际医学...
2026-05-01 00:24:22.909 | INFO     | Backtest   | [回测 4/5] 模拟第 201/9008 笔交易: 凤凰航运...
2026-05-01 00:24:23.359 | INFO     | Backtest   | [回测 4/5] 模拟第 211/9008 笔交易: 柳工...
2026-05-01 00:24:23.695 | INFO     | Backtest   | [回测 4/5] 模拟第 221/9008 笔交易: 华映科技...
2026-05-01 00:24:24.037 | INFO     | Backtest   | [回测 4/5] 模拟第 231/9008 笔交易: 佛山照明...
2026-05-01 00:24:24.448 | INFO     | Backtest   | [回测 4/5] 模拟第 241/9008 笔交易: 湖南投资...
2026-05-01 00:24:24.829 | INFO     | Backtest   | [回测 4/5] 模拟第 251/9008 笔交易: 创元科技...
2026-05-01 00:24:25.248 | INFO     | Backtest   | [回测 4/5] 模拟第 261/9008 笔交易: 天府文旅...
2026-05-01 00:24:25.771 | INFO     | Backtest   | [回测 4/5] 模拟第 271/9008 笔交易: 烽火电子...
2026-05-01 00:24:26.081 | INFO     | Backtest   | [回测 4/5] 模拟第 281/9008 笔交易: 海德股份...
2026-05-01 00:24:26.438 | INFO     | Backtest   | [回测 4/5] 模拟第 291/9008 笔交易: 海马汽车...
2026-05-01 00:24:26.772 | INFO     | Backtest   | [回测 4/5] 模拟第 301/9008 笔交易: 汇源通信...
2026-05-01 00:24:27.178 | INFO     | Backtest   | [回测 4/5] 模拟第 311/9008 笔交易: 德龙汇能...
2026-05-01 00:24:27.579 | INFO     | Backtest   | [回测 4/5] 模拟第 321/9008 笔交易: 建投能源...
2026-05-01 00:24:28.004 | INFO     | Backtest   | [回测 4/5] 模拟第 331/9008 笔交易: 华媒控股...
2026-05-01 00:24:28.467 | INFO     | Backtest   | [回测 4/5] 模拟第 341/9008 笔交易: 焦作万方...
2026-05-01 00:24:28.738 | INFO     | Backtest   | [回测 4/5] 模拟第 351/9008 笔交易: 中油资本...
2026-05-01 00:24:29.130 | INFO     | Backtest   | [回测 4/5] 模拟第 361/9008 笔交易: 远大控股...
2026-05-01 00:24:29.487 | INFO     | Backtest   | [回测 4/5] 模拟第 371/9008 笔交易: 铜陵有色...
2026-05-01 00:24:29.974 | INFO     | Backtest   | [回测 4/5] 模拟第 381/9008 笔交易: 英力特...
2026-05-01 00:24:30.279 | INFO     | Backtest   | [回测 4/5] 模拟第 391/9008 笔交易: *ST万方...
2026-05-01 00:24:30.728 | INFO     | Backtest   | [回测 4/5] 模拟第 401/9008 笔交易: 珠海中富...
2026-05-01 00:24:31.057 | INFO     | Backtest   | [回测 4/5] 模拟第 411/9008 笔交易: ST金鸿...
2026-05-01 00:24:31.438 | INFO     | Backtest   | [回测 4/5] 模拟第 421/9008 笔交易: 恒天海龙...
2026-05-01 00:24:31.832 | INFO     | Backtest   | [回测 4/5] 模拟第 431/9008 笔交易: 山推股份...
2026-05-01 00:24:32.181 | INFO     | Backtest   | [回测 4/5] 模拟第 441/9008 笔交易: 中山公用...
2026-05-01 00:24:32.485 | INFO     | Backtest   | [回测 4/5] 模拟第 451/9008 笔交易: *ST亚太...
2026-05-01 00:24:32.782 | INFO     | Backtest   | [回测 4/5] 模拟第 461/9008 笔交易: ST沈化...
2026-05-01 00:24:33.296 | INFO     | Backtest   | [回测 4/5] 模拟第 471/9008 笔交易: 厦门信达...
2026-05-01 00:24:33.740 | INFO     | Backtest   | [回测 4/5] 模拟第 481/9008 笔交易: 双环科技...
2026-05-01 00:24:34.049 | INFO     | Backtest   | [回测 4/5] 模拟第 491/9008 笔交易: 锦龙股份...
2026-05-01 00:24:34.388 | INFO     | Backtest   | [回测 4/5] 模拟第 501/9008 笔交易: 湖南发展...
2026-05-01 00:24:34.802 | INFO     | Backtest   | [回测 4/5] 模拟第 511/9008 笔交易: 冠捷科技...
2026-05-01 00:24:35.211 | INFO     | Backtest   | [回测 4/5] 模拟第 521/9008 笔交易: 航发控制...
2026-05-01 00:24:35.617 | INFO     | Backtest   | [回测 4/5] 模拟第 531/9008 笔交易: *ST西发...
2026-05-01 00:24:36.038 | INFO     | Backtest   | [回测 4/5] 模拟第 541/9008 笔交易: 浩物股份...
2026-05-01 00:24:36.385 | INFO     | Backtest   | [回测 4/5] 模拟第 551/9008 笔交易: 广发证券...
2026-05-01 00:24:36.817 | INFO     | Backtest   | [回测 4/5] 模拟第 561/9008 笔交易: 恒申新材...
2026-05-01 00:24:37.145 | INFO     | Backtest   | [回测 4/5] 模拟第 571/9008 笔交易: 北大医药...
2026-05-01 00:24:37.520 | INFO     | Backtest   | [回测 4/5] 模拟第 581/9008 笔交易: *ST华闻...
2026-05-01 00:24:37.885 | INFO     | Backtest   | [回测 4/5] 模拟第 591/9008 笔交易: 中水渔业...
2026-05-01 00:24:38.216 | INFO     | Backtest   | [回测 4/5] 模拟第 601/9008 笔交易: 山高环能...
2026-05-01 00:24:38.624 | INFO     | Backtest   | [回测 4/5] 模拟第 611/9008 笔交易: 创维数字...
2026-05-01 00:24:38.912 | INFO     | Backtest   | [回测 4/5] 模拟第 621/9008 笔交易: 智慧农业...
2026-05-01 00:24:39.237 | INFO     | Backtest   | [回测 4/5] 模拟第 631/9008 笔交易: *ST节能...
2026-05-01 00:24:39.746 | INFO     | Backtest   | [回测 4/5] 模拟第 641/9008 笔交易: 超声电子...
2026-05-01 00:24:40.278 | INFO     | Backtest   | [回测 4/5] 模拟第 651/9008 笔交易: 粤桂股份...
2026-05-01 00:24:40.621 | INFO     | Backtest   | [回测 4/5] 模拟第 661/9008 笔交易: 承德露露...
2026-05-01 00:24:40.904 | INFO     | Backtest   | [回测 4/5] 模拟第 671/9008 笔交易: 顺鑫农业...
2026-05-01 00:24:41.314 | INFO     | Backtest   | [回测 4/5] 模拟第 681/9008 笔交易: 电投绿能...
2026-05-01 00:24:41.688 | INFO     | Backtest   | [回测 4/5] 模拟第 691/9008 笔交易: 中广核技...
2026-05-01 00:24:42.102 | INFO     | Backtest   | [回测 4/5] 模拟第 701/9008 笔交易: 中鼎股份...
2026-05-01 00:24:42.360 | INFO     | Backtest   | [回测 4/5] 模拟第 711/9008 笔交易: 法尔胜...
2026-05-01 00:24:42.841 | INFO     | Backtest   | [回测 4/5] 模拟第 721/9008 笔交易: 新洋丰...
2026-05-01 00:24:43.218 | INFO     | Backtest   | [回测 4/5] 模拟第 731/9008 笔交易: *ST数源...
2026-05-01 00:24:43.661 | INFO     | Backtest   | [回测 4/5] 模拟第 741/9008 笔交易: 电广传媒...
2026-05-01 00:24:44.033 | INFO     | Backtest   | [回测 4/5] 模拟第 751/9008 笔交易: 河钢资源...
2026-05-01 00:24:44.395 | INFO     | Backtest   | [回测 4/5] 模拟第 761/9008 笔交易: *ST兰黄...
2026-05-01 00:24:44.962 | INFO     | Backtest   | [回测 4/5] 模拟第 771/9008 笔交易: 华菱钢铁...
2026-05-01 00:24:45.176 | INFO     | Backtest   | [回测 4/5] 模拟第 781/9008 笔交易: 华西股份...
2026-05-01 00:24:45.621 | INFO     | Backtest   | [回测 4/5] 模拟第 791/9008 笔交易: 南天信息...
2026-05-01 00:24:45.854 | INFO     | Backtest   | [回测 4/5] 模拟第 801/9008 笔交易: 河化股份...
2026-05-01 00:24:46.302 | INFO     | Backtest   | [回测 4/5] 模拟第 811/9008 笔交易: 锡业股份...
2026-05-01 00:24:46.663 | INFO     | Backtest   | [回测 4/5] 模拟第 821/9008 笔交易: 安泰科技...
2026-05-01 00:24:47.093 | INFO     | Backtest   | [回测 4/5] 模拟第 831/9008 笔交易: 山西焦煤...
2026-05-01 00:24:47.476 | INFO     | Backtest   | [回测 4/5] 模拟第 841/9008 笔交易: 诚志股份...
2026-05-01 00:24:47.893 | INFO     | Backtest   | [回测 4/5] 模拟第 851/9008 笔交易: 炬申股份...
2026-05-01 00:24:48.339 | INFO     | Backtest   | [回测 4/5] 模拟第 861/9008 笔交易: 洪兴股份...
2026-05-01 00:24:48.752 | INFO     | Backtest   | [回测 4/5] 模拟第 871/9008 笔交易: 源飞宠物...
2026-05-01 00:24:49.152 | INFO     | Backtest   | [回测 4/5] 模拟第 881/9008 笔交易: 弘业期货...
2026-05-01 00:24:49.585 | INFO     | Backtest   | [回测 4/5] 模拟第 891/9008 笔交易: 利仁科技...
2026-05-01 00:24:50.122 | INFO     | Backtest   | [回测 4/5] 模拟第 901/9008 笔交易: 一彬科技...
2026-05-01 00:24:50.493 | INFO     | Backtest   | [回测 4/5] 模拟第 911/9008 笔交易: 运机集团...
2026-05-01 00:24:50.968 | INFO     | Backtest   | [回测 4/5] 模拟第 921/9008 笔交易: 阳光乳业...
2026-05-01 00:24:51.339 | INFO     | Backtest   | [回测 4/5] 模拟第 931/9008 笔交易: 博纳影业...
2026-05-01 00:24:51.767 | INFO     | Backtest   | [回测 4/5] 模拟第 941/9008 笔交易: 南矿集团...
2026-05-01 00:24:52.039 | INFO     | Backtest   | [回测 4/5] 模拟第 951/9008 笔交易: 双欣材料...
2026-05-01 00:24:52.254 | INFO     | Backtest   | [回测 4/5] 模拟第 961/9008 笔交易: 新亚电缆...
2026-05-01 00:24:52.583 | INFO     | Backtest   | [回测 4/5] 模拟第 971/9008 笔交易: 宗申动力...
2026-05-01 00:24:52.975 | INFO     | Backtest   | [回测 4/5] 模拟第 981/9008 笔交易: 华邦健康...
2026-05-01 00:24:53.562 | INFO     | Backtest   | [回测 4/5] 模拟第 991/9008 笔交易: 传化智联...
2026-05-01 00:24:53.942 | INFO     | Backtest   | [回测 4/5] 模拟第 1001/9008 笔交易: 亿帆医药...
2026-05-01 00:24:54.237 | INFO     | Backtest   | [回测 4/5] 模拟第 1011/9008 笔交易: 海特高新...
2026-05-01 00:24:54.780 | INFO     | Backtest   | [回测 4/5] 模拟第 1021/9008 笔交易: 分众传媒...
2026-05-01 00:24:55.079 | INFO     | Backtest   | [回测 4/5] 模拟第 1031/9008 笔交易: 保利联合...
2026-05-01 00:24:55.509 | INFO     | Backtest   | [回测 4/5] 模拟第 1041/9008 笔交易: 登海种业...
2026-05-01 00:24:55.940 | INFO     | Backtest   | [回测 4/5] 模拟第 1051/9008 笔交易: 国光电器...
2026-05-01 00:24:56.475 | INFO     | Backtest   | [回测 4/5] 模拟第 1061/9008 笔交易: 同洲电子...
2026-05-01 00:24:56.843 | INFO     | Backtest   | [回测 4/5] 模拟第 1071/9008 笔交易: ST得润...
2026-05-01 00:24:57.166 | INFO     | Backtest   | [回测 4/5] 模拟第 1081/9008 笔交易: 浙江交科...
2026-05-01 00:24:57.561 | INFO     | Backtest   | [回测 4/5] 模拟第 1091/9008 笔交易: 东华软件...
2026-05-01 00:24:57.773 | INFO     | Backtest   | [回测 4/5] 模拟第 1101/9008 笔交易: 黑猫股份...
2026-05-01 00:24:58.295 | INFO     | Backtest   | [回测 4/5] 模拟第 1111/9008 笔交易: *ST星光...
2026-05-01 00:24:58.746 | INFO     | Backtest   | [回测 4/5] 模拟第 1121/9008 笔交易: 苏州固锝...
2026-05-01 00:24:59.091 | INFO     | Backtest   | [回测 4/5] 模拟第 1131/9008 笔交易: 万丰奥威...
2026-05-01 00:24:59.414 | INFO     | Backtest   | [回测 4/5] 模拟第 1141/9008 笔交易: 中泰化学...
2026-05-01 00:24:59.707 | INFO     | Backtest   | [回测 4/5] 模拟第 1151/9008 笔交易: 生意宝...
2026-05-01 00:25:00.034 | INFO     | Backtest   | [回测 4/5] 模拟第 1161/9008 笔交易: 广东鸿图...
2026-05-01 00:25:00.457 | INFO     | Backtest   | [回测 4/5] 模拟第 1171/9008 笔交易: 信隆健康...
2026-05-01 00:25:00.938 | INFO     | Backtest   | [回测 4/5] 模拟第 1181/9008 笔交易: 三钢闽光...
2026-05-01 00:25:01.289 | INFO     | Backtest   | [回测 4/5] 模拟第 1191/9008 笔交易: 罗平锌电...
2026-05-01 00:25:01.678 | INFO     | Backtest   | [回测 4/5] 模拟第 1201/9008 笔交易: 东港股份...
2026-05-01 00:25:02.134 | INFO     | Backtest   | [回测 4/5] 模拟第 1211/9008 笔交易: 科陆电子...
2026-05-01 00:25:02.538 | INFO     | Backtest   | [回测 4/5] 模拟第 1221/9008 笔交易: 湘潭电化...
2026-05-01 00:25:02.925 | INFO     | Backtest   | [回测 4/5] 模拟第 1231/9008 笔交易: 恒星科技...
2026-05-01 00:25:03.169 | INFO     | Backtest   | [回测 4/5] 模拟第 1241/9008 笔交易: 东南网架...
2026-05-01 00:25:03.534 | INFO     | Backtest   | [回测 4/5] 模拟第 1251/9008 笔交易: 实益达...
2026-05-01 00:25:03.993 | INFO     | Backtest   | [回测 4/5] 模拟第 1261/9008 笔交易: 宏达高科...
2026-05-01 00:25:04.358 | INFO     | Backtest   | [回测 4/5] 模拟第 1271/9008 笔交易: 广电运通...
2026-05-01 00:25:04.733 | INFO     | Backtest   | [回测 4/5] 模拟第 1281/9008 笔交易: 湖南黄金...
2026-05-01 00:25:05.222 | INFO     | Backtest   | [回测 4/5] 模拟第 1291/9008 笔交易: 远望谷...
2026-05-01 00:25:05.574 | INFO     | Backtest   | [回测 4/5] 模拟第 1301/9008 笔交易: 红宝丽...
2026-05-01 00:25:05.832 | INFO     | Backtest   | [回测 4/5] 模拟第 1311/9008 笔交易: 芭田股份...
2026-05-01 00:25:06.117 | INFO     | Backtest   | [回测 4/5] 模拟第 1321/9008 笔交易: 游族网络...
2026-05-01 00:25:06.308 | INFO     | Backtest   | [回测 4/5] 模拟第 1331/9008 笔交易: 延华智能...
2026-05-01 00:25:06.644 | INFO     | Backtest   | [回测 4/5] 模拟第 1341/9008 笔交易: 华天科技...
2026-05-01 00:25:07.006 | INFO     | Backtest   | [回测 4/5] 模拟第 1351/9008 笔交易: 中天服务...
2026-05-01 00:25:07.416 | INFO     | Backtest   | [回测 4/5] 模拟第 1361/9008 笔交易: 岩山科技...
2026-05-01 00:25:07.853 | INFO     | Backtest   | [回测 4/5] 模拟第 1371/9008 笔交易: 嘉应制药...
2026-05-01 00:25:08.209 | INFO     | Backtest   | [回测 4/5] 模拟第 1381/9008 笔交易: 九鼎新材...
2026-05-01 00:25:08.403 | INFO     | Backtest   | [回测 4/5] 模拟第 1391/9008 笔交易: 海利得...
2026-05-01 00:25:08.706 | INFO     | Backtest   | [回测 4/5] 模拟第 1401/9008 笔交易: ST宏达...
2026-05-01 00:25:09.239 | INFO     | Backtest   | [回测 4/5] 模拟第 1411/9008 笔交易: *ST大立...
2026-05-01 00:25:09.587 | INFO     | Backtest   | [回测 4/5] 模拟第 1421/9008 笔交易: 新里程...
2026-05-01 00:25:10.004 | INFO     | Backtest   | [回测 4/5] 模拟第 1431/9008 笔交易: 合兴包装...
2026-05-01 00:25:10.360 | INFO     | Backtest   | [回测 4/5] 模拟第 1441/9008 笔交易: 安妮股份...
2026-05-01 00:25:10.729 | INFO     | Backtest   | [回测 4/5] 模拟第 1451/9008 笔交易: 盛新锂能...
2026-05-01 00:25:11.084 | INFO     | Backtest   | [回测 4/5] 模拟第 1461/9008 笔交易: 蔚蓝锂芯...
2026-05-01 00:25:11.285 | INFO     | Backtest   | [回测 4/5] 模拟第 1471/9008 笔交易: 华东数控...
2026-05-01 00:25:11.701 | INFO     | Backtest   | [回测 4/5] 模拟第 1481/9008 笔交易: 步步高...
2026-05-01 00:25:12.206 | INFO     | Backtest   | [回测 4/5] 模拟第 1491/9008 笔交易: 兆新股份...
2026-05-01 00:25:12.607 | INFO     | Backtest   | [回测 4/5] 模拟第 1501/9008 笔交易: 升达林业...
2026-05-01 00:25:12.802 | INFO     | Backtest   | [回测 4/5] 模拟第 1511/9008 笔交易: 新华都...
2026-05-01 00:25:13.159 | INFO     | Backtest   | [回测 4/5] 模拟第 1521/9008 笔交易: 电科网安...
2026-05-01 00:25:13.391 | INFO     | Backtest   | [回测 4/5] 模拟第 1531/9008 笔交易: 东方雨虹...
2026-05-01 00:25:13.736 | INFO     | Backtest   | [回测 4/5] 模拟第 1541/9008 笔交易: 万马股份...
2026-05-01 00:25:14.257 | INFO     | Backtest   | [回测 4/5] 模拟第 1551/9008 笔交易: 久其软件...
2026-05-01 00:25:14.652 | INFO     | Backtest   | [回测 4/5] 模拟第 1561/9008 笔交易: 亚太股份...
2026-05-01 00:25:15.090 | INFO     | Backtest   | [回测 4/5] 模拟第 1571/9008 笔交易: 遥望科技...
2026-05-01 00:25:15.501 | INFO     | Backtest   | [回测 4/5] 模拟第 1581/9008 笔交易: 博云新材...
2026-05-01 00:25:15.761 | INFO     | Backtest   | [回测 4/5] 模拟第 1591/9008 笔交易: 齐心集团...
2026-05-01 00:25:16.126 | INFO     | Backtest   | [回测 4/5] 模拟第 1601/9008 笔交易: *ST云网...
2026-05-01 00:25:16.346 | INFO     | Backtest   | [回测 4/5] 模拟第 1611/9008 笔交易: 东方新能...
2026-05-01 00:25:16.677 | INFO     | Backtest   | [回测 4/5] 模拟第 1621/9008 笔交易: 南山控股...
2026-05-01 00:25:16.986 | INFO     | Backtest   | [回测 4/5] 模拟第 1631/9008 笔交易: 乐通股份...
2026-05-01 00:25:17.291 | INFO     | Backtest   | [回测 4/5] 模拟第 1641/9008 笔交易: 理工能科...
2026-05-01 00:25:17.781 | INFO     | Backtest   | [回测 4/5] 模拟第 1651/9008 笔交易: 新朋股份...
2026-05-01 00:25:18.100 | INFO     | Backtest   | [回测 4/5] 模拟第 1661/9008 笔交易: 英威腾...
2026-05-01 00:25:18.511 | INFO     | Backtest   | [回测 4/5] 模拟第 1671/9008 笔交易: 巨力索具...
2026-05-01 00:25:18.814 | INFO     | Backtest   | [回测 4/5] 模拟第 1681/9008 笔交易: 潮宏基...
2026-05-01 00:25:19.176 | INFO     | Backtest   | [回测 4/5] 模拟第 1691/9008 笔交易: 高乐股份...
2026-05-01 00:25:19.631 | INFO     | Backtest   | [回测 4/5] 模拟第 1701/9008 笔交易: 天娱数科...
2026-05-01 00:25:19.962 | INFO     | Backtest   | [回测 4/5] 模拟第 1711/9008 笔交易: 同德化工...
2026-05-01 00:25:20.363 | INFO     | Backtest   | [回测 4/5] 模拟第 1721/9008 笔交易: 中恒电气...
2026-05-01 00:25:20.856 | INFO     | Backtest   | [回测 4/5] 模拟第 1731/9008 笔交易: 亚太药业...
2026-05-01 00:25:21.351 | INFO     | Backtest   | [回测 4/5] 模拟第 1741/9008 笔交易: 中锐股份...
2026-05-01 00:25:21.725 | INFO     | Backtest   | [回测 4/5] 模拟第 1751/9008 笔交易: 国创高新...
2026-05-01 00:25:21.932 | INFO     | Backtest   | [回测 4/5] 模拟第 1761/9008 笔交易: 蓝帆医疗...
2026-05-01 00:25:22.331 | INFO     | Backtest   | [回测 4/5] 模拟第 1771/9008 笔交易: 航天彩虹...
2026-05-01 00:25:22.678 | INFO     | Backtest   | [回测 4/5] 模拟第 1781/9008 笔交易: 联发股份...
2026-05-01 00:25:23.116 | INFO     | Backtest   | [回测 4/5] 模拟第 1791/9008 笔交易: 梦洁股份...
2026-05-01 00:25:23.498 | INFO     | Backtest   | [回测 4/5] 模拟第 1801/9008 笔交易: 中远海科...
2026-05-01 00:25:23.837 | INFO     | Backtest   | [回测 4/5] 模拟第 1811/9008 笔交易: 四维图新...
2026-05-01 00:25:24.346 | INFO     | Backtest   | [回测 4/5] 模拟第 1821/9008 笔交易: 雷科防务...
2026-05-01 00:25:24.628 | INFO     | Backtest   | [回测 4/5] 模拟第 1831/9008 笔交易: 康盛股份...
2026-05-01 00:25:24.925 | INFO     | Backtest   | [回测 4/5] 模拟第 1841/9008 笔交易: 达实智能...
2026-05-01 00:25:25.431 | INFO     | Backtest   | [回测 4/5] 模拟第 1851/9008 笔交易: 凯撒文化...
2026-05-01 00:25:25.789 | INFO     | Backtest   | [回测 4/5] 模拟第 1861/9008 笔交易: 兆驰股份...
2026-05-01 00:25:26.251 | INFO     | Backtest   | [回测 4/5] 模拟第 1871/9008 笔交易: 万里扬...
2026-05-01 00:25:26.574 | INFO     | Backtest   | [回测 4/5] 模拟第 1881/9008 笔交易: 启明星辰...
2026-05-01 00:25:27.073 | INFO     | Backtest   | [回测 4/5] 模拟第 1891/9008 笔交易: 龙星科技...
2026-05-01 00:25:27.356 | INFO     | Backtest   | [回测 4/5] 模拟第 1901/9008 笔交易: 中原内配...
2026-05-01 00:25:27.721 | INFO     | Backtest   | [回测 4/5] 模拟第 1911/9008 笔交易: 华软科技...
2026-05-01 00:25:28.174 | INFO     | Backtest   | [回测 4/5] 模拟第 1921/9008 笔交易: 晶澳科技...
2026-05-01 00:25:28.605 | INFO     | Backtest   | [回测 4/5] 模拟第 1931/9008 笔交易: 二六三...
2026-05-01 00:25:28.845 | INFO     | Backtest   | [回测 4/5] 模拟第 1941/9008 笔交易: 金正大...
2026-05-01 00:25:29.195 | INFO     | Backtest   | [回测 4/5] 模拟第 1951/9008 笔交易: 常宝股份...
2026-05-01 00:25:29.534 | INFO     | Backtest   | [回测 4/5] 模拟第 1961/9008 笔交易: 广田集团...
2026-05-01 00:25:29.900 | INFO     | Backtest   | [回测 4/5] 模拟第 1971/9008 笔交易: 嘉麟杰...
2026-05-01 00:25:30.328 | INFO     | Backtest   | [回测 4/5] 模拟第 1981/9008 笔交易: 通鼎互联...
2026-05-01 00:25:30.608 | INFO     | Backtest   | [回测 4/5] 模拟第 1991/9008 笔交易: 雅化集团...
2026-05-01 00:25:31.043 | INFO     | Backtest   | [回测 4/5] 模拟第 2001/9008 笔交易: 天汽模...
2026-05-01 00:25:31.224 | INFO     | Backtest   | [回测 4/5] 模拟第 2011/9008 笔交易: 宝馨科技...
2026-05-01 00:25:31.686 | INFO     | Backtest   | [回测 4/5] 模拟第 2021/9008 笔交易: 日发精机...
2026-05-01 00:25:32.081 | INFO     | Backtest   | [回测 4/5] 模拟第 2031/9008 笔交易: 浙江众成...
2026-05-01 00:25:32.461 | INFO     | Backtest   | [回测 4/5] 模拟第 2041/9008 笔交易: 新时达...
2026-05-01 00:25:32.724 | INFO     | Backtest   | [回测 4/5] 模拟第 2051/9008 笔交易: 天顺风能...
2026-05-01 00:25:33.047 | INFO     | Backtest   | [回测 4/5] 模拟第 2061/9008 笔交易: 西子洁能...
2026-05-01 00:25:33.505 | INFO     | Backtest   | [回测 4/5] 模拟第 2071/9008 笔交易: ST司特...
2026-05-01 00:25:33.823 | INFO     | Backtest   | [回测 4/5] 模拟第 2081/9008 笔交易: *ST中岩...
2026-05-01 00:25:34.169 | INFO     | Backtest   | [回测 4/5] 模拟第 2091/9008 笔交易: 春兴精工...
2026-05-01 00:25:34.599 | INFO     | Backtest   | [回测 4/5] 模拟第 2101/9008 笔交易: 尚荣医疗...
2026-05-01 00:25:34.870 | INFO     | Backtest   | [回测 4/5] 模拟第 2111/9008 笔交易: 洽洽食品...
2026-05-01 00:25:35.315 | INFO     | Backtest   | [回测 4/5] 模拟第 2121/9008 笔交易: 通达股份...
2026-05-01 00:25:35.525 | INFO     | Backtest   | [回测 4/5] 模拟第 2131/9008 笔交易: 顺灏股份...
2026-05-01 00:25:36.008 | INFO     | Backtest   | [回测 4/5] 模拟第 2141/9008 笔交易: 德力股份...
2026-05-01 00:25:36.279 | INFO     | Backtest   | [回测 4/5] 模拟第 2151/9008 笔交易: 明牌珠宝...
2026-05-01 00:25:36.541 | INFO     | Backtest   | [回测 4/5] 模拟第 2161/9008 笔交易: 通达动力...
2026-05-01 00:25:36.865 | INFO     | Backtest   | [回测 4/5] 模拟第 2171/9008 笔交易: 中京电子...
2026-05-01 00:25:37.057 | INFO     | Backtest   | [回测 4/5] 模拟第 2181/9008 笔交易: ST未名...
2026-05-01 00:25:37.458 | INFO     | Backtest   | [回测 4/5] 模拟第 2191/9008 笔交易: 双星新材...
2026-05-01 00:25:37.827 | INFO     | Backtest   | [回测 4/5] 模拟第 2201/9008 笔交易: 史丹利...
2026-05-01 00:25:38.179 | INFO     | Backtest   | [回测 4/5] 模拟第 2211/9008 笔交易: 日上集团...
2026-05-01 00:25:38.549 | INFO     | Backtest   | [回测 4/5] 模拟第 2221/9008 笔交易: 领益智造...
2026-05-01 00:25:38.758 | INFO     | Backtest   | [回测 4/5] 模拟第 2231/9008 笔交易: 以岭药业...
2026-05-01 00:25:39.173 | INFO     | Backtest   | [回测 4/5] 模拟第 2241/9008 笔交易: 东方精工...
2026-05-01 00:25:39.521 | INFO     | Backtest   | [回测 4/5] 模拟第 2251/9008 笔交易: 奥佳华...
2026-05-01 00:25:39.888 | INFO     | Backtest   | [回测 4/5] 模拟第 2261/9008 笔交易: ST瑞和...
2026-05-01 00:25:40.160 | INFO     | Backtest   | [回测 4/5] 模拟第 2271/9008 笔交易: 完美世界...
2026-05-01 00:25:40.505 | INFO     | Backtest   | [回测 4/5] 模拟第 2281/9008 笔交易: ST华西...
2026-05-01 00:25:41.004 | INFO     | Backtest   | [回测 4/5] 模拟第 2291/9008 笔交易: *ST棒杰...
2026-05-01 00:25:41.271 | INFO     | Backtest   | [回测 4/5] 模拟第 2301/9008 笔交易: 金安国纪...
2026-05-01 00:25:41.601 | INFO     | Backtest   | [回测 4/5] 模拟第 2311/9008 笔交易: 雪人集团...
2026-05-01 00:25:42.019 | INFO     | Backtest   | [回测 4/5] 模拟第 2321/9008 笔交易: 华宏科技...
2026-05-01 00:25:42.485 | INFO     | Backtest   | [回测 4/5] 模拟第 2331/9008 笔交易: 利君股份...
2026-05-01 00:25:42.881 | INFO     | Backtest   | [回测 4/5] 模拟第 2341/9008 笔交易: 共达电声...
2026-05-01 00:25:43.190 | INFO     | Backtest   | [回测 4/5] 模拟第 2351/9008 笔交易: 茂硕电源...
2026-05-01 00:25:43.708 | INFO     | Backtest   | [回测 4/5] 模拟第 2361/9008 笔交易: 德联集团...
2026-05-01 00:25:44.204 | INFO     | Backtest   | [回测 4/5] 模拟第 2371/9008 笔交易: 龙泉股份...
2026-05-01 00:25:44.724 | INFO     | Backtest   | [回测 4/5] 模拟第 2381/9008 笔交易: 浙江美大...
2026-05-01 00:25:45.216 | INFO     | Backtest   | [回测 4/5] 模拟第 2391/9008 笔交易: 龙洲股份...
2026-05-01 00:25:45.553 | INFO     | Backtest   | [回测 4/5] 模拟第 2401/9008 笔交易: 亿利达...
2026-05-01 00:25:45.911 | INFO     | Backtest   | [回测 4/5] 模拟第 2411/9008 笔交易: 冀凯股份...
2026-05-01 00:25:46.354 | INFO     | Backtest   | [回测 4/5] 模拟第 2421/9008 笔交易: 煌上煌...
2026-05-01 00:25:46.811 | INFO     | Backtest   | [回测 4/5] 模拟第 2431/9008 笔交易: 博实股份...
2026-05-01 00:25:47.229 | INFO     | Backtest   | [回测 4/5] 模拟第 2441/9008 笔交易: 海欣食品...
2026-05-01 00:25:47.651 | INFO     | Backtest   | [回测 4/5] 模拟第 2451/9008 笔交易: 众信旅游...
2026-05-01 00:25:48.117 | INFO     | Backtest   | [回测 4/5] 模拟第 2461/9008 笔交易: 登云股份...
2026-05-01 00:25:48.377 | INFO     | Backtest   | [回测 4/5] 模拟第 2471/9008 笔交易: 麦趣尔...
2026-05-01 00:25:48.803 | INFO     | Backtest   | [回测 4/5] 模拟第 2481/9008 笔交易: 海洋王...
2026-05-01 00:25:49.123 | INFO     | Backtest   | [回测 4/5] 模拟第 2491/9008 笔交易: 特一药业...
2026-05-01 00:25:49.342 | INFO     | Backtest   | [回测 4/5] 模拟第 2501/9008 笔交易: 雄韬股份...
2026-05-01 00:25:49.728 | INFO     | Backtest   | [回测 4/5] 模拟第 2511/9008 笔交易: 儒意电影...
2026-05-01 00:25:50.118 | INFO     | Backtest   | [回测 4/5] 模拟第 2521/9008 笔交易: 富煌钢构...
2026-05-01 00:25:50.703 | INFO     | Backtest   | [回测 4/5] 模拟第 2531/9008 笔交易: 国光股份...
2026-05-01 00:25:50.973 | INFO     | Backtest   | [回测 4/5] 模拟第 2541/9008 笔交易: 南兴股份...
2026-05-01 00:25:51.285 | INFO     | Backtest   | [回测 4/5] 模拟第 2551/9008 笔交易: *ST金比...
2026-05-01 00:25:51.703 | INFO     | Backtest   | [回测 4/5] 模拟第 2561/9008 笔交易: 先锋电子...
2026-05-01 00:25:52.057 | INFO     | Backtest   | [回测 4/5] 模拟第 2571/9008 笔交易: 快意电梯...
2026-05-01 00:25:52.242 | INFO     | Backtest   | [回测 4/5] 模拟第 2581/9008 笔交易: 可立克...
2026-05-01 00:25:52.560 | INFO     | Backtest   | [回测 4/5] 模拟第 2591/9008 笔交易: 华源控股...
2026-05-01 00:25:53.015 | INFO     | Backtest   | [回测 4/5] 模拟第 2601/9008 笔交易: 坚朗五金...
2026-05-01 00:25:53.443 | INFO     | Backtest   | [回测 4/5] 模拟第 2611/9008 笔交易: 罗欣药业...
2026-05-01 00:25:53.801 | INFO     | Backtest   | [回测 4/5] 模拟第 2621/9008 笔交易: 天顺股份...
2026-05-01 00:25:54.162 | INFO     | Backtest   | [回测 4/5] 模拟第 2631/9008 笔交易: 丰元股份...
2026-05-01 00:25:54.562 | INFO     | Backtest   | [回测 4/5] 模拟第 2641/9008 笔交易: 山东赫达...
2026-05-01 00:25:54.948 | INFO     | Backtest   | [回测 4/5] 模拟第 2651/9008 笔交易: 崇达技术...
2026-05-01 00:25:55.305 | INFO     | Backtest   | [回测 4/5] 模拟第 2661/9008 笔交易: 凯中精密...
2026-05-01 00:25:55.706 | INFO     | Backtest   | [回测 4/5] 模拟第 2671/9008 笔交易: 高争民爆...
2026-05-01 00:25:56.182 | INFO     | Backtest   | [回测 4/5] 模拟第 2681/9008 笔交易: 弘亚数控...
2026-05-01 00:25:56.599 | INFO     | Backtest   | [回测 4/5] 模拟第 2691/9008 笔交易: 翔鹭钨业...
2026-05-01 00:25:56.956 | INFO     | Backtest   | [回测 4/5] 模拟第 2701/9008 笔交易: 英联股份...
2026-05-01 00:25:57.234 | INFO     | Backtest   | [回测 4/5] 模拟第 2711/9008 笔交易: 皮阿诺...
2026-05-01 00:25:57.564 | INFO     | Backtest   | [回测 4/5] 模拟第 2721/9008 笔交易: 三晖电气...
2026-05-01 00:25:57.984 | INFO     | Backtest   | [回测 4/5] 模拟第 2731/9008 笔交易: 瀛通通讯...
2026-05-01 00:25:58.314 | INFO     | Backtest   | [回测 4/5] 模拟第 2741/9008 笔交易: 今飞凯达...
2026-05-01 00:25:58.749 | INFO     | Backtest   | [回测 4/5] 模拟第 2751/9008 笔交易: ST天圣...
2026-05-01 00:25:59.093 | INFO     | Backtest   | [回测 4/5] 模拟第 2761/9008 笔交易: 元隆雅图...
2026-05-01 00:25:59.519 | INFO     | Backtest   | [回测 4/5] 模拟第 2771/9008 笔交易: 中设股份...
2026-05-01 00:25:59.921 | INFO     | Backtest   | [回测 4/5] 模拟第 2781/9008 笔交易: 绿茵生态...
2026-05-01 00:26:00.292 | INFO     | Backtest   | [回测 4/5] 模拟第 2791/9008 笔交易: 京能热力...
2026-05-01 00:26:00.735 | INFO     | Backtest   | [回测 4/5] 模拟第 2801/9008 笔交易: 哈三联...
2026-05-01 00:26:01.034 | INFO     | Backtest   | [回测 4/5] 模拟第 2811/9008 笔交易: 金逸影视...
2026-05-01 00:26:01.451 | INFO     | Backtest   | [回测 4/5] 模拟第 2821/9008 笔交易: 集泰股份...
2026-05-01 00:26:01.890 | INFO     | Backtest   | [回测 4/5] 模拟第 2831/9008 笔交易: 名臣健康...
2026-05-01 00:26:02.284 | INFO     | Backtest   | [回测 4/5] 模拟第 2841/9008 笔交易: 华西证券...
2026-05-01 00:26:02.538 | INFO     | Backtest   | [回测 4/5] 模拟第 2851/9008 笔交易: 天奥电子...
2026-05-01 00:26:02.909 | INFO     | Backtest   | [回测 4/5] 模拟第 2861/9008 笔交易: 长城证券...
2026-05-01 00:26:03.274 | INFO     | Backtest   | [回测 4/5] 模拟第 2871/9008 笔交易: 新乳业...
2026-05-01 00:26:03.783 | INFO     | Backtest   | [回测 4/5] 模拟第 2881/9008 笔交易: 亚世光电...
2026-05-01 00:26:04.220 | INFO     | Backtest   | [回测 4/5] 模拟第 2891/9008 笔交易: 青农商行...
2026-05-01 00:26:04.673 | INFO     | Backtest   | [回测 4/5] 模拟第 2901/9008 笔交易: 豪尔赛...
2026-05-01 00:26:05.095 | INFO     | Backtest   | [回测 4/5] 模拟第 2911/9008 笔交易: 和远气体...
2026-05-01 00:26:05.465 | INFO     | Backtest   | [回测 4/5] 模拟第 2921/9008 笔交易: 朝阳科技...
2026-05-01 00:26:05.856 | INFO     | Backtest   | [回测 4/5] 模拟第 2931/9008 笔交易: 宇新股份...
2026-05-01 00:26:06.279 | INFO     | Backtest   | [回测 4/5] 模拟第 2941/9008 笔交易: 劲仔食品...
2026-05-01 00:26:06.570 | INFO     | Backtest   | [回测 4/5] 模拟第 2951/9008 笔交易: 海象新材...
2026-05-01 00:26:07.036 | INFO     | Backtest   | [回测 4/5] 模拟第 2961/9008 笔交易: 金富科技...
2026-05-01 00:26:07.377 | INFO     | Backtest   | [回测 4/5] 模拟第 2971/9008 笔交易: 思进智能...
2026-05-01 00:26:07.704 | INFO     | Backtest   | [回测 4/5] 模拟第 2981/9008 笔交易: 泰坦股份...
2026-05-01 00:26:08.114 | INFO     | Backtest   | [回测 4/5] 模拟第 2991/9008 笔交易: 楚天龙...
2026-05-01 00:26:08.641 | INFO     | Backtest   | [回测 4/5] 模拟第 3001/9008 笔交易: 神州泰岳...
2026-05-01 00:26:09.141 | INFO     | Backtest   | [回测 4/5] 模拟第 3011/9008 笔交易: 探路者...
2026-05-01 00:26:09.439 | INFO     | Backtest   | [回测 4/5] 模拟第 3021/9008 笔交易: 安科生物...
2026-05-01 00:26:09.713 | INFO     | Backtest   | [回测 4/5] 模拟第 3031/9008 笔交易: 鼎汉技术...
2026-05-01 00:26:10.103 | INFO     | Backtest   | [回测 4/5] 模拟第 3041/9008 笔交易: 北陆药业...
2026-05-01 00:26:10.431 | INFO     | Backtest   | [回测 4/5] 模拟第 3051/9008 笔交易: 硅宝科技...
2026-05-01 00:26:10.807 | INFO     | Backtest   | [回测 4/5] 模拟第 3061/9008 笔交易: 吉峰科技...
2026-05-01 00:26:11.092 | INFO     | Backtest   | [回测 4/5] 模拟第 3071/9008 笔交易: 华谊兄弟...
2026-05-01 00:26:11.449 | INFO     | Backtest   | [回测 4/5] 模拟第 3081/9008 笔交易: 宝通科技...
2026-05-01 00:26:11.862 | INFO     | Backtest   | [回测 4/5] 模拟第 3091/9008 笔交易: 中科电气...
2026-05-01 00:26:12.292 | INFO     | Backtest   | [回测 4/5] 模拟第 3101/9008 笔交易: 九洲集团...
2026-05-01 00:26:12.717 | INFO     | Backtest   | [回测 4/5] 模拟第 3111/9008 笔交易: 星辉娱乐...
2026-05-01 00:26:13.112 | INFO     | Backtest   | [回测 4/5] 模拟第 3121/9008 笔交易: 合康新能...
2026-05-01 00:26:13.446 | INFO     | Backtest   | [回测 4/5] 模拟第 3131/9008 笔交易: 万邦达...
2026-05-01 00:26:13.677 | INFO     | Backtest   | [回测 4/5] 模拟第 3141/9008 笔交易: 万顺新材...
2026-05-01 00:26:13.975 | INFO     | Backtest   | [回测 4/5] 模拟第 3151/9008 笔交易: 中能电气...
2026-05-01 00:26:14.408 | INFO     | Backtest   | [回测 4/5] 模拟第 3161/9008 笔交易: 安诺其...
2026-05-01 00:26:14.694 | INFO     | Backtest   | [回测 4/5] 模拟第 3171/9008 笔交易: 碧水源...
2026-05-01 00:26:15.061 | INFO     | Backtest   | [回测 4/5] 模拟第 3181/9008 笔交易: 华平股份...
2026-05-01 00:26:15.359 | INFO     | Backtest   | [回测 4/5] 模拟第 3191/9008 笔交易: 思创智联...
2026-05-01 00:26:15.571 | INFO     | Backtest   | [回测 4/5] 模拟第 3201/9008 笔交易: 奥克股份...
2026-05-01 00:26:15.973 | INFO     | Backtest   | [回测 4/5] 模拟第 3211/9008 笔交易: 康芝药业...
2026-05-01 00:26:16.238 | INFO     | Backtest   | [回测 4/5] 模拟第 3221/9008 笔交易: 华伍股份...
2026-05-01 00:26:16.646 | INFO     | Backtest   | [回测 4/5] 模拟第 3231/9008 笔交易: 智云股份...
2026-05-01 00:26:17.103 | INFO     | Backtest   | [回测 4/5] 模拟第 3241/9008 笔交易: 乾照光电...
2026-05-01 00:26:17.295 | INFO     | Backtest   | [回测 4/5] 模拟第 3251/9008 笔交易: 建新股份...
2026-05-01 00:26:17.723 | INFO     | Backtest   | [回测 4/5] 模拟第 3261/9008 笔交易: 万讯自控...
2026-05-01 00:26:18.186 | INFO     | Backtest   | [回测 4/5] 模拟第 3271/9008 笔交易: 经纬辉开...
2026-05-01 00:26:18.536 | INFO     | Backtest   | [回测 4/5] 模拟第 3281/9008 笔交易: *ST聆达...
2026-05-01 00:26:18.901 | INFO     | Backtest   | [回测 4/5] 模拟第 3291/9008 笔交易: 英唐智控...
2026-05-01 00:26:19.104 | INFO     | Backtest   | [回测 4/5] 模拟第 3301/9008 笔交易: 大富科技...
2026-05-01 00:26:19.537 | INFO     | Backtest   | [回测 4/5] 模拟第 3311/9008 笔交易: 晓程科技...
2026-05-01 00:26:19.840 | INFO     | Backtest   | [回测 4/5] 模拟第 3321/9008 笔交易: 南方泵业...
2026-05-01 00:26:20.277 | INFO     | Backtest   | [回测 4/5] 模拟第 3331/9008 笔交易: 睿智医药...
2026-05-01 00:26:20.625 | INFO     | Backtest   | [回测 4/5] 模拟第 3341/9008 笔交易: 瑞凌股份...
2026-05-01 00:26:21.008 | INFO     | Backtest   | [回测 4/5] 模拟第 3351/9008 笔交易: 振东制药...
2026-05-01 00:26:21.297 | INFO     | Backtest   | [回测 4/5] 模拟第 3361/9008 笔交易: 雷曼光电...
2026-05-01 00:26:21.497 | INFO     | Backtest   | [回测 4/5] 模拟第 3371/9008 笔交易: 天瑞仪器...
2026-05-01 00:26:21.831 | INFO     | Backtest   | [回测 4/5] 模拟第 3381/9008 笔交易: 万达信息...
2026-05-01 00:26:22.112 | INFO     | Backtest   | [回测 4/5] 模拟第 3391/9008 笔交易: ST福能...
2026-05-01 00:26:22.507 | INFO     | Backtest   | [回测 4/5] 模拟第 3401/9008 笔交易: 四方达...
2026-05-01 00:26:23.003 | INFO     | Backtest   | [回测 4/5] 模拟第 3411/9008 笔交易: 东软载波...
2026-05-01 00:26:23.337 | INFO     | Backtest   | [回测 4/5] 模拟第 3421/9008 笔交易: 神农种业...
2026-05-01 00:26:23.532 | INFO     | Backtest   | [回测 4/5] 模拟第 3431/9008 笔交易: 科德教育...
2026-05-01 00:26:23.883 | INFO     | Backtest   | [回测 4/5] 模拟第 3441/9008 笔交易: 长荣股份...
2026-05-01 00:26:24.100 | INFO     | Backtest   | [回测 4/5] 模拟第 3451/9008 笔交易: ST纳川...
2026-05-01 00:26:24.530 | INFO     | Backtest   | [回测 4/5] 模拟第 3461/9008 笔交易: 海伦哲...
2026-05-01 00:26:24.888 | INFO     | Backtest   | [回测 4/5] 模拟第 3471/9008 笔交易: 理邦仪器...
2026-05-01 00:26:25.140 | INFO     | Backtest   | [回测 4/5] 模拟第 3481/9008 笔交易: 森远股份...
2026-05-01 00:26:25.570 | INFO     | Backtest   | [回测 4/5] 模拟第 3491/9008 笔交易: 日科化学...
2026-05-01 00:26:25.919 | INFO     | Backtest   | [回测 4/5] 模拟第 3501/9008 笔交易: 鸿利智汇...
2026-05-01 00:26:26.312 | INFO     | Backtest   | [回测 4/5] 模拟第 3511/9008 笔交易: 科大智能...
2026-05-01 00:26:26.691 | INFO     | Backtest   | [回测 4/5] 模拟第 3521/9008 笔交易: 富瑞特装...
2026-05-01 00:26:27.108 | INFO     | Backtest   | [回测 4/5] 模拟第 3531/9008 笔交易: 银信科技...
2026-05-01 00:26:27.415 | INFO     | Backtest   | [回测 4/5] 模拟第 3541/9008 笔交易: ST美晨...
2026-05-01 00:26:27.853 | INFO     | Backtest   | [回测 4/5] 模拟第 3551/9008 笔交易: 飞力达...
2026-05-01 00:26:28.254 | INFO     | Backtest   | [回测 4/5] 模拟第 3561/9008 笔交易: 佳云科技...
2026-05-01 00:26:28.614 | INFO     | Backtest   | [回测 4/5] 模拟第 3571/9008 笔交易: 宝莱特...
2026-05-01 00:26:29.023 | INFO     | Backtest   | [回测 4/5] 模拟第 3581/9008 笔交易: 依米康...
2026-05-01 00:26:29.370 | INFO     | Backtest   | [回测 4/5] 模拟第 3591/9008 笔交易: 仟源医药...
2026-05-01 00:26:29.893 | INFO     | Backtest   | [回测 4/5] 模拟第 3601/9008 笔交易: 精锻科技...
2026-05-01 00:26:30.274 | INFO     | Backtest   | [回测 4/5] 模拟第 3611/9008 笔交易: 隆华科技...
2026-05-01 00:26:30.589 | INFO     | Backtest   | [回测 4/5] 模拟第 3621/9008 笔交易: 尔康制药...
2026-05-01 00:26:30.809 | INFO     | Backtest   | [回测 4/5] 模拟第 3631/9008 笔交易: 联建光电...
2026-05-01 00:26:31.230 | INFO     | Backtest   | [回测 4/5] 模拟第 3641/9008 笔交易: 三丰智能...
2026-05-01 00:26:31.656 | INFO     | Backtest   | [回测 4/5] 模拟第 3651/9008 笔交易: 金明精机...
2026-05-01 00:26:31.932 | INFO     | Backtest   | [回测 4/5] 模拟第 3661/9008 笔交易: 安科瑞...
2026-05-01 00:26:32.422 | INFO     | Backtest   | [回测 4/5] 模拟第 3671/9008 笔交易: 荣科科技...
2026-05-01 00:26:32.714 | INFO     | Backtest   | [回测 4/5] 模拟第 3681/9008 笔交易: 蓝英装备...
2026-05-01 00:26:32.941 | INFO     | Backtest   | [回测 4/5] 模拟第 3691/9008 笔交易: 海峡创新...
2026-05-01 00:26:33.193 | INFO     | Backtest   | [回测 4/5] 模拟第 3701/9008 笔交易: 聚飞光电...
2026-05-01 00:26:33.540 | INFO     | Backtest   | [回测 4/5] 模拟第 3711/9008 笔交易: 慈星股份...
2026-05-01 00:26:33.994 | INFO     | Backtest   | [回测 4/5] 模拟第 3721/9008 笔交易: *ST天山...
2026-05-01 00:26:34.360 | INFO     | Backtest   | [回测 4/5] 模拟第 3731/9008 笔交易: 珈伟新能...
2026-05-01 00:26:34.867 | INFO     | Backtest   | [回测 4/5] 模拟第 3741/9008 笔交易: 硕贝德...
2026-05-01 00:26:35.329 | INFO     | Backtest   | [回测 4/5] 模拟第 3751/9008 笔交易: 宜安科技...
2026-05-01 00:26:35.647 | INFO     | Backtest   | [回测 4/5] 模拟第 3761/9008 笔交易: 海伦钢琴...
2026-05-01 00:26:36.062 | INFO     | Backtest   | [回测 4/5] 模拟第 3771/9008 笔交易: 津膜科技...
2026-05-01 00:26:36.324 | INFO     | Backtest   | [回测 4/5] 模拟第 3781/9008 笔交易: 麦克奥迪...
2026-05-01 00:26:36.881 | INFO     | Backtest   | [回测 4/5] 模拟第 3791/9008 笔交易: 金卡智能...
2026-05-01 00:26:37.203 | INFO     | Backtest   | [回测 4/5] 模拟第 3801/9008 笔交易: 东土科技...
2026-05-01 00:26:37.584 | INFO     | Backtest   | [回测 4/5] 模拟第 3811/9008 笔交易: 全通教育...
2026-05-01 00:26:38.168 | INFO     | Backtest   | [回测 4/5] 模拟第 3821/9008 笔交易: 恒华科技...
2026-05-01 00:26:38.669 | INFO     | Backtest   | [回测 4/5] 模拟第 3831/9008 笔交易: 安控科技...
2026-05-01 00:26:39.032 | INFO     | Backtest   | [回测 4/5] 模拟第 3841/9008 笔交易: 鹏翎股份...
2026-05-01 00:26:39.460 | INFO     | Backtest   | [回测 4/5] 模拟第 3851/9008 笔交易: 斯莱克...
2026-05-01 00:26:39.883 | INFO     | Backtest   | [回测 4/5] 模拟第 3861/9008 笔交易: 飞天诚信...
2026-05-01 00:26:40.302 | INFO     | Backtest   | [回测 4/5] 模拟第 3871/9008 笔交易: 天华新能...
2026-05-01 00:26:40.641 | INFO     | Backtest   | [回测 4/5] 模拟第 3881/9008 笔交易: 飞凯材料...
2026-05-01 00:26:41.104 | INFO     | Backtest   | [回测 4/5] 模拟第 3891/9008 笔交易: 汉宇集团...
2026-05-01 00:26:41.316 | INFO     | Backtest   | [回测 4/5] 模拟第 3901/9008 笔交易: 凯发电气...
2026-05-01 00:26:41.679 | INFO     | Backtest   | [回测 4/5] 模拟第 3911/9008 笔交易: 正业科技...
2026-05-01 00:26:42.268 | INFO     | Backtest   | [回测 4/5] 模拟第 3921/9008 笔交易: 苏试试验...
2026-05-01 00:26:42.598 | INFO     | Backtest   | [回测 4/5] 模拟第 3931/9008 笔交易: 力星股份...
2026-05-01 00:26:43.030 | INFO     | Backtest   | [回测 4/5] 模拟第 3941/9008 笔交易: 红相股份...
2026-05-01 00:26:43.376 | INFO     | Backtest   | [回测 4/5] 模拟第 3951/9008 笔交易: 富临精工...
2026-05-01 00:26:43.689 | INFO     | Backtest   | [回测 4/5] 模拟第 3961/9008 笔交易: 清水源...
2026-05-01 00:26:44.116 | INFO     | Backtest   | [回测 4/5] 模拟第 3971/9008 笔交易: 鲍斯股份...
2026-05-01 00:26:44.527 | INFO     | Backtest   | [回测 4/5] 模拟第 3981/9008 笔交易: 康斯特...
2026-05-01 00:26:44.801 | INFO     | Backtest   | [回测 4/5] 模拟第 3991/9008 笔交易: 浩云科技...
2026-05-01 00:26:45.217 | INFO     | Backtest   | [回测 4/5] 模拟第 4001/9008 笔交易: 先导智能...
2026-05-01 00:26:45.525 | INFO     | Backtest   | [回测 4/5] 模拟第 4011/9008 笔交易: 航天智装...
2026-05-01 00:26:45.934 | INFO     | Backtest   | [回测 4/5] 模拟第 4021/9008 笔交易: 汤姆猫...
2026-05-01 00:26:46.488 | INFO     | Backtest   | [回测 4/5] 模拟第 4031/9008 笔交易: 星徽股份...
2026-05-01 00:26:46.902 | INFO     | Backtest   | [回测 4/5] 模拟第 4041/9008 笔交易: 迅游科技...
2026-05-01 00:26:47.247 | INFO     | Backtest   | [回测 4/5] 模拟第 4051/9008 笔交易: ST合纵...
2026-05-01 00:26:47.707 | INFO     | Backtest   | [回测 4/5] 模拟第 4061/9008 笔交易: 光力科技...
2026-05-01 00:26:47.904 | INFO     | Backtest   | [回测 4/5] 模拟第 4071/9008 笔交易: 蓝海华腾...
2026-05-01 00:26:48.303 | INFO     | Backtest   | [回测 4/5] 模拟第 4081/9008 笔交易: 东杰智能...
2026-05-01 00:26:48.627 | INFO     | Backtest   | [回测 4/5] 模拟第 4091/9008 笔交易: 通合科技...
2026-05-01 00:26:48.838 | INFO     | Backtest   | [回测 4/5] 模拟第 4101/9008 笔交易: 温氏股份...
2026-05-01 00:26:49.311 | INFO     | Backtest   | [回测 4/5] 模拟第 4111/9008 笔交易: 海顺新材...
2026-05-01 00:26:49.666 | INFO     | Backtest   | [回测 4/5] 模拟第 4121/9008 笔交易: 苏奥传感...
2026-05-01 00:26:49.931 | INFO     | Backtest   | [回测 4/5] 模拟第 4131/9008 笔交易: 雪榕生物...
2026-05-01 00:26:50.240 | INFO     | Backtest   | [回测 4/5] 模拟第 4141/9008 笔交易: 三德科技...
2026-05-01 00:26:50.617 | INFO     | Backtest   | [回测 4/5] 模拟第 4151/9008 笔交易: 新光药业...
2026-05-01 00:26:50.967 | INFO     | Backtest   | [回测 4/5] 模拟第 4161/9008 笔交易: 辰安科技...
2026-05-01 00:26:51.345 | INFO     | Backtest   | [回测 4/5] 模拟第 4171/9008 笔交易: 优博讯...
2026-05-01 00:26:51.621 | INFO     | Backtest   | [回测 4/5] 模拟第 4181/9008 笔交易: 横河精密...
2026-05-01 00:26:52.104 | INFO     | Backtest   | [回测 4/5] 模拟第 4191/9008 笔交易: 朗科智能...
2026-05-01 00:26:52.497 | INFO     | Backtest   | [回测 4/5] 模拟第 4201/9008 笔交易: 古鳌科技...
2026-05-01 00:26:52.802 | INFO     | Backtest   | [回测 4/5] 模拟第 4211/9008 笔交易: 佳发教育...
2026-05-01 00:26:53.053 | INFO     | Backtest   | [回测 4/5] 模拟第 4221/9008 笔交易: 筑博设计...
2026-05-01 00:26:53.381 | INFO     | Backtest   | [回测 4/5] 模拟第 4231/9008 笔交易: 激智科技...
2026-05-01 00:26:53.724 | INFO     | Backtest   | [回测 4/5] 模拟第 4241/9008 笔交易: 中旗股份...
2026-05-01 00:26:54.109 | INFO     | Backtest   | [回测 4/5] 模拟第 4251/9008 笔交易: 会畅科技...
2026-05-01 00:26:54.417 | INFO     | Backtest   | [回测 4/5] 模拟第 4261/9008 笔交易: 奥联电子...
2026-05-01 00:26:54.829 | INFO     | Backtest   | [回测 4/5] 模拟第 4271/9008 笔交易: 天铁科技...
2026-05-01 00:26:55.106 | INFO     | Backtest   | [回测 4/5] 模拟第 4281/9008 笔交易: 移为通信...
2026-05-01 00:26:55.540 | INFO     | Backtest   | [回测 4/5] 模拟第 4291/9008 笔交易: 朗进科技...
2026-05-01 00:26:56.019 | INFO     | Backtest   | [回测 4/5] 模拟第 4301/9008 笔交易: 国瑞科技...
2026-05-01 00:26:56.311 | INFO     | Backtest   | [回测 4/5] 模拟第 4311/9008 笔交易: 立昂技术...
2026-05-01 00:26:56.676 | INFO     | Backtest   | [回测 4/5] 模拟第 4321/9008 笔交易: 晨化股份...
2026-05-01 00:26:57.194 | INFO     | Backtest   | [回测 4/5] 模拟第 4331/9008 笔交易: 尚品宅配...
2026-05-01 00:26:57.566 | INFO     | Backtest   | [回测 4/5] 模拟第 4341/9008 笔交易: 新劲刚...
2026-05-01 00:26:57.931 | INFO     | Backtest   | [回测 4/5] 模拟第 4351/9008 笔交易: 中达安...
2026-05-01 00:26:58.276 | INFO     | Backtest   | [回测 4/5] 模拟第 4361/9008 笔交易: 凯普生物...
2026-05-01 00:26:58.650 | INFO     | Backtest   | [回测 4/5] 模拟第 4371/9008 笔交易: 正元智慧...
2026-05-01 00:26:58.911 | INFO     | Backtest   | [回测 4/5] 模拟第 4381/9008 笔交易: 太龙股份...
2026-05-01 00:26:59.215 | INFO     | Backtest   | [回测 4/5] 模拟第 4391/9008 笔交易: 晶瑞电材...
2026-05-01 00:26:59.658 | INFO     | Backtest   | [回测 4/5] 模拟第 4401/9008 笔交易: 中孚信息...
2026-05-01 00:26:59.999 | INFO     | Backtest   | [回测 4/5] 模拟第 4411/9008 笔交易: 必创科技...
2026-05-01 00:27:00.291 | INFO     | Backtest   | [回测 4/5] 模拟第 4421/9008 笔交易: 宇信科技...
2026-05-01 00:27:00.693 | INFO     | Backtest   | [回测 4/5] 模拟第 4431/9008 笔交易: 智动力...
2026-05-01 00:27:00.958 | INFO     | Backtest   | [回测 4/5] 模拟第 4441/9008 笔交易: 中赋科技...
2026-05-01 00:27:01.391 | INFO     | Backtest   | [回测 4/5] 模拟第 4451/9008 笔交易: 岱勒新材...
2026-05-01 00:27:01.840 | INFO     | Backtest   | [回测 4/5] 模拟第 4461/9008 笔交易: 九典制药...
2026-05-01 00:27:02.269 | INFO     | Backtest   | [回测 4/5] 模拟第 4471/9008 笔交易: 聚灿光电...
2026-05-01 00:27:02.670 | INFO     | Backtest   | [回测 4/5] 模拟第 4481/9008 笔交易: 凯伦股份...
2026-05-01 00:27:03.124 | INFO     | Backtest   | [回测 4/5] 模拟第 4491/9008 笔交易: 安达维尔...
2026-05-01 00:27:03.594 | INFO     | Backtest   | [回测 4/5] 模拟第 4501/9008 笔交易: 设研院...
2026-05-01 00:27:03.841 | INFO     | Backtest   | [回测 4/5] 模拟第 4511/9008 笔交易: 科顺股份...
2026-05-01 00:27:04.133 | INFO     | Backtest   | [回测 4/5] 模拟第 4521/9008 笔交易: 水羊股份...
2026-05-01 00:27:04.493 | INFO     | Backtest   | [回测 4/5] 模拟第 4531/9008 笔交易: 汉嘉数智...
2026-05-01 00:27:05.062 | INFO     | Backtest   | [回测 4/5] 模拟第 4541/9008 笔交易: 隆利科技...
2026-05-01 00:27:05.640 | INFO     | Backtest   | [回测 4/5] 模拟第 4551/9008 笔交易: 七彩化学...
2026-05-01 00:27:06.244 | INFO     | Backtest   | [回测 4/5] 模拟第 4561/9008 笔交易: 迪普科技...
2026-05-01 00:27:06.611 | INFO     | Backtest   | [回测 4/5] 模拟第 4571/9008 笔交易: 倍杰特...
2026-05-01 00:27:06.883 | INFO     | Backtest   | [回测 4/5] 模拟第 4581/9008 笔交易: 海能实业...
2026-05-01 00:27:07.288 | INFO     | Backtest   | [回测 4/5] 模拟第 4591/9008 笔交易: 钢研纳克...
2026-05-01 00:27:07.518 | INFO     | Backtest   | [回测 4/5] 模拟第 4601/9008 笔交易: 斯迪克...
2026-05-01 00:27:08.033 | INFO     | Backtest   | [回测 4/5] 模拟第 4611/9008 笔交易: 耐普矿机...
2026-05-01 00:27:08.213 | INFO     | Backtest   | [回测 4/5] 模拟第 4621/9008 笔交易: 阿尔特...
2026-05-01 00:27:08.570 | INFO     | Backtest   | [回测 4/5] 模拟第 4631/9008 笔交易: 金现代...
2026-05-01 00:27:09.007 | INFO     | Backtest   | [回测 4/5] 模拟第 4641/9008 笔交易: 博汇股份...
2026-05-01 00:27:09.381 | INFO     | Backtest   | [回测 4/5] 模拟第 4651/9008 笔交易: 中船汉光...
2026-05-01 00:27:09.829 | INFO     | Backtest   | [回测 4/5] 模拟第 4661/9008 笔交易: 锦盛新材...
2026-05-01 00:27:10.210 | INFO     | Backtest   | [回测 4/5] 模拟第 4671/9008 笔交易: 科拓生物...
2026-05-01 00:27:10.484 | INFO     | Backtest   | [回测 4/5] 模拟第 4681/9008 笔交易: 大宏立...
2026-05-01 00:27:10.818 | INFO     | Backtest   | [回测 4/5] 模拟第 4691/9008 笔交易: 天阳科技...
2026-05-01 00:27:11.079 | INFO     | Backtest   | [回测 4/5] 模拟第 4701/9008 笔交易: 万胜智能...
2026-05-01 00:27:11.513 | INFO     | Backtest   | [回测 4/5] 模拟第 4711/9008 笔交易: 海昌新材...
2026-05-01 00:27:11.955 | INFO     | Backtest   | [回测 4/5] 模拟第 4721/9008 笔交易: 火星人...
2026-05-01 00:27:12.431 | INFO     | Backtest   | [回测 4/5] 模拟第 4731/9008 笔交易: 科翔股份...
2026-05-01 00:27:12.767 | INFO     | Backtest   | [回测 4/5] 模拟第 4741/9008 笔交易: 南山智尚...
2026-05-01 00:27:13.184 | INFO     | Backtest   | [回测 4/5] 模拟第 4751/9008 笔交易: 法本信息...
2026-05-01 00:27:13.606 | INFO     | Backtest   | [回测 4/5] 模拟第 4761/9008 笔交易: 中辰股份...
2026-05-01 00:27:13.960 | INFO     | Backtest   | [回测 4/5] 模拟第 4771/9008 笔交易: 易瑞生物...
2026-05-01 00:27:14.323 | INFO     | Backtest   | [回测 4/5] 模拟第 4781/9008 笔交易: 冠中生态...
2026-05-01 00:27:14.739 | INFO     | Backtest   | [回测 4/5] 模拟第 4791/9008 笔交易: 建工修复...
2026-05-01 00:27:15.157 | INFO     | Backtest   | [回测 4/5] 模拟第 4801/9008 笔交易: 中洲特材...
2026-05-01 00:27:15.492 | INFO     | Backtest   | [回测 4/5] 模拟第 4811/9008 笔交易: 博亚精工...
2026-05-01 00:27:15.846 | INFO     | Backtest   | [回测 4/5] 模拟第 4821/9008 笔交易: 中红医疗...
2026-05-01 00:27:16.285 | INFO     | Backtest   | [回测 4/5] 模拟第 4831/9008 笔交易: 致远新能...
2026-05-01 00:27:16.713 | INFO     | Backtest   | [回测 4/5] 模拟第 4841/9008 笔交易: 久祺股份...
2026-05-01 00:27:17.300 | INFO     | Backtest   | [回测 4/5] 模拟第 4851/9008 笔交易: 崧盛股份...
2026-05-01 00:27:17.741 | INFO     | Backtest   | [回测 4/5] 模拟第 4861/9008 笔交易: 扬电科技...
2026-05-01 00:27:18.168 | INFO     | Backtest   | [回测 4/5] 模拟第 4871/9008 笔交易: 雷尔伟...
2026-05-01 00:27:18.434 | INFO     | Backtest   | [回测 4/5] 模拟第 4881/9008 笔交易: 密封科技...
2026-05-01 00:27:18.846 | INFO     | Backtest   | [回测 4/5] 模拟第 4891/9008 笔交易: 华蓝集团...
2026-05-01 00:27:19.194 | INFO     | Backtest   | [回测 4/5] 模拟第 4901/9008 笔交易: 保立佳...
2026-05-01 00:27:19.530 | INFO     | Backtest   | [回测 4/5] 模拟第 4911/9008 笔交易: 中集车辆...
2026-05-01 00:27:19.983 | INFO     | Backtest   | [回测 4/5] 模拟第 4921/9008 笔交易: 金鹰重工...
2026-05-01 00:27:20.290 | INFO     | Backtest   | [回测 4/5] 模拟第 4931/9008 笔交易: 信濠光电...
2026-05-01 00:27:20.694 | INFO     | Backtest   | [回测 4/5] 模拟第 4941/9008 笔交易: 汇隆新材...
2026-05-01 00:27:21.163 | INFO     | Backtest   | [回测 4/5] 模拟第 4951/9008 笔交易: 上海艾录...
2026-05-01 00:27:21.627 | INFO     | Backtest   | [回测 4/5] 模拟第 4961/9008 笔交易: 凯盛新材...
2026-05-01 00:27:22.302 | INFO     | Backtest   | [回测 4/5] 模拟第 4971/9008 笔交易: 严牌股份...
2026-05-01 00:27:22.642 | INFO     | Backtest   | [回测 4/5] 模拟第 4981/9008 笔交易: 金埔园林...
2026-05-01 00:27:23.189 | INFO     | Backtest   | [回测 4/5] 模拟第 4991/9008 笔交易: 军信股份...
2026-05-01 00:27:23.568 | INFO     | Backtest   | [回测 4/5] 模拟第 5001/9008 笔交易: 益客食品...
2026-05-01 00:27:24.000 | INFO     | Backtest   | [回测 4/5] 模拟第 5011/9008 笔交易: 采纳股份...
2026-05-01 00:27:24.384 | INFO     | Backtest   | [回测 4/5] 模拟第 5021/9008 笔交易: 武汉天源...
2026-05-01 00:27:24.993 | INFO     | Backtest   | [回测 4/5] 模拟第 5031/9008 笔交易: 隆华新材...
2026-05-01 00:27:25.469 | INFO     | Backtest   | [回测 4/5] 模拟第 5041/9008 笔交易: 建研设计...
2026-05-01 00:27:26.029 | INFO     | Backtest   | [回测 4/5] 模拟第 5051/9008 笔交易: 万祥科技...
2026-05-01 00:27:26.425 | INFO     | Backtest   | [回测 4/5] 模拟第 5061/9008 笔交易: 泰祥股份...
2026-05-01 00:27:26.732 | INFO     | Backtest   | [回测 4/5] 模拟第 5071/9008 笔交易: 喜悦智行...
2026-05-01 00:27:27.095 | INFO     | Backtest   | [回测 4/5] 模拟第 5081/9008 笔交易: 万凯新材...
2026-05-01 00:27:27.428 | INFO     | Backtest   | [回测 4/5] 模拟第 5091/9008 笔交易: 中荣股份...
2026-05-01 00:27:27.850 | INFO     | Backtest   | [回测 4/5] 模拟第 5101/9008 笔交易: 瑞泰新材...
2026-05-01 00:27:28.195 | INFO     | Backtest   | [回测 4/5] 模拟第 5111/9008 笔交易: 格力博...
2026-05-01 00:27:28.564 | INFO     | Backtest   | [回测 4/5] 模拟第 5121/9008 笔交易: 铭利达...
2026-05-01 00:27:28.980 | INFO     | Backtest   | [回测 4/5] 模拟第 5131/9008 笔交易: 金道科技...
2026-05-01 00:27:29.635 | INFO     | Backtest   | [回测 4/5] 模拟第 5141/9008 笔交易: 真兰仪表...
2026-05-01 00:27:30.148 | INFO     | Backtest   | [回测 4/5] 模拟第 5151/9008 笔交易: 昆船智能...
2026-05-01 00:27:30.575 | INFO     | Backtest   | [回测 4/5] 模拟第 5161/9008 笔交易: 信音电子...
2026-05-01 00:27:31.028 | INFO     | Backtest   | [回测 4/5] 模拟第 5171/9008 笔交易: 南王科技...
2026-05-01 00:27:31.373 | INFO     | Backtest   | [回测 4/5] 模拟第 5181/9008 笔交易: 国科恒泰...
2026-05-01 00:27:31.843 | INFO     | Backtest   | [回测 4/5] 模拟第 5191/9008 笔交易: 赛维时代...
2026-05-01 00:27:32.213 | INFO     | Backtest   | [回测 4/5] 模拟第 5201/9008 笔交易: 森泰股份...
2026-05-01 00:27:32.702 | INFO     | Backtest   | [回测 4/5] 模拟第 5211/9008 笔交易: 盘古智能...
2026-05-01 00:27:33.051 | INFO     | Backtest   | [回测 4/5] 模拟第 5221/9008 笔交易: 飞南资源...
2026-05-01 00:27:33.328 | INFO     | Backtest   | [回测 4/5] 模拟第 5231/9008 笔交易: 中远通...
2026-05-01 00:27:33.715 | INFO     | Backtest   | [回测 4/5] 模拟第 5241/9008 笔交易: 浙江华远...
2026-05-01 00:27:34.069 | INFO     | Backtest   | [回测 4/5] 模拟第 5251/9008 笔交易: 中仑新材...
2026-05-01 00:27:34.342 | INFO     | Backtest   | [回测 4/5] 模拟第 5261/9008 笔交易: 超研股份...
2026-05-01 00:27:34.875 | INFO     | Backtest   | [回测 4/5] 模拟第 5271/9008 笔交易: 华能国际...
2026-05-01 00:27:35.312 | INFO     | Backtest   | [回测 4/5] 模拟第 5281/9008 笔交易: 山东钢铁...
2026-05-01 00:27:35.720 | INFO     | Backtest   | [回测 4/5] 模拟第 5291/9008 笔交易: 中国石化...
2026-05-01 00:27:35.992 | INFO     | Backtest   | [回测 4/5] 模拟第 5301/9008 笔交易: 歌华有线...
2026-05-01 00:27:36.500 | INFO     | Backtest   | [回测 4/5] 模拟第 5311/9008 笔交易: 九鼎投资...
2026-05-01 00:27:36.916 | INFO     | Backtest   | [回测 4/5] 模拟第 5321/9008 笔交易: 万东医疗...
2026-05-01 00:27:37.390 | INFO     | Backtest   | [回测 4/5] 模拟第 5331/9008 笔交易: 海信视像...
2026-05-01 00:27:37.781 | INFO     | Backtest   | [回测 4/5] 模拟第 5341/9008 笔交易: 冠城新材...
2026-05-01 00:27:38.313 | INFO     | Backtest   | [回测 4/5] 模拟第 5351/9008 笔交易: 新疆天业...
2026-05-01 00:27:38.603 | INFO     | Backtest   | [回测 4/5] 模拟第 5361/9008 笔交易: ST人福...
2026-05-01 00:27:39.097 | INFO     | Backtest   | [回测 4/5] 模拟第 5371/9008 笔交易: 中视传媒...
2026-05-01 00:27:39.498 | INFO     | Backtest   | [回测 4/5] 模拟第 5381/9008 笔交易: 广州发展...
2026-05-01 00:27:39.918 | INFO     | Backtest   | [回测 4/5] 模拟第 5391/9008 笔交易: 明星电力...
2026-05-01 00:27:40.197 | INFO     | Backtest   | [回测 4/5] 模拟第 5401/9008 笔交易: 国金证券...
2026-05-01 00:27:40.598 | INFO     | Backtest   | [回测 4/5] 模拟第 5411/9008 笔交易: 三峡水利...
2026-05-01 00:27:40.817 | INFO     | Backtest   | [回测 4/5] 模拟第 5421/9008 笔交易: 郑州煤电...
2026-05-01 00:27:41.175 | INFO     | Backtest   | [回测 4/5] 模拟第 5431/9008 笔交易: 苏豪弘业...
2026-05-01 00:27:41.721 | INFO     | Backtest   | [回测 4/5] 模拟第 5441/9008 笔交易: 乐凯胶片...
2026-05-01 00:27:42.088 | INFO     | Backtest   | [回测 4/5] 模拟第 5451/9008 笔交易: 金发科技...
2026-05-01 00:27:42.374 | INFO     | Backtest   | [回测 4/5] 模拟第 5461/9008 笔交易: 航天机电...
2026-05-01 00:27:42.760 | INFO     | Backtest   | [回测 4/5] 模拟第 5471/9008 笔交易: 华创云信...
2026-05-01 00:27:43.150 | INFO     | Backtest   | [回测 4/5] 模拟第 5481/9008 笔交易: 大龙地产...
2026-05-01 00:27:43.598 | INFO     | Backtest   | [回测 4/5] 模拟第 5491/9008 笔交易: 福田汽车...
2026-05-01 00:27:43.983 | INFO     | Backtest   | [回测 4/5] 模拟第 5501/9008 笔交易: 上海建工...
2026-05-01 00:27:44.311 | INFO     | Backtest   | [回测 4/5] 模拟第 5511/9008 笔交易: 中国巨石...
2026-05-01 00:27:44.675 | INFO     | Backtest   | [回测 4/5] 模拟第 5521/9008 笔交易: S佳通...
2026-05-01 00:27:45.096 | INFO     | Backtest   | [回测 4/5] 模拟第 5531/9008 笔交易: 国中水务...
2026-05-01 00:27:45.497 | INFO     | Backtest   | [回测 4/5] 模拟第 5541/9008 笔交易: 中牧股份...
2026-05-01 00:27:45.797 | INFO     | Backtest   | [回测 4/5] 模拟第 5551/9008 笔交易: 哈空调...
2026-05-01 00:27:46.098 | INFO     | Backtest   | [回测 4/5] 模拟第 5561/9008 笔交易: 安彩高科...
2026-05-01 00:27:46.581 | INFO     | Backtest   | [回测 4/5] 模拟第 5571/9008 笔交易: 绿能慧充...
2026-05-01 00:27:46.937 | INFO     | Backtest   | [回测 4/5] 模拟第 5581/9008 笔交易: 南山铝业...
2026-05-01 00:27:47.339 | INFO     | Backtest   | [回测 4/5] 模拟第 5591/9008 笔交易: 亨通股份...
2026-05-01 00:27:47.651 | INFO     | Backtest   | [回测 4/5] 模拟第 5601/9008 笔交易: *ST返利...
2026-05-01 00:27:47.956 | INFO     | Backtest   | [回测 4/5] 模拟第 5611/9008 笔交易: 圆通速递...
2026-05-01 00:27:48.390 | INFO     | Backtest   | [回测 4/5] 模拟第 5621/9008 笔交易: 铜峰电子...
2026-05-01 00:27:48.811 | INFO     | Backtest   | [回测 4/5] 模拟第 5631/9008 笔交易: 时代万恒...
2026-05-01 00:27:48.976 | INFO     | Backtest   | [回测 4/5] 模拟第 5641/9008 笔交易: 陕建股份...
2026-05-01 00:27:49.498 | INFO     | Backtest   | [回测 4/5] 模拟第 5651/9008 笔交易: 冠农股份...
2026-05-01 00:27:49.874 | INFO     | Backtest   | [回测 4/5] 模拟第 5661/9008 笔交易: 大湖股份...
2026-05-01 00:27:50.070 | INFO     | Backtest   | [回测 4/5] 模拟第 5671/9008 笔交易: 城建发展...
2026-05-01 00:27:50.455 | INFO     | Backtest   | [回测 4/5] 模拟第 5681/9008 笔交易: 开开实业...
2026-05-01 00:27:50.920 | INFO     | Backtest   | [回测 4/5] 模拟第 5691/9008 笔交易: 中央商场...
2026-05-01 00:27:51.400 | INFO     | Backtest   | [回测 4/5] 模拟第 5701/9008 笔交易: 浦东建设...
2026-05-01 00:27:51.716 | INFO     | Backtest   | [回测 4/5] 模拟第 5711/9008 笔交易: 电投水电...
2026-05-01 00:27:52.055 | INFO     | Backtest   | [回测 4/5] 模拟第 5721/9008 笔交易: 维维股份...
2026-05-01 00:27:52.401 | INFO     | Backtest   | [回测 4/5] 模拟第 5731/9008 笔交易: 曙光股份...
2026-05-01 00:27:52.762 | INFO     | Backtest   | [回测 4/5] 模拟第 5741/9008 笔交易: 平高电气...
2026-05-01 00:27:53.146 | INFO     | Backtest   | [回测 4/5] 模拟第 5751/9008 笔交易: 新力金融...
2026-05-01 00:27:53.525 | INFO     | Backtest   | [回测 4/5] 模拟第 5761/9008 笔交易: 华发股份...
2026-05-01 00:27:54.062 | INFO     | Backtest   | [回测 4/5] 模拟第 5771/9008 笔交易: 天通股份...
2026-05-01 00:27:54.706 | INFO     | Backtest   | [回测 4/5] 模拟第 5781/9008 笔交易: 澳柯玛...
2026-05-01 00:27:54.933 | INFO     | Backtest   | [回测 4/5] 模拟第 5791/9008 笔交易: 华夏幸福...
2026-05-01 00:27:55.387 | INFO     | Backtest   | [回测 4/5] 模拟第 5801/9008 笔交易: 华阳股份...
2026-05-01 00:27:55.745 | INFO     | Backtest   | [回测 4/5] 模拟第 5811/9008 笔交易: 敦煌种业...
2026-05-01 00:27:56.071 | INFO     | Backtest   | [回测 4/5] 模拟第 5821/9008 笔交易: 创新新材...
2026-05-01 00:27:56.740 | INFO     | Backtest   | [回测 4/5] 模拟第 5831/9008 笔交易: 三房巷...
2026-05-01 00:27:57.090 | INFO     | Backtest   | [回测 4/5] 模拟第 5841/9008 笔交易: 首开股份...
2026-05-01 00:27:57.445 | INFO     | Backtest   | [回测 4/5] 模拟第 5851/9008 笔交易: 北巴传媒...
2026-05-01 00:27:57.939 | INFO     | Backtest   | [回测 4/5] 模拟第 5861/9008 笔交易: 五矿资本...
2026-05-01 00:27:58.260 | INFO     | Backtest   | [回测 4/5] 模拟第 5871/9008 笔交易: 海澜之家...
2026-05-01 00:27:58.613 | INFO     | Backtest   | [回测 4/5] 模拟第 5881/9008 笔交易: 国电南瑞...
2026-05-01 00:27:58.984 | INFO     | Backtest   | [回测 4/5] 模拟第 5891/9008 笔交易: 华胜天成...
2026-05-01 00:27:59.460 | INFO     | Backtest   | [回测 4/5] 模拟第 5901/9008 笔交易: 青松建化...
2026-05-01 00:27:59.900 | INFO     | Backtest   | [回测 4/5] 模拟第 5911/9008 笔交易: 通威股份...
2026-05-01 00:28:00.174 | INFO     | Backtest   | [回测 4/5] 模拟第 5921/9008 笔交易: 华纺股份...
2026-05-01 00:28:00.769 | INFO     | Backtest   | [回测 4/5] 模拟第 5931/9008 笔交易: 贵研铂业...
2026-05-01 00:28:00.958 | INFO     | Backtest   | [回测 4/5] 模拟第 5941/9008 笔交易: 风神股份...
2026-05-01 00:28:01.307 | INFO     | Backtest   | [回测 4/5] 模拟第 5951/9008 笔交易: 杭萧钢构...
2026-05-01 00:28:01.714 | INFO     | Backtest   | [回测 4/5] 模拟第 5961/9008 笔交易: 福能股份...
2026-05-01 00:28:02.139 | INFO     | Backtest   | [回测 4/5] 模拟第 5971/9008 笔交易: 鹏欣资源...
2026-05-01 00:28:02.438 | INFO     | Backtest   | [回测 4/5] 模拟第 5981/9008 笔交易: 烽火通信...
2026-05-01 00:28:02.692 | INFO     | Backtest   | [回测 4/5] 模拟第 5991/9008 笔交易: 华丽家族...
2026-05-01 00:28:03.260 | INFO     | Backtest   | [回测 4/5] 模拟第 6001/9008 笔交易: 天富能源...
2026-05-01 00:28:03.527 | INFO     | Backtest   | [回测 4/5] 模拟第 6011/9008 笔交易: 方大炭素...
2026-05-01 00:28:04.050 | INFO     | Backtest   | [回测 4/5] 模拟第 6021/9008 笔交易: 华海药业...
2026-05-01 00:28:04.453 | INFO     | Backtest   | [回测 4/5] 模拟第 6031/9008 笔交易: ST长园...
2026-05-01 00:28:04.762 | INFO     | Backtest   | [回测 4/5] 模拟第 6041/9008 笔交易: 山东药玻...
2026-05-01 00:28:05.105 | INFO     | Backtest   | [回测 4/5] 模拟第 6051/9008 笔交易: 栖霞建设...
2026-05-01 00:28:05.515 | INFO     | Backtest   | [回测 4/5] 模拟第 6061/9008 笔交易: 狮头股份...
2026-05-01 00:28:05.852 | INFO     | Backtest   | [回测 4/5] 模拟第 6071/9008 笔交易: 山煤国际...
2026-05-01 00:28:06.126 | INFO     | Backtest   | [回测 4/5] 模拟第 6081/9008 笔交易: 天下秀...
2026-05-01 00:28:06.436 | INFO     | Backtest   | [回测 4/5] 模拟第 6091/9008 笔交易: 金自天正...
2026-05-01 00:28:06.844 | INFO     | Backtest   | [回测 4/5] 模拟第 6101/9008 笔交易: 信雅达...
2026-05-01 00:28:07.307 | INFO     | Backtest   | [回测 4/5] 模拟第 6111/9008 笔交易: 精达股份...
2026-05-01 00:28:07.572 | INFO     | Backtest   | [回测 4/5] 模拟第 6121/9008 笔交易: 中化装备...
2026-05-01 00:28:08.060 | INFO     | Backtest   | [回测 4/5] 模拟第 6131/9008 笔交易: 用友网络...
2026-05-01 00:28:08.407 | INFO     | Backtest   | [回测 4/5] 模拟第 6141/9008 笔交易: 中孚实业...
2026-05-01 00:28:08.847 | INFO     | Backtest   | [回测 4/5] 模拟第 6151/9008 笔交易: 方正科技...
2026-05-01 00:28:09.079 | INFO     | Backtest   | [回测 4/5] 模拟第 6161/9008 笔交易: *ST沪科...
2026-05-01 00:28:09.439 | INFO     | Backtest   | [回测 4/5] 模拟第 6171/9008 笔交易: 大众交通...
2026-05-01 00:28:09.717 | INFO     | Backtest   | [回测 4/5] 模拟第 6181/9008 笔交易: 国新能源...
2026-05-01 00:28:10.160 | INFO     | Backtest   | [回测 4/5] 模拟第 6191/9008 笔交易: 天宸股份...
2026-05-01 00:28:10.373 | INFO     | Backtest   | [回测 4/5] 模拟第 6201/9008 笔交易: 华建集团...
2026-05-01 00:28:10.772 | INFO     | Backtest   | [回测 4/5] 模拟第 6211/9008 笔交易: 东方明珠...
2026-05-01 00:28:11.105 | INFO     | Backtest   | [回测 4/5] 模拟第 6221/9008 笔交易: 先导基电...
2026-05-01 00:28:11.591 | INFO     | Backtest   | [回测 4/5] 模拟第 6231/9008 笔交易: 中源协和...
2026-05-01 00:28:12.018 | INFO     | Backtest   | [回测 4/5] 模拟第 6241/9008 笔交易: 飞乐音响...
2026-05-01 00:28:12.305 | INFO     | Backtest   | [回测 4/5] 模拟第 6251/9008 笔交易: 豫园股份...
2026-05-01 00:28:12.635 | INFO     | Backtest   | [回测 4/5] 模拟第 6261/9008 笔交易: 奥瑞德...
2026-05-01 00:28:13.057 | INFO     | Backtest   | [回测 4/5] 模拟第 6271/9008 笔交易: 天目药业...
2026-05-01 00:28:13.353 | INFO     | Backtest   | [回测 4/5] 模拟第 6281/9008 笔交易: 百川能源...
2026-05-01 00:28:13.726 | INFO     | Backtest   | [回测 4/5] 模拟第 6291/9008 笔交易: 金龙汽车...
2026-05-01 00:28:14.026 | INFO     | Backtest   | [回测 4/5] 模拟第 6301/9008 笔交易: 潞化科技...
2026-05-01 00:28:14.289 | INFO     | Backtest   | [回测 4/5] 模拟第 6311/9008 笔交易: 均胜电子...
2026-05-01 00:28:14.629 | INFO     | Backtest   | [回测 4/5] 模拟第 6321/9008 笔交易: 光明地产...
2026-05-01 00:28:14.985 | INFO     | Backtest   | [回测 4/5] 模拟第 6331/9008 笔交易: 金瑞矿业...
2026-05-01 00:28:15.360 | INFO     | Backtest   | [回测 4/5] 模拟第 6341/9008 笔交易: 大连热电...
2026-05-01 00:28:15.852 | INFO     | Backtest   | [回测 4/5] 模拟第 6351/9008 笔交易: 宁波富达...
2026-05-01 00:28:16.305 | INFO     | Backtest   | [回测 4/5] 模拟第 6361/9008 笔交易: 鲁北化工...
2026-05-01 00:28:16.641 | INFO     | Backtest   | [回测 4/5] 模拟第 6371/9008 笔交易: 湖南海利...
2026-05-01 00:28:16.949 | INFO     | Backtest   | [回测 4/5] 模拟第 6381/9008 笔交易: ST新华锦...
2026-05-01 00:28:17.380 | INFO     | Backtest   | [回测 4/5] 模拟第 6391/9008 笔交易: 富维股份...
2026-05-01 00:28:17.836 | INFO     | Backtest   | [回测 4/5] 模拟第 6401/9008 笔交易: 上实发展...
2026-05-01 00:28:18.112 | INFO     | Backtest   | [回测 4/5] 模拟第 6411/9008 笔交易: 锦江酒店...
2026-05-01 00:28:18.402 | INFO     | Backtest   | [回测 4/5] 模拟第 6421/9008 笔交易: 安徽合力...
2026-05-01 00:28:18.673 | INFO     | Backtest   | [回测 4/5] 模拟第 6431/9008 笔交易: 祥龙电业...
2026-05-01 00:28:19.221 | INFO     | Backtest   | [回测 4/5] 模拟第 6441/9008 笔交易: 西藏城投...
2026-05-01 00:28:19.550 | INFO     | Backtest   | [回测 4/5] 模拟第 6451/9008 笔交易: 东方通信...
2026-05-01 00:28:20.052 | INFO     | Backtest   | [回测 4/5] 模拟第 6461/9008 笔交易: 新钢股份...
2026-05-01 00:28:20.430 | INFO     | Backtest   | [回测 4/5] 模拟第 6471/9008 笔交易: 中储股份...
2026-05-01 00:28:20.965 | INFO     | Backtest   | [回测 4/5] 模拟第 6481/9008 笔交易: 宜宾纸业...
2026-05-01 00:28:21.280 | INFO     | Backtest   | [回测 4/5] 模拟第 6491/9008 笔交易: 浙大网新...
2026-05-01 00:28:21.477 | INFO     | Backtest   | [回测 4/5] 模拟第 6501/9008 笔交易: 福建水泥...
2026-05-01 00:28:21.889 | INFO     | Backtest   | [回测 4/5] 模拟第 6511/9008 笔交易: 马钢股份...
2026-05-01 00:28:22.171 | INFO     | Backtest   | [回测 4/5] 模拟第 6521/9008 笔交易: 建元信托...
2026-05-01 00:28:22.533 | INFO     | Backtest   | [回测 4/5] 模拟第 6531/9008 笔交易: 金开新能...
2026-05-01 00:28:22.759 | INFO     | Backtest   | [回测 4/5] 模拟第 6541/9008 笔交易: 人民同泰...
2026-05-01 00:28:23.087 | INFO     | Backtest   | [回测 4/5] 模拟第 6551/9008 笔交易: 上海机电...
2026-05-01 00:28:23.389 | INFO     | Backtest   | [回测 4/5] 模拟第 6561/9008 笔交易: 金煤科技...
2026-05-01 00:28:23.744 | INFO     | Backtest   | [回测 4/5] 模拟第 6571/9008 笔交易: 龙建股份...
2026-05-01 00:28:24.026 | INFO     | Backtest   | [回测 4/5] 模拟第 6581/9008 笔交易: 银座股份...
2026-05-01 00:28:24.396 | INFO     | Backtest   | [回测 4/5] 模拟第 6591/9008 笔交易: 北京人力...
2026-05-01 00:28:24.859 | INFO     | Backtest   | [回测 4/5] 模拟第 6601/9008 笔交易: 百大集团...
2026-05-01 00:28:25.191 | INFO     | Backtest   | [回测 4/5] 模拟第 6611/9008 笔交易: 远东股份...
2026-05-01 00:28:25.523 | INFO     | Backtest   | [回测 4/5] 模拟第 6621/9008 笔交易: 创业环保...
2026-05-01 00:28:25.817 | INFO     | Backtest   | [回测 4/5] 模拟第 6631/9008 笔交易: 航天电子...
2026-05-01 00:28:26.254 | INFO     | Backtest   | [回测 4/5] 模拟第 6641/9008 笔交易: 杉杉股份...
2026-05-01 00:28:26.490 | INFO     | Backtest   | [回测 4/5] 模拟第 6651/9008 笔交易: *ST大晟...
2026-05-01 00:28:26.897 | INFO     | Backtest   | [回测 4/5] 模拟第 6661/9008 笔交易: 财达证券...
2026-05-01 00:28:27.368 | INFO     | Backtest   | [回测 4/5] 模拟第 6671/9008 笔交易: 雪天盐业...
2026-05-01 00:28:27.623 | INFO     | Backtest   | [回测 4/5] 模拟第 6681/9008 笔交易: 北投科技...
2026-05-01 00:28:28.040 | INFO     | Backtest   | [回测 4/5] 模拟第 6691/9008 笔交易: 渤海汽车...
2026-05-01 00:28:28.347 | INFO     | Backtest   | [回测 4/5] 模拟第 6701/9008 笔交易: 岳阳林纸...
2026-05-01 00:28:28.606 | INFO     | Backtest   | [回测 4/5] 模拟第 6711/9008 笔交易: 内蒙一机...
2026-05-01 00:28:29.093 | INFO     | Backtest   | [回测 4/5] 模拟第 6721/9008 笔交易: 新五丰...
2026-05-01 00:28:29.621 | INFO     | Backtest   | [回测 4/5] 模拟第 6731/9008 笔交易: 宁波能源...
2026-05-01 00:28:29.892 | INFO     | Backtest   | [回测 4/5] 模拟第 6741/9008 笔交易: 浙文互联...
2026-05-01 00:28:30.320 | INFO     | Backtest   | [回测 4/5] 模拟第 6751/9008 笔交易: 贵绳股份...
2026-05-01 00:28:30.659 | INFO     | Backtest   | [回测 4/5] 模拟第 6761/9008 笔交易: 贵广网络...
2026-05-01 00:28:31.086 | INFO     | Backtest   | [回测 4/5] 模拟第 6771/9008 笔交易: 晋亿实业...
2026-05-01 00:28:31.518 | INFO     | Backtest   | [回测 4/5] 模拟第 6781/9008 笔交易: 金陵饭店...
2026-05-01 00:28:31.888 | INFO     | Backtest   | [回测 4/5] 模拟第 6791/9008 笔交易: 宝泰隆...
2026-05-01 00:28:32.188 | INFO     | Backtest   | [回测 4/5] 模拟第 6801/9008 笔交易: 宁波港...
2026-05-01 00:28:32.695 | INFO     | Backtest   | [回测 4/5] 模拟第 6811/9008 笔交易: 一拖股份...
2026-05-01 00:28:33.271 | INFO     | Backtest   | [回测 4/5] 模拟第 6821/9008 笔交易: 中铝国际...
2026-05-01 00:28:33.723 | INFO     | Backtest   | [回测 4/5] 模拟第 6831/9008 笔交易: 国芳集团...
2026-05-01 00:28:34.264 | INFO     | Backtest   | [回测 4/5] 模拟第 6841/9008 笔交易: 太平洋...
2026-05-01 00:28:34.494 | INFO     | Backtest   | [回测 4/5] 模拟第 6851/9008 笔交易: 财通证券...
2026-05-01 00:28:35.014 | INFO     | Backtest   | [回测 4/5] 模拟第 6861/9008 笔交易: 华鼎股份...
2026-05-01 00:28:35.286 | INFO     | Backtest   | [回测 4/5] 模拟第 6871/9008 笔交易: 海南橡胶...
2026-05-01 00:28:35.600 | INFO     | Backtest   | [回测 4/5] 模拟第 6881/9008 笔交易: 柏诚股份...
2026-05-01 00:28:36.185 | INFO     | Backtest   | [回测 4/5] 模拟第 6891/9008 笔交易: 新城控股...
2026-05-01 00:28:36.634 | INFO     | Backtest   | [回测 4/5] 模拟第 6901/9008 笔交易: 西部矿业...
2026-05-01 00:28:37.121 | INFO     | Backtest   | [回测 4/5] 模拟第 6911/9008 笔交易: 中国铁建...
2026-05-01 00:28:37.635 | INFO     | Backtest   | [回测 4/5] 模拟第 6921/9008 笔交易: 白银有色...
2026-05-01 00:28:37.908 | INFO     | Backtest   | [回测 4/5] 模拟第 6931/9008 笔交易: 陕西煤业...
2026-05-01 00:28:38.387 | INFO     | Backtest   | [回测 4/5] 模拟第 6941/9008 笔交易: 上海银行...
2026-05-01 00:28:38.796 | INFO     | Backtest   | [回测 4/5] 模拟第 6951/9008 笔交易: 广汽集团...
2026-05-01 00:28:39.086 | INFO     | Backtest   | [回测 4/5] 模拟第 6961/9008 笔交易: 秦港股份...
2026-05-01 00:28:39.465 | INFO     | Backtest   | [回测 4/5] 模拟第 6971/9008 笔交易: 百隆东方...
2026-05-01 00:28:39.820 | INFO     | Backtest   | [回测 4/5] 模拟第 6981/9008 笔交易: 怡球资源...
2026-05-01 00:28:40.360 | INFO     | Backtest   | [回测 4/5] 模拟第 6991/9008 笔交易: 中新集团...
2026-05-01 00:28:40.919 | INFO     | Backtest   | [回测 4/5] 模拟第 7001/9008 笔交易: 东吴证券...
2026-05-01 00:28:41.370 | INFO     | Backtest   | [回测 4/5] 模拟第 7011/9008 笔交易: 长沙银行...
2026-05-01 00:28:41.806 | INFO     | Backtest   | [回测 4/5] 模拟第 7021/9008 笔交易: 中国铝业...
2026-05-01 00:28:42.306 | INFO     | Backtest   | [回测 4/5] 模拟第 7031/9008 笔交易: 明阳智能...
2026-05-01 00:28:42.737 | INFO     | Backtest   | [回测 4/5] 模拟第 7041/9008 笔交易: 旗滨集团...
2026-05-01 00:28:43.055 | INFO     | Backtest   | [回测 4/5] 模拟第 7051/9008 笔交易: 明泰铝业...
2026-05-01 00:28:43.413 | INFO     | Backtest   | [回测 4/5] 模拟第 7061/9008 笔交易: 中国卫通...
2026-05-01 00:28:43.988 | INFO     | Backtest   | [回测 4/5] 模拟第 7071/9008 笔交易: 际华集团...
2026-05-01 00:28:44.336 | INFO     | Backtest   | [回测 4/5] 模拟第 7081/9008 笔交易: 晶科科技...
2026-05-01 00:28:44.621 | INFO     | Backtest   | [回测 4/5] 模拟第 7091/9008 笔交易: 中国交建...
2026-05-01 00:28:45.135 | INFO     | Backtest   | [回测 4/5] 模拟第 7101/9008 笔交易: 三峰环境...
2026-05-01 00:28:45.488 | INFO     | Backtest   | [回测 4/5] 模拟第 7111/9008 笔交易: 招商轮船...
2026-05-01 00:28:46.003 | INFO     | Backtest   | [回测 4/5] 模拟第 7121/9008 笔交易: 海天精工...
2026-05-01 00:28:46.288 | INFO     | Backtest   | [回测 4/5] 模拟第 7131/9008 笔交易: 紫金矿业...
2026-05-01 00:28:46.551 | INFO     | Backtest   | [回测 4/5] 模拟第 7141/9008 笔交易: 吉视传媒...
2026-05-01 00:28:46.969 | INFO     | Backtest   | [回测 4/5] 模拟第 7151/9008 笔交易: 金钼股份...
2026-05-01 00:28:47.300 | INFO     | Backtest   | [回测 4/5] 模拟第 7161/9008 笔交易: 招商南油...
2026-05-01 00:28:47.828 | INFO     | Backtest   | [回测 4/5] 模拟第 7171/9008 笔交易: 丰林集团...
2026-05-01 00:28:48.150 | INFO     | Backtest   | [回测 4/5] 模拟第 7181/9008 笔交易: 奥康国际...
2026-05-01 00:28:48.517 | INFO     | Backtest   | [回测 4/5] 模拟第 7191/9008 笔交易: 联明股份...
2026-05-01 00:28:48.856 | INFO     | Backtest   | [回测 4/5] 模拟第 7201/9008 笔交易: 合锻智能...
2026-05-01 00:28:49.239 | INFO     | Backtest   | [回测 4/5] 模拟第 7211/9008 笔交易: 中衡设计...
2026-05-01 00:28:49.553 | INFO     | Backtest   | [回测 4/5] 模拟第 7221/9008 笔交易: 新通联...
2026-05-01 00:28:50.091 | INFO     | Backtest   | [回测 4/5] 模拟第 7231/9008 笔交易: 天鹅股份...
2026-05-01 00:28:50.416 | INFO     | Backtest   | [回测 4/5] 模拟第 7241/9008 笔交易: 常熟汽饰...
2026-05-01 00:28:50.964 | INFO     | Backtest   | [回测 4/5] 模拟第 7251/9008 笔交易: 华脉科技...
2026-05-01 00:28:51.184 | INFO     | Backtest   | [回测 4/5] 模拟第 7261/9008 笔交易: 浙江黎明...
2026-05-01 00:28:51.578 | INFO     | Backtest   | [回测 4/5] 模拟第 7271/9008 笔交易: 成都燃气...
2026-05-01 00:28:51.833 | INFO     | Backtest   | [回测 4/5] 模拟第 7281/9008 笔交易: 倍加洁...
2026-05-01 00:28:52.259 | INFO     | Backtest   | [回测 4/5] 模拟第 7291/9008 笔交易: 振华股份...
2026-05-01 00:28:52.665 | INFO     | Backtest   | [回测 4/5] 模拟第 7301/9008 笔交易: 彩蝶实业...
2026-05-01 00:28:53.111 | INFO     | Backtest   | [回测 4/5] 模拟第 7311/9008 笔交易: 圣达生物...
2026-05-01 00:28:53.542 | INFO     | Backtest   | [回测 4/5] 模拟第 7321/9008 笔交易: 宁波精达...
2026-05-01 00:28:54.042 | INFO     | Backtest   | [回测 4/5] 模拟第 7331/9008 笔交易: 南华期货...
2026-05-01 00:28:54.466 | INFO     | Backtest   | [回测 4/5] 模拟第 7341/9008 笔交易: 森特股份...
2026-05-01 00:28:55.100 | INFO     | Backtest   | [回测 4/5] 模拟第 7351/9008 笔交易: 横店影视...
2026-05-01 00:28:55.544 | INFO     | Backtest   | [回测 4/5] 模拟第 7361/9008 笔交易: 东方材料...
2026-05-01 00:28:55.915 | INFO     | Backtest   | [回测 4/5] 模拟第 7371/9008 笔交易: 红蜻蜓...
2026-05-01 00:28:56.126 | INFO     | Backtest   | [回测 4/5] 模拟第 7381/9008 笔交易: 合富中国...
2026-05-01 00:28:56.539 | INFO     | Backtest   | [回测 4/5] 模拟第 7391/9008 笔交易: 中材节能...
2026-05-01 00:28:57.019 | INFO     | Backtest   | [回测 4/5] 模拟第 7401/9008 笔交易: 金徽股份...
2026-05-01 00:28:57.414 | INFO     | Backtest   | [回测 4/5] 模拟第 7411/9008 笔交易: 邦基科技...
2026-05-01 00:28:57.921 | INFO     | Backtest   | [回测 4/5] 模拟第 7421/9008 笔交易: 新亚强...
2026-05-01 00:28:58.329 | INFO     | Backtest   | [回测 4/5] 模拟第 7431/9008 笔交易: 海通发展...
2026-05-01 00:28:58.824 | INFO     | Backtest   | [回测 4/5] 模拟第 7441/9008 笔交易: 宝立食品...
2026-05-01 00:28:59.094 | INFO     | Backtest   | [回测 4/5] 模拟第 7451/9008 笔交易: 圣龙股份...
2026-05-01 00:28:59.436 | INFO     | Backtest   | [回测 4/5] 模拟第 7461/9008 笔交易: 亚邦股份...
2026-05-01 00:28:59.864 | INFO     | Backtest   | [回测 4/5] 模拟第 7471/9008 笔交易: 亚通精工...
2026-05-01 00:29:00.226 | INFO     | Backtest   | [回测 4/5] 模拟第 7481/9008 笔交易: 常润股份...
2026-05-01 00:29:00.538 | INFO     | Backtest   | [回测 4/5] 模拟第 7491/9008 笔交易: 晋拓股份...
2026-05-01 00:29:00.891 | INFO     | Backtest   | [回测 4/5] 模拟第 7501/9008 笔交易: 比依股份...
2026-05-01 00:29:01.239 | INFO     | Backtest   | [回测 4/5] 模拟第 7511/9008 笔交易: 日月股份...
2026-05-01 00:29:01.730 | INFO     | Backtest   | [回测 4/5] 模拟第 7521/9008 笔交易: 济民健康...
2026-05-01 00:29:02.052 | INFO     | Backtest   | [回测 4/5] 模拟第 7531/9008 笔交易: 菲林格尔...
2026-05-01 00:29:02.402 | INFO     | Backtest   | [回测 4/5] 模拟第 7541/9008 笔交易: 索宝蛋白...
2026-05-01 00:29:02.857 | INFO     | Backtest   | [回测 4/5] 模拟第 7551/9008 笔交易: 浙江仙通...
2026-05-01 00:29:03.254 | INFO     | Backtest   | [回测 4/5] 模拟第 7561/9008 笔交易: *ST立航...
2026-05-01 00:29:03.591 | INFO     | Backtest   | [回测 4/5] 模拟第 7571/9008 笔交易: 金帝股份...
2026-05-01 00:29:03.905 | INFO     | Backtest   | [回测 4/5] 模拟第 7581/9008 笔交易: 景津装备...
2026-05-01 00:29:04.279 | INFO     | Backtest   | [回测 4/5] 模拟第 7591/9008 笔交易: 泰瑞机器...
2026-05-01 00:29:04.499 | INFO     | Backtest   | [回测 4/5] 模拟第 7601/9008 笔交易: 振德医疗...
2026-05-01 00:29:04.942 | INFO     | Backtest   | [回测 4/5] 模拟第 7611/9008 笔交易: 维力医疗...
2026-05-01 00:29:05.370 | INFO     | Backtest   | [回测 4/5] 模拟第 7621/9008 笔交易: 梦百合...
2026-05-01 00:29:05.705 | INFO     | Backtest   | [回测 4/5] 模拟第 7631/9008 笔交易: 梅轮电梯...
2026-05-01 00:29:06.074 | INFO     | Backtest   | [回测 4/5] 模拟第 7641/9008 笔交易: 依顿电子...
2026-05-01 00:29:06.573 | INFO     | Backtest   | [回测 4/5] 模拟第 7651/9008 笔交易: 迪生力...
2026-05-01 00:29:06.913 | INFO     | Backtest   | [回测 4/5] 模拟第 7661/9008 笔交易: 文灿股份...
2026-05-01 00:29:07.412 | INFO     | Backtest   | [回测 4/5] 模拟第 7671/9008 笔交易: 百傲化学...
2026-05-01 00:29:07.869 | INFO     | Backtest   | [回测 4/5] 模拟第 7681/9008 笔交易: 亚士创能...
2026-05-01 00:29:08.258 | INFO     | Backtest   | [回测 4/5] 模拟第 7691/9008 笔交易: *ST亚振...
2026-05-01 00:29:08.573 | INFO     | Backtest   | [回测 4/5] 模拟第 7701/9008 笔交易: 建霖家居...
2026-05-01 00:29:09.122 | INFO     | Backtest   | [回测 4/5] 模拟第 7711/9008 笔交易: *ST集友...
2026-05-01 00:29:09.505 | INFO     | Backtest   | [回测 4/5] 模拟第 7721/9008 笔交易: 勘设股份...
2026-05-01 00:29:10.017 | INFO     | Backtest   | [回测 4/5] 模拟第 7731/9008 笔交易: 展鹏科技...
2026-05-01 00:29:10.335 | INFO     | Backtest   | [回测 4/5] 模拟第 7741/9008 笔交易: 祥和实业...
2026-05-01 00:29:10.555 | INFO     | Backtest   | [回测 4/5] 模拟第 7751/9008 笔交易: 爱慕股份...
2026-05-01 00:29:10.918 | INFO     | Backtest   | [回测 4/5] 模拟第 7761/9008 笔交易: 司太立...
2026-05-01 00:29:11.325 | INFO     | Backtest   | [回测 4/5] 模拟第 7771/9008 笔交易: 多伦科技...
2026-05-01 00:29:11.667 | INFO     | Backtest   | [回测 4/5] 模拟第 7781/9008 笔交易: 奥普科技...
2026-05-01 00:29:12.115 | INFO     | Backtest   | [回测 4/5] 模拟第 7791/9008 笔交易: 珍宝岛...
2026-05-01 00:29:12.625 | INFO     | Backtest   | [回测 4/5] 模拟第 7801/9008 笔交易: 汇金通...
2026-05-01 00:29:13.108 | INFO     | Backtest   | [回测 4/5] 模拟第 7811/9008 笔交易: 苏利股份...
2026-05-01 00:29:13.507 | INFO     | Backtest   | [回测 4/5] 模拟第 7821/9008 笔交易: XD高能环...
2026-05-01 00:29:13.845 | INFO     | Backtest   | [回测 4/5] 模拟第 7831/9008 笔交易: 再升科技...
2026-05-01 00:29:14.290 | INFO     | Backtest   | [回测 4/5] 模拟第 7841/9008 笔交易: 麒盛科技...
2026-05-01 00:29:14.665 | INFO     | Backtest   | [回测 4/5] 模拟第 7851/9008 笔交易: 国联股份...
2026-05-01 00:29:14.944 | INFO     | Backtest   | [回测 4/5] 模拟第 7861/9008 笔交易: 杭电股份...
2026-05-01 00:29:15.208 | INFO     | Backtest   | [回测 4/5] 模拟第 7871/9008 笔交易: 利通电子...
2026-05-01 00:29:15.835 | INFO     | Backtest   | [回测 4/5] 模拟第 7881/9008 笔交易: 镇海股份...
2026-05-01 00:29:16.270 | INFO     | Backtest   | [回测 4/5] 模拟第 7891/9008 笔交易: 泰禾智能...
2026-05-01 00:29:16.923 | INFO     | Backtest   | [回测 4/5] 模拟第 7901/9008 笔交易: 天马科技...
2026-05-01 00:29:17.310 | INFO     | Backtest   | [回测 4/5] 模拟第 7911/9008 笔交易: 今创集团...
2026-05-01 00:29:17.640 | INFO     | Backtest   | [回测 4/5] 模拟第 7921/9008 笔交易: 晶华新材...
2026-05-01 00:29:18.061 | INFO     | Backtest   | [回测 4/5] 模拟第 7931/9008 笔交易: 大胜达...
2026-05-01 00:29:18.551 | INFO     | Backtest   | [回测 4/5] 模拟第 7941/9008 笔交易: 航天工程...
2026-05-01 00:29:18.846 | INFO     | Backtest   | [回测 4/5] 模拟第 7951/9008 笔交易: 健友股份...
2026-05-01 00:29:19.191 | INFO     | Backtest   | [回测 4/5] 模拟第 7961/9008 笔交易: 塞力医疗...
2026-05-01 00:29:19.512 | INFO     | Backtest   | [回测 4/5] 模拟第 7971/9008 笔交易: 良品铺子...
2026-05-01 00:29:19.752 | INFO     | Backtest   | [回测 4/5] 模拟第 7981/9008 笔交易: 岱美股份...
2026-05-01 00:29:20.048 | INFO     | Backtest   | [回测 4/5] 模拟第 7991/9008 笔交易: 蔚蓝生物...
2026-05-01 00:29:20.463 | INFO     | Backtest   | [回测 4/5] 模拟第 8001/9008 笔交易: 常青股份...
2026-05-01 00:29:20.821 | INFO     | Backtest   | [回测 4/5] 模拟第 8011/9008 笔交易: 国晟科技...
2026-05-01 00:29:21.154 | INFO     | Backtest   | [回测 4/5] 模拟第 8021/9008 笔交易: 宁波高发...
2026-05-01 00:29:21.492 | INFO     | Backtest   | [回测 4/5] 模拟第 8031/9008 笔交易: 康普顿...
2026-05-01 00:29:21.695 | INFO     | Backtest   | [回测 4/5] 模拟第 8041/9008 笔交易: 歌力思...
2026-05-01 00:29:22.089 | INFO     | Backtest   | [回测 4/5] 模拟第 8051/9008 笔交易: 诚意药业...
2026-05-01 00:29:22.367 | INFO     | Backtest   | [回测 4/5] 模拟第 8061/9008 笔交易: 曲美家居...
2026-05-01 00:29:22.749 | INFO     | Backtest   | [回测 4/5] 模拟第 8071/9008 笔交易: 坤彩科技...
2026-05-01 00:29:23.174 | INFO     | Backtest   | [回测 4/5] 模拟第 8081/9008 笔交易: *ST四通...
2026-05-01 00:29:23.377 | INFO     | Backtest   | [回测 4/5] 模拟第 8091/9008 笔交易: 东宏股份...
2026-05-01 00:29:23.831 | INFO     | Backtest   | [回测 4/5] 模拟第 8101/9008 笔交易: 松炀资源...
2026-05-01 00:29:24.051 | INFO     | Backtest   | [回测 4/5] 模拟第 8111/9008 笔交易: 鼎胜新材...
2026-05-01 00:29:24.360 | INFO     | Backtest   | [回测 4/5] 模拟第 8121/9008 笔交易: 数据港...
2026-05-01 00:29:24.768 | INFO     | Backtest   | [回测 4/5] 模拟第 8131/9008 笔交易: 元祖股份...
2026-05-01 00:29:25.049 | INFO     | Backtest   | [回测 4/5] 模拟第 8141/9008 笔交易: 春秋电子...
2026-05-01 00:29:25.426 | INFO     | Backtest   | [回测 4/5] 模拟第 8151/9008 笔交易: 莱绅通灵...
2026-05-01 00:29:25.671 | INFO     | Backtest   | [回测 4/5] 模拟第 8161/9008 笔交易: 龙蟠科技...
2026-05-01 00:29:26.173 | INFO     | Backtest   | [回测 4/5] 模拟第 8171/9008 笔交易: 佳力图...
2026-05-01 00:29:26.645 | INFO     | Backtest   | [回测 4/5] 模拟第 8181/9008 笔交易: 合力科技...
2026-05-01 00:29:26.982 | INFO     | Backtest   | [回测 4/5] 模拟第 8191/9008 笔交易: 铁流股份...
2026-05-01 00:29:27.291 | INFO     | Backtest   | [回测 4/5] 模拟第 8201/9008 笔交易: 博敏电子...
2026-05-01 00:29:27.807 | INFO     | Backtest   | [回测 4/5] 模拟第 8211/9008 笔交易: 建业股份...
2026-05-01 00:29:28.228 | INFO     | Backtest   | [回测 4/5] 模拟第 8221/9008 笔交易: 克来机电...
2026-05-01 00:29:28.817 | INFO     | Backtest   | [回测 4/5] 模拟第 8231/9008 笔交易: 银龙股份...
2026-05-01 00:29:29.187 | INFO     | Backtest   | [回测 4/5] 模拟第 8241/9008 笔交易: 深圳新星...
2026-05-01 00:29:29.553 | INFO     | Backtest   | [回测 4/5] 模拟第 8251/9008 笔交易: 泉峰汽车...
2026-05-01 00:29:29.929 | INFO     | Backtest   | [回测 4/5] 模拟第 8261/9008 笔交易: 艾华集团...
2026-05-01 00:29:30.276 | INFO     | Backtest   | [回测 4/5] 模拟第 8271/9008 笔交易: 继峰股份...
2026-05-01 00:29:30.664 | INFO     | Backtest   | [回测 4/5] 模拟第 8281/9008 笔交易: 威奥股份...
2026-05-01 00:29:31.102 | INFO     | Backtest   | [回测 4/5] 模拟第 8291/9008 笔交易: 山东玻纤...
2026-05-01 00:29:31.477 | INFO     | Backtest   | [回测 4/5] 模拟第 8301/9008 笔交易: 世茂能源...
2026-05-01 00:29:31.739 | INFO     | Backtest   | [回测 4/5] 模拟第 8311/9008 笔交易: 迎丰股份...
2026-05-01 00:29:32.108 | INFO     | Backtest   | [回测 4/5] 模拟第 8321/9008 笔交易: 联德股份...
2026-05-01 00:29:32.557 | INFO     | Backtest   | [回测 4/5] 模拟第 8331/9008 笔交易: 华康股份...
2026-05-01 00:29:32.913 | INFO     | Backtest   | [回测 4/5] 模拟第 8341/9008 笔交易: 同庆楼...
2026-05-01 00:29:33.201 | INFO     | Backtest   | [回测 4/5] 模拟第 8351/9008 笔交易: 西上海...
2026-05-01 00:29:33.446 | INFO     | Backtest   | [回测 4/5] 模拟第 8361/9008 笔交易: 聚合顺...
2026-05-01 00:29:33.727 | INFO     | Backtest   | [回测 4/5] 模拟第 8371/9008 笔交易: 东亚药业...
2026-05-01 00:29:34.091 | INFO     | Backtest   | [回测 4/5] 模拟第 8381/9008 笔交易: 确成股份...
2026-05-01 00:29:34.479 | INFO     | Backtest   | [回测 4/5] 模拟第 8391/9008 笔交易: 永茂泰...
2026-05-01 00:29:34.805 | INFO     | Backtest   | [回测 4/5] 模拟第 8401/9008 笔交易: 天普股份...
2026-05-01 00:29:35.265 | INFO     | Backtest   | [回测 4/5] 模拟第 8411/9008 笔交易: 必得科技...
2026-05-01 00:29:35.607 | INFO     | Backtest   | [回测 4/5] 模拟第 8421/9008 笔交易: 园林股份...
2026-05-01 00:29:35.958 | INFO     | Backtest   | [回测 4/5] 模拟第 8431/9008 笔交易: 巴比食品...
2026-05-01 00:29:36.350 | INFO     | Backtest   | [回测 4/5] 模拟第 8441/9008 笔交易: 宏柏新材...
2026-05-01 00:29:36.714 | INFO     | Backtest   | [回测 4/5] 模拟第 8451/9008 笔交易: 晨光新材...
2026-05-01 00:29:37.042 | INFO     | Backtest   | [回测 4/5] 模拟第 8461/9008 笔交易: 恒盛能源...
2026-05-01 00:29:37.464 | INFO     | Backtest   | [回测 4/5] 模拟第 8471/9008 笔交易: 博汇科技...
2026-05-01 00:29:37.972 | INFO     | Backtest   | [回测 4/5] 模拟第 8481/9008 笔交易: 奥福科技...
2026-05-01 00:29:38.333 | INFO     | Backtest   | [回测 4/5] 模拟第 8491/9008 笔交易: 天宜新材...
2026-05-01 00:29:38.608 | INFO     | Backtest   | [回测 4/5] 模拟第 8501/9008 笔交易: 龙腾光电...
2026-05-01 00:29:39.086 | INFO     | Backtest   | [回测 4/5] 模拟第 8511/9008 笔交易: 爱威科技...
2026-05-01 00:29:39.435 | INFO     | Backtest   | [回测 4/5] 模拟第 8521/9008 笔交易: 爱科科技...
2026-05-01 00:29:39.825 | INFO     | Backtest   | [回测 4/5] 模拟第 8531/9008 笔交易: 三达膜...
2026-05-01 00:29:40.291 | INFO     | Backtest   | [回测 4/5] 模拟第 8541/9008 笔交易: 赛诺医疗...
2026-05-01 00:29:40.585 | INFO     | Backtest   | [回测 4/5] 模拟第 8551/9008 笔交易: 沪硅产业...
2026-05-01 00:29:40.939 | INFO     | Backtest   | [回测 4/5] 模拟第 8561/9008 笔交易: 邦彦技术...
2026-05-01 00:29:41.506 | INFO     | Backtest   | [回测 4/5] 模拟第 8571/9008 笔交易: 华强科技...
2026-05-01 00:29:41.750 | INFO     | Backtest   | [回测 4/5] 模拟第 8581/9008 笔交易: 埃夫特-U...
2026-05-01 00:29:42.112 | INFO     | Backtest   | [回测 4/5] 模拟第 8591/9008 笔交易: 亚虹医药-U...
2026-05-01 00:29:42.614 | INFO     | Backtest   | [回测 4/5] 模拟第 8601/9008 笔交易: ST帕瓦...
2026-05-01 00:29:42.993 | INFO     | Backtest   | [回测 4/5] 模拟第 8611/9008 笔交易: 信安世纪...
2026-05-01 00:29:43.385 | INFO     | Backtest   | [回测 4/5] 模拟第 8621/9008 笔交易: 格灵深瞳...
2026-05-01 00:29:43.703 | INFO     | Backtest   | [回测 4/5] 模拟第 8631/9008 笔交易: 睿昂基因...
2026-05-01 00:29:44.111 | INFO     | Backtest   | [回测 4/5] 模拟第 8641/9008 笔交易: 前沿生物-U...
2026-05-01 00:29:44.463 | INFO     | Backtest   | [回测 4/5] 模拟第 8651/9008 笔交易: 和元生物...
2026-05-01 00:29:44.709 | INFO     | Backtest   | [回测 4/5] 模拟第 8661/9008 笔交易: 天德钰...
2026-05-01 00:29:45.358 | INFO     | Backtest   | [回测 4/5] 模拟第 8671/9008 笔交易: 天智航-U...
2026-05-01 00:29:45.933 | INFO     | Backtest   | [回测 4/5] 模拟第 8681/9008 笔交易: 圣湘生物...
2026-05-01 00:29:46.366 | INFO     | Backtest   | [回测 4/5] 模拟第 8691/9008 笔交易: 长阳科技...
2026-05-01 00:29:46.711 | INFO     | Backtest   | [回测 4/5] 模拟第 8701/9008 笔交易: 恒誉环保...
2026-05-01 00:29:47.174 | INFO     | Backtest   | [回测 4/5] 模拟第 8711/9008 笔交易: 之江生物...
2026-05-01 00:29:47.477 | INFO     | Backtest   | [回测 4/5] 模拟第 8721/9008 笔交易: 艾隆科技...
2026-05-01 00:29:47.898 | INFO     | Backtest   | [回测 4/5] 模拟第 8731/9008 笔交易: 亿华通-U...
2026-05-01 00:29:48.425 | INFO     | Backtest   | [回测 4/5] 模拟第 8741/9008 笔交易: 明志科技...
2026-05-01 00:29:48.706 | INFO     | Backtest   | [回测 4/5] 模拟第 8751/9008 笔交易: 工大高科...
2026-05-01 00:29:49.122 | INFO     | Backtest   | [回测 4/5] 模拟第 8761/9008 笔交易: 盟科药业-U...
2026-05-01 00:29:49.644 | INFO     | Backtest   | [回测 4/5] 模拟第 8771/9008 笔交易: 信科移动-U...
2026-05-01 00:29:50.053 | INFO     | Backtest   | [回测 4/5] 模拟第 8781/9008 笔交易: 汇成股份...
2026-05-01 00:29:50.381 | INFO     | Backtest   | [回测 4/5] 模拟第 8791/9008 笔交易: 诺诚健华...
2026-05-01 00:29:50.685 | INFO     | Backtest   | [回测 4/5] 模拟第 8801/9008 笔交易: 科捷智能...
2026-05-01 00:29:51.126 | INFO     | Backtest   | [回测 4/5] 模拟第 8811/9008 笔交易: 芯联集成-U...
2026-05-01 00:29:51.461 | INFO     | Backtest   | [回测 4/5] 模拟第 8821/9008 笔交易: 艾迪药业...
2026-05-01 00:29:52.075 | INFO     | Backtest   | [回测 4/5] 模拟第 8831/9008 笔交易: 正元地信...
2026-05-01 00:29:52.306 | INFO     | Backtest   | [回测 4/5] 模拟第 8841/9008 笔交易: 联赢激光...
2026-05-01 00:29:52.745 | INFO     | Backtest   | [回测 4/5] 模拟第 8851/9008 笔交易: 和辉光电-U...
2026-05-01 00:29:53.195 | INFO     | Backtest   | [回测 4/5] 模拟第 8861/9008 笔交易: 兰剑智能...
2026-05-01 00:29:53.470 | INFO     | Backtest   | [回测 4/5] 模拟第 8871/9008 笔交易: 力源科技...
2026-05-01 00:29:54.013 | INFO     | Backtest   | [回测 4/5] 模拟第 8881/9008 笔交易: 杭华股份...
2026-05-01 00:29:54.447 | INFO     | Backtest   | [回测 4/5] 模拟第 8891/9008 笔交易: 江航装备...
2026-05-01 00:29:54.748 | INFO     | Backtest   | [回测 4/5] 模拟第 8901/9008 笔交易: 新相微...
2026-05-01 00:29:55.150 | INFO     | Backtest   | [回测 4/5] 模拟第 8911/9008 笔交易: 皖仪科技...
2026-05-01 00:29:55.557 | INFO     | Backtest   | [回测 4/5] 模拟第 8921/9008 笔交易: 康众医疗...
2026-05-01 00:29:55.951 | INFO     | Backtest   | [回测 4/5] 模拟第 8931/9008 笔交易: 罗普特...
2026-05-01 00:29:56.343 | INFO     | Backtest   | [回测 4/5] 模拟第 8941/9008 笔交易: 康希通信...
2026-05-01 00:29:56.745 | INFO     | Backtest   | [回测 4/5] 模拟第 8951/9008 笔交易: 悦康药业...
2026-05-01 00:29:57.068 | INFO     | Backtest   | [回测 4/5] 模拟第 8961/9008 笔交易: 聚石化学...
2026-05-01 00:29:57.523 | INFO     | Backtest   | [回测 4/5] 模拟第 8971/9008 笔交易: 科汇股份...
2026-05-01 00:29:57.960 | INFO     | Backtest   | [回测 4/5] 模拟第 8981/9008 笔交易: 纽威数控...
2026-05-01 00:29:58.300 | INFO     | Backtest   | [回测 4/5] 模拟第 8991/9008 笔交易: 格科微...
2026-05-01 00:29:58.615 | INFO     | Backtest   | [回测 4/5] 模拟第 9001/9008 笔交易: 珠海冠宇...
2026-05-01 00:29:58.936 | INFO     | Backtest   | [回测 5/5] 回测任务完成: 8954笔(含60笔平手离场)
2026-05-01 00:35:47.784 | INFO     | DuckDB     | DuckDB | 所有核心表结构初始化完成 (含热点板块)
2026-05-01 00:35:47.784 | INFO     | DuckDB     | DuckDB 核心就绪: E:\1target\p9_project\quant-platform\data\meta\meta.db
2026-05-01 00:35:47.790 | INFO     | AIOptimizer | 🔄 [Phase 1] 加载日线数据 + 生成策略信号（此步骤只需执行一次）...
2026-05-01 00:36:04.392 | INFO     | AIOptimizer |   读取 Parquet 完成：5201 只股票 / 1 只缺失 / 1,659,045 条记录
2026-05-01 00:36:05.107 | INFO     | Screener   | 🧬 [Loader] 识别到类继承策略: MA5AngleOriginalStrategy
2026-05-01 00:36:09.989 | INFO     | AIOptimizer | ✅ [Phase 1] 完成：5201 只日线 / 9008 信号已缓存
2026-05-01 00:36:38.866 | INFO     | AIOptimizer |   1分钟线加载：1500 只股票（覆盖 2025-01-01 ~ 2026-04-30）
2026-05-01 00:36:38.867 | INFO     | AIOptimizer | 🔧 预建信号索引...
2026-05-01 00:36:38.870 | INFO     | AIOptimizer |   索引就绪：2378 有效信号
2026-05-01 00:36:39.080 | INFO     | AIOptimizer | 🌐 计算历史市场状态标签 (Regime)...
2026-05-01 00:36:39.083 | INFO     | RegimeDetector | Regime | 使用 中证A500（386 条，中位值 4801 点）
2026-05-01 00:36:39.092 | INFO     | RegimeDetector | Regime | 生成完毕 319 条标签 | 分布: {'牛市-低波': 221, '熊市-低波': 69, '牛市-高波': 5, '熊市-高波': 24}
2026-05-01 00:36:39.092 | ERROR    | AIOptimizer | AI 优化引擎崩溃: name 'settings' is not defined
2026-05-01 00:36:39.094 | ERROR    | AIOptimizer | Traceback (most recent call last):
  File "E:\1target\p9_project\quant-platform\app\backtest\ai_optimizer.py", line 831, in run
    search_space = settings.optimizer_search_space
                   ^^^^^^^^
NameError: name 'settings' is not defined

2026-05-01 00:37:58.182 | INFO     | DuckDB     | DuckDB | 所有核心表结构初始化完成 (含热点板块)
2026-05-01 00:37:58.182 | INFO     | DuckDB     | DuckDB 核心就绪: E:\1target\p9_project\quant-platform\data\meta\meta.db
2026-05-01 00:37:58.189 | INFO     | AIOptimizer | 🔄 [Phase 1] 加载日线数据 + 生成策略信号（此步骤只需执行一次）...
2026-05-01 00:38:14.648 | INFO     | AIOptimizer |   读取 Parquet 完成：5201 只股票 / 1 只缺失 / 1,659,045 条记录
2026-05-01 00:38:15.339 | INFO     | Screener   | 🧬 [Loader] 识别到类继承策略: MA5AngleOriginalStrategy
2026-05-01 00:38:20.139 | INFO     | AIOptimizer | ✅ [Phase 1] 完成：5201 只日线 / 9008 信号已缓存
2026-05-01 00:38:48.234 | INFO     | AIOptimizer |   1分钟线加载：1500 只股票（覆盖 2025-01-01 ~ 2026-04-30）
2026-05-01 00:38:48.234 | INFO     | AIOptimizer | 🔧 预建信号索引...
2026-05-01 00:38:48.237 | INFO     | AIOptimizer |   索引就绪：2378 有效信号
2026-05-01 00:38:48.412 | INFO     | AIOptimizer | 🌐 计算历史市场状态标签 (Regime)...
2026-05-01 00:38:48.416 | INFO     | RegimeDetector | Regime | 使用 中证A500（386 条，中位值 4801 点）
2026-05-01 00:38:48.423 | INFO     | RegimeDetector | Regime | 生成完毕 319 条标签 | 分布: {'熊市-高波': 24, '牛市-高波': 5, '熊市-低波': 69, '牛市-低波': 221}
2026-05-01 00:38:48.423 | INFO     | AIOptimizer | 📋 [Phase 2] 搜索空间从系统配置加载（10 个参数）
2026-05-01 00:38:48.423 | INFO     | AIOptimizer |   搜索范围预览: tp1_profit=[1.0,6.0], tp2_profit=[3.0,10.0], tp1_ratio=[0.15,0.5], tp2_ratio=[0.15,0.5], hard_stop_loss_pct=[-12.0,-3.0]
2026-05-01 00:38:48.423 | INFO     | AIOptimizer | 🔍 [Phase 3] 探索期：8 组拉丁超立方采样...
2026-05-01 00:38:51.757 | INFO     | AIOptimizer |   探索 01/8 | score=1.538 | 平盈率=+1.54% | 胜率=83.2% | PF=2.04
2026-05-01 00:38:54.394 | INFO     | AIOptimizer |   探索 02/8 | score=1.180 | 平盈率=+1.18% | 胜率=67.8% | PF=1.75
2026-05-01 00:38:56.576 | INFO     | AIOptimizer |   探索 03/8 | score=1.458 | 平盈率=+1.46% | 胜率=81.7% | PF=2.08
2026-05-01 00:38:59.412 | INFO     | AIOptimizer |   探索 04/8 | score=1.301 | 平盈率=+1.30% | 胜率=77.2% | PF=1.85
2026-05-01 00:39:02.532 | INFO     | AIOptimizer |   探索 05/8 | score=1.596 | 平盈率=+1.60% | 胜率=86.0% | PF=2.32
2026-05-01 00:39:04.158 | INFO     | AIOptimizer |   探索 06/8 | score=0.667 | 平盈率=+0.67% | 胜率=69.7% | PF=1.54
2026-05-01 00:39:07.527 | INFO     | AIOptimizer |   探索 07/8 | score=1.399 | 平盈率=+1.40% | 胜率=88.1% | PF=2.03
2026-05-01 00:39:08.957 | INFO     | AIOptimizer |   探索 08/8 | score=0.859 | 平盈率=+0.86% | 胜率=63.6% | PF=1.66
2026-05-01 00:39:29.309 | INFO     | AIOptimizer | 📊 市场状态分析：{'牛市-低波': {'count': 12952, 'avg_pnl': 1.037, 'win_rate': 75.0, 'max_pnl': 33.367, 'min_pnl': -11.363}, '熊市-低波': {'count': 2784, 'avg_pnl': 1.614, 'win_rate': 79.4, 'max_pnl': 20.386, 'min_pnl': -11.363}, '熊市-高波': {'count': 2005, 'avg_pnl': 2.177, 'win_rate': 87.9, 'max_pnl': 31.344, 'min_pnl': -11.363}, '牛市-高波': {'count': 193, 'avg_pnl': -0.184, 'win_rate': 58.5, 'max_pnl': 10.561, 'min_pnl': -11.363}}
2026-05-01 00:39:29.310 | INFO     | AIOptimizer | 📋 [Phase 4] 跳过 LLM 精化，直接使用配置搜索空间
2026-05-01 00:39:29.435 | INFO     | AIOptimizer | 🤖 [Phase 5] 贝叶斯精化：20 次 Optuna 探索...
2026-05-01 00:39:30.616 | INFO     | AIOptimizer |   Optuna 01/20 | 当前最优平盈率: +0.90%
2026-05-01 00:39:54.621 | INFO     | AIOptimizer |   Optuna 10/20 | 当前最优平盈率: +1.73%
2026-05-01 00:40:26.490 | INFO     | AIOptimizer |   Optuna 20/20 | 当前最优平盈率: +1.90%
2026-05-01 00:40:26.491 | INFO     | AIOptimizer | 🏆 最优平盈率: +1.90% (score=1.902)
2026-05-01 00:40:26.491 | INFO     | AIOptimizer | 📊 [Phase 6] Walk-Forward 验证（anchored expanding window, 5 折, OOS≈69d, 初始IS≈207d）...
2026-05-01 00:40:28.076 | INFO     | AIOptimizer |   WFO #1.1: IS=+3.13% OOS=+1.84% (2025-07-27~2025-10-03, 68d, 367笔)
2026-05-01 00:40:30.237 | INFO     | AIOptimizer |   WFO #1.2: IS=+2.57% OOS=+1.93% (2025-10-04~2025-12-11, 68d, 294笔)
2026-05-01 00:40:33.058 | INFO     | AIOptimizer |   WFO #1.3: IS=+2.30% OOS=+2.49% (2025-12-12~2026-02-18, 68d, 395笔)
2026-05-01 00:40:36.317 | INFO     | AIOptimizer |   WFO #1.4: IS=+2.24% OOS=-0.02% (2026-02-19~2026-04-28, 68d, 272笔)
2026-05-01 00:40:36.318 | INFO     | AIOptimizer |   WFO #1: WFE=0.61±0.40 ⚠️ 一般 (4折 | IS=+2.56% OOS=+1.56%)
2026-05-01 00:40:37.986 | INFO     | AIOptimizer |   WFO #2.1: IS=+3.01% OOS=+1.85% (2025-07-27~2025-10-03, 68d, 365笔)
2026-05-01 00:40:40.218 | INFO     | AIOptimizer |   WFO #2.2: IS=+2.50% OOS=+1.92% (2025-10-04~2025-12-11, 68d, 299笔)
2026-05-01 00:40:43.131 | INFO     | AIOptimizer |   WFO #2.3: IS=+2.26% OOS=+2.53% (2025-12-12~2026-02-18, 68d, 396笔)
2026-05-01 00:40:46.473 | INFO     | AIOptimizer |   WFO #2.4: IS=+2.22% OOS=-0.11% (2026-02-19~2026-04-28, 68d, 275笔)
2026-05-01 00:40:46.474 | INFO     | AIOptimizer |   WFO #2: WFE=0.62±0.42 ⚠️ 一般 (4折 | IS=+2.50% OOS=+1.55%)
2026-05-01 00:40:47.998 | INFO     | AIOptimizer |   WFO #3.1: IS=+2.83% OOS=+1.80% (2025-07-27~2025-10-03, 68d, 369笔)
2026-05-01 00:40:50.043 | INFO     | AIOptimizer |   WFO #3.2: IS=+2.37% OOS=+1.94% (2025-10-04~2025-12-11, 68d, 296笔)
2026-05-01 00:40:52.727 | INFO     | AIOptimizer |   WFO #3.3: IS=+2.15% OOS=+2.34% (2025-12-12~2026-02-18, 68d, 399笔)
2026-05-01 00:40:55.880 | INFO     | AIOptimizer |   WFO #3.4: IS=+2.09% OOS=+0.10% (2026-02-19~2026-04-28, 68d, 273笔)
2026-05-01 00:40:55.880 | INFO     | AIOptimizer |   WFO #3: WFE=0.66±0.38 ⚠️ 一般 (4折 | IS=+2.36% OOS=+1.55%)
2026-05-01 00:40:57.778 | INFO     | AIOptimizer |   WFO #4.1: IS=+2.86% OOS=+1.83% (2025-07-27~2025-10-03, 68d, 361笔)
2026-05-01 00:41:00.286 | INFO     | AIOptimizer |   WFO #4.2: IS=+2.40% OOS=+1.86% (2025-10-04~2025-12-11, 68d, 299笔)
2026-05-01 00:41:03.517 | INFO     | AIOptimizer |   WFO #4.3: IS=+2.17% OOS=+2.37% (2025-12-12~2026-02-18, 68d, 393笔)
2026-05-01 00:41:07.211 | INFO     | AIOptimizer |   WFO #4.4: IS=+2.11% OOS=-0.35% (2026-02-19~2026-04-28, 68d, 266笔)
2026-05-01 00:41:07.211 | INFO     | AIOptimizer |   WFO #4: WFE=0.60±0.46 ⚠️ 一般 (4折 | IS=+2.39% OOS=+1.43%)
2026-05-01 00:41:09.076 | INFO     | AIOptimizer |   WFO #5.1: IS=+2.80% OOS=+1.67% (2025-07-27~2025-10-03, 68d, 380笔)
2026-05-01 00:41:11.579 | INFO     | AIOptimizer |   WFO #5.2: IS=+2.33% OOS=+1.67% (2025-10-04~2025-12-11, 68d, 305笔)
2026-05-01 00:41:14.877 | INFO     | AIOptimizer |   WFO #5.3: IS=+2.09% OOS=+2.59% (2025-12-12~2026-02-18, 68d, 392笔)
2026-05-01 00:41:18.623 | INFO     | AIOptimizer |   WFO #5.4: IS=+2.09% OOS=-0.34% (2026-02-19~2026-04-28, 68d, 277笔)
2026-05-01 00:41:18.623 | INFO     | AIOptimizer |   WFO #5: WFE=0.60±0.50 ⚠️ 衰减 (4折 | IS=+2.33% OOS=+1.40%)
2026-05-01 00:41:22.012 | INFO     | AIOptimizer | 📋 [Phase 7] 生成降级报告...
2026-05-01 00:41:22.012 | INFO     | AIOptimizer | ✅ 分析报告已生成
2026-05-01 00:41:22.013 | INFO     | AIOptimizer | 🎉 AI 回测优化完成！共 28 次探索，最优平盈率 +1.90%
2026-05-01 00:42:45.896 | INFO     | DuckDB     | DuckDB | 所有核心表结构初始化完成 (含热点板块)
2026-05-01 00:42:45.897 | INFO     | DuckDB     | DuckDB 核心就绪: E:\1target\p9_project\quant-platform\data\meta\meta.db
2026-05-01 00:42:45.903 | INFO     | AIOptimizer | 🔄 [Phase 1] 加载日线数据 + 生成策略信号（此步骤只需执行一次）...
2026-05-01 00:43:02.251 | INFO     | AIOptimizer |   读取 Parquet 完成：5201 只股票 / 1 只缺失 / 1,659,045 条记录
2026-05-01 00:43:02.912 | INFO     | Screener   | 🧬 [Loader] 识别到类继承策略: MA5AngleOriginalStrategy
2026-05-01 00:43:07.565 | INFO     | AIOptimizer | ✅ [Phase 1] 完成：5201 只日线 / 9008 信号已缓存
2026-05-01 00:43:38.489 | INFO     | AIOptimizer |   1分钟线加载：1500 只股票（覆盖 2025-01-01 ~ 2026-04-30）
2026-05-01 00:43:38.489 | INFO     | AIOptimizer | 🔧 预建信号索引...
2026-05-01 00:43:38.492 | INFO     | AIOptimizer |   索引就绪：2378 有效信号
2026-05-01 00:43:38.684 | INFO     | AIOptimizer | 🌐 计算历史市场状态标签 (Regime)...
2026-05-01 00:43:38.687 | INFO     | RegimeDetector | Regime | 使用 中证A500（386 条，中位值 4801 点）
2026-05-01 00:43:38.694 | INFO     | RegimeDetector | Regime | 生成完毕 319 条标签 | 分布: {'牛市-高波': 5, '熊市-低波': 69, '熊市-高波': 24, '牛市-低波': 221}
2026-05-01 00:43:38.694 | INFO     | AIOptimizer | 📋 [Phase 2] 搜索空间从系统配置加载（10 个参数）
2026-05-01 00:43:38.694 | INFO     | AIOptimizer |   搜索范围预览: tp1_profit=[1.0,6.0], tp2_profit=[3.0,10.0], tp1_ratio=[0.15,0.5], tp2_ratio=[0.15,0.5], hard_stop_loss_pct=[-12.0,-3.0]
2026-05-01 00:43:38.694 | INFO     | AIOptimizer | 🔍 [Phase 3] 探索期：32 组拉丁超立方采样...
2026-05-01 00:43:43.531 | INFO     | AIOptimizer |   探索 01/32 | score=1.943 | 平盈率=+1.94% | 胜率=81.6% | PF=2.06
2026-05-01 00:43:45.468 | INFO     | AIOptimizer |   探索 02/32 | score=1.097 | 平盈率=+1.10% | 胜率=75.0% | PF=1.81
2026-05-01 00:43:47.720 | INFO     | AIOptimizer |   探索 03/32 | score=1.065 | 平盈率=+1.06% | 胜率=68.2% | PF=1.70
2026-05-01 00:43:50.892 | INFO     | AIOptimizer |   探索 04/32 | score=1.456 | 平盈率=+1.46% | 胜率=75.3% | PF=1.85
2026-05-01 00:43:53.594 | INFO     | AIOptimizer |   探索 05/32 | score=1.442 | 平盈率=+1.44% | 胜率=81.2% | PF=2.02
2026-05-01 00:43:56.214 | INFO     | AIOptimizer |   探索 06/32 | score=1.566 | 平盈率=+1.57% | 胜率=85.2% | PF=2.17
2026-05-01 00:43:57.951 | INFO     | AIOptimizer |   探索 07/32 | score=1.001 | 平盈率=+1.00% | 胜率=66.7% | PF=1.67
2026-05-01 00:43:58.786 | INFO     | AIOptimizer |   探索 08/32 | score=0.277 | 平盈率=+0.28% | 胜率=65.2% | PF=1.31
2026-05-01 00:44:01.942 | INFO     | AIOptimizer |   探索 09/32 | score=1.523 | 平盈率=+1.52% | 胜率=70.9% | PF=1.88
2026-05-01 00:44:04.581 | INFO     | AIOptimizer |   探索 10/32 | score=1.329 | 平盈率=+1.33% | 胜率=82.3% | PF=1.99
2026-05-01 00:44:06.836 | INFO     | AIOptimizer |   探索 11/32 | score=0.823 | 平盈率=+0.82% | 胜率=75.3% | PF=1.68
2026-05-01 00:44:08.965 | INFO     | AIOptimizer |   探索 12/32 | score=0.801 | 平盈率=+0.80% | 胜率=55.7% | PF=1.64
2026-05-01 00:44:12.595 | INFO     | AIOptimizer |   探索 13/32 | score=1.322 | 平盈率=+1.32% | 胜率=84.1% | PF=1.96
2026-05-01 00:44:14.904 | INFO     | AIOptimizer |   探索 14/32 | score=1.727 | 平盈率=+1.73% | 胜率=92.0% | PF=3.02
2026-05-01 00:44:17.051 | INFO     | AIOptimizer |   探索 15/32 | score=1.444 | 平盈率=+1.44% | 胜率=87.5% | PF=2.29
2026-05-01 00:44:20.839 | INFO     | AIOptimizer |   探索 16/32 | score=1.662 | 平盈率=+1.66% | 胜率=73.4% | PF=1.90
2026-05-01 00:44:23.002 | INFO     | AIOptimizer |   探索 17/32 | score=0.927 | 平盈率=+0.93% | 胜率=77.2% | PF=1.74
2026-05-01 00:44:26.378 | INFO     | AIOptimizer |   探索 18/32 | score=1.334 | 平盈率=+1.33% | 胜率=79.7% | PF=1.89
2026-05-01 00:44:28.276 | INFO     | AIOptimizer |   探索 19/32 | score=0.704 | 平盈率=+0.70% | 胜率=52.4% | PF=1.57
2026-05-01 00:44:31.297 | INFO     | AIOptimizer |   探索 20/32 | score=1.234 | 平盈率=+1.23% | 胜率=78.1% | PF=1.85
2026-05-01 00:44:33.523 | INFO     | AIOptimizer |   探索 21/32 | score=1.249 | 平盈率=+1.25% | 胜率=67.1% | PF=1.79
2026-05-01 00:44:36.710 | INFO     | AIOptimizer |   探索 22/32 | score=1.732 | 平盈率=+1.73% | 胜率=87.8% | PF=2.37
2026-05-01 00:44:38.203 | INFO     | AIOptimizer |   探索 23/32 | score=1.033 | 平盈率=+1.03% | 胜率=77.3% | PF=1.85
2026-05-01 00:44:41.858 | INFO     | AIOptimizer |   探索 24/32 | score=1.867 | 平盈率=+1.87% | 胜率=86.7% | PF=2.33
2026-05-01 00:44:43.666 | INFO     | AIOptimizer |   探索 25/32 | score=0.822 | 平盈率=+0.82% | 胜率=82.3% | PF=1.76
2026-05-01 00:44:46.782 | INFO     | AIOptimizer |   探索 26/32 | score=1.772 | 平盈率=+1.77% | 胜率=90.5% | PF=2.57
2026-05-01 00:44:48.063 | INFO     | AIOptimizer |   探索 27/32 | score=0.760 | 平盈率=+0.76% | 胜率=65.1% | PF=1.60
2026-05-01 00:44:51.530 | INFO     | AIOptimizer |   探索 28/32 | score=1.470 | 平盈率=+1.47% | 胜率=79.7% | PF=2.02
2026-05-01 00:44:55.939 | INFO     | AIOptimizer |   探索 29/32 | score=1.488 | 平盈率=+1.49% | 胜率=81.9% | PF=1.93
2026-05-01 00:44:58.116 | INFO     | AIOptimizer |   探索 30/32 | score=0.969 | 平盈率=+0.97% | 胜率=62.5% | PF=1.62
2026-05-01 00:44:59.896 | INFO     | AIOptimizer |   探索 31/32 | score=1.188 | 平盈率=+1.19% | 胜率=88.2% | PF=2.17
2026-05-01 00:45:04.534 | INFO     | AIOptimizer |   探索 32/32 | score=1.843 | 平盈率=+1.84% | 胜率=82.2% | PF=2.06
2026-05-01 00:46:29.197 | INFO     | AIOptimizer | 📊 市场状态分析：{'牛市-低波': {'count': 51807, 'avg_pnl': 1.06, 'win_rate': 74.7, 'max_pnl': 33.333, 'min_pnl': -11.822}, '熊市-低波': {'count': 11154, 'avg_pnl': 1.633, 'win_rate': 78.8, 'max_pnl': 27.801, 'min_pnl': -11.822}, '熊市-高波': {'count': 8011, 'avg_pnl': 2.239, 'win_rate': 87.5, 'max_pnl': 37.435, 'min_pnl': -11.822}, '牛市-高波': {'count': 759, 'avg_pnl': -0.201, 'win_rate': 56.7, 'max_pnl': 10.784, 'min_pnl': -11.822}}
2026-05-01 00:46:29.198 | INFO     | AIOptimizer | 📋 [Phase 4] 跳过 LLM 精化，直接使用配置搜索空间
2026-05-01 00:46:29.324 | INFO     | AIOptimizer | 🤖 [Phase 5] 贝叶斯精化：20 次 Optuna 探索...
2026-05-01 00:46:34.059 | INFO     | AIOptimizer |   Optuna 01/20 | 当前最优平盈率: +1.46%
2026-05-01 00:46:58.221 | INFO     | AIOptimizer |   Optuna 10/20 | 当前最优平盈率: +1.84%
2026-05-01 00:47:27.565 | INFO     | AIOptimizer |   Optuna 20/20 | 当前最优平盈率: +1.89%
2026-05-01 00:47:27.566 | INFO     | AIOptimizer | 🏆 最优平盈率: +1.94% (score=1.943)
2026-05-01 00:47:27.566 | INFO     | AIOptimizer | 📊 [Phase 6] Walk-Forward 验证（anchored expanding window, 5 折, OOS≈69d, 初始IS≈207d）...
2026-05-01 00:47:29.827 | INFO     | AIOptimizer |   WFO #1.1: IS=+3.30% OOS=+1.97% (2025-07-27~2025-10-03, 68d, 348笔)
2026-05-01 00:47:32.956 | INFO     | AIOptimizer |   WFO #1.2: IS=+2.70% OOS=+2.36% (2025-10-04~2025-12-11, 68d, 284笔)
2026-05-01 00:47:37.098 | INFO     | AIOptimizer |   WFO #1.3: IS=+2.52% OOS=+3.02% (2025-12-12~2026-02-18, 68d, 362笔)
2026-05-01 00:47:41.773 | INFO     | AIOptimizer |   WFO #1.4: IS=+2.45% OOS=-0.41% (2026-02-19~2026-04-28, 68d, 258笔)
2026-05-01 00:47:41.773 | INFO     | AIOptimizer |   WFO #1: WFE=0.63±0.50 ⚠️ 衰减 (4折 | IS=+2.74% OOS=+1.73%)
2026-05-01 00:47:43.283 | INFO     | AIOptimizer |   WFO #2.1: IS=+3.04% OOS=+1.75% (2025-07-27~2025-10-03, 68d, 360笔)
2026-05-01 00:47:45.327 | INFO     | AIOptimizer |   WFO #2.2: IS=+2.49% OOS=+1.78% (2025-10-04~2025-12-11, 68d, 296笔)
2026-05-01 00:47:48.017 | INFO     | AIOptimizer |   WFO #2.3: IS=+2.22% OOS=+2.44% (2025-12-12~2026-02-18, 68d, 401笔)
2026-05-01 00:47:51.091 | INFO     | AIOptimizer |   WFO #2.4: IS=+2.17% OOS=+0.14% (2026-02-19~2026-04-28, 68d, 269笔)
2026-05-01 00:47:51.092 | INFO     | AIOptimizer |   WFO #2: WFE=0.62±0.37 ⚠️ 一般 (4折 | IS=+2.48% OOS=+1.53%)
2026-05-01 00:47:52.832 | INFO     | AIOptimizer |   WFO #3.1: IS=+2.93% OOS=+1.88% (2025-07-27~2025-10-03, 68d, 351笔)
2026-05-01 00:47:55.185 | INFO     | AIOptimizer |   WFO #3.2: IS=+2.51% OOS=+2.01% (2025-10-04~2025-12-11, 68d, 289笔)
2026-05-01 00:47:58.292 | INFO     | AIOptimizer |   WFO #3.3: IS=+2.27% OOS=+2.66% (2025-12-12~2026-02-18, 68d, 386笔)
2026-05-01 00:48:01.845 | INFO     | AIOptimizer |   WFO #3.4: IS=+2.24% OOS=-0.55% (2026-02-19~2026-04-28, 68d, 266笔)
2026-05-01 00:48:01.845 | INFO     | AIOptimizer |   WFO #3: WFE=0.60±0.52 ⚠️ 衰减 (4折 | IS=+2.49% OOS=+1.50%)
2026-05-01 00:48:04.004 | INFO     | AIOptimizer |   WFO #4.1: IS=+2.96% OOS=+2.07% (2025-07-27~2025-10-03, 68d, 347笔)
2026-05-01 00:48:06.972 | INFO     | AIOptimizer |   WFO #4.2: IS=+2.57% OOS=+1.96% (2025-10-04~2025-12-11, 68d, 295笔)
2026-05-01 00:48:10.830 | INFO     | AIOptimizer |   WFO #4.3: IS=+2.34% OOS=+2.72% (2025-12-12~2026-02-18, 68d, 371笔)
2026-05-01 00:48:15.239 | INFO     | AIOptimizer |   WFO #4.4: IS=+2.28% OOS=-0.47% (2026-02-19~2026-04-28, 68d, 261笔)
2026-05-01 00:48:15.239 | INFO     | AIOptimizer |   WFO #4: WFE=0.62±0.50 ⚠️ 一般 (4折 | IS=+2.54% OOS=+1.57%)
2026-05-01 00:48:17.184 | INFO     | AIOptimizer |   WFO #5.1: IS=+3.05% OOS=+1.84% (2025-07-27~2025-10-03, 68d, 358笔)
2026-05-01 00:48:19.779 | INFO     | AIOptimizer |   WFO #5.2: IS=+2.53% OOS=+2.04% (2025-10-04~2025-12-11, 68d, 298笔)
2026-05-01 00:48:23.195 | INFO     | AIOptimizer |   WFO #5.3: IS=+2.33% OOS=+2.59% (2025-12-12~2026-02-18, 68d, 382笔)
2026-05-01 00:48:27.091 | INFO     | AIOptimizer |   WFO #5.4: IS=+2.26% OOS=-0.40% (2026-02-19~2026-04-28, 68d, 269笔)
2026-05-01 00:48:27.092 | INFO     | AIOptimizer |   WFO #5: WFE=0.60±0.48 ⚠️ 一般 (4折 | IS=+2.54% OOS=+1.52%)
2026-05-01 00:48:31.886 | INFO     | AIOptimizer | 📋 [Phase 7] 生成降级报告...
2026-05-01 00:48:31.887 | INFO     | AIOptimizer | ✅ 分析报告已生成
2026-05-01 00:48:31.887 | INFO     | AIOptimizer | 🎉 AI 回测优化完成！共 52 次探索，最优平盈率 +1.94%
2026-05-01 00:53:00.968 | INFO     | DuckDB     | DuckDB | 所有核心表结构初始化完成 (含热点板块)
2026-05-01 00:53:00.969 | INFO     | DuckDB     | DuckDB 核心就绪: E:\1target\p9_project\quant-platform\data\meta\meta.db
2026-05-01 00:53:00.974 | INFO     | Backtest   | [回测 1/5] 筛选回测目标股票...
2026-05-01 00:53:00.979 | INFO     | Backtest   | [回测 2/5] 加载 5202 只股票的历史数据进行快速扫描...
2026-05-01 00:53:15.512 | INFO     | Backtest   | [回测 3/5] 计算策略信号 (基于日线信号库)...
2026-05-01 00:53:15.530 | INFO     | Screener   | 🧬 [Loader] 识别到类继承策略: MA5AngleOriginalStrategy
2026-05-01 00:53:20.354 | INFO     | Backtest   | [回测 4/5] 处理 9008 条信号，执行精细分钟线仿真...
2026-05-01 00:53:20.361 | INFO     | Backtest   | [回测 4/5] 模拟第 1/9008 笔交易: 平安银行...
2026-05-01 00:53:20.971 | INFO     | Backtest   | [回测 4/5] 模拟第 11/9008 笔交易: 神州高铁...
2026-05-01 00:53:21.469 | INFO     | Backtest   | [回测 4/5] 模拟第 21/9008 笔交易: 沙河股份...
2026-05-01 00:53:22.030 | INFO     | Backtest   | [回测 4/5] 模拟第 31/9008 笔交易: 深粮控股...
2026-05-01 00:53:22.384 | INFO     | Backtest   | [回测 4/5] 模拟第 41/9008 笔交易: 国药一致...
2026-05-01 00:53:22.921 | INFO     | Backtest   | [回测 4/5] 模拟第 51/9008 笔交易: 中国天楹...
2026-05-01 00:53:23.382 | INFO     | Backtest   | [回测 4/5] 模拟第 61/9008 笔交易: 中洲控股...
2026-05-01 00:53:23.796 | INFO     | Backtest   | [回测 4/5] 模拟第 71/9008 笔交易: 深天马Ａ...
2026-05-01 00:53:24.352 | INFO     | Backtest   | [回测 4/5] 模拟第 81/9008 笔交易: 中金岭南...
2026-05-01 00:53:24.690 | INFO     | Backtest   | [回测 4/5] 模拟第 91/9008 笔交易: 华控赛格...
2026-05-01 00:53:25.106 | INFO     | Backtest   | [回测 4/5] 模拟第 101/9008 笔交易: 海王生物...
2026-05-01 00:53:25.940 | INFO     | Backtest   | [回测 4/5] 模拟第 111/9008 笔交易: 丰原药业...
2026-05-01 00:53:26.556 | INFO     | Backtest   | [回测 4/5] 模拟第 121/9008 笔交易: 东方盛虹...
2026-05-01 00:53:27.168 | INFO     | Backtest   | [回测 4/5] 模拟第 131/9008 笔交易: 胜利股份...
2026-05-01 00:53:27.756 | INFO     | Backtest   | [回测 4/5] 模拟第 141/9008 笔交易: 渤海租赁...
2026-05-01 00:53:28.350 | INFO     | Backtest   | [回测 4/5] 模拟第 151/9008 笔交易: 南京公用...
2026-05-01 00:53:28.853 | INFO     | Backtest   | [回测 4/5] 模拟第 161/9008 笔交易: 兴业银锡...
2026-05-01 00:53:29.484 | INFO     | Backtest   | [回测 4/5] 模拟第 171/9008 笔交易: 国新健康...
2026-05-01 00:53:30.116 | INFO     | Backtest   | [回测 4/5] 模拟第 181/9008 笔交易: 招金黄金...
2026-05-01 00:53:30.619 | INFO     | Backtest   | [回测 4/5] 模拟第 191/9008 笔交易: 国际医学...
2026-05-01 00:53:31.153 | INFO     | Backtest   | [回测 4/5] 模拟第 201/9008 笔交易: 凤凰航运...
2026-05-01 00:53:31.710 | INFO     | Backtest   | [回测 4/5] 模拟第 211/9008 笔交易: 柳工...
2026-05-01 00:53:32.197 | INFO     | Backtest   | [回测 4/5] 模拟第 221/9008 笔交易: 华映科技...
2026-05-01 00:53:32.625 | INFO     | Backtest   | [回测 4/5] 模拟第 231/9008 笔交易: 佛山照明...
2026-05-01 00:53:33.123 | INFO     | Backtest   | [回测 4/5] 模拟第 241/9008 笔交易: 湖南投资...
2026-05-01 00:53:33.696 | INFO     | Backtest   | [回测 4/5] 模拟第 251/9008 笔交易: 创元科技...
2026-05-01 00:53:34.261 | INFO     | Backtest   | [回测 4/5] 模拟第 261/9008 笔交易: 天府文旅...
2026-05-01 00:53:34.859 | INFO     | Backtest   | [回测 4/5] 模拟第 271/9008 笔交易: 烽火电子...
2026-05-01 00:53:35.281 | INFO     | Backtest   | [回测 4/5] 模拟第 281/9008 笔交易: 海德股份...
2026-05-01 00:53:35.777 | INFO     | Backtest   | [回测 4/5] 模拟第 291/9008 笔交易: 海马汽车...
2026-05-01 00:53:36.248 | INFO     | Backtest   | [回测 4/5] 模拟第 301/9008 笔交易: 汇源通信...
2026-05-01 00:53:36.787 | INFO     | Backtest   | [回测 4/5] 模拟第 311/9008 笔交易: 德龙汇能...
2026-05-01 00:53:37.237 | INFO     | Backtest   | [回测 4/5] 模拟第 321/9008 笔交易: 建投能源...
2026-05-01 00:53:37.680 | INFO     | Backtest   | [回测 4/5] 模拟第 331/9008 笔交易: 华媒控股...
2026-05-01 00:53:38.182 | INFO     | Backtest   | [回测 4/5] 模拟第 341/9008 笔交易: 焦作万方...
2026-05-01 00:53:38.526 | INFO     | Backtest   | [回测 4/5] 模拟第 351/9008 笔交易: 中油资本...
2026-05-01 00:53:39.146 | INFO     | Backtest   | [回测 4/5] 模拟第 361/9008 笔交易: 远大控股...
2026-05-01 00:53:39.555 | INFO     | Backtest   | [回测 4/5] 模拟第 371/9008 笔交易: 铜陵有色...
2026-05-01 00:53:40.094 | INFO     | Backtest   | [回测 4/5] 模拟第 381/9008 笔交易: 英力特...
2026-05-01 00:53:40.524 | INFO     | Backtest   | [回测 4/5] 模拟第 391/9008 笔交易: *ST万方...
2026-05-01 00:53:41.081 | INFO     | Backtest   | [回测 4/5] 模拟第 401/9008 笔交易: 珠海中富...
2026-05-01 00:53:41.442 | INFO     | Backtest   | [回测 4/5] 模拟第 411/9008 笔交易: ST金鸿...
2026-05-01 00:53:41.866 | INFO     | Backtest   | [回测 4/5] 模拟第 421/9008 笔交易: 恒天海龙...
2026-05-01 00:53:42.296 | INFO     | Backtest   | [回测 4/5] 模拟第 431/9008 笔交易: 山推股份...
2026-05-01 00:53:42.720 | INFO     | Backtest   | [回测 4/5] 模拟第 441/9008 笔交易: 中山公用...
2026-05-01 00:53:43.077 | INFO     | Backtest   | [回测 4/5] 模拟第 451/9008 笔交易: *ST亚太...
2026-05-01 00:53:43.433 | INFO     | Backtest   | [回测 4/5] 模拟第 461/9008 笔交易: ST沈化...
2026-05-01 00:53:44.047 | INFO     | Backtest   | [回测 4/5] 模拟第 471/9008 笔交易: 厦门信达...
2026-05-01 00:53:44.589 | INFO     | Backtest   | [回测 4/5] 模拟第 481/9008 笔交易: 双环科技...
2026-05-01 00:53:45.069 | INFO     | Backtest   | [回测 4/5] 模拟第 491/9008 笔交易: 锦龙股份...
2026-05-01 00:53:45.580 | INFO     | Backtest   | [回测 4/5] 模拟第 501/9008 笔交易: 湖南发展...
2026-05-01 00:53:46.106 | INFO     | Backtest   | [回测 4/5] 模拟第 511/9008 笔交易: 冠捷科技...
2026-05-01 00:53:46.619 | INFO     | Backtest   | [回测 4/5] 模拟第 521/9008 笔交易: 航发控制...
2026-05-01 00:53:47.175 | INFO     | Backtest   | [回测 4/5] 模拟第 531/9008 笔交易: *ST西发...
2026-05-01 00:53:47.785 | INFO     | Backtest   | [回测 4/5] 模拟第 541/9008 笔交易: 浩物股份...
2026-05-01 00:53:48.231 | INFO     | Backtest   | [回测 4/5] 模拟第 551/9008 笔交易: 广发证券...
2026-05-01 00:53:49.062 | INFO     | Backtest   | [回测 4/5] 模拟第 561/9008 笔交易: 恒申新材...
2026-05-01 00:53:49.646 | INFO     | Backtest   | [回测 4/5] 模拟第 571/9008 笔交易: 北大医药...
2026-05-01 00:53:50.100 | INFO     | Backtest   | [回测 4/5] 模拟第 581/9008 笔交易: *ST华闻...
2026-05-01 00:53:50.562 | INFO     | Backtest   | [回测 4/5] 模拟第 591/9008 笔交易: 中水渔业...
2026-05-01 00:53:50.967 | INFO     | Backtest   | [回测 4/5] 模拟第 601/9008 笔交易: 山高环能...
2026-05-01 00:53:51.450 | INFO     | Backtest   | [回测 4/5] 模拟第 611/9008 笔交易: 创维数字...
2026-05-01 00:53:51.868 | INFO     | Backtest   | [回测 4/5] 模拟第 621/9008 笔交易: 智慧农业...
2026-05-01 00:53:52.332 | INFO     | Backtest   | [回测 4/5] 模拟第 631/9008 笔交易: *ST节能...
2026-05-01 00:53:52.871 | INFO     | Backtest   | [回测 4/5] 模拟第 641/9008 笔交易: 超声电子...
2026-05-01 00:53:53.471 | INFO     | Backtest   | [回测 4/5] 模拟第 651/9008 笔交易: 粤桂股份...
2026-05-01 00:53:53.865 | INFO     | Backtest   | [回测 4/5] 模拟第 661/9008 笔交易: 承德露露...
2026-05-01 00:53:54.259 | INFO     | Backtest   | [回测 4/5] 模拟第 671/9008 笔交易: 顺鑫农业...
2026-05-01 00:53:54.806 | INFO     | Backtest   | [回测 4/5] 模拟第 681/9008 笔交易: 电投绿能...
2026-05-01 00:53:55.266 | INFO     | Backtest   | [回测 4/5] 模拟第 691/9008 笔交易: 中广核技...
2026-05-01 00:53:55.948 | INFO     | Backtest   | [回测 4/5] 模拟第 701/9008 笔交易: 中鼎股份...
2026-05-01 00:53:56.286 | INFO     | Backtest   | [回测 4/5] 模拟第 711/9008 笔交易: 法尔胜...
2026-05-01 00:53:56.978 | INFO     | Backtest   | [回测 4/5] 模拟第 721/9008 笔交易: 新洋丰...
2026-05-01 00:53:57.493 | INFO     | Backtest   | [回测 4/5] 模拟第 731/9008 笔交易: *ST数源...
2026-05-01 00:53:58.093 | INFO     | Backtest   | [回测 4/5] 模拟第 741/9008 笔交易: 电广传媒...
2026-05-01 00:53:58.581 | INFO     | Backtest   | [回测 4/5] 模拟第 751/9008 笔交易: 河钢资源...
2026-05-01 00:53:59.077 | INFO     | Backtest   | [回测 4/5] 模拟第 761/9008 笔交易: *ST兰黄...
2026-05-01 00:53:59.743 | INFO     | Backtest   | [回测 4/5] 模拟第 771/9008 笔交易: 华菱钢铁...
2026-05-01 00:54:00.064 | INFO     | Backtest   | [回测 4/5] 模拟第 781/9008 笔交易: 华西股份...
2026-05-01 00:54:00.675 | INFO     | Backtest   | [回测 4/5] 模拟第 791/9008 笔交易: 南天信息...
2026-05-01 00:54:01.037 | INFO     | Backtest   | [回测 4/5] 模拟第 801/9008 笔交易: 河化股份...
2026-05-01 00:54:01.534 | INFO     | Backtest   | [回测 4/5] 模拟第 811/9008 笔交易: 锡业股份...
2026-05-01 00:54:01.971 | INFO     | Backtest   | [回测 4/5] 模拟第 821/9008 笔交易: 安泰科技...
2026-05-01 00:54:02.466 | INFO     | Backtest   | [回测 4/5] 模拟第 831/9008 笔交易: 山西焦煤...
2026-05-01 00:54:03.040 | INFO     | Backtest   | [回测 4/5] 模拟第 841/9008 笔交易: 诚志股份...
2026-05-01 00:54:03.647 | INFO     | Backtest   | [回测 4/5] 模拟第 851/9008 笔交易: 炬申股份...
2026-05-01 00:54:04.167 | INFO     | Backtest   | [回测 4/5] 模拟第 861/9008 笔交易: 洪兴股份...
2026-05-01 00:54:04.788 | INFO     | Backtest   | [回测 4/5] 模拟第 871/9008 笔交易: 源飞宠物...
2026-05-01 00:54:05.303 | INFO     | Backtest   | [回测 4/5] 模拟第 881/9008 笔交易: 弘业期货...
2026-05-01 00:54:05.822 | INFO     | Backtest   | [回测 4/5] 模拟第 891/9008 笔交易: 利仁科技...
2026-05-01 00:54:06.458 | INFO     | Backtest   | [回测 4/5] 模拟第 901/9008 笔交易: 一彬科技...
2026-05-01 00:54:06.908 | INFO     | Backtest   | [回测 4/5] 模拟第 911/9008 笔交易: 运机集团...
2026-05-01 00:54:07.423 | INFO     | Backtest   | [回测 4/5] 模拟第 921/9008 笔交易: 阳光乳业...
2026-05-01 00:54:07.839 | INFO     | Backtest   | [回测 4/5] 模拟第 931/9008 笔交易: 博纳影业...
2026-05-01 00:54:08.347 | INFO     | Backtest   | [回测 4/5] 模拟第 941/9008 笔交易: 南矿集团...
2026-05-01 00:54:08.678 | INFO     | Backtest   | [回测 4/5] 模拟第 951/9008 笔交易: 双欣材料...
2026-05-01 00:54:08.997 | INFO     | Backtest   | [回测 4/5] 模拟第 961/9008 笔交易: 新亚电缆...
2026-05-01 00:54:09.433 | INFO     | Backtest   | [回测 4/5] 模拟第 971/9008 笔交易: 宗申动力...
2026-05-01 00:54:10.141 | INFO     | Backtest   | [回测 4/5] 模拟第 981/9008 笔交易: 华邦健康...
2026-05-01 00:54:10.798 | INFO     | Backtest   | [回测 4/5] 模拟第 991/9008 笔交易: 传化智联...
2026-05-01 00:54:11.228 | INFO     | Backtest   | [回测 4/5] 模拟第 1001/9008 笔交易: 亿帆医药...
2026-05-01 00:54:11.603 | INFO     | Backtest   | [回测 4/5] 模拟第 1011/9008 笔交易: 海特高新...
2026-05-01 00:54:12.183 | INFO     | Backtest   | [回测 4/5] 模拟第 1021/9008 笔交易: 分众传媒...
2026-05-01 00:54:12.621 | INFO     | Backtest   | [回测 4/5] 模拟第 1031/9008 笔交易: 保利联合...
2026-05-01 00:54:13.145 | INFO     | Backtest   | [回测 4/5] 模拟第 1041/9008 笔交易: 登海种业...
2026-05-01 00:54:13.734 | INFO     | Backtest   | [回测 4/5] 模拟第 1051/9008 笔交易: 国光电器...
2026-05-01 00:54:14.444 | INFO     | Backtest   | [回测 4/5] 模拟第 1061/9008 笔交易: 同洲电子...
2026-05-01 00:54:14.907 | INFO     | Backtest   | [回测 4/5] 模拟第 1071/9008 笔交易: ST得润...
2026-05-01 00:54:15.484 | INFO     | Backtest   | [回测 4/5] 模拟第 1081/9008 笔交易: 浙江交科...
2026-05-01 00:54:15.994 | INFO     | Backtest   | [回测 4/5] 模拟第 1091/9008 笔交易: 东华软件...
2026-05-01 00:54:16.415 | INFO     | Backtest   | [回测 4/5] 模拟第 1101/9008 笔交易: 黑猫股份...
2026-05-01 00:54:17.034 | INFO     | Backtest   | [回测 4/5] 模拟第 1111/9008 笔交易: *ST星光...
2026-05-01 00:54:17.617 | INFO     | Backtest   | [回测 4/5] 模拟第 1121/9008 笔交易: 苏州固锝...
2026-05-01 00:54:18.123 | INFO     | Backtest   | [回测 4/5] 模拟第 1131/9008 笔交易: 万丰奥威...
2026-05-01 00:54:18.526 | INFO     | Backtest   | [回测 4/5] 模拟第 1141/9008 笔交易: 中泰化学...
2026-05-01 00:54:18.850 | INFO     | Backtest   | [回测 4/5] 模拟第 1151/9008 笔交易: 生意宝...
2026-05-01 00:54:19.219 | INFO     | Backtest   | [回测 4/5] 模拟第 1161/9008 笔交易: 广东鸿图...
2026-05-01 00:54:19.754 | INFO     | Backtest   | [回测 4/5] 模拟第 1171/9008 笔交易: 信隆健康...
2026-05-01 00:54:20.306 | INFO     | Backtest   | [回测 4/5] 模拟第 1181/9008 笔交易: 三钢闽光...
2026-05-01 00:54:20.805 | INFO     | Backtest   | [回测 4/5] 模拟第 1191/9008 笔交易: 罗平锌电...
2026-05-01 00:54:21.225 | INFO     | Backtest   | [回测 4/5] 模拟第 1201/9008 笔交易: 东港股份...
2026-05-01 00:54:21.781 | INFO     | Backtest   | [回测 4/5] 模拟第 1211/9008 笔交易: 科陆电子...
2026-05-01 00:54:22.263 | INFO     | Backtest   | [回测 4/5] 模拟第 1221/9008 笔交易: 湘潭电化...
2026-05-01 00:54:22.704 | INFO     | Backtest   | [回测 4/5] 模拟第 1231/9008 笔交易: 恒星科技...
2026-05-01 00:54:23.018 | INFO     | Backtest   | [回测 4/5] 模拟第 1241/9008 笔交易: 东南网架...
2026-05-01 00:54:23.435 | INFO     | Backtest   | [回测 4/5] 模拟第 1251/9008 笔交易: 实益达...
2026-05-01 00:54:24.013 | INFO     | Backtest   | [回测 4/5] 模拟第 1261/9008 笔交易: 宏达高科...
2026-05-01 00:54:24.468 | INFO     | Backtest   | [回测 4/5] 模拟第 1271/9008 笔交易: 广电运通...
2026-05-01 00:54:25.217 | INFO     | Backtest   | [回测 4/5] 模拟第 1281/9008 笔交易: 湖南黄金...
2026-05-01 00:54:25.854 | INFO     | Backtest   | [回测 4/5] 模拟第 1291/9008 笔交易: 远望谷...
2026-05-01 00:54:26.262 | INFO     | Backtest   | [回测 4/5] 模拟第 1301/9008 笔交易: 红宝丽...
2026-05-01 00:54:26.693 | INFO     | Backtest   | [回测 4/5] 模拟第 1311/9008 笔交易: 芭田股份...
2026-05-01 00:54:27.142 | INFO     | Backtest   | [回测 4/5] 模拟第 1321/9008 笔交易: 游族网络...
2026-05-01 00:54:27.391 | INFO     | Backtest   | [回测 4/5] 模拟第 1331/9008 笔交易: 延华智能...
2026-05-01 00:54:27.768 | INFO     | Backtest   | [回测 4/5] 模拟第 1341/9008 笔交易: 华天科技...
2026-05-01 00:54:28.158 | INFO     | Backtest   | [回测 4/5] 模拟第 1351/9008 笔交易: 中天服务...
2026-05-01 00:54:28.640 | INFO     | Backtest   | [回测 4/5] 模拟第 1361/9008 笔交易: 岩山科技...
2026-05-01 00:54:29.142 | INFO     | Backtest   | [回测 4/5] 模拟第 1371/9008 笔交易: 嘉应制药...
2026-05-01 00:54:29.739 | INFO     | Backtest   | [回测 4/5] 模拟第 1381/9008 笔交易: 九鼎新材...
2026-05-01 00:54:30.084 | INFO     | Backtest   | [回测 4/5] 模拟第 1391/9008 笔交易: 海利得...
2026-05-01 00:54:30.507 | INFO     | Backtest   | [回测 4/5] 模拟第 1401/9008 笔交易: ST宏达...
2026-05-01 00:54:31.097 | INFO     | Backtest   | [回测 4/5] 模拟第 1411/9008 笔交易: *ST大立...
2026-05-01 00:54:31.612 | INFO     | Backtest   | [回测 4/5] 模拟第 1421/9008 笔交易: 新里程...
2026-05-01 00:54:32.116 | INFO     | Backtest   | [回测 4/5] 模拟第 1431/9008 笔交易: 合兴包装...
2026-05-01 00:54:32.593 | INFO     | Backtest   | [回测 4/5] 模拟第 1441/9008 笔交易: 安妮股份...
2026-05-01 00:54:33.051 | INFO     | Backtest   | [回测 4/5] 模拟第 1451/9008 笔交易: 盛新锂能...
2026-05-01 00:54:33.496 | INFO     | Backtest   | [回测 4/5] 模拟第 1461/9008 笔交易: 蔚蓝锂芯...
2026-05-01 00:54:33.740 | INFO     | Backtest   | [回测 4/5] 模拟第 1471/9008 笔交易: 华东数控...
2026-05-01 00:54:34.197 | INFO     | Backtest   | [回测 4/5] 模拟第 1481/9008 笔交易: 步步高...
2026-05-01 00:54:34.763 | INFO     | Backtest   | [回测 4/5] 模拟第 1491/9008 笔交易: 兆新股份...
2026-05-01 00:54:35.232 | INFO     | Backtest   | [回测 4/5] 模拟第 1501/9008 笔交易: 升达林业...
2026-05-01 00:54:35.519 | INFO     | Backtest   | [回测 4/5] 模拟第 1511/9008 笔交易: 新华都...
2026-05-01 00:54:35.962 | INFO     | Backtest   | [回测 4/5] 模拟第 1521/9008 笔交易: 电科网安...
2026-05-01 00:54:36.287 | INFO     | Backtest   | [回测 4/5] 模拟第 1531/9008 笔交易: 东方雨虹...
2026-05-01 00:54:36.661 | INFO     | Backtest   | [回测 4/5] 模拟第 1541/9008 笔交易: 万马股份...
2026-05-01 00:54:37.314 | INFO     | Backtest   | [回测 4/5] 模拟第 1551/9008 笔交易: 久其软件...
2026-05-01 00:54:37.733 | INFO     | Backtest   | [回测 4/5] 模拟第 1561/9008 笔交易: 亚太股份...
2026-05-01 00:54:38.238 | INFO     | Backtest   | [回测 4/5] 模拟第 1571/9008 笔交易: 遥望科技...
2026-05-01 00:54:38.712 | INFO     | Backtest   | [回测 4/5] 模拟第 1581/9008 笔交易: 博云新材...
2026-05-01 00:54:39.066 | INFO     | Backtest   | [回测 4/5] 模拟第 1591/9008 笔交易: 齐心集团...
2026-05-01 00:54:39.626 | INFO     | Backtest   | [回测 4/5] 模拟第 1601/9008 笔交易: *ST云网...
2026-05-01 00:54:39.945 | INFO     | Backtest   | [回测 4/5] 模拟第 1611/9008 笔交易: 东方新能...
2026-05-01 00:54:40.347 | INFO     | Backtest   | [回测 4/5] 模拟第 1621/9008 笔交易: 南山控股...
2026-05-01 00:54:40.724 | INFO     | Backtest   | [回测 4/5] 模拟第 1631/9008 笔交易: 乐通股份...
2026-05-01 00:54:41.173 | INFO     | Backtest   | [回测 4/5] 模拟第 1641/9008 笔交易: 理工能科...
2026-05-01 00:54:41.779 | INFO     | Backtest   | [回测 4/5] 模拟第 1651/9008 笔交易: 新朋股份...
2026-05-01 00:54:42.118 | INFO     | Backtest   | [回测 4/5] 模拟第 1661/9008 笔交易: 英威腾...
2026-05-01 00:54:42.603 | INFO     | Backtest   | [回测 4/5] 模拟第 1671/9008 笔交易: 巨力索具...
2026-05-01 00:54:42.969 | INFO     | Backtest   | [回测 4/5] 模拟第 1681/9008 笔交易: 潮宏基...
2026-05-01 00:54:43.404 | INFO     | Backtest   | [回测 4/5] 模拟第 1691/9008 笔交易: 高乐股份...
2026-05-01 00:54:43.911 | INFO     | Backtest   | [回测 4/5] 模拟第 1701/9008 笔交易: 天娱数科...
2026-05-01 00:54:44.306 | INFO     | Backtest   | [回测 4/5] 模拟第 1711/9008 笔交易: 同德化工...
2026-05-01 00:54:44.766 | INFO     | Backtest   | [回测 4/5] 模拟第 1721/9008 笔交易: 中恒电气...
2026-05-01 00:54:45.276 | INFO     | Backtest   | [回测 4/5] 模拟第 1731/9008 笔交易: 亚太药业...
2026-05-01 00:54:45.818 | INFO     | Backtest   | [回测 4/5] 模拟第 1741/9008 笔交易: 中锐股份...
2026-05-01 00:54:46.255 | INFO     | Backtest   | [回测 4/5] 模拟第 1751/9008 笔交易: 国创高新...
2026-05-01 00:54:46.523 | INFO     | Backtest   | [回测 4/5] 模拟第 1761/9008 笔交易: 蓝帆医疗...
2026-05-01 00:54:46.968 | INFO     | Backtest   | [回测 4/5] 模拟第 1771/9008 笔交易: 航天彩虹...
2026-05-01 00:54:47.423 | INFO     | Backtest   | [回测 4/5] 模拟第 1781/9008 笔交易: 联发股份...
2026-05-01 00:54:47.915 | INFO     | Backtest   | [回测 4/5] 模拟第 1791/9008 笔交易: 梦洁股份...
2026-05-01 00:54:48.412 | INFO     | Backtest   | [回测 4/5] 模拟第 1801/9008 笔交易: 中远海科...
2026-05-01 00:54:48.879 | INFO     | Backtest   | [回测 4/5] 模拟第 1811/9008 笔交易: 四维图新...
2026-05-01 00:54:49.378 | INFO     | Backtest   | [回测 4/5] 模拟第 1821/9008 笔交易: 雷科防务...
2026-05-01 00:54:49.674 | INFO     | Backtest   | [回测 4/5] 模拟第 1831/9008 笔交易: 康盛股份...
2026-05-01 00:54:50.048 | INFO     | Backtest   | [回测 4/5] 模拟第 1841/9008 笔交易: 达实智能...
2026-05-01 00:54:50.592 | INFO     | Backtest   | [回测 4/5] 模拟第 1851/9008 笔交易: 凯撒文化...
2026-05-01 00:54:51.057 | INFO     | Backtest   | [回测 4/5] 模拟第 1861/9008 笔交易: 兆驰股份...
2026-05-01 00:54:51.536 | INFO     | Backtest   | [回测 4/5] 模拟第 1871/9008 笔交易: 万里扬...
2026-05-01 00:54:51.972 | INFO     | Backtest   | [回测 4/5] 模拟第 1881/9008 笔交易: 启明星辰...
2026-05-01 00:54:52.569 | INFO     | Backtest   | [回测 4/5] 模拟第 1891/9008 笔交易: 龙星科技...
2026-05-01 00:54:53.026 | INFO     | Backtest   | [回测 4/5] 模拟第 1901/9008 笔交易: 中原内配...
2026-05-01 00:54:53.447 | INFO     | Backtest   | [回测 4/5] 模拟第 1911/9008 笔交易: 华软科技...
2026-05-01 00:54:53.966 | INFO     | Backtest   | [回测 4/5] 模拟第 1921/9008 笔交易: 晶澳科技...
2026-05-01 00:54:54.483 | INFO     | Backtest   | [回测 4/5] 模拟第 1931/9008 笔交易: 二六三...
2026-05-01 00:54:54.915 | INFO     | Backtest   | [回测 4/5] 模拟第 1941/9008 笔交易: 金正大...
2026-05-01 00:54:55.321 | INFO     | Backtest   | [回测 4/5] 模拟第 1951/9008 笔交易: 常宝股份...
2026-05-01 00:54:55.672 | INFO     | Backtest   | [回测 4/5] 模拟第 1961/9008 笔交易: 广田集团...
2026-05-01 00:54:56.144 | INFO     | Backtest   | [回测 4/5] 模拟第 1971/9008 笔交易: 嘉麟杰...
2026-05-01 00:54:56.698 | INFO     | Backtest   | [回测 4/5] 模拟第 1981/9008 笔交易: 通鼎互联...
2026-05-01 00:54:57.023 | INFO     | Backtest   | [回测 4/5] 模拟第 1991/9008 笔交易: 雅化集团...
2026-05-01 00:54:57.543 | INFO     | Backtest   | [回测 4/5] 模拟第 2001/9008 笔交易: 天汽模...
2026-05-01 00:54:57.777 | INFO     | Backtest   | [回测 4/5] 模拟第 2011/9008 笔交易: 宝馨科技...
2026-05-01 00:54:58.280 | INFO     | Backtest   | [回测 4/5] 模拟第 2021/9008 笔交易: 日发精机...
2026-05-01 00:54:58.754 | INFO     | Backtest   | [回测 4/5] 模拟第 2031/9008 笔交易: 浙江众成...
2026-05-01 00:54:59.263 | INFO     | Backtest   | [回测 4/5] 模拟第 2041/9008 笔交易: 新时达...
2026-05-01 00:54:59.634 | INFO     | Backtest   | [回测 4/5] 模拟第 2051/9008 笔交易: 天顺风能...
2026-05-01 00:55:00.005 | INFO     | Backtest   | [回测 4/5] 模拟第 2061/9008 笔交易: 西子洁能...
2026-05-01 00:55:00.576 | INFO     | Backtest   | [回测 4/5] 模拟第 2071/9008 笔交易: ST司特...
2026-05-01 00:55:00.975 | INFO     | Backtest   | [回测 4/5] 模拟第 2081/9008 笔交易: *ST中岩...
2026-05-01 00:55:01.347 | INFO     | Backtest   | [回测 4/5] 模拟第 2091/9008 笔交易: 春兴精工...
2026-05-01 00:55:01.805 | INFO     | Backtest   | [回测 4/5] 模拟第 2101/9008 笔交易: 尚荣医疗...
2026-05-01 00:55:02.139 | INFO     | Backtest   | [回测 4/5] 模拟第 2111/9008 笔交易: 洽洽食品...
2026-05-01 00:55:02.756 | INFO     | Backtest   | [回测 4/5] 模拟第 2121/9008 笔交易: 通达股份...
2026-05-01 00:55:03.082 | INFO     | Backtest   | [回测 4/5] 模拟第 2131/9008 笔交易: 顺灏股份...
2026-05-01 00:55:03.706 | INFO     | Backtest   | [回测 4/5] 模拟第 2141/9008 笔交易: 德力股份...
2026-05-01 00:55:04.192 | INFO     | Backtest   | [回测 4/5] 模拟第 2151/9008 笔交易: 明牌珠宝...
2026-05-01 00:55:04.516 | INFO     | Backtest   | [回测 4/5] 模拟第 2161/9008 笔交易: 通达动力...
2026-05-01 00:55:04.937 | INFO     | Backtest   | [回测 4/5] 模拟第 2171/9008 笔交易: 中京电子...
2026-05-01 00:55:05.210 | INFO     | Backtest   | [回测 4/5] 模拟第 2181/9008 笔交易: ST未名...
2026-05-01 00:55:05.747 | INFO     | Backtest   | [回测 4/5] 模拟第 2191/9008 笔交易: 双星新材...
2026-05-01 00:55:06.215 | INFO     | Backtest   | [回测 4/5] 模拟第 2201/9008 笔交易: 史丹利...
2026-05-01 00:55:06.728 | INFO     | Backtest   | [回测 4/5] 模拟第 2211/9008 笔交易: 日上集团...
2026-05-01 00:55:07.112 | INFO     | Backtest   | [回测 4/5] 模拟第 2221/9008 笔交易: 领益智造...
2026-05-01 00:55:07.373 | INFO     | Backtest   | [回测 4/5] 模拟第 2231/9008 笔交易: 以岭药业...
2026-05-01 00:55:07.900 | INFO     | Backtest   | [回测 4/5] 模拟第 2241/9008 笔交易: 东方精工...
2026-05-01 00:55:08.279 | INFO     | Backtest   | [回测 4/5] 模拟第 2251/9008 笔交易: 奥佳华...
2026-05-01 00:55:08.723 | INFO     | Backtest   | [回测 4/5] 模拟第 2261/9008 笔交易: ST瑞和...
2026-05-01 00:55:09.073 | INFO     | Backtest   | [回测 4/5] 模拟第 2271/9008 笔交易: 完美世界...
2026-05-01 00:55:09.422 | INFO     | Backtest   | [回测 4/5] 模拟第 2281/9008 笔交易: ST华西...
2026-05-01 00:55:09.952 | INFO     | Backtest   | [回测 4/5] 模拟第 2291/9008 笔交易: *ST棒杰...
2026-05-01 00:55:10.317 | INFO     | Backtest   | [回测 4/5] 模拟第 2301/9008 笔交易: 金安国纪...
2026-05-01 00:55:10.658 | INFO     | Backtest   | [回测 4/5] 模拟第 2311/9008 笔交易: 雪人集团...
2026-05-01 00:55:11.171 | INFO     | Backtest   | [回测 4/5] 模拟第 2321/9008 笔交易: 华宏科技...
2026-05-01 00:55:11.666 | INFO     | Backtest   | [回测 4/5] 模拟第 2331/9008 笔交易: 利君股份...
2026-05-01 00:55:12.120 | INFO     | Backtest   | [回测 4/5] 模拟第 2341/9008 笔交易: 共达电声...
2026-05-01 00:55:12.483 | INFO     | Backtest   | [回测 4/5] 模拟第 2351/9008 笔交易: 茂硕电源...
2026-05-01 00:55:13.080 | INFO     | Backtest   | [回测 4/5] 模拟第 2361/9008 笔交易: 德联集团...
2026-05-01 00:55:13.604 | INFO     | Backtest   | [回测 4/5] 模拟第 2371/9008 笔交易: 龙泉股份...
2026-05-01 00:55:14.209 | INFO     | Backtest   | [回测 4/5] 模拟第 2381/9008 笔交易: 浙江美大...
2026-05-01 00:55:14.769 | INFO     | Backtest   | [回测 4/5] 模拟第 2391/9008 笔交易: 龙洲股份...
2026-05-01 00:55:15.207 | INFO     | Backtest   | [回测 4/5] 模拟第 2401/9008 笔交易: 亿利达...
2026-05-01 00:55:15.647 | INFO     | Backtest   | [回测 4/5] 模拟第 2411/9008 笔交易: 冀凯股份...
2026-05-01 00:55:16.123 | INFO     | Backtest   | [回测 4/5] 模拟第 2421/9008 笔交易: 煌上煌...
2026-05-01 00:55:16.803 | INFO     | Backtest   | [回测 4/5] 模拟第 2431/9008 笔交易: 博实股份...
2026-05-01 00:55:17.327 | INFO     | Backtest   | [回测 4/5] 模拟第 2441/9008 笔交易: 海欣食品...
2026-05-01 00:55:17.829 | INFO     | Backtest   | [回测 4/5] 模拟第 2451/9008 笔交易: 众信旅游...
2026-05-01 00:55:18.344 | INFO     | Backtest   | [回测 4/5] 模拟第 2461/9008 笔交易: 登云股份...
2026-05-01 00:55:18.653 | INFO     | Backtest   | [回测 4/5] 模拟第 2471/9008 笔交易: 麦趣尔...
2026-05-01 00:55:19.129 | INFO     | Backtest   | [回测 4/5] 模拟第 2481/9008 笔交易: 海洋王...
2026-05-01 00:55:19.481 | INFO     | Backtest   | [回测 4/5] 模拟第 2491/9008 笔交易: 特一药业...
2026-05-01 00:55:19.761 | INFO     | Backtest   | [回测 4/5] 模拟第 2501/9008 笔交易: 雄韬股份...
2026-05-01 00:55:20.244 | INFO     | Backtest   | [回测 4/5] 模拟第 2511/9008 笔交易: 儒意电影...
2026-05-01 00:55:20.775 | INFO     | Backtest   | [回测 4/5] 模拟第 2521/9008 笔交易: 富煌钢构...
2026-05-01 00:55:21.389 | INFO     | Backtest   | [回测 4/5] 模拟第 2531/9008 笔交易: 国光股份...
2026-05-01 00:55:21.772 | INFO     | Backtest   | [回测 4/5] 模拟第 2541/9008 笔交易: 南兴股份...
2026-05-01 00:55:22.215 | INFO     | Backtest   | [回测 4/5] 模拟第 2551/9008 笔交易: *ST金比...
2026-05-01 00:55:22.718 | INFO     | Backtest   | [回测 4/5] 模拟第 2561/9008 笔交易: 先锋电子...
2026-05-01 00:55:23.128 | INFO     | Backtest   | [回测 4/5] 模拟第 2571/9008 笔交易: 快意电梯...
2026-05-01 00:55:23.472 | INFO     | Backtest   | [回测 4/5] 模拟第 2581/9008 笔交易: 可立克...
2026-05-01 00:55:23.872 | INFO     | Backtest   | [回测 4/5] 模拟第 2591/9008 笔交易: 华源控股...
2026-05-01 00:55:24.359 | INFO     | Backtest   | [回测 4/5] 模拟第 2601/9008 笔交易: 坚朗五金...
2026-05-01 00:55:24.845 | INFO     | Backtest   | [回测 4/5] 模拟第 2611/9008 笔交易: 罗欣药业...
2026-05-01 00:55:25.304 | INFO     | Backtest   | [回测 4/5] 模拟第 2621/9008 笔交易: 天顺股份...
2026-05-01 00:55:25.690 | INFO     | Backtest   | [回测 4/5] 模拟第 2631/9008 笔交易: 丰元股份...
2026-05-01 00:55:26.151 | INFO     | Backtest   | [回测 4/5] 模拟第 2641/9008 笔交易: 山东赫达...
2026-05-01 00:55:26.554 | INFO     | Backtest   | [回测 4/5] 模拟第 2651/9008 笔交易: 崇达技术...
2026-05-01 00:55:27.062 | INFO     | Backtest   | [回测 4/5] 模拟第 2661/9008 笔交易: 凯中精密...
2026-05-01 00:55:27.632 | INFO     | Backtest   | [回测 4/5] 模拟第 2671/9008 笔交易: 高争民爆...
2026-05-01 00:55:28.149 | INFO     | Backtest   | [回测 4/5] 模拟第 2681/9008 笔交易: 弘亚数控...
2026-05-01 00:55:28.599 | INFO     | Backtest   | [回测 4/5] 模拟第 2691/9008 笔交易: 翔鹭钨业...
2026-05-01 00:55:29.083 | INFO     | Backtest   | [回测 4/5] 模拟第 2701/9008 笔交易: 英联股份...
2026-05-01 00:55:29.455 | INFO     | Backtest   | [回测 4/5] 模拟第 2711/9008 笔交易: 皮阿诺...
2026-05-01 00:55:29.838 | INFO     | Backtest   | [回测 4/5] 模拟第 2721/9008 笔交易: 三晖电气...
2026-05-01 00:55:30.292 | INFO     | Backtest   | [回测 4/5] 模拟第 2731/9008 笔交易: 瀛通通讯...
2026-05-01 00:55:30.726 | INFO     | Backtest   | [回测 4/5] 模拟第 2741/9008 笔交易: 今飞凯达...
2026-05-01 00:55:31.207 | INFO     | Backtest   | [回测 4/5] 模拟第 2751/9008 笔交易: ST天圣...
2026-05-01 00:55:31.684 | INFO     | Backtest   | [回测 4/5] 模拟第 2761/9008 笔交易: 元隆雅图...
2026-05-01 00:55:32.209 | INFO     | Backtest   | [回测 4/5] 模拟第 2771/9008 笔交易: 中设股份...
2026-05-01 00:55:32.644 | INFO     | Backtest   | [回测 4/5] 模拟第 2781/9008 笔交易: 绿茵生态...
2026-05-01 00:55:33.139 | INFO     | Backtest   | [回测 4/5] 模拟第 2791/9008 笔交易: 京能热力...
2026-05-01 00:55:33.589 | INFO     | Backtest   | [回测 4/5] 模拟第 2801/9008 笔交易: 哈三联...
2026-05-01 00:55:33.969 | INFO     | Backtest   | [回测 4/5] 模拟第 2811/9008 笔交易: 金逸影视...
2026-05-01 00:55:34.531 | INFO     | Backtest   | [回测 4/5] 模拟第 2821/9008 笔交易: 集泰股份...
2026-05-01 00:55:35.061 | INFO     | Backtest   | [回测 4/5] 模拟第 2831/9008 笔交易: 名臣健康...
2026-05-01 00:55:35.549 | INFO     | Backtest   | [回测 4/5] 模拟第 2841/9008 笔交易: 华西证券...
2026-05-01 00:55:35.888 | INFO     | Backtest   | [回测 4/5] 模拟第 2851/9008 笔交易: 天奥电子...
2026-05-01 00:55:36.327 | INFO     | Backtest   | [回测 4/5] 模拟第 2861/9008 笔交易: 长城证券...
2026-05-01 00:55:36.771 | INFO     | Backtest   | [回测 4/5] 模拟第 2871/9008 笔交易: 新乳业...
2026-05-01 00:55:37.314 | INFO     | Backtest   | [回测 4/5] 模拟第 2881/9008 笔交易: 亚世光电...
2026-05-01 00:55:37.787 | INFO     | Backtest   | [回测 4/5] 模拟第 2891/9008 笔交易: 青农商行...
2026-05-01 00:55:38.299 | INFO     | Backtest   | [回测 4/5] 模拟第 2901/9008 笔交易: 豪尔赛...
2026-05-01 00:55:38.785 | INFO     | Backtest   | [回测 4/5] 模拟第 2911/9008 笔交易: 和远气体...
2026-05-01 00:55:39.199 | INFO     | Backtest   | [回测 4/5] 模拟第 2921/9008 笔交易: 朝阳科技...
2026-05-01 00:55:39.642 | INFO     | Backtest   | [回测 4/5] 模拟第 2931/9008 笔交易: 宇新股份...
2026-05-01 00:55:40.112 | INFO     | Backtest   | [回测 4/5] 模拟第 2941/9008 笔交易: 劲仔食品...
2026-05-01 00:55:40.486 | INFO     | Backtest   | [回测 4/5] 模拟第 2951/9008 笔交易: 海象新材...
2026-05-01 00:55:41.022 | INFO     | Backtest   | [回测 4/5] 模拟第 2961/9008 笔交易: 金富科技...
2026-05-01 00:55:41.482 | INFO     | Backtest   | [回测 4/5] 模拟第 2971/9008 笔交易: 思进智能...
2026-05-01 00:55:41.962 | INFO     | Backtest   | [回测 4/5] 模拟第 2981/9008 笔交易: 泰坦股份...
2026-05-01 00:55:42.441 | INFO     | Backtest   | [回测 4/5] 模拟第 2991/9008 笔交易: 楚天龙...
2026-05-01 00:55:42.996 | INFO     | Backtest   | [回测 4/5] 模拟第 3001/9008 笔交易: 神州泰岳...
2026-05-01 00:55:43.582 | INFO     | Backtest   | [回测 4/5] 模拟第 3011/9008 笔交易: 探路者...
2026-05-01 00:55:43.950 | INFO     | Backtest   | [回测 4/5] 模拟第 3021/9008 笔交易: 安科生物...
2026-05-01 00:55:44.365 | INFO     | Backtest   | [回测 4/5] 模拟第 3031/9008 笔交易: 鼎汉技术...
2026-05-01 00:55:44.922 | INFO     | Backtest   | [回测 4/5] 模拟第 3041/9008 笔交易: 北陆药业...
2026-05-01 00:55:45.353 | INFO     | Backtest   | [回测 4/5] 模拟第 3051/9008 笔交易: 硅宝科技...
2026-05-01 00:55:45.825 | INFO     | Backtest   | [回测 4/5] 模拟第 3061/9008 笔交易: 吉峰科技...
2026-05-01 00:55:46.188 | INFO     | Backtest   | [回测 4/5] 模拟第 3071/9008 笔交易: 华谊兄弟...
2026-05-01 00:55:46.643 | INFO     | Backtest   | [回测 4/5] 模拟第 3081/9008 笔交易: 宝通科技...
2026-05-01 00:55:47.130 | INFO     | Backtest   | [回测 4/5] 模拟第 3091/9008 笔交易: 中科电气...
2026-05-01 00:55:47.699 | INFO     | Backtest   | [回测 4/5] 模拟第 3101/9008 笔交易: 九洲集团...
2026-05-01 00:55:48.183 | INFO     | Backtest   | [回测 4/5] 模拟第 3111/9008 笔交易: 星辉娱乐...
2026-05-01 00:55:48.606 | INFO     | Backtest   | [回测 4/5] 模拟第 3121/9008 笔交易: 合康新能...
2026-05-01 00:55:49.063 | INFO     | Backtest   | [回测 4/5] 模拟第 3131/9008 笔交易: 万邦达...
2026-05-01 00:55:49.392 | INFO     | Backtest   | [回测 4/5] 模拟第 3141/9008 笔交易: 万顺新材...
2026-05-01 00:55:49.771 | INFO     | Backtest   | [回测 4/5] 模拟第 3151/9008 笔交易: 中能电气...
2026-05-01 00:55:50.269 | INFO     | Backtest   | [回测 4/5] 模拟第 3161/9008 笔交易: 安诺其...
2026-05-01 00:55:50.678 | INFO     | Backtest   | [回测 4/5] 模拟第 3171/9008 笔交易: 碧水源...
2026-05-01 00:55:51.164 | INFO     | Backtest   | [回测 4/5] 模拟第 3181/9008 笔交易: 华平股份...
2026-05-01 00:55:51.561 | INFO     | Backtest   | [回测 4/5] 模拟第 3191/9008 笔交易: 思创智联...
2026-05-01 00:55:51.838 | INFO     | Backtest   | [回测 4/5] 模拟第 3201/9008 笔交易: 奥克股份...
2026-05-01 00:55:52.332 | INFO     | Backtest   | [回测 4/5] 模拟第 3211/9008 笔交易: 康芝药业...
2026-05-01 00:55:52.655 | INFO     | Backtest   | [回测 4/5] 模拟第 3221/9008 笔交易: 华伍股份...
2026-05-01 00:55:53.158 | INFO     | Backtest   | [回测 4/5] 模拟第 3231/9008 笔交易: 智云股份...
2026-05-01 00:55:53.781 | INFO     | Backtest   | [回测 4/5] 模拟第 3241/9008 笔交易: 乾照光电...
2026-05-01 00:55:54.083 | INFO     | Backtest   | [回测 4/5] 模拟第 3251/9008 笔交易: 建新股份...
2026-05-01 00:55:54.622 | INFO     | Backtest   | [回测 4/5] 模拟第 3261/9008 笔交易: 万讯自控...
2026-05-01 00:55:55.152 | INFO     | Backtest   | [回测 4/5] 模拟第 3271/9008 笔交易: 经纬辉开...
2026-05-01 00:55:55.630 | INFO     | Backtest   | [回测 4/5] 模拟第 3281/9008 笔交易: *ST聆达...
2026-05-01 00:55:56.113 | INFO     | Backtest   | [回测 4/5] 模拟第 3291/9008 笔交易: 英唐智控...
2026-05-01 00:55:56.357 | INFO     | Backtest   | [回测 4/5] 模拟第 3301/9008 笔交易: 大富科技...
2026-05-01 00:55:56.828 | INFO     | Backtest   | [回测 4/5] 模拟第 3311/9008 笔交易: 晓程科技...
2026-05-01 00:55:57.208 | INFO     | Backtest   | [回测 4/5] 模拟第 3321/9008 笔交易: 南方泵业...
2026-05-01 00:55:57.686 | INFO     | Backtest   | [回测 4/5] 模拟第 3331/9008 笔交易: 睿智医药...
2026-05-01 00:55:58.186 | INFO     | Backtest   | [回测 4/5] 模拟第 3341/9008 笔交易: 瑞凌股份...
2026-05-01 00:55:58.659 | INFO     | Backtest   | [回测 4/5] 模拟第 3351/9008 笔交易: 振东制药...
2026-05-01 00:55:59.056 | INFO     | Backtest   | [回测 4/5] 模拟第 3361/9008 笔交易: 雷曼光电...
2026-05-01 00:55:59.325 | INFO     | Backtest   | [回测 4/5] 模拟第 3371/9008 笔交易: 天瑞仪器...
2026-05-01 00:55:59.823 | INFO     | Backtest   | [回测 4/5] 模拟第 3381/9008 笔交易: 万达信息...
2026-05-01 00:56:00.237 | INFO     | Backtest   | [回测 4/5] 模拟第 3391/9008 笔交易: ST福能...
2026-05-01 00:56:00.731 | INFO     | Backtest   | [回测 4/5] 模拟第 3401/9008 笔交易: 四方达...
2026-05-01 00:56:01.400 | INFO     | Backtest   | [回测 4/5] 模拟第 3411/9008 笔交易: 东软载波...
2026-05-01 00:56:01.879 | INFO     | Backtest   | [回测 4/5] 模拟第 3421/9008 笔交易: 神农种业...
2026-05-01 00:56:02.163 | INFO     | Backtest   | [回测 4/5] 模拟第 3431/9008 笔交易: 科德教育...
2026-05-01 00:56:02.686 | INFO     | Backtest   | [回测 4/5] 模拟第 3441/9008 笔交易: 长荣股份...
2026-05-01 00:56:03.023 | INFO     | Backtest   | [回测 4/5] 模拟第 3451/9008 笔交易: ST纳川...
2026-05-01 00:56:03.605 | INFO     | Backtest   | [回测 4/5] 模拟第 3461/9008 笔交易: 海伦哲...
2026-05-01 00:56:04.030 | INFO     | Backtest   | [回测 4/5] 模拟第 3471/9008 笔交易: 理邦仪器...
2026-05-01 00:56:04.356 | INFO     | Backtest   | [回测 4/5] 模拟第 3481/9008 笔交易: 森远股份...
2026-05-01 00:56:04.829 | INFO     | Backtest   | [回测 4/5] 模拟第 3491/9008 笔交易: 日科化学...
2026-05-01 00:56:05.223 | INFO     | Backtest   | [回测 4/5] 模拟第 3501/9008 笔交易: 鸿利智汇...
2026-05-01 00:56:05.709 | INFO     | Backtest   | [回测 4/5] 模拟第 3511/9008 笔交易: 科大智能...
2026-05-01 00:56:06.168 | INFO     | Backtest   | [回测 4/5] 模拟第 3521/9008 笔交易: 富瑞特装...
2026-05-01 00:56:06.641 | INFO     | Backtest   | [回测 4/5] 模拟第 3531/9008 笔交易: 银信科技...
2026-05-01 00:56:07.195 | INFO     | Backtest   | [回测 4/5] 模拟第 3541/9008 笔交易: ST美晨...
2026-05-01 00:56:07.775 | INFO     | Backtest   | [回测 4/5] 模拟第 3551/9008 笔交易: 飞力达...
2026-05-01 00:56:08.253 | INFO     | Backtest   | [回测 4/5] 模拟第 3561/9008 笔交易: 佳云科技...
2026-05-01 00:56:08.731 | INFO     | Backtest   | [回测 4/5] 模拟第 3571/9008 笔交易: 宝莱特...
2026-05-01 00:56:09.185 | INFO     | Backtest   | [回测 4/5] 模拟第 3581/9008 笔交易: 依米康...
2026-05-01 00:56:09.573 | INFO     | Backtest   | [回测 4/5] 模拟第 3591/9008 笔交易: 仟源医药...
2026-05-01 00:56:10.130 | INFO     | Backtest   | [回测 4/5] 模拟第 3601/9008 笔交易: 精锻科技...
2026-05-01 00:56:10.627 | INFO     | Backtest   | [回测 4/5] 模拟第 3611/9008 笔交易: 隆华科技...
2026-05-01 00:56:11.000 | INFO     | Backtest   | [回测 4/5] 模拟第 3621/9008 笔交易: 尔康制药...
2026-05-01 00:56:11.327 | INFO     | Backtest   | [回测 4/5] 模拟第 3631/9008 笔交易: 联建光电...
2026-05-01 00:56:11.875 | INFO     | Backtest   | [回测 4/5] 模拟第 3641/9008 笔交易: 三丰智能...
2026-05-01 00:56:12.349 | INFO     | Backtest   | [回测 4/5] 模拟第 3651/9008 笔交易: 金明精机...
2026-05-01 00:56:12.719 | INFO     | Backtest   | [回测 4/5] 模拟第 3661/9008 笔交易: 安科瑞...
2026-05-01 00:56:13.258 | INFO     | Backtest   | [回测 4/5] 模拟第 3671/9008 笔交易: 荣科科技...
2026-05-01 00:56:13.696 | INFO     | Backtest   | [回测 4/5] 模拟第 3681/9008 笔交易: 蓝英装备...
2026-05-01 00:56:14.039 | INFO     | Backtest   | [回测 4/5] 模拟第 3691/9008 笔交易: 海峡创新...
2026-05-01 00:56:14.360 | INFO     | Backtest   | [回测 4/5] 模拟第 3701/9008 笔交易: 聚飞光电...
2026-05-01 00:56:14.858 | INFO     | Backtest   | [回测 4/5] 模拟第 3711/9008 笔交易: 慈星股份...
2026-05-01 00:56:15.360 | INFO     | Backtest   | [回测 4/5] 模拟第 3721/9008 笔交易: *ST天山...
2026-05-01 00:56:15.819 | INFO     | Backtest   | [回测 4/5] 模拟第 3731/9008 笔交易: 珈伟新能...
2026-05-01 00:56:16.345 | INFO     | Backtest   | [回测 4/5] 模拟第 3741/9008 笔交易: 硕贝德...
2026-05-01 00:56:16.820 | INFO     | Backtest   | [回测 4/5] 模拟第 3751/9008 笔交易: 宜安科技...
2026-05-01 00:56:17.246 | INFO     | Backtest   | [回测 4/5] 模拟第 3761/9008 笔交易: 海伦钢琴...
2026-05-01 00:56:17.731 | INFO     | Backtest   | [回测 4/5] 模拟第 3771/9008 笔交易: 津膜科技...
2026-05-01 00:56:18.219 | INFO     | Backtest   | [回测 4/5] 模拟第 3781/9008 笔交易: 麦克奥迪...
2026-05-01 00:56:18.821 | INFO     | Backtest   | [回测 4/5] 模拟第 3791/9008 笔交易: 金卡智能...
2026-05-01 00:56:19.282 | INFO     | Backtest   | [回测 4/5] 模拟第 3801/9008 笔交易: 东土科技...
2026-05-01 00:56:19.772 | INFO     | Backtest   | [回测 4/5] 模拟第 3811/9008 笔交易: 全通教育...
2026-05-01 00:56:20.406 | INFO     | Backtest   | [回测 4/5] 模拟第 3821/9008 笔交易: 恒华科技...
2026-05-01 00:56:20.979 | INFO     | Backtest   | [回测 4/5] 模拟第 3831/9008 笔交易: 安控科技...
2026-05-01 00:56:21.428 | INFO     | Backtest   | [回测 4/5] 模拟第 3841/9008 笔交易: 鹏翎股份...
2026-05-01 00:56:21.912 | INFO     | Backtest   | [回测 4/5] 模拟第 3851/9008 笔交易: 斯莱克...
2026-05-01 00:56:22.366 | INFO     | Backtest   | [回测 4/5] 模拟第 3861/9008 笔交易: 飞天诚信...
2026-05-01 00:56:22.852 | INFO     | Backtest   | [回测 4/5] 模拟第 3871/9008 笔交易: 天华新能...
2026-05-01 00:56:23.215 | INFO     | Backtest   | [回测 4/5] 模拟第 3881/9008 笔交易: 飞凯材料...
2026-05-01 00:56:23.721 | INFO     | Backtest   | [回测 4/5] 模拟第 3891/9008 笔交易: 汉宇集团...
2026-05-01 00:56:24.090 | INFO     | Backtest   | [回测 4/5] 模拟第 3901/9008 笔交易: 凯发电气...
2026-05-01 00:56:24.523 | INFO     | Backtest   | [回测 4/5] 模拟第 3911/9008 笔交易: 正业科技...
2026-05-01 00:56:25.218 | INFO     | Backtest   | [回测 4/5] 模拟第 3921/9008 笔交易: 苏试试验...
2026-05-01 00:56:25.671 | INFO     | Backtest   | [回测 4/5] 模拟第 3931/9008 笔交易: 力星股份...
2026-05-01 00:56:26.175 | INFO     | Backtest   | [回测 4/5] 模拟第 3941/9008 笔交易: 红相股份...
2026-05-01 00:56:26.579 | INFO     | Backtest   | [回测 4/5] 模拟第 3951/9008 笔交易: 富临精工...
2026-05-01 00:56:26.927 | INFO     | Backtest   | [回测 4/5] 模拟第 3961/9008 笔交易: 清水源...
2026-05-01 00:56:27.433 | INFO     | Backtest   | [回测 4/5] 模拟第 3971/9008 笔交易: 鲍斯股份...
2026-05-01 00:56:27.881 | INFO     | Backtest   | [回测 4/5] 模拟第 3981/9008 笔交易: 康斯特...
2026-05-01 00:56:28.201 | INFO     | Backtest   | [回测 4/5] 模拟第 3991/9008 笔交易: 浩云科技...
2026-05-01 00:56:28.759 | INFO     | Backtest   | [回测 4/5] 模拟第 4001/9008 笔交易: 先导智能...
2026-05-01 00:56:29.179 | INFO     | Backtest   | [回测 4/5] 模拟第 4011/9008 笔交易: 航天智装...
2026-05-01 00:56:29.644 | INFO     | Backtest   | [回测 4/5] 模拟第 4021/9008 笔交易: 汤姆猫...
2026-05-01 00:56:30.250 | INFO     | Backtest   | [回测 4/5] 模拟第 4031/9008 笔交易: 星徽股份...
2026-05-01 00:56:30.711 | INFO     | Backtest   | [回测 4/5] 模拟第 4041/9008 笔交易: 迅游科技...
2026-05-01 00:56:31.153 | INFO     | Backtest   | [回测 4/5] 模拟第 4051/9008 笔交易: ST合纵...
2026-05-01 00:56:31.731 | INFO     | Backtest   | [回测 4/5] 模拟第 4061/9008 笔交易: 光力科技...
2026-05-01 00:56:32.043 | INFO     | Backtest   | [回测 4/5] 模拟第 4071/9008 笔交易: 蓝海华腾...
2026-05-01 00:56:32.481 | INFO     | Backtest   | [回测 4/5] 模拟第 4081/9008 笔交易: 东杰智能...
2026-05-01 00:56:32.820 | INFO     | Backtest   | [回测 4/5] 模拟第 4091/9008 笔交易: 通合科技...
2026-05-01 00:56:33.159 | INFO     | Backtest   | [回测 4/5] 模拟第 4101/9008 笔交易: 温氏股份...
2026-05-01 00:56:33.788 | INFO     | Backtest   | [回测 4/5] 模拟第 4111/9008 笔交易: 海顺新材...
2026-05-01 00:56:34.232 | INFO     | Backtest   | [回测 4/5] 模拟第 4121/9008 笔交易: 苏奥传感...
2026-05-01 00:56:34.673 | INFO     | Backtest   | [回测 4/5] 模拟第 4131/9008 笔交易: 雪榕生物...
2026-05-01 00:56:35.165 | INFO     | Backtest   | [回测 4/5] 模拟第 4141/9008 笔交易: 三德科技...
2026-05-01 00:56:35.584 | INFO     | Backtest   | [回测 4/5] 模拟第 4151/9008 笔交易: 新光药业...
2026-05-01 00:56:36.000 | INFO     | Backtest   | [回测 4/5] 模拟第 4161/9008 笔交易: 辰安科技...
2026-05-01 00:56:36.427 | INFO     | Backtest   | [回测 4/5] 模拟第 4171/9008 笔交易: 优博讯...
2026-05-01 00:56:36.776 | INFO     | Backtest   | [回测 4/5] 模拟第 4181/9008 笔交易: 横河精密...
2026-05-01 00:56:37.404 | INFO     | Backtest   | [回测 4/5] 模拟第 4191/9008 笔交易: 朗科智能...
2026-05-01 00:56:37.837 | INFO     | Backtest   | [回测 4/5] 模拟第 4201/9008 笔交易: 古鳌科技...
2026-05-01 00:56:38.192 | INFO     | Backtest   | [回测 4/5] 模拟第 4211/9008 笔交易: 佳发教育...
2026-05-01 00:56:38.511 | INFO     | Backtest   | [回测 4/5] 模拟第 4221/9008 笔交易: 筑博设计...
2026-05-01 00:56:38.897 | INFO     | Backtest   | [回测 4/5] 模拟第 4231/9008 笔交易: 激智科技...
2026-05-01 00:56:39.359 | INFO     | Backtest   | [回测 4/5] 模拟第 4241/9008 笔交易: 中旗股份...
2026-05-01 00:56:39.827 | INFO     | Backtest   | [回测 4/5] 模拟第 4251/9008 笔交易: 会畅科技...
2026-05-01 00:56:40.235 | INFO     | Backtest   | [回测 4/5] 模拟第 4261/9008 笔交易: 奥联电子...
2026-05-01 00:56:40.674 | INFO     | Backtest   | [回测 4/5] 模拟第 4271/9008 笔交易: 天铁科技...
2026-05-01 00:56:41.022 | INFO     | Backtest   | [回测 4/5] 模拟第 4281/9008 笔交易: 移为通信...
2026-05-01 00:56:41.480 | INFO     | Backtest   | [回测 4/5] 模拟第 4291/9008 笔交易: 朗进科技...
2026-05-01 00:56:41.985 | INFO     | Backtest   | [回测 4/5] 模拟第 4301/9008 笔交易: 国瑞科技...
2026-05-01 00:56:42.443 | INFO     | Backtest   | [回测 4/5] 模拟第 4311/9008 笔交易: 立昂技术...
2026-05-01 00:56:42.895 | INFO     | Backtest   | [回测 4/5] 模拟第 4321/9008 笔交易: 晨化股份...
2026-05-01 00:56:43.466 | INFO     | Backtest   | [回测 4/5] 模拟第 4331/9008 笔交易: 尚品宅配...
2026-05-01 00:56:43.936 | INFO     | Backtest   | [回测 4/5] 模拟第 4341/9008 笔交易: 新劲刚...
2026-05-01 00:56:44.417 | INFO     | Backtest   | [回测 4/5] 模拟第 4351/9008 笔交易: 中达安...
2026-05-01 00:56:44.852 | INFO     | Backtest   | [回测 4/5] 模拟第 4361/9008 笔交易: 凯普生物...
2026-05-01 00:56:45.297 | INFO     | Backtest   | [回测 4/5] 模拟第 4371/9008 笔交易: 正元智慧...
2026-05-01 00:56:45.614 | INFO     | Backtest   | [回测 4/5] 模拟第 4381/9008 笔交易: 太龙股份...
2026-05-01 00:56:46.064 | INFO     | Backtest   | [回测 4/5] 模拟第 4391/9008 笔交易: 晶瑞电材...
2026-05-01 00:56:46.504 | INFO     | Backtest   | [回测 4/5] 模拟第 4401/9008 笔交易: 中孚信息...
2026-05-01 00:56:47.042 | INFO     | Backtest   | [回测 4/5] 模拟第 4411/9008 笔交易: 必创科技...
2026-05-01 00:56:47.433 | INFO     | Backtest   | [回测 4/5] 模拟第 4421/9008 笔交易: 宇信科技...
2026-05-01 00:56:47.887 | INFO     | Backtest   | [回测 4/5] 模拟第 4431/9008 笔交易: 智动力...
2026-05-01 00:56:48.184 | INFO     | Backtest   | [回测 4/5] 模拟第 4441/9008 笔交易: 中赋科技...
2026-05-01 00:56:48.742 | INFO     | Backtest   | [回测 4/5] 模拟第 4451/9008 笔交易: 岱勒新材...
2026-05-01 00:56:49.315 | INFO     | Backtest   | [回测 4/5] 模拟第 4461/9008 笔交易: 九典制药...
2026-05-01 00:56:49.832 | INFO     | Backtest   | [回测 4/5] 模拟第 4471/9008 笔交易: 聚灿光电...
2026-05-01 00:56:50.340 | INFO     | Backtest   | [回测 4/5] 模拟第 4481/9008 笔交易: 凯伦股份...
2026-05-01 00:56:50.834 | INFO     | Backtest   | [回测 4/5] 模拟第 4491/9008 笔交易: 安达维尔...
2026-05-01 00:56:51.334 | INFO     | Backtest   | [回测 4/5] 模拟第 4501/9008 笔交易: 设研院...
2026-05-01 00:56:51.647 | INFO     | Backtest   | [回测 4/5] 模拟第 4511/9008 笔交易: 科顺股份...
2026-05-01 00:56:52.004 | INFO     | Backtest   | [回测 4/5] 模拟第 4521/9008 笔交易: 水羊股份...
2026-05-01 00:56:52.458 | INFO     | Backtest   | [回测 4/5] 模拟第 4531/9008 笔交易: 汉嘉数智...
2026-05-01 00:56:53.064 | INFO     | Backtest   | [回测 4/5] 模拟第 4541/9008 笔交易: 隆利科技...
2026-05-01 00:56:53.695 | INFO     | Backtest   | [回测 4/5] 模拟第 4551/9008 笔交易: 七彩化学...
2026-05-01 00:56:54.322 | INFO     | Backtest   | [回测 4/5] 模拟第 4561/9008 笔交易: 迪普科技...
2026-05-01 00:56:54.768 | INFO     | Backtest   | [回测 4/5] 模拟第 4571/9008 笔交易: 倍杰特...
2026-05-01 00:56:55.119 | INFO     | Backtest   | [回测 4/5] 模拟第 4581/9008 笔交易: 海能实业...
2026-05-01 00:56:55.676 | INFO     | Backtest   | [回测 4/5] 模拟第 4591/9008 笔交易: 钢研纳克...
2026-05-01 00:56:55.992 | INFO     | Backtest   | [回测 4/5] 模拟第 4601/9008 笔交易: 斯迪克...
2026-05-01 00:56:56.543 | INFO     | Backtest   | [回测 4/5] 模拟第 4611/9008 笔交易: 耐普矿机...
2026-05-01 00:56:56.846 | INFO     | Backtest   | [回测 4/5] 模拟第 4621/9008 笔交易: 阿尔特...
2026-05-01 00:56:57.345 | INFO     | Backtest   | [回测 4/5] 模拟第 4631/9008 笔交易: 金现代...
2026-05-01 00:56:57.836 | INFO     | Backtest   | [回测 4/5] 模拟第 4641/9008 笔交易: 博汇股份...
2026-05-01 00:56:58.253 | INFO     | Backtest   | [回测 4/5] 模拟第 4651/9008 笔交易: 中船汉光...
2026-05-01 00:56:58.820 | INFO     | Backtest   | [回测 4/5] 模拟第 4661/9008 笔交易: 锦盛新材...
2026-05-01 00:56:59.261 | INFO     | Backtest   | [回测 4/5] 模拟第 4671/9008 笔交易: 科拓生物...
2026-05-01 00:56:59.638 | INFO     | Backtest   | [回测 4/5] 模拟第 4681/9008 笔交易: 大宏立...
2026-05-01 00:57:00.104 | INFO     | Backtest   | [回测 4/5] 模拟第 4691/9008 笔交易: 天阳科技...
2026-05-01 00:57:00.515 | INFO     | Backtest   | [回测 4/5] 模拟第 4701/9008 笔交易: 万胜智能...
2026-05-01 00:57:01.012 | INFO     | Backtest   | [回测 4/5] 模拟第 4711/9008 笔交易: 海昌新材...
2026-05-01 00:57:01.491 | INFO     | Backtest   | [回测 4/5] 模拟第 4721/9008 笔交易: 火星人...
2026-05-01 00:57:02.012 | INFO     | Backtest   | [回测 4/5] 模拟第 4731/9008 笔交易: 科翔股份...
2026-05-01 00:57:02.475 | INFO     | Backtest   | [回测 4/5] 模拟第 4741/9008 笔交易: 南山智尚...
2026-05-01 00:57:02.946 | INFO     | Backtest   | [回测 4/5] 模拟第 4751/9008 笔交易: 法本信息...
2026-05-01 00:57:03.433 | INFO     | Backtest   | [回测 4/5] 模拟第 4761/9008 笔交易: 中辰股份...
2026-05-01 00:57:03.856 | INFO     | Backtest   | [回测 4/5] 模拟第 4771/9008 笔交易: 易瑞生物...
2026-05-01 00:57:04.270 | INFO     | Backtest   | [回测 4/5] 模拟第 4781/9008 笔交易: 冠中生态...
2026-05-01 00:57:04.746 | INFO     | Backtest   | [回测 4/5] 模拟第 4791/9008 笔交易: 建工修复...
2026-05-01 00:57:05.197 | INFO     | Backtest   | [回测 4/5] 模拟第 4801/9008 笔交易: 中洲特材...
2026-05-01 00:57:05.578 | INFO     | Backtest   | [回测 4/5] 模拟第 4811/9008 笔交易: 博亚精工...
2026-05-01 00:57:06.010 | INFO     | Backtest   | [回测 4/5] 模拟第 4821/9008 笔交易: 中红医疗...
2026-05-01 00:57:06.497 | INFO     | Backtest   | [回测 4/5] 模拟第 4831/9008 笔交易: 致远新能...
2026-05-01 00:57:07.095 | INFO     | Backtest   | [回测 4/5] 模拟第 4841/9008 笔交易: 久祺股份...
2026-05-01 00:57:07.690 | INFO     | Backtest   | [回测 4/5] 模拟第 4851/9008 笔交易: 崧盛股份...
2026-05-01 00:57:08.232 | INFO     | Backtest   | [回测 4/5] 模拟第 4861/9008 笔交易: 扬电科技...
2026-05-01 00:57:08.730 | INFO     | Backtest   | [回测 4/5] 模拟第 4871/9008 笔交易: 雷尔伟...
2026-05-01 00:57:09.081 | INFO     | Backtest   | [回测 4/5] 模拟第 4881/9008 笔交易: 密封科技...
2026-05-01 00:57:09.762 | INFO     | Backtest   | [回测 4/5] 模拟第 4891/9008 笔交易: 华蓝集团...
2026-05-01 00:57:10.174 | INFO     | Backtest   | [回测 4/5] 模拟第 4901/9008 笔交易: 保立佳...
2026-05-01 00:57:10.679 | INFO     | Backtest   | [回测 4/5] 模拟第 4911/9008 笔交易: 中集车辆...
2026-05-01 00:57:11.214 | INFO     | Backtest   | [回测 4/5] 模拟第 4921/9008 笔交易: 金鹰重工...
2026-05-01 00:57:11.558 | INFO     | Backtest   | [回测 4/5] 模拟第 4931/9008 笔交易: 信濠光电...
2026-05-01 00:57:12.025 | INFO     | Backtest   | [回测 4/5] 模拟第 4941/9008 笔交易: 汇隆新材...
2026-05-01 00:57:12.624 | INFO     | Backtest   | [回测 4/5] 模拟第 4951/9008 笔交易: 上海艾录...
2026-05-01 00:57:13.110 | INFO     | Backtest   | [回测 4/5] 模拟第 4961/9008 笔交易: 凯盛新材...
2026-05-01 00:57:13.828 | INFO     | Backtest   | [回测 4/5] 模拟第 4971/9008 笔交易: 严牌股份...
2026-05-01 00:57:14.194 | INFO     | Backtest   | [回测 4/5] 模拟第 4981/9008 笔交易: 金埔园林...
2026-05-01 00:57:14.825 | INFO     | Backtest   | [回测 4/5] 模拟第 4991/9008 笔交易: 军信股份...
2026-05-01 00:57:15.300 | INFO     | Backtest   | [回测 4/5] 模拟第 5001/9008 笔交易: 益客食品...
2026-05-01 00:57:15.747 | INFO     | Backtest   | [回测 4/5] 模拟第 5011/9008 笔交易: 采纳股份...
2026-05-01 00:57:16.197 | INFO     | Backtest   | [回测 4/5] 模拟第 5021/9008 笔交易: 武汉天源...
2026-05-01 00:57:16.814 | INFO     | Backtest   | [回测 4/5] 模拟第 5031/9008 笔交易: 隆华新材...
2026-05-01 00:57:17.366 | INFO     | Backtest   | [回测 4/5] 模拟第 5041/9008 笔交易: 建研设计...
2026-05-01 00:57:18.028 | INFO     | Backtest   | [回测 4/5] 模拟第 5051/9008 笔交易: 万祥科技...
2026-05-01 00:57:18.482 | INFO     | Backtest   | [回测 4/5] 模拟第 5061/9008 笔交易: 泰祥股份...
2026-05-01 00:57:18.852 | INFO     | Backtest   | [回测 4/5] 模拟第 5071/9008 笔交易: 喜悦智行...
2026-05-01 00:57:19.294 | INFO     | Backtest   | [回测 4/5] 模拟第 5081/9008 笔交易: 万凯新材...
2026-05-01 00:57:19.762 | INFO     | Backtest   | [回测 4/5] 模拟第 5091/9008 笔交易: 中荣股份...
2026-05-01 00:57:20.227 | INFO     | Backtest   | [回测 4/5] 模拟第 5101/9008 笔交易: 瑞泰新材...
2026-05-01 00:57:20.646 | INFO     | Backtest   | [回测 4/5] 模拟第 5111/9008 笔交易: 格力博...
2026-05-01 00:57:21.049 | INFO     | Backtest   | [回测 4/5] 模拟第 5121/9008 笔交易: 铭利达...
2026-05-01 00:57:21.477 | INFO     | Backtest   | [回测 4/5] 模拟第 5131/9008 笔交易: 金道科技...
2026-05-01 00:57:22.200 | INFO     | Backtest   | [回测 4/5] 模拟第 5141/9008 笔交易: 真兰仪表...
2026-05-01 00:57:22.748 | INFO     | Backtest   | [回测 4/5] 模拟第 5151/9008 笔交易: 昆船智能...
2026-05-01 00:57:23.252 | INFO     | Backtest   | [回测 4/5] 模拟第 5161/9008 笔交易: 信音电子...
2026-05-01 00:57:23.757 | INFO     | Backtest   | [回测 4/5] 模拟第 5171/9008 笔交易: 南王科技...
2026-05-01 00:57:24.156 | INFO     | Backtest   | [回测 4/5] 模拟第 5181/9008 笔交易: 国科恒泰...
2026-05-01 00:57:24.640 | INFO     | Backtest   | [回测 4/5] 模拟第 5191/9008 笔交易: 赛维时代...
2026-05-01 00:57:25.049 | INFO     | Backtest   | [回测 4/5] 模拟第 5201/9008 笔交易: 森泰股份...
2026-05-01 00:57:25.648 | INFO     | Backtest   | [回测 4/5] 模拟第 5211/9008 笔交易: 盘古智能...
2026-05-01 00:57:26.094 | INFO     | Backtest   | [回测 4/5] 模拟第 5221/9008 笔交易: 飞南资源...
2026-05-01 00:57:26.441 | INFO     | Backtest   | [回测 4/5] 模拟第 5231/9008 笔交易: 中远通...
2026-05-01 00:57:26.928 | INFO     | Backtest   | [回测 4/5] 模拟第 5241/9008 笔交易: 浙江华远...
2026-05-01 00:57:27.338 | INFO     | Backtest   | [回测 4/5] 模拟第 5251/9008 笔交易: 中仑新材...
2026-05-01 00:57:27.766 | INFO     | Backtest   | [回测 4/5] 模拟第 5261/9008 笔交易: 超研股份...
2026-05-01 00:57:28.420 | INFO     | Backtest   | [回测 4/5] 模拟第 5271/9008 笔交易: 华能国际...
2026-05-01 00:57:28.920 | INFO     | Backtest   | [回测 4/5] 模拟第 5281/9008 笔交易: 山东钢铁...
2026-05-01 00:57:29.403 | INFO     | Backtest   | [回测 4/5] 模拟第 5291/9008 笔交易: 中国石化...
2026-05-01 00:57:29.819 | INFO     | Backtest   | [回测 4/5] 模拟第 5301/9008 笔交易: 歌华有线...
2026-05-01 00:57:30.679 | INFO     | Backtest   | [回测 4/5] 模拟第 5311/9008 笔交易: 九鼎投资...
2026-05-01 00:57:31.165 | INFO     | Backtest   | [回测 4/5] 模拟第 5321/9008 笔交易: 万东医疗...
2026-05-01 00:57:31.753 | INFO     | Backtest   | [回测 4/5] 模拟第 5331/9008 笔交易: 海信视像...
2026-05-01 00:57:32.193 | INFO     | Backtest   | [回测 4/5] 模拟第 5341/9008 笔交易: 冠城新材...
2026-05-01 00:57:32.844 | INFO     | Backtest   | [回测 4/5] 模拟第 5351/9008 笔交易: 新疆天业...
2026-05-01 00:57:33.257 | INFO     | Backtest   | [回测 4/5] 模拟第 5361/9008 笔交易: ST人福...
2026-05-01 00:57:33.825 | INFO     | Backtest   | [回测 4/5] 模拟第 5371/9008 笔交易: 中视传媒...
2026-05-01 00:57:34.274 | INFO     | Backtest   | [回测 4/5] 模拟第 5381/9008 笔交易: 广州发展...
2026-05-01 00:57:34.894 | INFO     | Backtest   | [回测 4/5] 模拟第 5391/9008 笔交易: 明星电力...
2026-05-01 00:57:35.193 | INFO     | Backtest   | [回测 4/5] 模拟第 5401/9008 笔交易: 国金证券...
2026-05-01 00:57:35.641 | INFO     | Backtest   | [回测 4/5] 模拟第 5411/9008 笔交易: 三峡水利...
2026-05-01 00:57:36.016 | INFO     | Backtest   | [回测 4/5] 模拟第 5421/9008 笔交易: 郑州煤电...
2026-05-01 00:57:36.501 | INFO     | Backtest   | [回测 4/5] 模拟第 5431/9008 笔交易: 苏豪弘业...
2026-05-01 00:57:37.103 | INFO     | Backtest   | [回测 4/5] 模拟第 5441/9008 笔交易: 乐凯胶片...
2026-05-01 00:57:37.513 | INFO     | Backtest   | [回测 4/5] 模拟第 5451/9008 笔交易: 金发科技...
2026-05-01 00:57:37.846 | INFO     | Backtest   | [回测 4/5] 模拟第 5461/9008 笔交易: 航天机电...
2026-05-01 00:57:38.327 | INFO     | Backtest   | [回测 4/5] 模拟第 5471/9008 笔交易: 华创云信...
2026-05-01 00:57:38.839 | INFO     | Backtest   | [回测 4/5] 模拟第 5481/9008 笔交易: 大龙地产...
2026-05-01 00:57:39.427 | INFO     | Backtest   | [回测 4/5] 模拟第 5491/9008 笔交易: 福田汽车...
2026-05-01 00:57:39.869 | INFO     | Backtest   | [回测 4/5] 模拟第 5501/9008 笔交易: 上海建工...
2026-05-01 00:57:40.327 | INFO     | Backtest   | [回测 4/5] 模拟第 5511/9008 笔交易: 中国巨石...
2026-05-01 00:57:40.802 | INFO     | Backtest   | [回测 4/5] 模拟第 5521/9008 笔交易: S佳通...
2026-05-01 00:57:41.311 | INFO     | Backtest   | [回测 4/5] 模拟第 5531/9008 笔交易: 国中水务...
2026-05-01 00:57:41.823 | INFO     | Backtest   | [回测 4/5] 模拟第 5541/9008 笔交易: 中牧股份...
2026-05-01 00:57:42.285 | INFO     | Backtest   | [回测 4/5] 模拟第 5551/9008 笔交易: 哈空调...
2026-05-01 00:57:42.695 | INFO     | Backtest   | [回测 4/5] 模拟第 5561/9008 笔交易: 安彩高科...
2026-05-01 00:57:43.369 | INFO     | Backtest   | [回测 4/5] 模拟第 5571/9008 笔交易: 绿能慧充...
2026-05-01 00:57:43.826 | INFO     | Backtest   | [回测 4/5] 模拟第 5581/9008 笔交易: 南山铝业...
2026-05-01 00:57:44.302 | INFO     | Backtest   | [回测 4/5] 模拟第 5591/9008 笔交易: 亨通股份...
2026-05-01 00:57:44.695 | INFO     | Backtest   | [回测 4/5] 模拟第 5601/9008 笔交易: *ST返利...
2026-05-01 00:57:45.119 | INFO     | Backtest   | [回测 4/5] 模拟第 5611/9008 笔交易: 圆通速递...
2026-05-01 00:57:45.674 | INFO     | Backtest   | [回测 4/5] 模拟第 5621/9008 笔交易: 铜峰电子...
2026-05-01 00:57:46.173 | INFO     | Backtest   | [回测 4/5] 模拟第 5631/9008 笔交易: 时代万恒...
2026-05-01 00:57:46.461 | INFO     | Backtest   | [回测 4/5] 模拟第 5641/9008 笔交易: 陕建股份...
2026-05-01 00:57:47.103 | INFO     | Backtest   | [回测 4/5] 模拟第 5651/9008 笔交易: 冠农股份...
2026-05-01 00:57:47.487 | INFO     | Backtest   | [回测 4/5] 模拟第 5661/9008 笔交易: 大湖股份...
2026-05-01 00:57:47.794 | INFO     | Backtest   | [回测 4/5] 模拟第 5671/9008 笔交易: 城建发展...
2026-05-01 00:57:48.299 | INFO     | Backtest   | [回测 4/5] 模拟第 5681/9008 笔交易: 开开实业...
2026-05-01 00:57:48.937 | INFO     | Backtest   | [回测 4/5] 模拟第 5691/9008 笔交易: 中央商场...
2026-05-01 00:57:49.462 | INFO     | Backtest   | [回测 4/5] 模拟第 5701/9008 笔交易: 浦东建设...
2026-05-01 00:57:49.856 | INFO     | Backtest   | [回测 4/5] 模拟第 5711/9008 笔交易: 电投水电...
2026-05-01 00:57:50.540 | INFO     | Backtest   | [回测 4/5] 模拟第 5721/9008 笔交易: 维维股份...
2026-05-01 00:57:51.041 | INFO     | Backtest   | [回测 4/5] 模拟第 5731/9008 笔交易: 曙光股份...
2026-05-01 00:57:51.554 | INFO     | Backtest   | [回测 4/5] 模拟第 5741/9008 笔交易: 平高电气...
2026-05-01 00:57:52.114 | INFO     | Backtest   | [回测 4/5] 模拟第 5751/9008 笔交易: 新力金融...
2026-05-01 00:57:52.601 | INFO     | Backtest   | [回测 4/5] 模拟第 5761/9008 笔交易: 华发股份...
2026-05-01 00:57:53.176 | INFO     | Backtest   | [回测 4/5] 模拟第 5771/9008 笔交易: 天通股份...
2026-05-01 00:57:53.827 | INFO     | Backtest   | [回测 4/5] 模拟第 5781/9008 笔交易: 澳柯玛...
2026-05-01 00:57:54.103 | INFO     | Backtest   | [回测 4/5] 模拟第 5791/9008 笔交易: 华夏幸福...
2026-05-01 00:57:54.539 | INFO     | Backtest   | [回测 4/5] 模拟第 5801/9008 笔交易: 华阳股份...
2026-05-01 00:57:55.035 | INFO     | Backtest   | [回测 4/5] 模拟第 5811/9008 笔交易: 敦煌种业...
2026-05-01 00:57:55.506 | INFO     | Backtest   | [回测 4/5] 模拟第 5821/9008 笔交易: 创新新材...
2026-05-01 00:57:56.194 | INFO     | Backtest   | [回测 4/5] 模拟第 5831/9008 笔交易: 三房巷...
2026-05-01 00:57:56.709 | INFO     | Backtest   | [回测 4/5] 模拟第 5841/9008 笔交易: 首开股份...
2026-05-01 00:57:57.175 | INFO     | Backtest   | [回测 4/5] 模拟第 5851/9008 笔交易: 北巴传媒...
2026-05-01 00:57:57.687 | INFO     | Backtest   | [回测 4/5] 模拟第 5861/9008 笔交易: 五矿资本...
2026-05-01 00:57:58.055 | INFO     | Backtest   | [回测 4/5] 模拟第 5871/9008 笔交易: 海澜之家...
2026-05-01 00:57:58.518 | INFO     | Backtest   | [回测 4/5] 模拟第 5881/9008 笔交易: 国电南瑞...
2026-05-01 00:57:58.991 | INFO     | Backtest   | [回测 4/5] 模拟第 5891/9008 笔交易: 华胜天成...
2026-05-01 00:57:59.614 | INFO     | Backtest   | [回测 4/5] 模拟第 5901/9008 笔交易: 青松建化...
2026-05-01 00:58:00.133 | INFO     | Backtest   | [回测 4/5] 模拟第 5911/9008 笔交易: 通威股份...
2026-05-01 00:58:00.535 | INFO     | Backtest   | [回测 4/5] 模拟第 5921/9008 笔交易: 华纺股份...
2026-05-01 00:58:01.219 | INFO     | Backtest   | [回测 4/5] 模拟第 5931/9008 笔交易: 贵研铂业...
2026-05-01 00:58:01.475 | INFO     | Backtest   | [回测 4/5] 模拟第 5941/9008 笔交易: 风神股份...
2026-05-01 00:58:02.003 | INFO     | Backtest   | [回测 4/5] 模拟第 5951/9008 笔交易: 杭萧钢构...
2026-05-01 00:58:02.445 | INFO     | Backtest   | [回测 4/5] 模拟第 5961/9008 笔交易: 福能股份...
2026-05-01 00:58:02.934 | INFO     | Backtest   | [回测 4/5] 模拟第 5971/9008 笔交易: 鹏欣资源...
2026-05-01 00:58:03.361 | INFO     | Backtest   | [回测 4/5] 模拟第 5981/9008 笔交易: 烽火通信...
2026-05-01 00:58:03.863 | INFO     | Backtest   | [回测 4/5] 模拟第 5991/9008 笔交易: 华丽家族...
2026-05-01 00:58:04.492 | INFO     | Backtest   | [回测 4/5] 模拟第 6001/9008 笔交易: 天富能源...
2026-05-01 00:58:04.908 | INFO     | Backtest   | [回测 4/5] 模拟第 6011/9008 笔交易: 方大炭素...
2026-05-01 00:58:05.512 | INFO     | Backtest   | [回测 4/5] 模拟第 6021/9008 笔交易: 华海药业...
2026-05-01 00:58:05.988 | INFO     | Backtest   | [回测 4/5] 模拟第 6031/9008 笔交易: ST长园...
2026-05-01 00:58:06.345 | INFO     | Backtest   | [回测 4/5] 模拟第 6041/9008 笔交易: 山东药玻...
2026-05-01 00:58:06.760 | INFO     | Backtest   | [回测 4/5] 模拟第 6051/9008 笔交易: 栖霞建设...
2026-05-01 00:58:07.178 | INFO     | Backtest   | [回测 4/5] 模拟第 6061/9008 笔交易: 狮头股份...
2026-05-01 00:58:07.679 | INFO     | Backtest   | [回测 4/5] 模拟第 6071/9008 笔交易: 山煤国际...
2026-05-01 00:58:08.042 | INFO     | Backtest   | [回测 4/5] 模拟第 6081/9008 笔交易: 天下秀...
2026-05-01 00:58:08.496 | INFO     | Backtest   | [回测 4/5] 模拟第 6091/9008 笔交易: 金自天正...
2026-05-01 00:58:08.935 | INFO     | Backtest   | [回测 4/5] 模拟第 6101/9008 笔交易: 信雅达...
2026-05-01 00:58:09.435 | INFO     | Backtest   | [回测 4/5] 模拟第 6111/9008 笔交易: 精达股份...
2026-05-01 00:58:09.913 | INFO     | Backtest   | [回测 4/5] 模拟第 6121/9008 笔交易: 中化装备...
2026-05-01 00:58:10.574 | INFO     | Backtest   | [回测 4/5] 模拟第 6131/9008 笔交易: 用友网络...
2026-05-01 00:58:11.078 | INFO     | Backtest   | [回测 4/5] 模拟第 6141/9008 笔交易: 中孚实业...
2026-05-01 00:58:11.763 | INFO     | Backtest   | [回测 4/5] 模拟第 6151/9008 笔交易: 方正科技...
2026-05-01 00:58:12.122 | INFO     | Backtest   | [回测 4/5] 模拟第 6161/9008 笔交易: *ST沪科...
2026-05-01 00:58:12.610 | INFO     | Backtest   | [回测 4/5] 模拟第 6171/9008 笔交易: 大众交通...
2026-05-01 00:58:13.027 | INFO     | Backtest   | [回测 4/5] 模拟第 6181/9008 笔交易: 国新能源...
2026-05-01 00:58:13.472 | INFO     | Backtest   | [回测 4/5] 模拟第 6191/9008 笔交易: 天宸股份...
2026-05-01 00:58:13.822 | INFO     | Backtest   | [回测 4/5] 模拟第 6201/9008 笔交易: 华建集团...
2026-05-01 00:58:14.323 | INFO     | Backtest   | [回测 4/5] 模拟第 6211/9008 笔交易: 东方明珠...
2026-05-01 00:58:14.790 | INFO     | Backtest   | [回测 4/5] 模拟第 6221/9008 笔交易: 先导基电...
2026-05-01 00:58:15.366 | INFO     | Backtest   | [回测 4/5] 模拟第 6231/9008 笔交易: 中源协和...
2026-05-01 00:58:15.830 | INFO     | Backtest   | [回测 4/5] 模拟第 6241/9008 笔交易: 飞乐音响...
2026-05-01 00:58:16.304 | INFO     | Backtest   | [回测 4/5] 模拟第 6251/9008 笔交易: 豫园股份...
2026-05-01 00:58:16.737 | INFO     | Backtest   | [回测 4/5] 模拟第 6261/9008 笔交易: 奥瑞德...
2026-05-01 00:58:17.274 | INFO     | Backtest   | [回测 4/5] 模拟第 6271/9008 笔交易: 天目药业...
2026-05-01 00:58:17.727 | INFO     | Backtest   | [回测 4/5] 模拟第 6281/9008 笔交易: 百川能源...
2026-05-01 00:58:18.154 | INFO     | Backtest   | [回测 4/5] 模拟第 6291/9008 笔交易: 金龙汽车...
2026-05-01 00:58:18.562 | INFO     | Backtest   | [回测 4/5] 模拟第 6301/9008 笔交易: 潞化科技...
2026-05-01 00:58:18.910 | INFO     | Backtest   | [回测 4/5] 模拟第 6311/9008 笔交易: 均胜电子...
2026-05-01 00:58:19.271 | INFO     | Backtest   | [回测 4/5] 模拟第 6321/9008 笔交易: 光明地产...
2026-05-01 00:58:19.694 | INFO     | Backtest   | [回测 4/5] 模拟第 6331/9008 笔交易: 金瑞矿业...
2026-05-01 00:58:20.224 | INFO     | Backtest   | [回测 4/5] 模拟第 6341/9008 笔交易: 大连热电...
2026-05-01 00:58:20.791 | INFO     | Backtest   | [回测 4/5] 模拟第 6351/9008 笔交易: 宁波富达...
2026-05-01 00:58:21.411 | INFO     | Backtest   | [回测 4/5] 模拟第 6361/9008 笔交易: 鲁北化工...
2026-05-01 00:58:21.824 | INFO     | Backtest   | [回测 4/5] 模拟第 6371/9008 笔交易: 湖南海利...
2026-05-01 00:58:22.341 | INFO     | Backtest   | [回测 4/5] 模拟第 6381/9008 笔交易: ST新华锦...
2026-05-01 00:58:22.807 | INFO     | Backtest   | [回测 4/5] 模拟第 6391/9008 笔交易: 富维股份...
2026-05-01 00:58:23.303 | INFO     | Backtest   | [回测 4/5] 模拟第 6401/9008 笔交易: 上实发展...
2026-05-01 00:58:23.678 | INFO     | Backtest   | [回测 4/5] 模拟第 6411/9008 笔交易: 锦江酒店...
2026-05-01 00:58:24.008 | INFO     | Backtest   | [回测 4/5] 模拟第 6421/9008 笔交易: 安徽合力...
2026-05-01 00:58:24.362 | INFO     | Backtest   | [回测 4/5] 模拟第 6431/9008 笔交易: 祥龙电业...
2026-05-01 00:58:25.006 | INFO     | Backtest   | [回测 4/5] 模拟第 6441/9008 笔交易: 西藏城投...
2026-05-01 00:58:25.384 | INFO     | Backtest   | [回测 4/5] 模拟第 6451/9008 笔交易: 东方通信...
2026-05-01 00:58:26.002 | INFO     | Backtest   | [回测 4/5] 模拟第 6461/9008 笔交易: 新钢股份...
2026-05-01 00:58:26.461 | INFO     | Backtest   | [回测 4/5] 模拟第 6471/9008 笔交易: 中储股份...
2026-05-01 00:58:27.041 | INFO     | Backtest   | [回测 4/5] 模拟第 6481/9008 笔交易: 宜宾纸业...
2026-05-01 00:58:27.418 | INFO     | Backtest   | [回测 4/5] 模拟第 6491/9008 笔交易: 浙大网新...
2026-05-01 00:58:27.650 | INFO     | Backtest   | [回测 4/5] 模拟第 6501/9008 笔交易: 福建水泥...
2026-05-01 00:58:28.078 | INFO     | Backtest   | [回测 4/5] 模拟第 6511/9008 笔交易: 马钢股份...
2026-05-01 00:58:28.541 | INFO     | Backtest   | [回测 4/5] 模拟第 6521/9008 笔交易: 建元信托...
2026-05-01 00:58:29.007 | INFO     | Backtest   | [回测 4/5] 模拟第 6531/9008 笔交易: 金开新能...
2026-05-01 00:58:29.317 | INFO     | Backtest   | [回测 4/5] 模拟第 6541/9008 笔交易: 人民同泰...
2026-05-01 00:58:29.716 | INFO     | Backtest   | [回测 4/5] 模拟第 6551/9008 笔交易: 上海机电...
2026-05-01 00:58:30.073 | INFO     | Backtest   | [回测 4/5] 模拟第 6561/9008 笔交易: 金煤科技...
2026-05-01 00:58:30.556 | INFO     | Backtest   | [回测 4/5] 模拟第 6571/9008 笔交易: 龙建股份...
2026-05-01 00:58:30.997 | INFO     | Backtest   | [回测 4/5] 模拟第 6581/9008 笔交易: 银座股份...
2026-05-01 00:58:31.407 | INFO     | Backtest   | [回测 4/5] 模拟第 6591/9008 笔交易: 北京人力...
2026-05-01 00:58:32.046 | INFO     | Backtest   | [回测 4/5] 模拟第 6601/9008 笔交易: 百大集团...
2026-05-01 00:58:32.452 | INFO     | Backtest   | [回测 4/5] 模拟第 6611/9008 笔交易: 远东股份...
2026-05-01 00:58:32.889 | INFO     | Backtest   | [回测 4/5] 模拟第 6621/9008 笔交易: 创业环保...
2026-05-01 00:58:33.314 | INFO     | Backtest   | [回测 4/5] 模拟第 6631/9008 笔交易: 航天电子...
2026-05-01 00:58:33.808 | INFO     | Backtest   | [回测 4/5] 模拟第 6641/9008 笔交易: 杉杉股份...
2026-05-01 00:58:34.155 | INFO     | Backtest   | [回测 4/5] 模拟第 6651/9008 笔交易: *ST大晟...
2026-05-01 00:58:34.688 | INFO     | Backtest   | [回测 4/5] 模拟第 6661/9008 笔交易: 财达证券...
2026-05-01 00:58:35.544 | INFO     | Backtest   | [回测 4/5] 模拟第 6671/9008 笔交易: 雪天盐业...
2026-05-01 00:58:35.890 | INFO     | Backtest   | [回测 4/5] 模拟第 6681/9008 笔交易: 北投科技...
2026-05-01 00:58:36.375 | INFO     | Backtest   | [回测 4/5] 模拟第 6691/9008 笔交易: 渤海汽车...
2026-05-01 00:58:36.782 | INFO     | Backtest   | [回测 4/5] 模拟第 6701/9008 笔交易: 岳阳林纸...
2026-05-01 00:58:37.232 | INFO     | Backtest   | [回测 4/5] 模拟第 6711/9008 笔交易: 内蒙一机...
2026-05-01 00:58:37.848 | INFO     | Backtest   | [回测 4/5] 模拟第 6721/9008 笔交易: 新五丰...
2026-05-01 00:58:38.405 | INFO     | Backtest   | [回测 4/5] 模拟第 6731/9008 笔交易: 宁波能源...
2026-05-01 00:58:38.764 | INFO     | Backtest   | [回测 4/5] 模拟第 6741/9008 笔交易: 浙文互联...
2026-05-01 00:58:39.363 | INFO     | Backtest   | [回测 4/5] 模拟第 6751/9008 笔交易: 贵绳股份...
2026-05-01 00:58:39.753 | INFO     | Backtest   | [回测 4/5] 模拟第 6761/9008 笔交易: 贵广网络...
2026-05-01 00:58:40.290 | INFO     | Backtest   | [回测 4/5] 模拟第 6771/9008 笔交易: 晋亿实业...
2026-05-01 00:58:40.833 | INFO     | Backtest   | [回测 4/5] 模拟第 6781/9008 笔交易: 金陵饭店...
2026-05-01 00:58:41.331 | INFO     | Backtest   | [回测 4/5] 模拟第 6791/9008 笔交易: 宝泰隆...
2026-05-01 00:58:41.939 | INFO     | Backtest   | [回测 4/5] 模拟第 6801/9008 笔交易: 宁波港...
2026-05-01 00:58:42.663 | INFO     | Backtest   | [回测 4/5] 模拟第 6811/9008 笔交易: 一拖股份...
2026-05-01 00:58:43.267 | INFO     | Backtest   | [回测 4/5] 模拟第 6821/9008 笔交易: 中铝国际...
2026-05-01 00:58:43.939 | INFO     | Backtest   | [回测 4/5] 模拟第 6831/9008 笔交易: 国芳集团...
2026-05-01 00:58:44.671 | INFO     | Backtest   | [回测 4/5] 模拟第 6841/9008 笔交易: 太平洋...
2026-05-01 00:58:45.082 | INFO     | Backtest   | [回测 4/5] 模拟第 6851/9008 笔交易: 财通证券...
2026-05-01 00:58:45.715 | INFO     | Backtest   | [回测 4/5] 模拟第 6861/9008 笔交易: 华鼎股份...
2026-05-01 00:58:46.233 | INFO     | Backtest   | [回测 4/5] 模拟第 6871/9008 笔交易: 海南橡胶...
2026-05-01 00:58:46.686 | INFO     | Backtest   | [回测 4/5] 模拟第 6881/9008 笔交易: 柏诚股份...
2026-05-01 00:58:47.322 | INFO     | Backtest   | [回测 4/5] 模拟第 6891/9008 笔交易: 新城控股...
2026-05-01 00:58:47.896 | INFO     | Backtest   | [回测 4/5] 模拟第 6901/9008 笔交易: 西部矿业...
2026-05-01 00:58:48.416 | INFO     | Backtest   | [回测 4/5] 模拟第 6911/9008 笔交易: 中国铁建...
2026-05-01 00:58:49.165 | INFO     | Backtest   | [回测 4/5] 模拟第 6921/9008 笔交易: 白银有色...
2026-05-01 00:58:49.506 | INFO     | Backtest   | [回测 4/5] 模拟第 6931/9008 笔交易: 陕西煤业...
2026-05-01 00:58:49.980 | INFO     | Backtest   | [回测 4/5] 模拟第 6941/9008 笔交易: 上海银行...
2026-05-01 00:58:50.545 | INFO     | Backtest   | [回测 4/5] 模拟第 6951/9008 笔交易: 广汽集团...
2026-05-01 00:58:50.957 | INFO     | Backtest   | [回测 4/5] 模拟第 6961/9008 笔交易: 秦港股份...
2026-05-01 00:58:51.525 | INFO     | Backtest   | [回测 4/5] 模拟第 6971/9008 笔交易: 百隆东方...
2026-05-01 00:58:51.952 | INFO     | Backtest   | [回测 4/5] 模拟第 6981/9008 笔交易: 怡球资源...
2026-05-01 00:58:52.476 | INFO     | Backtest   | [回测 4/5] 模拟第 6991/9008 笔交易: 中新集团...
2026-05-01 00:58:53.150 | INFO     | Backtest   | [回测 4/5] 模拟第 7001/9008 笔交易: 东吴证券...
2026-05-01 00:58:53.693 | INFO     | Backtest   | [回测 4/5] 模拟第 7011/9008 笔交易: 长沙银行...
2026-05-01 00:58:54.338 | INFO     | Backtest   | [回测 4/5] 模拟第 7021/9008 笔交易: 中国铝业...
2026-05-01 00:58:54.919 | INFO     | Backtest   | [回测 4/5] 模拟第 7031/9008 笔交易: 明阳智能...
2026-05-01 00:58:55.408 | INFO     | Backtest   | [回测 4/5] 模拟第 7041/9008 笔交易: 旗滨集团...
2026-05-01 00:58:55.880 | INFO     | Backtest   | [回测 4/5] 模拟第 7051/9008 笔交易: 明泰铝业...
2026-05-01 00:58:56.391 | INFO     | Backtest   | [回测 4/5] 模拟第 7061/9008 笔交易: 中国卫通...
2026-05-01 00:58:57.032 | INFO     | Backtest   | [回测 4/5] 模拟第 7071/9008 笔交易: 际华集团...
2026-05-01 00:58:57.629 | INFO     | Backtest   | [回测 4/5] 模拟第 7081/9008 笔交易: 晶科科技...
2026-05-01 00:58:57.994 | INFO     | Backtest   | [回测 4/5] 模拟第 7091/9008 笔交易: 中国交建...
2026-05-01 00:58:58.522 | INFO     | Backtest   | [回测 4/5] 模拟第 7101/9008 笔交易: 三峰环境...
2026-05-01 00:58:59.006 | INFO     | Backtest   | [回测 4/5] 模拟第 7111/9008 笔交易: 招商轮船...
2026-05-01 00:58:59.660 | INFO     | Backtest   | [回测 4/5] 模拟第 7121/9008 笔交易: 海天精工...
2026-05-01 00:59:00.137 | INFO     | Backtest   | [回测 4/5] 模拟第 7131/9008 笔交易: 紫金矿业...
2026-05-01 00:59:00.587 | INFO     | Backtest   | [回测 4/5] 模拟第 7141/9008 笔交易: 吉视传媒...
2026-05-01 00:59:01.115 | INFO     | Backtest   | [回测 4/5] 模拟第 7151/9008 笔交易: 金钼股份...
2026-05-01 00:59:01.582 | INFO     | Backtest   | [回测 4/5] 模拟第 7161/9008 笔交易: 招商南油...
2026-05-01 00:59:02.458 | INFO     | Backtest   | [回测 4/5] 模拟第 7171/9008 笔交易: 丰林集团...
2026-05-01 00:59:02.894 | INFO     | Backtest   | [回测 4/5] 模拟第 7181/9008 笔交易: 奥康国际...
2026-05-01 00:59:03.303 | INFO     | Backtest   | [回测 4/5] 模拟第 7191/9008 笔交易: 联明股份...
2026-05-01 00:59:03.706 | INFO     | Backtest   | [回测 4/5] 模拟第 7201/9008 笔交易: 合锻智能...
2026-05-01 00:59:04.158 | INFO     | Backtest   | [回测 4/5] 模拟第 7211/9008 笔交易: 中衡设计...
2026-05-01 00:59:04.500 | INFO     | Backtest   | [回测 4/5] 模拟第 7221/9008 笔交易: 新通联...
2026-05-01 00:59:05.112 | INFO     | Backtest   | [回测 4/5] 模拟第 7231/9008 笔交易: 天鹅股份...
2026-05-01 00:59:05.449 | INFO     | Backtest   | [回测 4/5] 模拟第 7241/9008 笔交易: 常熟汽饰...
2026-05-01 00:59:06.125 | INFO     | Backtest   | [回测 4/5] 模拟第 7251/9008 笔交易: 华脉科技...
2026-05-01 00:59:06.476 | INFO     | Backtest   | [回测 4/5] 模拟第 7261/9008 笔交易: 浙江黎明...
2026-05-01 00:59:06.918 | INFO     | Backtest   | [回测 4/5] 模拟第 7271/9008 笔交易: 成都燃气...
2026-05-01 00:59:07.395 | INFO     | Backtest   | [回测 4/5] 模拟第 7281/9008 笔交易: 倍加洁...
2026-05-01 00:59:07.894 | INFO     | Backtest   | [回测 4/5] 模拟第 7291/9008 笔交易: 振华股份...
2026-05-01 00:59:08.357 | INFO     | Backtest   | [回测 4/5] 模拟第 7301/9008 笔交易: 彩蝶实业...
2026-05-01 00:59:08.875 | INFO     | Backtest   | [回测 4/5] 模拟第 7311/9008 笔交易: 圣达生物...
2026-05-01 00:59:09.463 | INFO     | Backtest   | [回测 4/5] 模拟第 7321/9008 笔交易: 宁波精达...
2026-05-01 00:59:10.063 | INFO     | Backtest   | [回测 4/5] 模拟第 7331/9008 笔交易: 南华期货...
2026-05-01 00:59:10.673 | INFO     | Backtest   | [回测 4/5] 模拟第 7341/9008 笔交易: 森特股份...
2026-05-01 00:59:11.342 | INFO     | Backtest   | [回测 4/5] 模拟第 7351/9008 笔交易: 横店影视...
2026-05-01 00:59:12.032 | INFO     | Backtest   | [回测 4/5] 模拟第 7361/9008 笔交易: 东方材料...
2026-05-01 00:59:12.518 | INFO     | Backtest   | [回测 4/5] 模拟第 7371/9008 笔交易: 红蜻蜓...
2026-05-01 00:59:12.928 | INFO     | Backtest   | [回测 4/5] 模拟第 7381/9008 笔交易: 合富中国...
2026-05-01 00:59:13.528 | INFO     | Backtest   | [回测 4/5] 模拟第 7391/9008 笔交易: 中材节能...
2026-05-01 00:59:14.092 | INFO     | Backtest   | [回测 4/5] 模拟第 7401/9008 笔交易: 金徽股份...
2026-05-01 00:59:14.630 | INFO     | Backtest   | [回测 4/5] 模拟第 7411/9008 笔交易: 邦基科技...
2026-05-01 00:59:15.189 | INFO     | Backtest   | [回测 4/5] 模拟第 7421/9008 笔交易: 新亚强...
2026-05-01 00:59:15.690 | INFO     | Backtest   | [回测 4/5] 模拟第 7431/9008 笔交易: 海通发展...
2026-05-01 00:59:16.237 | INFO     | Backtest   | [回测 4/5] 模拟第 7441/9008 笔交易: 宝立食品...
2026-05-01 00:59:16.559 | INFO     | Backtest   | [回测 4/5] 模拟第 7451/9008 笔交易: 圣龙股份...
2026-05-01 00:59:16.962 | INFO     | Backtest   | [回测 4/5] 模拟第 7461/9008 笔交易: 亚邦股份...
2026-05-01 00:59:17.467 | INFO     | Backtest   | [回测 4/5] 模拟第 7471/9008 笔交易: 亚通精工...
2026-05-01 00:59:17.882 | INFO     | Backtest   | [回测 4/5] 模拟第 7481/9008 笔交易: 常润股份...
2026-05-01 00:59:18.399 | INFO     | Backtest   | [回测 4/5] 模拟第 7491/9008 笔交易: 晋拓股份...
2026-05-01 00:59:18.883 | INFO     | Backtest   | [回测 4/5] 模拟第 7501/9008 笔交易: 比依股份...
2026-05-01 00:59:19.280 | INFO     | Backtest   | [回测 4/5] 模拟第 7511/9008 笔交易: 日月股份...
2026-05-01 00:59:19.889 | INFO     | Backtest   | [回测 4/5] 模拟第 7521/9008 笔交易: 济民健康...
2026-05-01 00:59:20.271 | INFO     | Backtest   | [回测 4/5] 模拟第 7531/9008 笔交易: 菲林格尔...
2026-05-01 00:59:20.783 | INFO     | Backtest   | [回测 4/5] 模拟第 7541/9008 笔交易: 索宝蛋白...
2026-05-01 00:59:21.240 | INFO     | Backtest   | [回测 4/5] 模拟第 7551/9008 笔交易: 浙江仙通...
2026-05-01 00:59:21.711 | INFO     | Backtest   | [回测 4/5] 模拟第 7561/9008 笔交易: *ST立航...
2026-05-01 00:59:22.172 | INFO     | Backtest   | [回测 4/5] 模拟第 7571/9008 笔交易: 金帝股份...
2026-05-01 00:59:22.521 | INFO     | Backtest   | [回测 4/5] 模拟第 7581/9008 笔交易: 景津装备...
2026-05-01 00:59:22.971 | INFO     | Backtest   | [回测 4/5] 模拟第 7591/9008 笔交易: 泰瑞机器...
2026-05-01 00:59:23.350 | INFO     | Backtest   | [回测 4/5] 模拟第 7601/9008 笔交易: 振德医疗...
2026-05-01 00:59:23.889 | INFO     | Backtest   | [回测 4/5] 模拟第 7611/9008 笔交易: 维力医疗...
2026-05-01 00:59:24.356 | INFO     | Backtest   | [回测 4/5] 模拟第 7621/9008 笔交易: 梦百合...
2026-05-01 00:59:24.804 | INFO     | Backtest   | [回测 4/5] 模拟第 7631/9008 笔交易: 梅轮电梯...
2026-05-01 00:59:25.594 | INFO     | Backtest   | [回测 4/5] 模拟第 7641/9008 笔交易: 依顿电子...
2026-05-01 00:59:26.126 | INFO     | Backtest   | [回测 4/5] 模拟第 7651/9008 笔交易: 迪生力...
2026-05-01 00:59:26.502 | INFO     | Backtest   | [回测 4/5] 模拟第 7661/9008 笔交易: 文灿股份...
2026-05-01 00:59:27.090 | INFO     | Backtest   | [回测 4/5] 模拟第 7671/9008 笔交易: 百傲化学...
2026-05-01 00:59:27.697 | INFO     | Backtest   | [回测 4/5] 模拟第 7681/9008 笔交易: 亚士创能...
2026-05-01 00:59:28.303 | INFO     | Backtest   | [回测 4/5] 模拟第 7691/9008 笔交易: *ST亚振...
2026-05-01 00:59:28.689 | INFO     | Backtest   | [回测 4/5] 模拟第 7701/9008 笔交易: 建霖家居...
2026-05-01 00:59:29.312 | INFO     | Backtest   | [回测 4/5] 模拟第 7711/9008 笔交易: *ST集友...
2026-05-01 00:59:29.900 | INFO     | Backtest   | [回测 4/5] 模拟第 7721/9008 笔交易: 勘设股份...
2026-05-01 00:59:30.461 | INFO     | Backtest   | [回测 4/5] 模拟第 7731/9008 笔交易: 展鹏科技...
2026-05-01 00:59:30.917 | INFO     | Backtest   | [回测 4/5] 模拟第 7741/9008 笔交易: 祥和实业...
2026-05-01 00:59:31.206 | INFO     | Backtest   | [回测 4/5] 模拟第 7751/9008 笔交易: 爱慕股份...
2026-05-01 00:59:31.773 | INFO     | Backtest   | [回测 4/5] 模拟第 7761/9008 笔交易: 司太立...
2026-05-01 00:59:32.226 | INFO     | Backtest   | [回测 4/5] 模拟第 7771/9008 笔交易: 多伦科技...
2026-05-01 00:59:32.686 | INFO     | Backtest   | [回测 4/5] 模拟第 7781/9008 笔交易: 奥普科技...
2026-05-01 00:59:33.284 | INFO     | Backtest   | [回测 4/5] 模拟第 7791/9008 笔交易: 珍宝岛...
2026-05-01 00:59:33.957 | INFO     | Backtest   | [回测 4/5] 模拟第 7801/9008 笔交易: 汇金通...
2026-05-01 00:59:34.481 | INFO     | Backtest   | [回测 4/5] 模拟第 7811/9008 笔交易: 苏利股份...
2026-05-01 00:59:34.999 | INFO     | Backtest   | [回测 4/5] 模拟第 7821/9008 笔交易: XD高能环...
2026-05-01 00:59:35.450 | INFO     | Backtest   | [回测 4/5] 模拟第 7831/9008 笔交易: 再升科技...
2026-05-01 00:59:35.903 | INFO     | Backtest   | [回测 4/5] 模拟第 7841/9008 笔交易: 麒盛科技...
2026-05-01 00:59:36.323 | INFO     | Backtest   | [回测 4/5] 模拟第 7851/9008 笔交易: 国联股份...
2026-05-01 00:59:36.659 | INFO     | Backtest   | [回测 4/5] 模拟第 7861/9008 笔交易: 杭电股份...
2026-05-01 00:59:37.095 | INFO     | Backtest   | [回测 4/5] 模拟第 7871/9008 笔交易: 利通电子...
2026-05-01 00:59:37.729 | INFO     | Backtest   | [回测 4/5] 模拟第 7881/9008 笔交易: 镇海股份...
2026-05-01 00:59:38.228 | INFO     | Backtest   | [回测 4/5] 模拟第 7891/9008 笔交易: 泰禾智能...
2026-05-01 00:59:38.945 | INFO     | Backtest   | [回测 4/5] 模拟第 7901/9008 笔交易: 天马科技...
2026-05-01 00:59:39.364 | INFO     | Backtest   | [回测 4/5] 模拟第 7911/9008 笔交易: 今创集团...
2026-05-01 00:59:39.788 | INFO     | Backtest   | [回测 4/5] 模拟第 7921/9008 笔交易: 晶华新材...
2026-05-01 00:59:40.260 | INFO     | Backtest   | [回测 4/5] 模拟第 7931/9008 笔交易: 大胜达...
2026-05-01 00:59:40.852 | INFO     | Backtest   | [回测 4/5] 模拟第 7941/9008 笔交易: 航天工程...
2026-05-01 00:59:41.257 | INFO     | Backtest   | [回测 4/5] 模拟第 7951/9008 笔交易: 健友股份...
2026-05-01 00:59:41.680 | INFO     | Backtest   | [回测 4/5] 模拟第 7961/9008 笔交易: 塞力医疗...
2026-05-01 00:59:42.096 | INFO     | Backtest   | [回测 4/5] 模拟第 7971/9008 笔交易: 良品铺子...
2026-05-01 00:59:42.408 | INFO     | Backtest   | [回测 4/5] 模拟第 7981/9008 笔交易: 岱美股份...
2026-05-01 00:59:42.766 | INFO     | Backtest   | [回测 4/5] 模拟第 7991/9008 笔交易: 蔚蓝生物...
2026-05-01 00:59:43.255 | INFO     | Backtest   | [回测 4/5] 模拟第 8001/9008 笔交易: 常青股份...
2026-05-01 00:59:43.842 | INFO     | Backtest   | [回测 4/5] 模拟第 8011/9008 笔交易: 国晟科技...
2026-05-01 00:59:44.298 | INFO     | Backtest   | [回测 4/5] 模拟第 8021/9008 笔交易: 宁波高发...
2026-05-01 00:59:44.789 | INFO     | Backtest   | [回测 4/5] 模拟第 8031/9008 笔交易: 康普顿...
2026-05-01 00:59:45.117 | INFO     | Backtest   | [回测 4/5] 模拟第 8041/9008 笔交易: 歌力思...
2026-05-01 00:59:45.578 | INFO     | Backtest   | [回测 4/5] 模拟第 8051/9008 笔交易: 诚意药业...
2026-05-01 00:59:45.918 | INFO     | Backtest   | [回测 4/5] 模拟第 8061/9008 笔交易: 曲美家居...
2026-05-01 00:59:46.479 | INFO     | Backtest   | [回测 4/5] 模拟第 8071/9008 笔交易: 坤彩科技...
2026-05-01 00:59:46.970 | INFO     | Backtest   | [回测 4/5] 模拟第 8081/9008 笔交易: *ST四通...
2026-05-01 00:59:47.289 | INFO     | Backtest   | [回测 4/5] 模拟第 8091/9008 笔交易: 东宏股份...
2026-05-01 00:59:47.785 | INFO     | Backtest   | [回测 4/5] 模拟第 8101/9008 笔交易: 松炀资源...
2026-05-01 00:59:48.128 | INFO     | Backtest   | [回测 4/5] 模拟第 8111/9008 笔交易: 鼎胜新材...
2026-05-01 00:59:48.490 | INFO     | Backtest   | [回测 4/5] 模拟第 8121/9008 笔交易: 数据港...
2026-05-01 00:59:49.034 | INFO     | Backtest   | [回测 4/5] 模拟第 8131/9008 笔交易: 元祖股份...
2026-05-01 00:59:49.455 | INFO     | Backtest   | [回测 4/5] 模拟第 8141/9008 笔交易: 春秋电子...
2026-05-01 00:59:49.904 | INFO     | Backtest   | [回测 4/5] 模拟第 8151/9008 笔交易: 莱绅通灵...
2026-05-01 00:59:50.273 | INFO     | Backtest   | [回测 4/5] 模拟第 8161/9008 笔交易: 龙蟠科技...
2026-05-01 00:59:50.817 | INFO     | Backtest   | [回测 4/5] 模拟第 8171/9008 笔交易: 佳力图...
2026-05-01 00:59:51.412 | INFO     | Backtest   | [回测 4/5] 模拟第 8181/9008 笔交易: 合力科技...
2026-05-01 00:59:51.839 | INFO     | Backtest   | [回测 4/5] 模拟第 8191/9008 笔交易: 铁流股份...
2026-05-01 00:59:52.307 | INFO     | Backtest   | [回测 4/5] 模拟第 8201/9008 笔交易: 博敏电子...
2026-05-01 00:59:52.820 | INFO     | Backtest   | [回测 4/5] 模拟第 8211/9008 笔交易: 建业股份...
2026-05-01 00:59:53.312 | INFO     | Backtest   | [回测 4/5] 模拟第 8221/9008 笔交易: 克来机电...
2026-05-01 00:59:54.072 | INFO     | Backtest   | [回测 4/5] 模拟第 8231/9008 笔交易: 银龙股份...
2026-05-01 00:59:54.621 | INFO     | Backtest   | [回测 4/5] 模拟第 8241/9008 笔交易: 深圳新星...
2026-05-01 00:59:55.020 | INFO     | Backtest   | [回测 4/5] 模拟第 8251/9008 笔交易: 泉峰汽车...
2026-05-01 00:59:55.461 | INFO     | Backtest   | [回测 4/5] 模拟第 8261/9008 笔交易: 艾华集团...
2026-05-01 00:59:55.912 | INFO     | Backtest   | [回测 4/5] 模拟第 8271/9008 笔交易: 继峰股份...
2026-05-01 00:59:56.326 | INFO     | Backtest   | [回测 4/5] 模拟第 8281/9008 笔交易: 威奥股份...
2026-05-01 00:59:56.813 | INFO     | Backtest   | [回测 4/5] 模拟第 8291/9008 笔交易: 山东玻纤...
2026-05-01 00:59:57.309 | INFO     | Backtest   | [回测 4/5] 模拟第 8301/9008 笔交易: 世茂能源...
2026-05-01 00:59:57.732 | INFO     | Backtest   | [回测 4/5] 模拟第 8311/9008 笔交易: 迎丰股份...
2026-05-01 00:59:58.114 | INFO     | Backtest   | [回测 4/5] 模拟第 8321/9008 笔交易: 联德股份...
2026-05-01 00:59:58.644 | INFO     | Backtest   | [回测 4/5] 模拟第 8331/9008 笔交易: 华康股份...
2026-05-01 00:59:59.064 | INFO     | Backtest   | [回测 4/5] 模拟第 8341/9008 笔交易: 同庆楼...
2026-05-01 00:59:59.519 | INFO     | Backtest   | [回测 4/5] 模拟第 8351/9008 笔交易: 西上海...
2026-05-01 00:59:59.902 | INFO     | Backtest   | [回测 4/5] 模拟第 8361/9008 笔交易: 聚合顺...
2026-05-01 01:00:00.357 | INFO     | Backtest   | [回测 4/5] 模拟第 8371/9008 笔交易: 东亚药业...
2026-05-01 01:00:00.823 | INFO     | Backtest   | [回测 4/5] 模拟第 8381/9008 笔交易: 确成股份...
2026-05-01 01:00:01.284 | INFO     | Backtest   | [回测 4/5] 模拟第 8391/9008 笔交易: 永茂泰...
2026-05-01 01:00:01.649 | INFO     | Backtest   | [回测 4/5] 模拟第 8401/9008 笔交易: 天普股份...
2026-05-01 01:00:02.155 | INFO     | Backtest   | [回测 4/5] 模拟第 8411/9008 笔交易: 必得科技...
2026-05-01 01:00:02.679 | INFO     | Backtest   | [回测 4/5] 模拟第 8421/9008 笔交易: 园林股份...
2026-05-01 01:00:03.093 | INFO     | Backtest   | [回测 4/5] 模拟第 8431/9008 笔交易: 巴比食品...
2026-05-01 01:00:03.587 | INFO     | Backtest   | [回测 4/5] 模拟第 8441/9008 笔交易: 宏柏新材...
2026-05-01 01:00:04.024 | INFO     | Backtest   | [回测 4/5] 模拟第 8451/9008 笔交易: 晨光新材...
2026-05-01 01:00:04.444 | INFO     | Backtest   | [回测 4/5] 模拟第 8461/9008 笔交易: 恒盛能源...
2026-05-01 01:00:04.887 | INFO     | Backtest   | [回测 4/5] 模拟第 8471/9008 笔交易: 博汇科技...
2026-05-01 01:00:05.412 | INFO     | Backtest   | [回测 4/5] 模拟第 8481/9008 笔交易: 奥福科技...
2026-05-01 01:00:05.888 | INFO     | Backtest   | [回测 4/5] 模拟第 8491/9008 笔交易: 天宜新材...
2026-05-01 01:00:06.262 | INFO     | Backtest   | [回测 4/5] 模拟第 8501/9008 笔交易: 龙腾光电...
2026-05-01 01:00:06.760 | INFO     | Backtest   | [回测 4/5] 模拟第 8511/9008 笔交易: 爱威科技...
2026-05-01 01:00:07.192 | INFO     | Backtest   | [回测 4/5] 模拟第 8521/9008 笔交易: 爱科科技...
2026-05-01 01:00:07.638 | INFO     | Backtest   | [回测 4/5] 模拟第 8531/9008 笔交易: 三达膜...
2026-05-01 01:00:08.108 | INFO     | Backtest   | [回测 4/5] 模拟第 8541/9008 笔交易: 赛诺医疗...
2026-05-01 01:00:08.469 | INFO     | Backtest   | [回测 4/5] 模拟第 8551/9008 笔交易: 沪硅产业...
2026-05-01 01:00:08.908 | INFO     | Backtest   | [回测 4/5] 模拟第 8561/9008 笔交易: 邦彦技术...
2026-05-01 01:00:09.566 | INFO     | Backtest   | [回测 4/5] 模拟第 8571/9008 笔交易: 华强科技...
2026-05-01 01:00:09.833 | INFO     | Backtest   | [回测 4/5] 模拟第 8581/9008 笔交易: 埃夫特-U...
2026-05-01 01:00:10.241 | INFO     | Backtest   | [回测 4/5] 模拟第 8591/9008 笔交易: 亚虹医药-U...
2026-05-01 01:00:10.781 | INFO     | Backtest   | [回测 4/5] 模拟第 8601/9008 笔交易: ST帕瓦...
2026-05-01 01:00:11.229 | INFO     | Backtest   | [回测 4/5] 模拟第 8611/9008 笔交易: 信安世纪...
2026-05-01 01:00:11.645 | INFO     | Backtest   | [回测 4/5] 模拟第 8621/9008 笔交易: 格灵深瞳...
2026-05-01 01:00:12.026 | INFO     | Backtest   | [回测 4/5] 模拟第 8631/9008 笔交易: 睿昂基因...
2026-05-01 01:00:12.548 | INFO     | Backtest   | [回测 4/5] 模拟第 8641/9008 笔交易: 前沿生物-U...
2026-05-01 01:00:12.971 | INFO     | Backtest   | [回测 4/5] 模拟第 8651/9008 笔交易: 和元生物...
2026-05-01 01:00:13.253 | INFO     | Backtest   | [回测 4/5] 模拟第 8661/9008 笔交易: 天德钰...
2026-05-01 01:00:13.919 | INFO     | Backtest   | [回测 4/5] 模拟第 8671/9008 笔交易: 天智航-U...
2026-05-01 01:00:14.550 | INFO     | Backtest   | [回测 4/5] 模拟第 8681/9008 笔交易: 圣湘生物...
2026-05-01 01:00:15.074 | INFO     | Backtest   | [回测 4/5] 模拟第 8691/9008 笔交易: 长阳科技...
2026-05-01 01:00:15.473 | INFO     | Backtest   | [回测 4/5] 模拟第 8701/9008 笔交易: 恒誉环保...
2026-05-01 01:00:15.999 | INFO     | Backtest   | [回测 4/5] 模拟第 8711/9008 笔交易: 之江生物...
2026-05-01 01:00:16.372 | INFO     | Backtest   | [回测 4/5] 模拟第 8721/9008 笔交易: 艾隆科技...
2026-05-01 01:00:16.879 | INFO     | Backtest   | [回测 4/5] 模拟第 8731/9008 笔交易: 亿华通-U...
2026-05-01 01:00:17.452 | INFO     | Backtest   | [回测 4/5] 模拟第 8741/9008 笔交易: 明志科技...
2026-05-01 01:00:17.799 | INFO     | Backtest   | [回测 4/5] 模拟第 8751/9008 笔交易: 工大高科...
2026-05-01 01:00:18.350 | INFO     | Backtest   | [回测 4/5] 模拟第 8761/9008 笔交易: 盟科药业-U...
2026-05-01 01:00:18.893 | INFO     | Backtest   | [回测 4/5] 模拟第 8771/9008 笔交易: 信科移动-U...
2026-05-01 01:00:19.333 | INFO     | Backtest   | [回测 4/5] 模拟第 8781/9008 笔交易: 汇成股份...
2026-05-01 01:00:19.751 | INFO     | Backtest   | [回测 4/5] 模拟第 8791/9008 笔交易: 诺诚健华...
2026-05-01 01:00:20.181 | INFO     | Backtest   | [回测 4/5] 模拟第 8801/9008 笔交易: 科捷智能...
2026-05-01 01:00:20.691 | INFO     | Backtest   | [回测 4/5] 模拟第 8811/9008 笔交易: 芯联集成-U...
2026-05-01 01:00:21.088 | INFO     | Backtest   | [回测 4/5] 模拟第 8821/9008 笔交易: 艾迪药业...
2026-05-01 01:00:21.735 | INFO     | Backtest   | [回测 4/5] 模拟第 8831/9008 笔交易: 正元地信...
2026-05-01 01:00:22.107 | INFO     | Backtest   | [回测 4/5] 模拟第 8841/9008 笔交易: 联赢激光...
2026-05-01 01:00:22.601 | INFO     | Backtest   | [回测 4/5] 模拟第 8851/9008 笔交易: 和辉光电-U...
2026-05-01 01:00:23.252 | INFO     | Backtest   | [回测 4/5] 模拟第 8861/9008 笔交易: 兰剑智能...
2026-05-01 01:00:23.629 | INFO     | Backtest   | [回测 4/5] 模拟第 8871/9008 笔交易: 力源科技...
2026-05-01 01:00:24.277 | INFO     | Backtest   | [回测 4/5] 模拟第 8881/9008 笔交易: 杭华股份...
2026-05-01 01:00:24.752 | INFO     | Backtest   | [回测 4/5] 模拟第 8891/9008 笔交易: 江航装备...
2026-05-01 01:00:25.100 | INFO     | Backtest   | [回测 4/5] 模拟第 8901/9008 笔交易: 新相微...
2026-05-01 01:00:25.586 | INFO     | Backtest   | [回测 4/5] 模拟第 8911/9008 笔交易: 皖仪科技...
2026-05-01 01:00:26.079 | INFO     | Backtest   | [回测 4/5] 模拟第 8921/9008 笔交易: 康众医疗...
2026-05-01 01:00:26.522 | INFO     | Backtest   | [回测 4/5] 模拟第 8931/9008 笔交易: 罗普特...
2026-05-01 01:00:27.000 | INFO     | Backtest   | [回测 4/5] 模拟第 8941/9008 笔交易: 康希通信...
2026-05-01 01:00:27.467 | INFO     | Backtest   | [回测 4/5] 模拟第 8951/9008 笔交易: 悦康药业...
2026-05-01 01:00:27.844 | INFO     | Backtest   | [回测 4/5] 模拟第 8961/9008 笔交易: 聚石化学...
2026-05-01 01:00:28.355 | INFO     | Backtest   | [回测 4/5] 模拟第 8971/9008 笔交易: 科汇股份...
2026-05-01 01:00:28.875 | INFO     | Backtest   | [回测 4/5] 模拟第 8981/9008 笔交易: 纽威数控...
2026-05-01 01:00:29.317 | INFO     | Backtest   | [回测 4/5] 模拟第 8991/9008 笔交易: 格科微...
2026-05-01 01:00:29.748 | INFO     | Backtest   | [回测 4/5] 模拟第 9001/9008 笔交易: 珠海冠宇...
2026-05-01 01:00:30.086 | INFO     | Backtest   | [回测 5/5] 回测任务完成: 8954笔(含60笔平手离场)
2026-05-01 10:42:44.294 | INFO     | DuckDB     | DuckDB | 所有核心表结构初始化完成 (含热点板块)
2026-05-01 10:42:44.295 | INFO     | DuckDB     | DuckDB 核心就绪: E:\1target\p9_project\quant-platform\data\meta\meta.db
2026-05-01 10:42:44.305 | INFO     | AIOptimizer | 🔄 [Phase 1] 加载日线数据 + 生成策略信号（此步骤只需执行一次）...
2026-05-01 10:43:01.696 | INFO     | AIOptimizer |   读取 Parquet 完成：5201 只股票 / 1 只缺失 / 1,659,045 条记录
2026-05-01 10:43:02.531 | INFO     | Screener   | 🧬 [Loader] 识别到类继承策略: MA5AngleOriginalStrategy
2026-05-01 10:43:07.687 | INFO     | AIOptimizer | ✅ [Phase 1] 完成：5201 只日线 / 7134 信号已缓存
2026-05-01 10:45:14.546 | INFO     | AIOptimizer |   1分钟线加载：5201 只股票（覆盖 2025-04-25 ~ 2026-04-30）
2026-05-01 10:45:14.546 | INFO     | AIOptimizer | 🔧 预建信号索引...
2026-05-01 10:45:14.552 | INFO     | AIOptimizer |   索引就绪：6980 有效信号
2026-05-01 10:45:15.200 | INFO     | AIOptimizer | 🌐 计算历史市场状态标签 (Regime)...
2026-05-01 10:45:15.215 | INFO     | RegimeDetector | Regime | 使用 中证A500（351 条，中位值 4887 点）
2026-05-01 10:45:15.222 | INFO     | RegimeDetector | Regime | 生成完毕 245 条标签 | 分布: {'牛市-高波': 5, '牛市-低波': 185, '熊市-低波': 45, '熊市-高波': 10}
2026-05-01 10:45:15.222 | INFO     | AIOptimizer | 📋 [Phase 2] 搜索空间从系统配置加载（10 个参数）
2026-05-01 10:45:15.222 | INFO     | AIOptimizer |   搜索范围预览: tp1_profit=[2.0,5.0], tp2_profit=[6.0,12.0], tp1_ratio=[0.15,0.4], tp2_ratio=[0.3,0.6], hard_stop_loss_pct=[-14.0,-8.0]
2026-05-01 10:45:15.222 | INFO     | AIOptimizer | 🔍 [Phase 3] 探索期：32 组拉丁超立方采样...
2026-05-01 10:45:32.489 | INFO     | AIOptimizer |   探索 01/32 | score=2.249 | 平盈率=+2.25% | 胜率=84.9% | PF=2.21
2026-05-01 10:45:49.780 | INFO     | AIOptimizer |   探索 02/32 | score=2.052 | 平盈率=+2.05% | 胜率=75.9% | PF=1.96
2026-05-01 10:46:04.691 | INFO     | AIOptimizer |   探索 03/32 | score=1.781 | 平盈率=+1.78% | 胜率=78.1% | PF=1.97
2026-05-01 10:46:19.884 | INFO     | AIOptimizer |   探索 04/32 | score=1.890 | 平盈率=+1.89% | 胜率=87.3% | PF=2.26
2026-05-01 10:46:39.963 | INFO     | AIOptimizer |   探索 05/32 | score=2.030 | 平盈率=+2.03% | 胜率=85.2% | PF=2.18
2026-05-01 10:46:53.552 | INFO     | AIOptimizer |   探索 06/32 | score=1.817 | 平盈率=+1.82% | 胜率=84.3% | PF=2.10
2026-05-01 10:47:07.390 | INFO     | AIOptimizer |   探索 07/32 | score=1.741 | 平盈率=+1.74% | 胜率=77.2% | PF=1.91
2026-05-01 10:47:20.437 | INFO     | AIOptimizer |   探索 08/32 | score=1.603 | 平盈率=+1.60% | 胜率=79.3% | PF=1.97
2026-05-01 10:47:32.165 | INFO     | AIOptimizer |   探索 09/32 | score=2.205 | 平盈率=+2.21% | 胜率=89.4% | PF=2.70
2026-05-01 10:47:44.303 | INFO     | AIOptimizer |   探索 10/32 | score=1.590 | 平盈率=+1.59% | 胜率=75.2% | PF=1.86
2026-05-01 10:48:00.485 | INFO     | AIOptimizer |   探索 11/32 | score=2.074 | 平盈率=+2.07% | 胜率=79.5% | PF=2.00
2026-05-01 10:48:15.554 | INFO     | AIOptimizer |   探索 12/32 | score=2.523 | 平盈率=+2.52% | 胜率=88.3% | PF=2.71
2026-05-01 10:48:24.783 | INFO     | AIOptimizer |   探索 13/32 | score=1.780 | 平盈率=+1.78% | 胜率=86.7% | PF=2.29
2026-05-01 10:48:40.044 | INFO     | AIOptimizer |   探索 14/32 | score=2.146 | 平盈率=+2.15% | 胜率=85.3% | PF=2.25
2026-05-01 10:48:51.020 | INFO     | AIOptimizer |   探索 15/32 | score=1.840 | 平盈率=+1.84% | 胜率=85.1% | PF=2.26
2026-05-01 10:49:05.677 | INFO     | AIOptimizer |   探索 16/32 | score=2.248 | 平盈率=+2.25% | 胜率=87.6% | PF=2.45
2026-05-01 10:49:21.967 | INFO     | AIOptimizer |   探索 17/32 | score=2.268 | 平盈率=+2.27% | 胜率=83.2% | PF=2.19
2026-05-01 10:49:35.392 | INFO     | AIOptimizer |   探索 18/32 | score=1.903 | 平盈率=+1.90% | 胜率=83.9% | PF=2.22
2026-05-01 10:49:47.064 | INFO     | AIOptimizer |   探索 19/32 | score=1.549 | 平盈率=+1.55% | 胜率=80.1% | PF=1.90
2026-05-01 10:50:01.457 | INFO     | AIOptimizer |   探索 20/32 | score=1.783 | 平盈率=+1.78% | 胜率=72.6% | PF=1.88
2026-05-01 10:50:14.861 | INFO     | AIOptimizer |   探索 21/32 | score=2.287 | 平盈率=+2.29% | 胜率=85.7% | PF=2.40
2026-05-01 10:50:27.920 | INFO     | AIOptimizer |   探索 22/32 | score=1.656 | 平盈率=+1.66% | 胜率=80.2% | PF=1.97
2026-05-01 10:50:36.455 | INFO     | AIOptimizer |   探索 23/32 | score=2.004 | 平盈率=+2.00% | 胜率=91.3% | PF=3.03
2026-05-01 10:50:51.905 | INFO     | AIOptimizer |   探索 24/32 | score=1.830 | 平盈率=+1.83% | 胜率=75.9% | PF=1.96
2026-05-01 10:51:02.368 | INFO     | AIOptimizer |   探索 25/32 | score=2.102 | 平盈率=+2.10% | 胜率=88.9% | PF=2.67
2026-05-01 10:51:14.558 | INFO     | AIOptimizer |   探索 26/32 | score=2.022 | 平盈率=+2.02% | 胜率=84.8% | PF=2.28
2026-05-01 10:51:22.919 | INFO     | AIOptimizer |   探索 27/32 | score=1.335 | 平盈率=+1.33% | 胜率=82.1% | PF=2.01
2026-05-01 10:51:32.064 | INFO     | AIOptimizer |   探索 28/32 | score=1.537 | 平盈率=+1.54% | 胜率=80.2% | PF=2.00
2026-05-01 10:51:44.096 | INFO     | AIOptimizer |   探索 29/32 | score=1.516 | 平盈率=+1.52% | 胜率=77.7% | PF=1.86
2026-05-01 10:51:59.757 | INFO     | AIOptimizer |   探索 30/32 | score=1.931 | 平盈率=+1.93% | 胜率=87.1% | PF=2.30
2026-05-01 10:52:08.843 | INFO     | AIOptimizer |   探索 31/32 | score=1.650 | 平盈率=+1.65% | 胜率=82.5% | PF=2.08
2026-05-01 10:52:21.043 | INFO     | AIOptimizer |   探索 32/32 | score=1.722 | 平盈率=+1.72% | 胜率=84.3% | PF=2.10
2026-05-01 10:59:26.889 | INFO     | AIOptimizer | 📊 市场状态分析：{'牛市-低波': {'count': 149746, 'avg_pnl': 1.689, 'win_rate': 80.9, 'max_pnl': 187.886, 'min_pnl': -13.976}, '熊市-低波': {'count': 32370, 'avg_pnl': 2.328, 'win_rate': 86.1, 'max_pnl': 33.983, 'min_pnl': -13.976}, '熊市-高波': {'count': 19361, 'avg_pnl': 2.833, 'win_rate': 91.6, 'max_pnl': 64.552, 'min_pnl': -13.976}, '牛市-高波': {'count': 1374, 'avg_pnl': 0.364, 'win_rate': 67.2, 'max_pnl': 13.665, 'min_pnl': -13.976}}
2026-05-01 10:59:26.889 | INFO     | AIOptimizer | 📋 [Phase 4] 跳过 LLM 精化，直接使用配置搜索空间
2026-05-01 10:59:27.149 | INFO     | AIOptimizer | 🤖 [Phase 5] 贝叶斯精化：20 次 Optuna 探索...
2026-05-01 10:59:41.428 | INFO     | AIOptimizer |   Optuna 01/20 | 当前最优平盈率: +1.97%
2026-05-01 11:01:32.968 | INFO     | AIOptimizer |   Optuna 10/20 | 当前最优平盈率: +2.04%
2026-05-01 11:04:39.879 | INFO     | AIOptimizer |   Optuna 20/20 | 当前最优平盈率: +2.35%
2026-05-01 11:04:39.879 | INFO     | AIOptimizer | 🏆 最优平盈率: +2.52% (score=2.523)
2026-05-01 11:04:39.879 | INFO     | AIOptimizer | 📊 [Phase 6] Walk-Forward 验证（anchored expanding window, 5 折, OOS≈52d, 初始IS≈156d）...
2026-05-01 11:04:48.769 | INFO     | AIOptimizer |   WFO #1.1: IS=+3.45% OOS=+3.99% (2025-09-28~2025-11-18, 51d, 504笔)
2026-05-01 11:04:59.317 | INFO     | AIOptimizer |   WFO #1.2: IS=+3.38% OOS=+2.69% (2025-11-19~2026-01-09, 51d, 443笔)
2026-05-01 11:05:11.861 | INFO     | AIOptimizer |   WFO #1.3: IS=+3.02% OOS=+3.07% (2026-01-10~2026-03-02, 51d, 483笔)
2026-05-01 11:05:26.302 | INFO     | AIOptimizer |   WFO #1.4: IS=+3.11% OOS=+0.00% (2026-03-03~2026-04-23, 51d, 499笔)
2026-05-01 11:05:26.303 | INFO     | AIOptimizer |   WFO #1: WFE=0.75±0.45 ⚠️ 一般 (4折 | IS=+3.24% OOS=+2.44%)
2026-05-01 11:05:38.454 | INFO     | AIOptimizer |   WFO #2.1: IS=+3.57% OOS=+4.83% (2025-09-28~2025-11-18, 51d, 397笔)
2026-05-01 11:05:53.130 | INFO     | AIOptimizer |   WFO #2.2: IS=+3.42% OOS=+2.89% (2025-11-19~2026-01-09, 51d, 375笔)
2026-05-01 11:06:10.521 | INFO     | AIOptimizer |   WFO #2.3: IS=+2.91% OOS=+3.39% (2026-01-10~2026-03-02, 51d, 369笔)
2026-05-01 11:06:30.463 | INFO     | AIOptimizer |   WFO #2.4: IS=+3.08% OOS=-0.70% (2026-03-03~2026-04-23, 51d, 393笔)
2026-05-01 11:06:30.464 | INFO     | AIOptimizer |   WFO #2: WFE=0.80±0.61 ⚠️ 衰减 (4折 | IS=+3.25% OOS=+2.60%)
2026-05-01 11:06:42.584 | INFO     | AIOptimizer |   WFO #3.1: IS=+3.53% OOS=+4.81% (2025-09-28~2025-11-18, 51d, 399笔)
2026-05-01 11:06:57.198 | INFO     | AIOptimizer |   WFO #3.2: IS=+3.39% OOS=+2.88% (2025-11-19~2026-01-09, 51d, 376笔)
2026-05-01 11:07:14.635 | INFO     | AIOptimizer |   WFO #3.3: IS=+2.89% OOS=+3.37% (2026-01-10~2026-03-02, 51d, 370笔)
2026-05-01 11:07:34.524 | INFO     | AIOptimizer |   WFO #3.4: IS=+3.06% OOS=-0.69% (2026-03-03~2026-04-23, 51d, 395笔)
2026-05-01 11:07:34.524 | INFO     | AIOptimizer |   WFO #3: WFE=0.81±0.61 ⚠️ 衰减 (4折 | IS=+3.22% OOS=+2.59%)
2026-05-01 11:07:46.213 | INFO     | AIOptimizer |   WFO #4.1: IS=+3.52% OOS=+4.69% (2025-09-28~2025-11-18, 51d, 410笔)
2026-05-01 11:08:00.403 | INFO     | AIOptimizer |   WFO #4.2: IS=+3.38% OOS=+2.85% (2025-11-19~2026-01-09, 51d, 382笔)
2026-05-01 11:08:17.299 | INFO     | AIOptimizer |   WFO #4.3: IS=+2.88% OOS=+3.33% (2026-01-10~2026-03-02, 51d, 382笔)
2026-05-01 11:08:36.852 | INFO     | AIOptimizer |   WFO #4.4: IS=+3.04% OOS=-0.33% (2026-03-03~2026-04-23, 51d, 410笔)
2026-05-01 11:08:36.852 | INFO     | AIOptimizer |   WFO #4: WFE=0.82±0.56 ⚠️ 衰减 (4折 | IS=+3.20% OOS=+2.63%)
2026-05-01 11:08:49.065 | INFO     | AIOptimizer |   WFO #5.1: IS=+3.49% OOS=+4.71% (2025-09-28~2025-11-18, 51d, 400笔)
2026-05-01 11:09:03.646 | INFO     | AIOptimizer |   WFO #5.2: IS=+3.36% OOS=+2.79% (2025-11-19~2026-01-09, 51d, 376笔)
2026-05-01 11:09:21.031 | INFO     | AIOptimizer |   WFO #5.3: IS=+2.85% OOS=+3.35% (2026-01-10~2026-03-02, 51d, 370笔)
2026-05-01 11:09:40.927 | INFO     | AIOptimizer |   WFO #5.4: IS=+3.02% OOS=-0.67% (2026-03-03~2026-04-23, 51d, 394笔)
2026-05-01 11:09:40.928 | INFO     | AIOptimizer |   WFO #5: WFE=0.80±0.61 ⚠️ 衰减 (4折 | IS=+3.18% OOS=+2.54%)
2026-05-01 11:09:56.097 | INFO     | AIOptimizer | 📋 [Phase 7] 生成降级报告...
2026-05-01 11:09:56.097 | INFO     | AIOptimizer | ✅ 分析报告已生成
2026-05-01 11:09:56.098 | INFO     | AIOptimizer | 🎉 AI 回测优化完成！共 52 次探索，最优平盈率 +2.52%
2026-05-01 11:11:03.727 | INFO     | DuckDB     | DuckDB | 所有核心表结构初始化完成 (含热点板块)
2026-05-01 11:11:03.728 | INFO     | DuckDB     | DuckDB 核心就绪: E:\1target\p9_project\quant-platform\data\meta\meta.db
2026-05-01 11:11:03.733 | INFO     | Backtest   | [回测 1/5] 筛选回测目标股票...
2026-05-01 11:11:03.739 | INFO     | Backtest   | [回测 2/5] 加载 5202 只股票的历史数据进行快速扫描...
2026-05-01 11:11:18.099 | INFO     | Backtest   | [回测 3/5] 计算策略信号 (基于日线信号库)...
2026-05-01 11:11:18.115 | INFO     | Screener   | 🧬 [Loader] 识别到类继承策略: MA5AngleOriginalStrategy
2026-05-01 11:11:23.014 | INFO     | Backtest   | [回测 4/5] 处理 7134 条信号，执行精细分钟线仿真...
2026-05-01 11:11:23.022 | INFO     | Backtest   | [回测 4/5] 模拟第 1/7134 笔交易: 平安银行...
2026-05-01 11:11:23.400 | INFO     | Backtest   | [回测 4/5] 模拟第 11/7134 笔交易: 中国宝安...
2026-05-01 11:11:23.839 | INFO     | Backtest   | [回测 4/5] 模拟第 21/7134 笔交易: 深中华A...
2026-05-01 11:11:24.401 | INFO     | Backtest   | [回测 4/5] 模拟第 31/7134 笔交易: 特力Ａ...
2026-05-01 11:11:24.888 | INFO     | Backtest   | [回测 4/5] 模拟第 41/7134 笔交易: 深桑达Ａ...
2026-05-01 11:11:25.241 | INFO     | Backtest   | [回测 4/5] 模拟第 51/7134 笔交易: 中洲控股...
2026-05-01 11:11:25.614 | INFO     | Backtest   | [回测 4/5] 模拟第 61/7134 笔交易: *ST皇庭...
2026-05-01 11:11:25.919 | INFO     | Backtest   | [回测 4/5] 模拟第 71/7134 笔交易: 北方国际...
2026-05-01 11:11:26.413 | INFO     | Backtest   | [回测 4/5] 模拟第 81/7134 笔交易: 特发信息...
2026-05-01 11:11:26.935 | INFO     | Backtest   | [回测 4/5] 模拟第 91/7134 笔交易: 中成股份...
2026-05-01 11:11:27.726 | INFO     | Backtest   | [回测 4/5] 模拟第 101/7134 笔交易: 潍柴动力...
2026-05-01 11:11:28.277 | INFO     | Backtest   | [回测 4/5] 模拟第 111/7134 笔交易: 沈阳机床...
2026-05-01 11:11:28.727 | INFO     | Backtest   | [回测 4/5] 模拟第 121/7134 笔交易: 吉林化纤...
2026-05-01 11:11:29.096 | INFO     | Backtest   | [回测 4/5] 模拟第 131/7134 笔交易: 粤高速Ａ...
2026-05-01 11:11:29.599 | INFO     | Backtest   | [回测 4/5] 模拟第 141/7134 笔交易: 招金黄金...
2026-05-01 11:11:30.012 | INFO     | Backtest   | [回测 4/5] 模拟第 151/7134 笔交易: 国际医学...
2026-05-01 11:11:30.500 | INFO     | Backtest   | [回测 4/5] 模拟第 161/7134 笔交易: 红棉股份...
2026-05-01 11:11:31.038 | INFO     | Backtest   | [回测 4/5] 模拟第 171/7134 笔交易: 顺钠股份...
2026-05-01 11:11:31.444 | INFO     | Backtest   | [回测 4/5] 模拟第 181/7134 笔交易: 皖能电力...
2026-05-01 11:11:32.026 | INFO     | Backtest   | [回测 4/5] 模拟第 191/7134 笔交易: 江铃汽车...
2026-05-01 11:11:32.485 | INFO     | Backtest   | [回测 4/5] 模拟第 201/7134 笔交易: 泰山石油...
2026-05-01 11:11:32.906 | INFO     | Backtest   | [回测 4/5] 模拟第 211/7134 笔交易: 我爱我家...
2026-05-01 11:11:33.257 | INFO     | Backtest   | [回测 4/5] 模拟第 221/7134 笔交易: 海德股份...
2026-05-01 11:11:34.081 | INFO     | Backtest   | [回测 4/5] 模拟第 231/7134 笔交易: 粤宏远Ａ...
2026-05-01 11:11:34.637 | INFO     | Backtest   | [回测 4/5] 模拟第 241/7134 笔交易: 古汉医药...
2026-05-01 11:11:35.142 | INFO     | Backtest   | [回测 4/5] 模拟第 251/7134 笔交易: *ST宝实...
2026-05-01 11:11:35.501 | INFO     | Backtest   | [回测 4/5] 模拟第 261/7134 笔交易: 盛达资源...
2026-05-01 11:11:36.047 | INFO     | Backtest   | [回测 4/5] 模拟第 271/7134 笔交易: 焦作万方...
2026-05-01 11:11:36.427 | INFO     | Backtest   | [回测 4/5] 模拟第 281/7134 笔交易: 海螺新材...
2026-05-01 11:11:37.028 | INFO     | Backtest   | [回测 4/5] 模拟第 291/7134 笔交易: 钒钛股份...
2026-05-01 11:11:37.357 | INFO     | Backtest   | [回测 4/5] 模拟第 301/7134 笔交易: 合金投资...
2026-05-01 11:11:37.905 | INFO     | Backtest   | [回测 4/5] 模拟第 311/7134 笔交易: 茂化实华...
2026-05-01 11:11:38.446 | INFO     | Backtest   | [回测 4/5] 模拟第 321/7134 笔交易: 珠海中富...
2026-05-01 11:11:38.704 | INFO     | Backtest   | [回测 4/5] 模拟第 331/7134 笔交易: ST金鸿...
2026-05-01 11:11:39.106 | INFO     | Backtest   | [回测 4/5] 模拟第 341/7134 笔交易: 山推股份...
2026-05-01 11:11:39.423 | INFO     | Backtest   | [回测 4/5] 模拟第 351/7134 笔交易: 博源化工...
2026-05-01 11:11:39.754 | INFO     | Backtest   | [回测 4/5] 模拟第 361/7134 笔交易: *ST亚太...
2026-05-01 11:11:40.032 | INFO     | Backtest   | [回测 4/5] 模拟第 371/7134 笔交易: ST沈化...
2026-05-01 11:11:40.458 | INFO     | Backtest   | [回测 4/5] 模拟第 381/7134 笔交易: 恒逸石化...
2026-05-01 11:11:40.842 | INFO     | Backtest   | [回测 4/5] 模拟第 391/7134 笔交易: ST京蓝...
2026-05-01 11:11:41.214 | INFO     | Backtest   | [回测 4/5] 模拟第 401/7134 笔交易: 湖南发展...
2026-05-01 11:11:41.584 | INFO     | Backtest   | [回测 4/5] 模拟第 411/7134 笔交易: 罗牛山...
2026-05-01 11:11:41.975 | INFO     | Backtest   | [回测 4/5] 模拟第 421/7134 笔交易: 普洛药业...
2026-05-01 11:11:42.719 | INFO     | Backtest   | [回测 4/5] 模拟第 431/7134 笔交易: 浩物股份...
2026-05-01 11:11:43.167 | INFO     | Backtest   | [回测 4/5] 模拟第 441/7134 笔交易: 广发证券...
2026-05-01 11:11:43.905 | INFO     | Backtest   | [回测 4/5] 模拟第 451/7134 笔交易: 长江证券...
2026-05-01 11:11:44.612 | INFO     | Backtest   | [回测 4/5] 模拟第 461/7134 笔交易: 甘肃能源...
2026-05-01 11:11:44.990 | INFO     | Backtest   | [回测 4/5] 模拟第 471/7134 笔交易: 凯撒旅业...
2026-05-01 11:11:45.316 | INFO     | Backtest   | [回测 4/5] 模拟第 481/7134 笔交易: 山高环能...
2026-05-01 11:11:45.658 | INFO     | Backtest   | [回测 4/5] 模拟第 491/7134 笔交易: 冰轮环境...
2026-05-01 11:11:46.108 | INFO     | Backtest   | [回测 4/5] 模拟第 501/7134 笔交易: 智慧农业...
2026-05-01 11:11:46.513 | INFO     | Backtest   | [回测 4/5] 模拟第 511/7134 笔交易: 山东海化...
2026-05-01 11:11:47.027 | INFO     | Backtest   | [回测 4/5] 模拟第 521/7134 笔交易: 鲁西化工...
2026-05-01 11:11:47.371 | INFO     | Backtest   | [回测 4/5] 模拟第 531/7134 笔交易: 承德露露...
2026-05-01 11:11:47.916 | INFO     | Backtest   | [回测 4/5] 模拟第 541/7134 笔交易: 银星能源...
2026-05-01 11:11:48.356 | INFO     | Backtest   | [回测 4/5] 模拟第 551/7134 笔交易: 云南铜业...
2026-05-01 11:11:49.029 | INFO     | Backtest   | [回测 4/5] 模拟第 561/7134 笔交易: 海南高速...
2026-05-01 11:11:49.379 | INFO     | Backtest   | [回测 4/5] 模拟第 571/7134 笔交易: 法尔胜...
2026-05-01 11:11:49.707 | INFO     | Backtest   | [回测 4/5] 模拟第 581/7134 笔交易: ST云动...
2026-05-01 11:11:50.207 | INFO     | Backtest   | [回测 4/5] 模拟第 591/7134 笔交易: 泸天化...
2026-05-01 11:11:50.531 | INFO     | Backtest   | [回测 4/5] 模拟第 601/7134 笔交易: 佳电股份...
2026-05-01 11:11:50.916 | INFO     | Backtest   | [回测 4/5] 模拟第 611/7134 笔交易: *ST兰黄...
2026-05-01 11:11:51.320 | INFO     | Backtest   | [回测 4/5] 模拟第 621/7134 笔交易: 神火股份...
2026-05-01 11:11:51.796 | INFO     | Backtest   | [回测 4/5] 模拟第 631/7134 笔交易: 紫光股份...
2026-05-01 11:11:52.138 | INFO     | Backtest   | [回测 4/5] 模拟第 641/7134 笔交易: 广济药业...
2026-05-01 11:11:52.518 | INFO     | Backtest   | [回测 4/5] 模拟第 651/7134 笔交易: 锡业股份...
2026-05-01 11:11:52.813 | INFO     | Backtest   | [回测 4/5] 模拟第 661/7134 笔交易: *ST中基...
2026-05-01 11:11:53.181 | INFO     | Backtest   | [回测 4/5] 模拟第 671/7134 笔交易: 九芝堂...
2026-05-01 11:11:53.675 | INFO     | Backtest   | [回测 4/5] 模拟第 681/7134 笔交易: 炬申股份...
2026-05-01 11:11:54.131 | INFO     | Backtest   | [回测 4/5] 模拟第 691/7134 笔交易: 华瓷股份...
2026-05-01 11:11:54.581 | INFO     | Backtest   | [回测 4/5] 模拟第 701/7134 笔交易: 劲旅环境...
2026-05-01 11:11:54.901 | INFO     | Backtest   | [回测 4/5] 模拟第 711/7134 笔交易: 利仁科技...
2026-05-01 11:11:55.412 | INFO     | Backtest   | [回测 4/5] 模拟第 721/7134 笔交易: 陕西能源...
2026-05-01 11:11:55.765 | INFO     | Backtest   | [回测 4/5] 模拟第 731/7134 笔交易: 美能能源...
2026-05-01 11:11:56.224 | INFO     | Backtest   | [回测 4/5] 模拟第 741/7134 笔交易: 胜通能源...
2026-05-01 11:11:56.602 | INFO     | Backtest   | [回测 4/5] 模拟第 751/7134 笔交易: 南矿集团...
2026-05-01 11:11:56.926 | INFO     | Backtest   | [回测 4/5] 模拟第 761/7134 笔交易: 德冠新材...
2026-05-01 11:11:57.730 | INFO     | Backtest   | [回测 4/5] 模拟第 771/7134 笔交易: 雪祺电气...
2026-05-01 11:11:58.223 | INFO     | Backtest   | [回测 4/5] 模拟第 781/7134 笔交易: 招商蛇口...
2026-05-01 11:11:58.905 | INFO     | Backtest   | [回测 4/5] 模拟第 791/7134 笔交易: 凯恩股份...
2026-05-01 11:11:59.317 | INFO     | Backtest   | [回测 4/5] 模拟第 801/7134 笔交易: 京新药业...
2026-05-01 11:11:59.831 | INFO     | Backtest   | [回测 4/5] 模拟第 811/7134 笔交易: 山东威达...
2026-05-01 11:12:00.324 | INFO     | Backtest   | [回测 4/5] 模拟第 821/7134 笔交易: 旺能环境...
2026-05-01 11:12:00.783 | INFO     | Backtest   | [回测 4/5] 模拟第 831/7134 笔交易: 南京港...
2026-05-01 11:12:01.165 | INFO     | Backtest   | [回测 4/5] 模拟第 841/7134 笔交易: 国机精工...
2026-05-01 11:12:01.697 | INFO     | Backtest   | [回测 4/5] 模拟第 851/7134 笔交易: 德美化工...
2026-05-01 11:12:02.028 | INFO     | Backtest   | [回测 4/5] 模拟第 861/7134 笔交易: 广东建工...
2026-05-01 11:12:02.811 | INFO     | Backtest   | [回测 4/5] 模拟第 871/7134 笔交易: 东华软件...
2026-05-01 11:12:03.274 | INFO     | Backtest   | [回测 4/5] 模拟第 881/7134 笔交易: 黑猫股份...
2026-05-01 11:12:03.713 | INFO     | Backtest   | [回测 4/5] 模拟第 891/7134 笔交易: 大港股份...
2026-05-01 11:12:04.262 | INFO     | Backtest   | [回测 4/5] 模拟第 901/7134 笔交易: 万邦德...
2026-05-01 11:12:04.653 | INFO     | Backtest   | [回测 4/5] 模拟第 911/7134 笔交易: 鲁阳节能...
2026-05-01 11:12:04.948 | INFO     | Backtest   | [回测 4/5] 模拟第 921/7134 笔交易: 青岛金王...
2026-05-01 11:12:05.339 | INFO     | Backtest   | [回测 4/5] 模拟第 931/7134 笔交易: 浔兴股份...
2026-05-01 11:12:05.701 | INFO     | Backtest   | [回测 4/5] 模拟第 941/7134 笔交易: 莱宝高科...
2026-05-01 11:12:06.177 | INFO     | Backtest   | [回测 4/5] 模拟第 951/7134 笔交易: 三变科技...
2026-05-01 11:12:06.588 | INFO     | Backtest   | [回测 4/5] 模拟第 961/7134 笔交易: 中国海诚...
2026-05-01 11:12:07.014 | INFO     | Backtest   | [回测 4/5] 模拟第 971/7134 笔交易: ST汇洲...
2026-05-01 11:12:07.353 | INFO     | Backtest   | [回测 4/5] 模拟第 981/7134 笔交易: 沃尔核材...
2026-05-01 11:12:07.644 | INFO     | Backtest   | [回测 4/5] 模拟第 991/7134 笔交易: 天津普林...
2026-05-01 11:12:07.898 | INFO     | Backtest   | [回测 4/5] 模拟第 1001/7134 笔交易: 实益达...
2026-05-01 11:12:08.386 | INFO     | Backtest   | [回测 4/5] 模拟第 1011/7134 笔交易: 钛能化学...
2026-05-01 11:12:08.848 | INFO     | Backtest   | [回测 4/5] 模拟第 1021/7134 笔交易: 报喜鸟...
2026-05-01 11:12:09.302 | INFO     | Backtest   | [回测 4/5] 模拟第 1031/7134 笔交易: 三特索道...
2026-05-01 11:12:09.809 | INFO     | Backtest   | [回测 4/5] 模拟第 1041/7134 笔交易: 莱茵生物...
2026-05-01 11:12:10.287 | INFO     | Backtest   | [回测 4/5] 模拟第 1051/7134 笔交易: 芭田股份...
2026-05-01 11:12:10.664 | INFO     | Backtest   | [回测 4/5] 模拟第 1061/7134 笔交易: 游族网络...
2026-05-01 11:12:10.911 | INFO     | Backtest   | [回测 4/5] 模拟第 1071/7134 笔交易: 奔图科技...
2026-05-01 11:12:11.220 | INFO     | Backtest   | [回测 4/5] 模拟第 1081/7134 笔交易: 广百股份...
2026-05-01 11:12:11.500 | INFO     | Backtest   | [回测 4/5] 模拟第 1091/7134 笔交易: 岩山科技...
2026-05-01 11:12:11.990 | INFO     | Backtest   | [回测 4/5] 模拟第 1101/7134 笔交易: 嘉应制药...
2026-05-01 11:12:12.449 | INFO     | Backtest   | [回测 4/5] 模拟第 1111/7134 笔交易: 海亮股份...
2026-05-01 11:12:12.851 | INFO     | Backtest   | [回测 4/5] 模拟第 1121/7134 笔交易: 准油股份...
2026-05-01 11:12:13.183 | INFO     | Backtest   | [回测 4/5] 模拟第 1131/7134 笔交易: 大为股份...
2026-05-01 11:12:13.622 | INFO     | Backtest   | [回测 4/5] 模拟第 1141/7134 笔交易: 新里程...
2026-05-01 11:12:14.002 | INFO     | Backtest   | [回测 4/5] 模拟第 1151/7134 笔交易: 鸿博股份...
2026-05-01 11:12:14.372 | INFO     | Backtest   | [回测 4/5] 模拟第 1161/7134 笔交易: 天威视讯...
2026-05-01 11:12:14.795 | INFO     | Backtest   | [回测 4/5] 模拟第 1171/7134 笔交易: 滨江集团...
2026-05-01 11:12:15.079 | INFO     | Backtest   | [回测 4/5] 模拟第 1181/7134 笔交易: 聚力文化...
2026-05-01 11:12:15.350 | INFO     | Backtest   | [回测 4/5] 模拟第 1191/7134 笔交易: 步步高...
2026-05-01 11:12:15.665 | INFO     | Backtest   | [回测 4/5] 模拟第 1201/7134 笔交易: 兆新股份...
2026-05-01 11:12:16.003 | INFO     | Backtest   | [回测 4/5] 模拟第 1211/7134 笔交易: 大东南...
2026-05-01 11:12:16.388 | INFO     | Backtest   | [回测 4/5] 模拟第 1221/7134 笔交易: 浙富控股...
2026-05-01 11:12:16.703 | INFO     | Backtest   | [回测 4/5] 模拟第 1231/7134 笔交易: 东方雨虹...
2026-05-01 11:12:16.951 | INFO     | Backtest   | [回测 4/5] 模拟第 1241/7134 笔交易: 友阿股份...
2026-05-01 11:12:17.403 | INFO     | Backtest   | [回测 4/5] 模拟第 1251/7134 笔交易: 天润工业...
2026-05-01 11:12:17.727 | INFO     | Backtest   | [回测 4/5] 模拟第 1261/7134 笔交易: 遥望科技...
2026-05-01 11:12:18.047 | INFO     | Backtest   | [回测 4/5] 模拟第 1271/7134 笔交易: 中电鑫龙...
2026-05-01 11:12:18.337 | INFO     | Backtest   | [回测 4/5] 模拟第 1281/7134 笔交易: 西部建设...
2026-05-01 11:12:18.887 | INFO     | Backtest   | [回测 4/5] 模拟第 1291/7134 笔交易: 北新路桥...
2026-05-01 11:12:19.228 | INFO     | Backtest   | [回测 4/5] 模拟第 1301/7134 笔交易: 日海智能...
2026-05-01 11:12:19.571 | INFO     | Backtest   | [回测 4/5] 模拟第 1311/7134 笔交易: 众生药业...
2026-05-01 11:12:20.084 | INFO     | Backtest   | [回测 4/5] 模拟第 1321/7134 笔交易: 理工能科...
2026-05-01 11:12:20.738 | INFO     | Backtest   | [回测 4/5] 模拟第 1331/7134 笔交易: 皇氏集团...
2026-05-01 11:12:21.081 | INFO     | Backtest   | [回测 4/5] 模拟第 1341/7134 笔交易: 积成电子...
2026-05-01 11:12:21.393 | INFO     | Backtest   | [回测 4/5] 模拟第 1351/7134 笔交易: 慈文传媒...
2026-05-01 11:12:21.833 | INFO     | Backtest   | [回测 4/5] 模拟第 1361/7134 笔交易: 高乐股份...
2026-05-01 11:12:22.228 | INFO     | Backtest   | [回测 4/5] 模拟第 1371/7134 笔交易: 兴民智通...
2026-05-01 11:12:22.628 | INFO     | Backtest   | [回测 4/5] 模拟第 1381/7134 笔交易: 神剑股份...
2026-05-01 11:12:22.980 | INFO     | Backtest   | [回测 4/5] 模拟第 1391/7134 笔交易: 卓翼科技...
2026-05-01 11:12:23.306 | INFO     | Backtest   | [回测 4/5] 模拟第 1401/7134 笔交易: 亚厦股份...
2026-05-01 11:12:23.567 | INFO     | Backtest   | [回测 4/5] 模拟第 1411/7134 笔交易: 宏桥控股...
2026-05-01 11:12:23.913 | INFO     | Backtest   | [回测 4/5] 模拟第 1421/7134 笔交易: 天原股份...
2026-05-01 11:12:24.247 | INFO     | Backtest   | [回测 4/5] 模拟第 1431/7134 笔交易: 力生制药...
2026-05-01 11:12:24.600 | INFO     | Backtest   | [回测 4/5] 模拟第 1441/7134 笔交易: 垒知集团...
2026-05-01 11:12:24.917 | INFO     | Backtest   | [回测 4/5] 模拟第 1451/7134 笔交易: 嘉欣丝绸...
2026-05-01 11:12:25.285 | INFO     | Backtest   | [回测 4/5] 模拟第 1461/7134 笔交易: 雷科防务...
2026-05-01 11:12:25.627 | INFO     | Backtest   | [回测 4/5] 模拟第 1471/7134 笔交易: 康盛股份...
2026-05-01 11:12:25.967 | INFO     | Backtest   | [回测 4/5] 模拟第 1481/7134 笔交易: ST百灵...
2026-05-01 11:12:26.313 | INFO     | Backtest   | [回测 4/5] 模拟第 1491/7134 笔交易: 兆驰股份...
2026-05-01 11:12:26.593 | INFO     | Backtest   | [回测 4/5] 模拟第 1501/7134 笔交易: 万里扬...
2026-05-01 11:12:26.999 | INFO     | Backtest   | [回测 4/5] 模拟第 1511/7134 笔交易: 闰土股份...
2026-05-01 11:12:27.444 | INFO     | Backtest   | [回测 4/5] 模拟第 1521/7134 笔交易: 盛路通信...
2026-05-01 11:12:27.808 | INFO     | Backtest   | [回测 4/5] 模拟第 1531/7134 笔交易: 长高电新...
2026-05-01 11:12:28.299 | INFO     | Backtest   | [回测 4/5] 模拟第 1541/7134 笔交易: 珠江啤酒...
2026-05-01 11:12:28.689 | INFO     | Backtest   | [回测 4/5] 模拟第 1551/7134 笔交易: 申通快递...
2026-05-01 11:12:29.407 | INFO     | Backtest   | [回测 4/5] 模拟第 1561/7134 笔交易: 榕基软件...
2026-05-01 11:12:29.659 | INFO     | Backtest   | [回测 4/5] 模拟第 1571/7134 笔交易: 双塔食品...
2026-05-01 11:12:30.067 | INFO     | Backtest   | [回测 4/5] 模拟第 1581/7134 笔交易: 嘉麟杰...
2026-05-01 11:12:30.687 | INFO     | Backtest   | [回测 4/5] 模拟第 1591/7134 笔交易: 荣盛石化...
2026-05-01 11:12:31.103 | INFO     | Backtest   | [回测 4/5] 模拟第 1601/7134 笔交易: 利源股份...
2026-05-01 11:12:31.449 | INFO     | Backtest   | [回测 4/5] 模拟第 1611/7134 笔交易: ST达华...
2026-05-01 11:12:31.830 | INFO     | Backtest   | [回测 4/5] 模拟第 1621/7134 笔交易: 银河电子...
2026-05-01 11:12:32.227 | INFO     | Backtest   | [回测 4/5] 模拟第 1631/7134 笔交易: 浙江众成...
2026-05-01 11:12:32.658 | INFO     | Backtest   | [回测 4/5] 模拟第 1641/7134 笔交易: *ST海源...
2026-05-01 11:12:33.010 | INFO     | Backtest   | [回测 4/5] 模拟第 1651/7134 笔交易: 金杯电工...
2026-05-01 11:12:33.463 | INFO     | Backtest   | [回测 4/5] 模拟第 1661/7134 笔交易: 海联金汇...
2026-05-01 11:12:33.799 | INFO     | Backtest   | [回测 4/5] 模拟第 1671/7134 笔交易: *ST中岩...
2026-05-01 11:12:34.042 | INFO     | Backtest   | [回测 4/5] 模拟第 1681/7134 笔交易: 金新农...
2026-05-01 11:12:34.306 | INFO     | Backtest   | [回测 4/5] 模拟第 1691/7134 笔交易: 惠博普...
2026-05-01 11:12:34.694 | INFO     | Backtest   | [回测 4/5] 模拟第 1701/7134 笔交易: 通达股份...
2026-05-01 11:12:35.131 | INFO     | Backtest   | [回测 4/5] 模拟第 1711/7134 笔交易: 顺灏股份...
2026-05-01 11:12:35.520 | INFO     | Backtest   | [回测 4/5] 模拟第 1721/7134 笔交易: 德力股份...
2026-05-01 11:12:35.878 | INFO     | Backtest   | [回测 4/5] 模拟第 1731/7134 笔交易: 明牌珠宝...
2026-05-01 11:12:36.184 | INFO     | Backtest   | [回测 4/5] 模拟第 1741/7134 笔交易: 闽发铝业...
2026-05-01 11:12:36.534 | INFO     | Backtest   | [回测 4/5] 模拟第 1751/7134 笔交易: 圣阳股份...
2026-05-01 11:12:36.947 | INFO     | Backtest   | [回测 4/5] 模拟第 1761/7134 笔交易: 双星新材...
2026-05-01 11:12:37.478 | INFO     | Backtest   | [回测 4/5] 模拟第 1771/7134 笔交易: 史丹利...
2026-05-01 11:12:37.959 | INFO     | Backtest   | [回测 4/5] 模拟第 1781/7134 笔交易: 日上集团...
2026-05-01 11:12:38.311 | INFO     | Backtest   | [回测 4/5] 模拟第 1791/7134 笔交易: 龙佰集团...
2026-05-01 11:12:38.548 | INFO     | Backtest   | [回测 4/5] 模拟第 1801/7134 笔交易: 中公教育...
2026-05-01 11:12:38.962 | INFO     | Backtest   | [回测 4/5] 模拟第 1811/7134 笔交易: 北玻股份...
2026-05-01 11:12:39.412 | INFO     | Backtest   | [回测 4/5] 模拟第 1821/7134 笔交易: ST瑞和...
2026-05-01 11:12:39.726 | INFO     | Backtest   | [回测 4/5] 模拟第 1831/7134 笔交易: 完美世界...
2026-05-01 11:12:39.999 | INFO     | Backtest   | [回测 4/5] 模拟第 1841/7134 笔交易: 道明光学...
2026-05-01 11:12:40.320 | INFO     | Backtest   | [回测 4/5] 模拟第 1851/7134 笔交易: 金安国纪...
2026-05-01 11:12:40.570 | INFO     | Backtest   | [回测 4/5] 模拟第 1861/7134 笔交易: 雪人集团...
2026-05-01 11:12:40.884 | INFO     | Backtest   | [回测 4/5] 模拟第 1871/7134 笔交易: 仁东控股...
2026-05-01 11:12:41.289 | INFO     | Backtest   | [回测 4/5] 模拟第 1881/7134 笔交易: 万润科技...
2026-05-01 11:12:41.620 | INFO     | Backtest   | [回测 4/5] 模拟第 1891/7134 笔交易: 凯文教育...
2026-05-01 11:12:42.194 | INFO     | Backtest   | [回测 4/5] 模拟第 1901/7134 笔交易: 康达新材...
2026-05-01 11:12:42.719 | INFO     | Backtest   | [回测 4/5] 模拟第 1911/7134 笔交易: 顺威股份...
2026-05-01 11:12:43.097 | INFO     | Backtest   | [回测 4/5] 模拟第 1921/7134 笔交易: 华东重机...
2026-05-01 11:12:43.468 | INFO     | Backtest   | [回测 4/5] 模拟第 1931/7134 笔交易: 美亚光电...
2026-05-01 11:12:43.930 | INFO     | Backtest   | [回测 4/5] 模拟第 1941/7134 笔交易: 顾地科技...
2026-05-01 11:12:44.520 | INFO     | Backtest   | [回测 4/5] 模拟第 1951/7134 笔交易: 万憬能源...
2026-05-01 11:12:44.954 | INFO     | Backtest   | [回测 4/5] 模拟第 1961/7134 笔交易: 新宝股份...
2026-05-01 11:12:45.333 | INFO     | Backtest   | [回测 4/5] 模拟第 1971/7134 笔交易: 登云股份...
2026-05-01 11:12:45.662 | INFO     | Backtest   | [回测 4/5] 模拟第 1981/7134 笔交易: 金一文化...
2026-05-01 11:12:45.981 | INFO     | Backtest   | [回测 4/5] 模拟第 1991/7134 笔交易: 跃岭股份...
2026-05-01 11:12:46.275 | INFO     | Backtest   | [回测 4/5] 模拟第 2001/7134 笔交易: 好利科技...
2026-05-01 11:12:46.577 | INFO     | Backtest   | [回测 4/5] 模拟第 2011/7134 笔交易: 王子新材...
2026-05-01 11:12:47.006 | INFO     | Backtest   | [回测 4/5] 模拟第 2021/7134 笔交易: *ST三圣...
2026-05-01 11:12:47.401 | INFO     | Backtest   | [回测 4/5] 模拟第 2031/7134 笔交易: 永东股份...
2026-05-01 11:12:47.686 | INFO     | Backtest   | [回测 4/5] 模拟第 2041/7134 笔交易: 天际股份...
2026-05-01 11:12:48.296 | INFO     | Backtest   | [回测 4/5] 模拟第 2051/7134 笔交易: 索菱股份...
2026-05-01 11:12:48.620 | INFO     | Backtest   | [回测 4/5] 模拟第 2061/7134 笔交易: 快意电梯...
2026-05-01 11:12:48.979 | INFO     | Backtest   | [回测 4/5] 模拟第 2071/7134 笔交易: 可立克...
2026-05-01 11:12:49.301 | INFO     | Backtest   | [回测 4/5] 模拟第 2081/7134 笔交易: *ST建艺...
2026-05-01 11:12:49.717 | INFO     | Backtest   | [回测 4/5] 模拟第 2091/7134 笔交易: 罗欣药业...
2026-05-01 11:12:50.118 | INFO     | Backtest   | [回测 4/5] 模拟第 2101/7134 笔交易: 天顺股份...
2026-05-01 11:12:50.396 | INFO     | Backtest   | [回测 4/5] 模拟第 2111/7134 笔交易: 江阴银行...
2026-05-01 11:12:50.753 | INFO     | Backtest   | [回测 4/5] 模拟第 2121/7134 笔交易: 郑中设计...
2026-05-01 11:12:51.046 | INFO     | Backtest   | [回测 4/5] 模拟第 2131/7134 笔交易: ST中装...
2026-05-01 11:12:51.487 | INFO     | Backtest   | [回测 4/5] 模拟第 2141/7134 笔交易: 易明医药...
2026-05-01 11:12:51.733 | INFO     | Backtest   | [回测 4/5] 模拟第 2151/7134 笔交易: 同为股份...
2026-05-01 11:12:52.207 | INFO     | Backtest   | [回测 4/5] 模拟第 2161/7134 笔交易: 泰嘉股份...
2026-05-01 11:12:52.507 | INFO     | Backtest   | [回测 4/5] 模拟第 2171/7134 笔交易: 威星智能...
2026-05-01 11:12:52.947 | INFO     | Backtest   | [回测 4/5] 模拟第 2181/7134 笔交易: 美芝股份...
2026-05-01 11:12:53.221 | INFO     | Backtest   | [回测 4/5] 模拟第 2191/7134 笔交易: 瀛通通讯...
2026-05-01 11:12:53.553 | INFO     | Backtest   | [回测 4/5] 模拟第 2201/7134 笔交易: 传艺科技...
2026-05-01 11:12:53.971 | INFO     | Backtest   | [回测 4/5] 模拟第 2211/7134 笔交易: 智能自控...
2026-05-01 11:12:54.295 | INFO     | Backtest   | [回测 4/5] 模拟第 2221/7134 笔交易: 中设股份...
2026-05-01 11:12:54.666 | INFO     | Backtest   | [回测 4/5] 模拟第 2231/7134 笔交易: 惠威科技...
2026-05-01 11:12:55.006 | INFO     | Backtest   | [回测 4/5] 模拟第 2241/7134 笔交易: 英派斯...
2026-05-01 11:12:55.335 | INFO     | Backtest   | [回测 4/5] 模拟第 2251/7134 笔交易: 宇环数控...
2026-05-01 11:12:55.728 | INFO     | Backtest   | [回测 4/5] 模拟第 2261/7134 笔交易: 庄园牧场...
2026-05-01 11:12:56.112 | INFO     | Backtest   | [回测 4/5] 模拟第 2271/7134 笔交易: 润都股份...
2026-05-01 11:12:56.485 | INFO     | Backtest   | [回测 4/5] 模拟第 2281/7134 笔交易: 锋龙股份...
2026-05-01 11:12:56.780 | INFO     | Backtest   | [回测 4/5] 模拟第 2291/7134 笔交易: 长城证券...
2026-05-01 11:12:57.284 | INFO     | Backtest   | [回测 4/5] 模拟第 2301/7134 笔交易: 青岛银行...
2026-05-01 11:12:57.615 | INFO     | Backtest   | [回测 4/5] 模拟第 2311/7134 笔交易: 科瑞技术...
2026-05-01 11:12:57.925 | INFO     | Backtest   | [回测 4/5] 模拟第 2321/7134 笔交易: 豪尔赛...
2026-05-01 11:12:58.345 | INFO     | Backtest   | [回测 4/5] 模拟第 2331/7134 笔交易: 侨银股份...
2026-05-01 11:12:58.657 | INFO     | Backtest   | [回测 4/5] 模拟第 2341/7134 笔交易: 宇新股份...
2026-05-01 11:12:58.986 | INFO     | Backtest   | [回测 4/5] 模拟第 2351/7134 笔交易: 劲仔食品...
2026-05-01 11:12:59.467 | INFO     | Backtest   | [回测 4/5] 模拟第 2361/7134 笔交易: 海象新材...
2026-05-01 11:12:59.815 | INFO     | Backtest   | [回测 4/5] 模拟第 2371/7134 笔交易: 联泓新科...
2026-05-01 11:13:00.337 | INFO     | Backtest   | [回测 4/5] 模拟第 2381/7134 笔交易: 南网能源...
2026-05-01 11:13:00.676 | INFO     | Backtest   | [回测 4/5] 模拟第 2391/7134 笔交易: 楚天龙...
2026-05-01 11:13:01.076 | INFO     | Backtest   | [回测 4/5] 模拟第 2401/7134 笔交易: 南风股份...
2026-05-01 11:13:01.463 | INFO     | Backtest   | [回测 4/5] 模拟第 2411/7134 笔交易: 天海防务...
2026-05-01 11:13:01.829 | INFO     | Backtest   | [回测 4/5] 模拟第 2421/7134 笔交易: 鼎汉技术...
2026-05-01 11:13:02.244 | INFO     | Backtest   | [回测 4/5] 模拟第 2431/7134 笔交易: 网宿科技...
2026-05-01 11:13:02.633 | INFO     | Backtest   | [回测 4/5] 模拟第 2441/7134 笔交易: ST银江...
2026-05-01 11:13:02.961 | INFO     | Backtest   | [回测 4/5] 模拟第 2451/7134 笔交易: 华星创业...
2026-05-01 11:13:03.280 | INFO     | Backtest   | [回测 4/5] 模拟第 2461/7134 笔交易: 宝通科技...
2026-05-01 11:13:03.688 | INFO     | Backtest   | [回测 4/5] 模拟第 2471/7134 笔交易: 超图软件...
2026-05-01 11:13:04.054 | INFO     | Backtest   | [回测 4/5] 模拟第 2481/7134 笔交易: 朗科科技...
2026-05-01 11:13:04.319 | INFO     | Backtest   | [回测 4/5] 模拟第 2491/7134 笔交易: 合康新能...
2026-05-01 11:13:04.717 | INFO     | Backtest   | [回测 4/5] 模拟第 2501/7134 笔交易: 万邦达...
2026-05-01 11:13:05.037 | INFO     | Backtest   | [回测 4/5] 模拟第 2511/7134 笔交易: 万顺新材...
2026-05-01 11:13:05.348 | INFO     | Backtest   | [回测 4/5] 模拟第 2521/7134 笔交易: 天龙集团...
2026-05-01 11:13:05.716 | INFO     | Backtest   | [回测 4/5] 模拟第 2531/7134 笔交易: 金利华电...
2026-05-01 11:13:06.159 | INFO     | Backtest   | [回测 4/5] 模拟第 2541/7134 笔交易: 海新能科...
2026-05-01 11:13:06.416 | INFO     | Backtest   | [回测 4/5] 模拟第 2551/7134 笔交易: 思创智联...
2026-05-01 11:13:06.709 | INFO     | Backtest   | [回测 4/5] 模拟第 2561/7134 笔交易: ST恒信...
2026-05-01 11:13:06.947 | INFO     | Backtest   | [回测 4/5] 模拟第 2571/7134 笔交易: *ST金灵...
2026-05-01 11:13:07.275 | INFO     | Backtest   | [回测 4/5] 模拟第 2581/7134 笔交易: 华伍股份...
2026-05-01 11:13:07.712 | INFO     | Backtest   | [回测 4/5] 模拟第 2591/7134 笔交易: 尤洛卡...
2026-05-01 11:13:08.094 | INFO     | Backtest   | [回测 4/5] 模拟第 2601/7134 笔交易: 龙源技术...
2026-05-01 11:13:08.462 | INFO     | Backtest   | [回测 4/5] 模拟第 2611/7134 笔交易: 向日葵...
2026-05-01 11:13:08.721 | INFO     | Backtest   | [回测 4/5] 模拟第 2621/7134 笔交易: 阳谷华泰...
2026-05-01 11:13:09.079 | INFO     | Backtest   | [回测 4/5] 模拟第 2631/7134 笔交易: 泰胜风能...
2026-05-01 11:13:09.382 | INFO     | Backtest   | [回测 4/5] 模拟第 2641/7134 笔交易: 华策影视...
2026-05-01 11:13:09.624 | INFO     | Backtest   | [回测 4/5] 模拟第 2651/7134 笔交易: 晨光生物...
2026-05-01 11:13:09.890 | INFO     | Backtest   | [回测 4/5] 模拟第 2661/7134 笔交易: 南方泵业...
2026-05-01 11:13:10.287 | INFO     | Backtest   | [回测 4/5] 模拟第 2671/7134 笔交易: 世纪瑞尔...
2026-05-01 11:13:10.650 | INFO     | Backtest   | [回测 4/5] 模拟第 2681/7134 笔交易: 新锦动力...
2026-05-01 11:13:10.992 | INFO     | Backtest   | [回测 4/5] 模拟第 2691/7134 笔交易: 秀强股份...
2026-05-01 11:13:11.297 | INFO     | Backtest   | [回测 4/5] 模拟第 2701/7134 笔交易: 天瑞仪器...
2026-05-01 11:13:11.634 | INFO     | Backtest   | [回测 4/5] 模拟第 2711/7134 笔交易: 万达信息...
2026-05-01 11:13:12.048 | INFO     | Backtest   | [回测 4/5] 模拟第 2721/7134 笔交易: ST福能...
2026-05-01 11:13:12.328 | INFO     | Backtest   | [回测 4/5] 模拟第 2731/7134 笔交易: 华峰超纤...
2026-05-01 11:13:12.938 | INFO     | Backtest   | [回测 4/5] 模拟第 2741/7134 笔交易: 通裕重工...
2026-05-01 11:13:13.279 | INFO     | Backtest   | [回测 4/5] 模拟第 2751/7134 笔交易: 科德教育...
2026-05-01 11:13:13.721 | INFO     | Backtest   | [回测 4/5] 模拟第 2761/7134 笔交易: 长荣股份...
2026-05-01 11:13:14.082 | INFO     | Backtest   | [回测 4/5] 模拟第 2771/7134 笔交易: 节能铁汉...
2026-05-01 11:13:14.446 | INFO     | Backtest   | [回测 4/5] 模拟第 2781/7134 笔交易: 海伦哲...
2026-05-01 11:13:14.776 | INFO     | Backtest   | [回测 4/5] 模拟第 2791/7134 笔交易: 欣旺达...
2026-05-01 11:13:15.107 | INFO     | Backtest   | [回测 4/5] 模拟第 2801/7134 笔交易: 佳讯飞鸿...
2026-05-01 11:13:15.354 | INFO     | Backtest   | [回测 4/5] 模拟第 2811/7134 笔交易: 安利股份...
2026-05-01 11:13:15.777 | INFO     | Backtest   | [回测 4/5] 模拟第 2821/7134 笔交易: 科大智能...
2026-05-01 11:13:16.114 | INFO     | Backtest   | [回测 4/5] 模拟第 2831/7134 笔交易: 富瑞特装...
2026-05-01 11:13:16.546 | INFO     | Backtest   | [回测 4/5] 模拟第 2841/7134 笔交易: 开尔新材...
2026-05-01 11:13:16.944 | INFO     | Backtest   | [回测 4/5] 模拟第 2851/7134 笔交易: 东宝生物...
2026-05-01 11:13:17.323 | INFO     | Backtest   | [回测 4/5] 模拟第 2861/7134 笔交易: 瑞丰高材...
2026-05-01 11:13:17.661 | INFO     | Backtest   | [回测 4/5] 模拟第 2871/7134 笔交易: 宝莱特...
2026-05-01 11:13:17.915 | INFO     | Backtest   | [回测 4/5] 模拟第 2881/7134 笔交易: 金信诺...
2026-05-01 11:13:18.229 | INFO     | Backtest   | [回测 4/5] 模拟第 2891/7134 笔交易: 新天科技...
2026-05-01 11:13:18.765 | INFO     | Backtest   | [回测 4/5] 模拟第 2901/7134 笔交易: 通光线缆...
2026-05-01 11:13:19.081 | INFO     | Backtest   | [回测 4/5] 模拟第 2911/7134 笔交易: *ST佳沃...
2026-05-01 11:13:19.435 | INFO     | Backtest   | [回测 4/5] 模拟第 2921/7134 笔交易: 三丰智能...
2026-05-01 11:13:19.714 | INFO     | Backtest   | [回测 4/5] 模拟第 2931/7134 笔交易: 温州宏丰...
2026-05-01 11:13:20.062 | INFO     | Backtest   | [回测 4/5] 模拟第 2941/7134 笔交易: 朗玛信息...
2026-05-01 11:13:20.386 | INFO     | Backtest   | [回测 4/5] 模拟第 2951/7134 笔交易: 吴通控股...
2026-05-01 11:13:20.866 | INFO     | Backtest   | [回测 4/5] 模拟第 2961/7134 笔交易: 富春股份...
2026-05-01 11:13:21.173 | INFO     | Backtest   | [回测 4/5] 模拟第 2971/7134 笔交易: 聚飞光电...
2026-05-01 11:13:21.602 | INFO     | Backtest   | [回测 4/5] 模拟第 2981/7134 笔交易: 慈星股份...
2026-05-01 11:13:21.908 | INFO     | Backtest   | [回测 4/5] 模拟第 2991/7134 笔交易: 戴维医疗...
2026-05-01 11:13:22.205 | INFO     | Backtest   | [回测 4/5] 模拟第 3001/7134 笔交易: 海达股份...
2026-05-01 11:13:22.621 | INFO     | Backtest   | [回测 4/5] 模拟第 3011/7134 笔交易: 宜安科技...
2026-05-01 11:13:22.928 | INFO     | Backtest   | [回测 4/5] 模拟第 3021/7134 笔交易: 兆日科技...
2026-05-01 11:13:23.373 | INFO     | Backtest   | [回测 4/5] 模拟第 3031/7134 笔交易: 科恒股份...
2026-05-01 11:13:23.712 | INFO     | Backtest   | [回测 4/5] 模拟第 3041/7134 笔交易: 永贵电器...
2026-05-01 11:13:24.140 | INFO     | Backtest   | [回测 4/5] 模拟第 3051/7134 笔交易: 我武生物...
2026-05-01 11:13:24.415 | INFO     | Backtest   | [回测 4/5] 模拟第 3061/7134 笔交易: 恒华科技...
2026-05-01 11:13:24.771 | INFO     | Backtest   | [回测 4/5] 模拟第 3071/7134 笔交易: 汇中股份...
2026-05-01 11:13:25.129 | INFO     | Backtest   | [回测 4/5] 模拟第 3081/7134 笔交易: 溢多利...
2026-05-01 11:13:25.468 | INFO     | Backtest   | [回测 4/5] 模拟第 3091/7134 笔交易: 富邦科技...
2026-05-01 11:13:25.714 | INFO     | Backtest   | [回测 4/5] 模拟第 3101/7134 笔交易: 天和防务...
2026-05-01 11:13:26.022 | INFO     | Backtest   | [回测 4/5] 模拟第 3111/7134 笔交易: 汉宇集团...
2026-05-01 11:13:26.491 | INFO     | Backtest   | [回测 4/5] 模拟第 3121/7134 笔交易: 凯发电气...
2026-05-01 11:13:26.844 | INFO     | Backtest   | [回测 4/5] 模拟第 3131/7134 笔交易: 迦南科技...
2026-05-01 11:13:27.185 | INFO     | Backtest   | [回测 4/5] 模拟第 3141/7134 笔交易: 力星股份...
2026-05-01 11:13:27.486 | INFO     | Backtest   | [回测 4/5] 模拟第 3151/7134 笔交易: 立中集团...
2026-05-01 11:13:27.734 | INFO     | Backtest   | [回测 4/5] 模拟第 3161/7134 笔交易: 中泰股份...
2026-05-01 11:13:28.115 | INFO     | Backtest   | [回测 4/5] 模拟第 3171/7134 笔交易: 鲍斯股份...
2026-05-01 11:13:28.392 | INFO     | Backtest   | [回测 4/5] 模拟第 3181/7134 笔交易: 航天智造...
2026-05-01 11:13:28.818 | INFO     | Backtest   | [回测 4/5] 模拟第 3191/7134 笔交易: 汉邦高科...
2026-05-01 11:13:29.201 | INFO     | Backtest   | [回测 4/5] 模拟第 3201/7134 笔交易: 三鑫医疗...
2026-05-01 11:13:29.447 | INFO     | Backtest   | [回测 4/5] 模拟第 3211/7134 笔交易: ST惠伦...
2026-05-01 11:13:29.802 | INFO     | Backtest   | [回测 4/5] 模拟第 3221/7134 笔交易: 高伟达...
2026-05-01 11:13:30.070 | INFO     | Backtest   | [回测 4/5] 模拟第 3231/7134 笔交易: *ST新元...
2026-05-01 11:13:30.482 | INFO     | Backtest   | [回测 4/5] 模拟第 3241/7134 笔交易: 濮阳惠成...
2026-05-01 11:13:30.824 | INFO     | Backtest   | [回测 4/5] 模拟第 3251/7134 笔交易: 赛升药业...
2026-05-01 11:13:31.053 | INFO     | Backtest   | [回测 4/5] 模拟第 3261/7134 笔交易: 华自科技...
2026-05-01 11:13:31.427 | INFO     | Backtest   | [回测 4/5] 模拟第 3271/7134 笔交易: 富祥药业...
2026-05-01 11:13:31.831 | INFO     | Backtest   | [回测 4/5] 模拟第 3281/7134 笔交易: 海顺新材...
2026-05-01 11:13:32.186 | INFO     | Backtest   | [回测 4/5] 模拟第 3291/7134 笔交易: 新美星...
2026-05-01 11:13:32.604 | INFO     | Backtest   | [回测 4/5] 模拟第 3301/7134 笔交易: 中亚股份...
2026-05-01 11:13:32.985 | INFO     | Backtest   | [回测 4/5] 模拟第 3311/7134 笔交易: 新光药业...
2026-05-01 11:13:33.307 | INFO     | Backtest   | [回测 4/5] 模拟第 3321/7134 笔交易: 辰安科技...
2026-05-01 11:13:33.569 | INFO     | Backtest   | [回测 4/5] 模拟第 3331/7134 笔交易: 今天国际...
2026-05-01 11:13:33.895 | INFO     | Backtest   | [回测 4/5] 模拟第 3341/7134 笔交易: 先进数通...
2026-05-01 11:13:34.272 | INFO     | Backtest   | [回测 4/5] 模拟第 3351/7134 笔交易: 和仁科技...
2026-05-01 11:13:34.482 | INFO     | Backtest   | [回测 4/5] 模拟第 3361/7134 笔交易: 佳发教育...
2026-05-01 11:13:34.758 | INFO     | Backtest   | [回测 4/5] 模拟第 3371/7134 笔交易: 筑博设计...
2026-05-01 11:13:35.169 | INFO     | Backtest   | [回测 4/5] 模拟第 3381/7134 笔交易: 星源材质...
2026-05-01 11:13:35.453 | INFO     | Backtest   | [回测 4/5] 模拟第 3391/7134 笔交易: 开润股份...
2026-05-01 11:13:35.853 | INFO     | Backtest   | [回测 4/5] 模拟第 3401/7134 笔交易: 英飞特...
2026-05-01 11:13:36.204 | INFO     | Backtest   | [回测 4/5] 模拟第 3411/7134 笔交易: 美联新材...
2026-05-01 11:13:36.497 | INFO     | Backtest   | [回测 4/5] 模拟第 3421/7134 笔交易: 移为通信...
2026-05-01 11:13:36.761 | INFO     | Backtest   | [回测 4/5] 模拟第 3431/7134 笔交易: 吉大通信...
2026-05-01 11:13:37.143 | INFO     | Backtest   | [回测 4/5] 模拟第 3441/7134 笔交易: 飞荣达...
2026-05-01 11:13:37.465 | INFO     | Backtest   | [回测 4/5] 模拟第 3451/7134 笔交易: 晨化股份...
2026-05-01 11:13:37.799 | INFO     | Backtest   | [回测 4/5] 模拟第 3461/7134 笔交易: 三雄极光...
2026-05-01 11:13:38.206 | INFO     | Backtest   | [回测 4/5] 模拟第 3471/7134 笔交易: 光莆股份...
2026-05-01 11:13:38.493 | INFO     | Backtest   | [回测 4/5] 模拟第 3481/7134 笔交易: 凯普生物...
2026-05-01 11:13:38.771 | INFO     | Backtest   | [回测 4/5] 模拟第 3491/7134 笔交易: 正元智慧...
2026-05-01 11:13:39.056 | INFO     | Backtest   | [回测 4/5] 模拟第 3501/7134 笔交易: 金陵体育...
2026-05-01 11:13:39.455 | INFO     | Backtest   | [回测 4/5] 模拟第 3511/7134 笔交易: 延江股份...
2026-05-01 11:13:39.831 | INFO     | Backtest   | [回测 4/5] 模拟第 3521/7134 笔交易: 飞鹿股份...
2026-05-01 11:13:40.269 | INFO     | Backtest   | [回测 4/5] 模拟第 3531/7134 笔交易: 佩蒂股份...
2026-05-01 11:13:40.693 | INFO     | Backtest   | [回测 4/5] 模拟第 3541/7134 笔交易: 智动力...
2026-05-01 11:13:41.002 | INFO     | Backtest   | [回测 4/5] 模拟第 3551/7134 笔交易: 中赋科技...
2026-05-01 11:13:41.309 | INFO     | Backtest   | [回测 4/5] 模拟第 3561/7134 笔交易: 天宇股份...
2026-05-01 11:13:41.652 | INFO     | Backtest   | [回测 4/5] 模拟第 3571/7134 笔交易: 聚灿光电...
2026-05-01 11:13:42.052 | INFO     | Backtest   | [回测 4/5] 模拟第 3581/7134 笔交易: 华信新材...
2026-05-01 11:13:42.309 | INFO     | Backtest   | [回测 4/5] 模拟第 3591/7134 笔交易: 设研院...
2026-05-01 11:13:42.676 | INFO     | Backtest   | [回测 4/5] 模拟第 3601/7134 笔交易: 奥飞数据...
2026-05-01 11:13:42.963 | INFO     | Backtest   | [回测 4/5] 模拟第 3611/7134 笔交易: 天地数码...
2026-05-01 11:13:43.249 | INFO     | Backtest   | [回测 4/5] 模拟第 3621/7134 笔交易: 隆利科技...
2026-05-01 11:13:43.572 | INFO     | Backtest   | [回测 4/5] 模拟第 3631/7134 笔交易: 震安科技...
2026-05-01 11:13:43.907 | INFO     | Backtest   | [回测 4/5] 模拟第 3641/7134 笔交易: 倍杰特...
2026-05-01 11:13:44.219 | INFO     | Backtest   | [回测 4/5] 模拟第 3651/7134 笔交易: 宇瞳光学...
2026-05-01 11:13:44.736 | INFO     | Backtest   | [回测 4/5] 模拟第 3661/7134 笔交易: 锦鸡股份...
2026-05-01 11:13:45.041 | INFO     | Backtest   | [回测 4/5] 模拟第 3671/7134 笔交易: 易天股份...
2026-05-01 11:13:45.275 | INFO     | Backtest   | [回测 4/5] 模拟第 3681/7134 笔交易: 建科智能...
2026-05-01 11:13:45.621 | INFO     | Backtest   | [回测 4/5] 模拟第 3691/7134 笔交易: 金丹科技...
2026-05-01 11:13:45.913 | INFO     | Backtest   | [回测 4/5] 模拟第 3701/7134 笔交易: 酷特智能...
2026-05-01 11:13:46.386 | INFO     | Backtest   | [回测 4/5] 模拟第 3711/7134 笔交易: 美瑞新材...
2026-05-01 11:13:46.786 | INFO     | Backtest   | [回测 4/5] 模拟第 3721/7134 笔交易: 科拓生物...
2026-05-01 11:13:47.149 | INFO     | Backtest   | [回测 4/5] 模拟第 3731/7134 笔交易: 大宏立...
2026-05-01 11:13:47.532 | INFO     | Backtest   | [回测 4/5] 模拟第 3741/7134 笔交易: 海晨股份...
2026-05-01 11:13:47.900 | INFO     | Backtest   | [回测 4/5] 模拟第 3751/7134 笔交易: 龙利得...
2026-05-01 11:13:48.186 | INFO     | Backtest   | [回测 4/5] 模拟第 3761/7134 笔交易: 惠云钛业...
2026-05-01 11:13:48.489 | INFO     | Backtest   | [回测 4/5] 模拟第 3771/7134 笔交易: 科翔股份...
2026-05-01 11:13:48.833 | INFO     | Backtest   | [回测 4/5] 模拟第 3781/7134 笔交易: 天秦装备...
2026-05-01 11:13:49.152 | INFO     | Backtest   | [回测 4/5] 模拟第 3791/7134 笔交易: 通用电梯...
2026-05-01 11:13:49.462 | INFO     | Backtest   | [回测 4/5] 模拟第 3801/7134 笔交易: 易瑞生物...
2026-05-01 11:13:49.822 | INFO     | Backtest   | [回测 4/5] 模拟第 3811/7134 笔交易: 冠中生态...
2026-05-01 11:13:50.245 | INFO     | Backtest   | [回测 4/5] 模拟第 3821/7134 笔交易: 深水海纳...
2026-05-01 11:13:50.537 | INFO     | Backtest   | [回测 4/5] 模拟第 3831/7134 笔交易: 华绿生物...
2026-05-01 11:13:50.858 | INFO     | Backtest   | [回测 4/5] 模拟第 3841/7134 笔交易: 中红医疗...
2026-05-01 11:13:51.231 | INFO     | Backtest   | [回测 4/5] 模拟第 3851/7134 笔交易: 创益通...
2026-05-01 11:13:51.517 | INFO     | Backtest   | [回测 4/5] 模拟第 3861/7134 笔交易: 迈拓股份...
2026-05-01 11:13:51.896 | INFO     | Backtest   | [回测 4/5] 模拟第 3871/7134 笔交易: 百洋医药...
2026-05-01 11:13:52.299 | INFO     | Backtest   | [回测 4/5] 模拟第 3881/7134 笔交易: 宁波色母...
2026-05-01 11:13:52.805 | INFO     | Backtest   | [回测 4/5] 模拟第 3891/7134 笔交易: 华蓝集团...
2026-05-01 11:13:53.263 | INFO     | Backtest   | [回测 4/5] 模拟第 3901/7134 笔交易: 深水规院...
2026-05-01 11:13:53.709 | INFO     | Backtest   | [回测 4/5] 模拟第 3911/7134 笔交易: 能辉科技...
2026-05-01 11:13:53.969 | INFO     | Backtest   | [回测 4/5] 模拟第 3921/7134 笔交易: 信濠光电...
2026-05-01 11:13:54.310 | INFO     | Backtest   | [回测 4/5] 模拟第 3931/7134 笔交易: 金三江...
2026-05-01 11:13:54.724 | INFO     | Backtest   | [回测 4/5] 模拟第 3941/7134 笔交易: 万事利...
2026-05-01 11:13:55.014 | INFO     | Backtest   | [回测 4/5] 模拟第 3951/7134 笔交易: 百胜智能...
2026-05-01 11:13:55.407 | INFO     | Backtest   | [回测 4/5] 模拟第 3961/7134 笔交易: 何氏眼科...
2026-05-01 11:13:55.780 | INFO     | Backtest   | [回测 4/5] 模拟第 3971/7134 笔交易: 益客食品...
2026-05-01 11:13:56.078 | INFO     | Backtest   | [回测 4/5] 模拟第 3981/7134 笔交易: 达嘉维康...
2026-05-01 11:13:56.409 | INFO     | Backtest   | [回测 4/5] 模拟第 3991/7134 笔交易: 隆华新材...
2026-05-01 11:13:56.788 | INFO     | Backtest   | [回测 4/5] 模拟第 4001/7134 笔交易: 逸豪新材...
2026-05-01 11:13:57.187 | INFO     | Backtest   | [回测 4/5] 模拟第 4011/7134 笔交易: 善水科技...
2026-05-01 11:13:57.510 | INFO     | Backtest   | [回测 4/5] 模拟第 4021/7134 笔交易: 喜悦智行...
2026-05-01 11:13:57.837 | INFO     | Backtest   | [回测 4/5] 模拟第 4031/7134 笔交易: 万凯新材...
2026-05-01 11:13:58.207 | INFO     | Backtest   | [回测 4/5] 模拟第 4041/7134 笔交易: 纽泰格...
2026-05-01 11:13:58.575 | INFO     | Backtest   | [回测 4/5] 模拟第 4051/7134 笔交易: 格力博...
2026-05-01 11:13:58.870 | INFO     | Backtest   | [回测 4/5] 模拟第 4061/7134 笔交易: 铭利达...
2026-05-01 11:13:59.166 | INFO     | Backtest   | [回测 4/5] 模拟第 4071/7134 笔交易: 东利机械...
2026-05-01 11:13:59.498 | INFO     | Backtest   | [回测 4/5] 模拟第 4081/7134 笔交易: 凡拓数创...
2026-05-01 11:13:59.874 | INFO     | Backtest   | [回测 4/5] 模拟第 4091/7134 笔交易: 通行宝...
2026-05-01 11:14:00.184 | INFO     | Backtest   | [回测 4/5] 模拟第 4101/7134 笔交易: 国科恒泰...
2026-05-01 11:14:00.479 | INFO     | Backtest   | [回测 4/5] 模拟第 4111/7134 笔交易: 隆扬电子...
2026-05-01 11:14:00.829 | INFO     | Backtest   | [回测 4/5] 模拟第 4121/7134 笔交易: 福事特...
2026-05-01 11:14:01.209 | INFO     | Backtest   | [回测 4/5] 模拟第 4131/7134 笔交易: 飞南资源...
2026-05-01 11:14:01.492 | INFO     | Backtest   | [回测 4/5] 模拟第 4141/7134 笔交易: 中远通...
2026-05-01 11:14:01.823 | INFO     | Backtest   | [回测 4/5] 模拟第 4151/7134 笔交易: 宏鑫科技...
2026-05-01 11:14:02.133 | INFO     | Backtest   | [回测 4/5] 模拟第 4161/7134 笔交易: 达利凯普...
2026-05-01 11:14:02.700 | INFO     | Backtest   | [回测 4/5] 模拟第 4171/7134 笔交易: 首创环保...
2026-05-01 11:14:03.187 | INFO     | Backtest   | [回测 4/5] 模拟第 4181/7134 笔交易: 上海电力...
2026-05-01 11:14:03.599 | INFO     | Backtest   | [回测 4/5] 模拟第 4191/7134 笔交易: 南方航空...
2026-05-01 11:14:04.187 | INFO     | Backtest   | [回测 4/5] 模拟第 4201/7134 笔交易: 四川路桥...
2026-05-01 11:14:04.832 | INFO     | Backtest   | [回测 4/5] 模拟第 4211/7134 笔交易: 黄山旅游...
2026-05-01 11:14:05.467 | INFO     | Backtest   | [回测 4/5] 模拟第 4221/7134 笔交易: 古越龙山...
2026-05-01 11:14:05.798 | INFO     | Backtest   | [回测 4/5] 模拟第 4231/7134 笔交易: 冠城新材...
2026-05-01 11:14:06.351 | INFO     | Backtest   | [回测 4/5] 模拟第 4241/7134 笔交易: 康欣新材...
2026-05-01 11:14:06.767 | INFO     | Backtest   | [回测 4/5] 模拟第 4251/7134 笔交易: ST海泰...
2026-05-01 11:14:07.098 | INFO     | Backtest   | [回测 4/5] 模拟第 4261/7134 笔交易: 开创国际...
2026-05-01 11:14:07.617 | INFO     | Backtest   | [回测 4/5] 模拟第 4271/7134 笔交易: 青山纸业...
2026-05-01 11:14:07.943 | INFO     | Backtest   | [回测 4/5] 模拟第 4281/7134 笔交易: 诺德股份...
2026-05-01 11:14:08.284 | INFO     | Backtest   | [回测 4/5] 模拟第 4291/7134 笔交易: *ST长投...
2026-05-01 11:14:08.699 | INFO     | Backtest   | [回测 4/5] 模拟第 4301/7134 笔交易: 铁龙物流...
2026-05-01 11:14:09.128 | INFO     | Backtest   | [回测 4/5] 模拟第 4311/7134 笔交易: 乐凯胶片...
2026-05-01 11:14:09.395 | INFO     | Backtest   | [回测 4/5] 模拟第 4321/7134 笔交易: 金发科技...
2026-05-01 11:14:09.716 | INFO     | Backtest   | [回测 4/5] 模拟第 4331/7134 笔交易: 维科技术...
2026-05-01 11:14:10.238 | INFO     | Backtest   | [回测 4/5] 模拟第 4341/7134 笔交易: 永泰能源...
2026-05-01 11:14:10.636 | INFO     | Backtest   | [回测 4/5] 模拟第 4351/7134 笔交易: 中闽能源...
2026-05-01 11:14:10.988 | INFO     | Backtest   | [回测 4/5] 模拟第 4361/7134 笔交易: 上海建工...
2026-05-01 11:14:11.435 | INFO     | Backtest   | [回测 4/5] 模拟第 4371/7134 笔交易: 东安动力...
2026-05-01 11:14:11.860 | INFO     | Backtest   | [回测 4/5] 模拟第 4381/7134 笔交易: 珠免集团...
2026-05-01 11:14:12.263 | INFO     | Backtest   | [回测 4/5] 模拟第 4391/7134 笔交易: 长城电工...
2026-05-01 11:14:12.666 | INFO     | Backtest   | [回测 4/5] 模拟第 4401/7134 笔交易: 生物股份...
2026-05-01 11:14:12.958 | INFO     | Backtest   | [回测 4/5] 模拟第 4411/7134 笔交易: 安彩高科...
2026-05-01 11:14:13.328 | INFO     | Backtest   | [回测 4/5] 模拟第 4421/7134 笔交易: 浙江医药...
2026-05-01 11:14:13.738 | INFO     | Backtest   | [回测 4/5] 模拟第 4431/7134 笔交易: 太龙药业...
2026-05-01 11:14:14.033 | INFO     | Backtest   | [回测 4/5] 模拟第 4441/7134 笔交易: *ST返利...
2026-05-01 11:14:14.564 | INFO     | Backtest   | [回测 4/5] 模拟第 4451/7134 笔交易: 圆通速递...
2026-05-01 11:14:14.923 | INFO     | Backtest   | [回测 4/5] 模拟第 4461/7134 笔交易: *ST椰岛...
2026-05-01 11:14:15.265 | INFO     | Backtest   | [回测 4/5] 模拟第 4471/7134 笔交易: 万通发展...
2026-05-01 11:14:15.588 | INFO     | Backtest   | [回测 4/5] 模拟第 4481/7134 笔交易: 鑫科材料...
2026-05-01 11:14:15.950 | INFO     | Backtest   | [回测 4/5] 模拟第 4491/7134 笔交易: 阳光照明...
2026-05-01 11:14:16.244 | INFO     | Backtest   | [回测 4/5] 模拟第 4501/7134 笔交易: 海正药业...
2026-05-01 11:14:16.814 | INFO     | Backtest   | [回测 4/5] 模拟第 4511/7134 笔交易: 东方创业...
2026-05-01 11:14:17.207 | INFO     | Backtest   | [回测 4/5] 模拟第 4521/7134 笔交易: 羚锐制药...
2026-05-01 11:14:17.550 | INFO     | Backtest   | [回测 4/5] 模拟第 4531/7134 笔交易: 三峡新材...
2026-05-01 11:14:18.252 | INFO     | Backtest   | [回测 4/5] 模拟第 4541/7134 笔交易: 标准股份...
2026-05-01 11:14:18.663 | INFO     | Backtest   | [回测 4/5] 模拟第 4551/7134 笔交易: 华泰股份...
2026-05-01 11:14:19.022 | INFO     | Backtest   | [回测 4/5] 模拟第 4561/7134 笔交易: 新力金融...
2026-05-01 11:14:19.371 | INFO     | Backtest   | [回测 4/5] 模拟第 4571/7134 笔交易: 西藏天路...
2026-05-01 11:14:19.681 | INFO     | Backtest   | [回测 4/5] 模拟第 4581/7134 笔交易: 澳柯玛...
2026-05-01 11:14:19.889 | INFO     | Backtest   | [回测 4/5] 模拟第 4591/7134 笔交易: 华夏幸福...
2026-05-01 11:14:20.153 | INFO     | Backtest   | [回测 4/5] 模拟第 4601/7134 笔交易: 亚宝药业...
2026-05-01 11:14:20.576 | INFO     | Backtest   | [回测 4/5] 模拟第 4611/7134 笔交易: 新农开发...
2026-05-01 11:14:20.946 | INFO     | Backtest   | [回测 4/5] 模拟第 4621/7134 笔交易: 万向德农...
2026-05-01 11:14:21.507 | INFO     | Backtest   | [回测 4/5] 模拟第 4631/7134 笔交易: 健康元...
2026-05-01 11:14:21.818 | INFO     | Backtest   | [回测 4/5] 模拟第 4641/7134 笔交易: 五矿资本...
2026-05-01 11:14:22.172 | INFO     | Backtest   | [回测 4/5] 模拟第 4651/7134 笔交易: 抚顺特钢...
2026-05-01 11:14:22.593 | INFO     | Backtest   | [回测 4/5] 模拟第 4661/7134 笔交易: 三友化工...
2026-05-01 11:14:23.090 | INFO     | Backtest   | [回测 4/5] 模拟第 4671/7134 笔交易: 青松建化...
2026-05-01 11:14:23.564 | INFO     | Backtest   | [回测 4/5] 模拟第 4681/7134 笔交易: 瑞贝卡...
2026-05-01 11:14:23.929 | INFO     | Backtest   | [回测 4/5] 模拟第 4691/7134 笔交易: 博通股份...
2026-05-01 11:14:24.240 | INFO     | Backtest   | [回测 4/5] 模拟第 4701/7134 笔交易: 百利电气...
2026-05-01 11:14:24.629 | INFO     | Backtest   | [回测 4/5] 模拟第 4711/7134 笔交易: 科力远...
2026-05-01 11:14:24.949 | INFO     | Backtest   | [回测 4/5] 模拟第 4721/7134 笔交易: 中金黄金...
2026-05-01 11:14:25.298 | INFO     | Backtest   | [回测 4/5] 模拟第 4731/7134 笔交易: 精工钢构...
2026-05-01 11:14:25.678 | INFO     | Backtest   | [回测 4/5] 模拟第 4741/7134 笔交易: 安徽建工...
2026-05-01 11:14:26.181 | INFO     | Backtest   | [回测 4/5] 模拟第 4751/7134 笔交易: 腾达建设...
2026-05-01 11:14:26.487 | INFO     | Backtest   | [回测 4/5] 模拟第 4761/7134 笔交易: 康美药业...
2026-05-01 11:14:26.951 | INFO     | Backtest   | [回测 4/5] 模拟第 4771/7134 笔交易: 贵航股份...
2026-05-01 11:14:27.341 | INFO     | Backtest   | [回测 4/5] 模拟第 4781/7134 笔交易: 中铁工业...
2026-05-01 11:14:27.656 | INFO     | Backtest   | [回测 4/5] 模拟第 4791/7134 笔交易: 栖霞建设...
2026-05-01 11:14:28.174 | INFO     | Backtest   | [回测 4/5] 模拟第 4801/7134 笔交易: 新赛股份...
2026-05-01 11:14:28.470 | INFO     | Backtest   | [回测 4/5] 模拟第 4811/7134 笔交易: 厦门钨业...
2026-05-01 11:14:28.833 | INFO     | Backtest   | [回测 4/5] 模拟第 4821/7134 笔交易: 大西洋...
2026-05-01 11:14:29.226 | INFO     | Backtest   | [回测 4/5] 模拟第 4831/7134 笔交易: 安阳钢铁...
2026-05-01 11:14:29.517 | INFO     | Backtest   | [回测 4/5] 模拟第 4841/7134 笔交易: 精达股份...
2026-05-01 11:14:29.915 | INFO     | Backtest   | [回测 4/5] 模拟第 4851/7134 笔交易: *ST八钢...
2026-05-01 11:14:30.741 | INFO     | Backtest   | [回测 4/5] 模拟第 4861/7134 笔交易: 泰豪科技...
2026-05-01 11:14:31.242 | INFO     | Backtest   | [回测 4/5] 模拟第 4871/7134 笔交易: 方正科技...
2026-05-01 11:14:31.666 | INFO     | Backtest   | [回测 4/5] 模拟第 4881/7134 笔交易: *ST沪科...
2026-05-01 11:14:32.123 | INFO     | Backtest   | [回测 4/5] 模拟第 4891/7134 笔交易: 鑫源智造...
2026-05-01 11:14:32.459 | INFO     | Backtest   | [回测 4/5] 模拟第 4901/7134 笔交易: 氯碱化工...
2026-05-01 11:14:32.811 | INFO     | Backtest   | [回测 4/5] 模拟第 4911/7134 笔交易: 申达股份...
2026-05-01 11:14:33.221 | INFO     | Backtest   | [回测 4/5] 模拟第 4921/7134 笔交易: 大众公用...
2026-05-01 11:14:33.499 | INFO     | Backtest   | [回测 4/5] 模拟第 4931/7134 笔交易: 先导基电...
2026-05-01 11:14:34.072 | INFO     | Backtest   | [回测 4/5] 模拟第 4941/7134 笔交易: 城投控股...
2026-05-01 11:14:34.382 | INFO     | Backtest   | [回测 4/5] 模拟第 4951/7134 笔交易: 申华控股...
2026-05-01 11:14:35.017 | INFO     | Backtest   | [回测 4/5] 模拟第 4961/7134 笔交易: 哈药股份...
2026-05-01 11:14:35.364 | INFO     | Backtest   | [回测 4/5] 模拟第 4971/7134 笔交易: 天目药业...
2026-05-01 11:14:35.760 | INFO     | Backtest   | [回测 4/5] 模拟第 4981/7134 笔交易: 百川能源...
2026-05-01 11:14:36.096 | INFO     | Backtest   | [回测 4/5] 模拟第 4991/7134 笔交易: 上海石化...
2026-05-01 11:14:36.395 | INFO     | Backtest   | [回测 4/5] 模拟第 5001/7134 笔交易: 亚通股份...
2026-05-01 11:14:36.724 | INFO     | Backtest   | [回测 4/5] 模拟第 5011/7134 笔交易: 三安光电...
2026-05-01 11:14:37.078 | INFO     | Backtest   | [回测 4/5] 模拟第 5021/7134 笔交易: 南宁百货...
2026-05-01 11:14:37.479 | INFO     | Backtest   | [回测 4/5] 模拟第 5031/7134 笔交易: 天津港...
2026-05-01 11:14:38.089 | INFO     | Backtest   | [回测 4/5] 模拟第 5041/7134 笔交易: 宁波富达...
2026-05-01 11:14:38.637 | INFO     | Backtest   | [回测 4/5] 模拟第 5051/7134 笔交易: 佳都科技...
2026-05-01 11:14:39.002 | INFO     | Backtest   | [回测 4/5] 模拟第 5061/7134 笔交易: 北汽蓝谷...
2026-05-01 11:14:39.454 | INFO     | Backtest   | [回测 4/5] 模拟第 5071/7134 笔交易: 山西焦化...
2026-05-01 11:14:39.804 | INFO     | Backtest   | [回测 4/5] 模拟第 5081/7134 笔交易: 上实发展...
2026-05-01 11:14:40.200 | INFO     | Backtest   | [回测 4/5] 模拟第 5091/7134 笔交易: 厦门国贸...
2026-05-01 11:14:40.488 | INFO     | Backtest   | [回测 4/5] 模拟第 5101/7134 笔交易: 中航重机...
2026-05-01 11:14:40.801 | INFO     | Backtest   | [回测 4/5] 模拟第 5111/7134 笔交易: 西藏城投...
2026-05-01 11:14:41.067 | INFO     | Backtest   | [回测 4/5] 模拟第 5121/7134 笔交易: *ST新潮...
2026-05-01 11:14:41.565 | INFO     | Backtest   | [回测 4/5] 模拟第 5131/7134 笔交易: 鲁信创投...
2026-05-01 11:14:41.874 | INFO     | Backtest   | [回测 4/5] 模拟第 5141/7134 笔交易: 宜宾纸业...
2026-05-01 11:14:42.166 | INFO     | Backtest   | [回测 4/5] 模拟第 5151/7134 笔交易: 宁波海运...
2026-05-01 11:14:42.471 | INFO     | Backtest   | [回测 4/5] 模拟第 5161/7134 笔交易: 新奥股份...
2026-05-01 11:14:42.782 | INFO     | Backtest   | [回测 4/5] 模拟第 5171/7134 笔交易: 华北制药...
2026-05-01 11:14:43.233 | INFO     | Backtest   | [回测 4/5] 模拟第 5181/7134 笔交易: 耀皮玻璃...
2026-05-01 11:14:43.716 | INFO     | Backtest   | [回测 4/5] 模拟第 5191/7134 笔交易: 百联股份...
2026-05-01 11:14:44.006 | INFO     | Backtest   | [回测 4/5] 模拟第 5201/7134 笔交易: 申通地铁...
2026-05-01 11:14:44.380 | INFO     | Backtest   | [回测 4/5] 模拟第 5211/7134 笔交易: 上工申贝...
2026-05-01 11:14:44.775 | INFO     | Backtest   | [回测 4/5] 模拟第 5221/7134 笔交易: 龙建股份...
2026-05-01 11:14:45.267 | INFO     | Backtest   | [回测 4/5] 模拟第 5231/7134 笔交易: 王府井...
2026-05-01 11:14:45.791 | INFO     | Backtest   | [回测 4/5] 模拟第 5241/7134 笔交易: 哈投股份...
2026-05-01 11:14:46.144 | INFO     | Backtest   | [回测 4/5] 模拟第 5251/7134 笔交易: 远东股份...
2026-05-01 11:14:46.502 | INFO     | Backtest   | [回测 4/5] 模拟第 5261/7134 笔交易: 创业环保...
2026-05-01 11:14:46.976 | INFO     | Backtest   | [回测 4/5] 模拟第 5271/7134 笔交易: 航天电子...
2026-05-01 11:14:47.262 | INFO     | Backtest   | [回测 4/5] 模拟第 5281/7134 笔交易: 新疆众和...
2026-05-01 11:14:47.691 | INFO     | Backtest   | [回测 4/5] 模拟第 5291/7134 笔交易: 厦门空港...
2026-05-01 11:14:48.628 | INFO     | Backtest   | [回测 4/5] 模拟第 5301/7134 笔交易: 杭州银行...
2026-05-01 11:14:49.393 | INFO     | Backtest   | [回测 4/5] 模拟第 5311/7134 笔交易: 华塑股份...
2026-05-01 11:14:49.739 | INFO     | Backtest   | [回测 4/5] 模拟第 5321/7134 笔交易: 江苏有线...
2026-05-01 11:14:50.047 | INFO     | Backtest   | [回测 4/5] 模拟第 5331/7134 笔交易: 国投中鲁...
2026-05-01 11:14:50.476 | INFO     | Backtest   | [回测 4/5] 模拟第 5341/7134 笔交易: 博汇纸业...
2026-05-01 11:14:50.898 | INFO     | Backtest   | [回测 4/5] 模拟第 5351/7134 笔交易: 中国电影...
2026-05-01 11:14:51.188 | INFO     | Backtest   | [回测 4/5] 模拟第 5361/7134 笔交易: 建设机械...
2026-05-01 11:14:51.621 | INFO     | Backtest   | [回测 4/5] 模拟第 5371/7134 笔交易: 贵绳股份...
2026-05-01 11:14:51.920 | INFO     | Backtest   | [回测 4/5] 模拟第 5381/7134 笔交易: 贵广网络...
2026-05-01 11:14:52.445 | INFO     | Backtest   | [回测 4/5] 模拟第 5391/7134 笔交易: 晋亿实业...
2026-05-01 11:14:52.770 | INFO     | Backtest   | [回测 4/5] 模拟第 5401/7134 笔交易: 南京银行...
2026-05-01 11:14:53.412 | INFO     | Backtest   | [回测 4/5] 模拟第 5411/7134 笔交易: 陕西黑猫...
2026-05-01 11:14:54.082 | INFO     | Backtest   | [回测 4/5] 模拟第 5421/7134 笔交易: 赛轮轮胎...
2026-05-01 11:14:54.599 | INFO     | Backtest   | [回测 4/5] 模拟第 5431/7134 笔交易: 锦江航运...
2026-05-01 11:14:55.270 | INFO     | Backtest   | [回测 4/5] 模拟第 5441/7134 笔交易: 太平洋...
2026-05-01 11:14:55.640 | INFO     | Backtest   | [回测 4/5] 模拟第 5451/7134 笔交易: 中国国航...
2026-05-01 11:14:56.019 | INFO     | Backtest   | [回测 4/5] 模拟第 5461/7134 笔交易: 中国化学...
2026-05-01 11:14:56.569 | INFO     | Backtest   | [回测 4/5] 模拟第 5471/7134 笔交易: 常熟银行...
2026-05-01 11:14:57.226 | INFO     | Backtest   | [回测 4/5] 模拟第 5481/7134 笔交易: 深圳燃气...
2026-05-01 11:14:57.715 | INFO     | Backtest   | [回测 4/5] 模拟第 5491/7134 笔交易: 西部矿业...
2026-05-01 11:14:58.404 | INFO     | Backtest   | [回测 4/5] 模拟第 5501/7134 笔交易: 上海环境...
2026-05-01 11:14:58.764 | INFO     | Backtest   | [回测 4/5] 模拟第 5511/7134 笔交易: 林洋能源...
2026-05-01 11:14:59.044 | INFO     | Backtest   | [回测 4/5] 模拟第 5521/7134 笔交易: 上海银行...
2026-05-01 11:14:59.508 | INFO     | Backtest   | [回测 4/5] 模拟第 5531/7134 笔交易: 英利汽车...
2026-05-01 11:15:00.239 | INFO     | Backtest   | [回测 4/5] 模拟第 5541/7134 笔交易: 绿色动力...
2026-05-01 11:15:00.683 | INFO     | Backtest   | [回测 4/5] 模拟第 5551/7134 笔交易: 三六零...
2026-05-01 11:15:01.069 | INFO     | Backtest   | [回测 4/5] 模拟第 5561/7134 笔交易: 国机重装...
2026-05-01 11:15:01.506 | INFO     | Backtest   | [回测 4/5] 模拟第 5571/7134 笔交易: 东吴证券...
2026-05-01 11:15:01.973 | INFO     | Backtest   | [回测 4/5] 模拟第 5581/7134 笔交易: 浙文影业...
2026-05-01 11:15:02.472 | INFO     | Backtest   | [回测 4/5] 模拟第 5591/7134 笔交易: 明阳智能...
2026-05-01 11:15:02.915 | INFO     | Backtest   | [回测 4/5] 模拟第 5601/7134 笔交易: 齐鲁银行...
2026-05-01 11:15:03.595 | INFO     | Backtest   | [回测 4/5] 模拟第 5611/7134 笔交易: 友发集团...
2026-05-01 11:15:03.976 | INFO     | Backtest   | [回测 4/5] 模拟第 5621/7134 笔交易: 中创智领...
2026-05-01 11:15:04.481 | INFO     | Backtest   | [回测 4/5] 模拟第 5631/7134 笔交易: 千里科技...
2026-05-01 11:15:04.815 | INFO     | Backtest   | [回测 4/5] 模拟第 5641/7134 笔交易: 中国交建...
2026-05-01 11:15:05.275 | INFO     | Backtest   | [回测 4/5] 模拟第 5651/7134 笔交易: 中国石油...
2026-05-01 11:15:05.551 | INFO     | Backtest   | [回测 4/5] 模拟第 5661/7134 笔交易: 海天精工...
2026-05-01 11:15:06.012 | INFO     | Backtest   | [回测 4/5] 模拟第 5671/7134 笔交易: 中煤能源...
2026-05-01 11:15:06.367 | INFO     | Backtest   | [回测 4/5] 模拟第 5681/7134 笔交易: 凤凰传媒...
2026-05-01 11:15:06.832 | INFO     | Backtest   | [回测 4/5] 模拟第 5691/7134 笔交易: 重庆银行...
2026-05-01 11:15:07.609 | INFO     | Backtest   | [回测 4/5] 模拟第 5701/7134 笔交易: 南京证券...
2026-05-01 11:15:08.329 | INFO     | Backtest   | [回测 4/5] 模拟第 5711/7134 笔交易: 出版传媒...
2026-05-01 11:15:08.660 | INFO     | Backtest   | [回测 4/5] 模拟第 5721/7134 笔交易: 宏昌电子...
2026-05-01 11:15:08.970 | INFO     | Backtest   | [回测 4/5] 模拟第 5731/7134 笔交易: 合锻智能...
2026-05-01 11:15:09.239 | INFO     | Backtest   | [回测 4/5] 模拟第 5741/7134 笔交易: 华设集团...
2026-05-01 11:15:09.607 | INFO     | Backtest   | [回测 4/5] 模拟第 5751/7134 笔交易: 赛福天...
2026-05-01 11:15:09.819 | INFO     | Backtest   | [回测 4/5] 模拟第 5761/7134 笔交易: 常熟汽饰...
2026-05-01 11:15:10.256 | INFO     | Backtest   | [回测 4/5] 模拟第 5771/7134 笔交易: 华脉科技...
2026-05-01 11:15:10.576 | INFO     | Backtest   | [回测 4/5] 模拟第 5781/7134 笔交易: 科林电气...
2026-05-01 11:15:11.059 | INFO     | Backtest   | [回测 4/5] 模拟第 5791/7134 笔交易: 永吉股份...
2026-05-01 11:15:11.307 | INFO     | Backtest   | [回测 4/5] 模拟第 5801/7134 笔交易: 振华股份...
2026-05-01 11:15:11.671 | INFO     | Backtest   | [回测 4/5] 模拟第 5811/7134 笔交易: 和邦生物...
2026-05-01 11:15:12.113 | INFO     | Backtest   | [回测 4/5] 模拟第 5821/7134 笔交易: 宁波精达...
2026-05-01 11:15:12.433 | INFO     | Backtest   | [回测 4/5] 模拟第 5831/7134 笔交易: 越剑智能...
2026-05-01 11:15:13.016 | INFO     | Backtest   | [回测 4/5] 模拟第 5841/7134 笔交易: 汇嘉时代...
2026-05-01 11:15:13.497 | INFO     | Backtest   | [回测 4/5] 模拟第 5851/7134 笔交易: 东方材料...
2026-05-01 11:15:13.768 | INFO     | Backtest   | [回测 4/5] 模拟第 5861/7134 笔交易: 共进股份...
2026-05-01 11:15:14.162 | INFO     | Backtest   | [回测 4/5] 模拟第 5871/7134 笔交易: 翠微股份...
2026-05-01 11:15:14.502 | INFO     | Backtest   | [回测 4/5] 模拟第 5881/7134 笔交易: 金徽股份...
2026-05-01 11:15:14.934 | INFO     | Backtest   | [回测 4/5] 模拟第 5891/7134 笔交易: 邦基科技...
2026-05-01 11:15:15.209 | INFO     | Backtest   | [回测 4/5] 模拟第 5901/7134 笔交易: 科华控股...
2026-05-01 11:15:15.535 | INFO     | Backtest   | [回测 4/5] 模拟第 5911/7134 笔交易: 万丰股份...
2026-05-01 11:15:15.772 | INFO     | Backtest   | [回测 4/5] 模拟第 5921/7134 笔交易: 皇马科技...
2026-05-01 11:15:16.103 | INFO     | Backtest   | [回测 4/5] 模拟第 5931/7134 笔交易: 亚邦股份...
2026-05-01 11:15:16.383 | INFO     | Backtest   | [回测 4/5] 模拟第 5941/7134 笔交易: 璞源材料...
2026-05-01 11:15:17.108 | INFO     | Backtest   | [回测 4/5] 模拟第 5951/7134 笔交易: 晋拓股份...
2026-05-01 11:15:17.445 | INFO     | Backtest   | [回测 4/5] 模拟第 5961/7134 笔交易: 梦天家居...
2026-05-01 11:15:17.862 | INFO     | Backtest   | [回测 4/5] 模拟第 5971/7134 笔交易: 中贝通信...
2026-05-01 11:15:18.149 | INFO     | Backtest   | [回测 4/5] 模拟第 5981/7134 笔交易: 新凤鸣...
2026-05-01 11:15:18.523 | INFO     | Backtest   | [回测 4/5] 模拟第 5991/7134 笔交易: 大参林...
2026-05-01 11:15:18.908 | INFO     | Backtest   | [回测 4/5] 模拟第 6001/7134 笔交易: 电魂网络...
2026-05-01 11:15:19.314 | INFO     | Backtest   | [回测 4/5] 模拟第 6011/7134 笔交易: 联翔股份...
2026-05-01 11:15:19.599 | INFO     | Backtest   | [回测 4/5] 模拟第 6021/7134 笔交易: 亚光股份...
2026-05-01 11:15:19.924 | INFO     | Backtest   | [回测 4/5] 模拟第 6031/7134 笔交易: 杭叉集团...
2026-05-01 11:15:20.356 | INFO     | Backtest   | [回测 4/5] 模拟第 6041/7134 笔交易: 旭升集团...
2026-05-01 11:15:20.645 | INFO     | Backtest   | [回测 4/5] 模拟第 6051/7134 笔交易: 梦百合...
2026-05-01 11:15:21.094 | INFO     | Backtest   | [回测 4/5] 模拟第 6061/7134 笔交易: 梅轮电梯...
2026-05-01 11:15:21.844 | INFO     | Backtest   | [回测 4/5] 模拟第 6071/7134 笔交易: 百达精工...
2026-05-01 11:15:22.178 | INFO     | Backtest   | [回测 4/5] 模拟第 6081/7134 笔交易: 莱克电气...
2026-05-01 11:15:22.584 | INFO     | Backtest   | [回测 4/5] 模拟第 6091/7134 笔交易: ST东时...
2026-05-01 11:15:23.205 | INFO     | Backtest   | [回测 4/5] 模拟第 6101/7134 笔交易: 基蛋生物...
2026-05-01 11:15:23.504 | INFO     | Backtest   | [回测 4/5] 模拟第 6111/7134 笔交易: 建霖家居...
2026-05-01 11:15:23.975 | INFO     | Backtest   | [回测 4/5] 模拟第 6121/7134 笔交易: 勘设股份...
2026-05-01 11:15:24.344 | INFO     | Backtest   | [回测 4/5] 模拟第 6131/7134 笔交易: 展鹏科技...
2026-05-01 11:15:24.710 | INFO     | Backtest   | [回测 4/5] 模拟第 6141/7134 笔交易: 祥和实业...
2026-05-01 11:15:25.046 | INFO     | Backtest   | [回测 4/5] 模拟第 6151/7134 笔交易: 欧普照明...
2026-05-01 11:15:25.548 | INFO     | Backtest   | [回测 4/5] 模拟第 6161/7134 笔交易: 众源新材...
2026-05-01 11:15:25.825 | INFO     | Backtest   | [回测 4/5] 模拟第 6171/7134 笔交易: 惠发食品...
2026-05-01 11:15:26.285 | INFO     | Backtest   | [回测 4/5] 模拟第 6181/7134 笔交易: 珍宝岛...
2026-05-01 11:15:26.801 | INFO     | Backtest   | [回测 4/5] 模拟第 6191/7134 笔交易: *ST艾艾...
2026-05-01 11:15:27.283 | INFO     | Backtest   | [回测 4/5] 模拟第 6201/7134 笔交易: XD高能环...
2026-05-01 11:15:27.634 | INFO     | Backtest   | [回测 4/5] 模拟第 6211/7134 笔交易: 再升科技...
2026-05-01 11:15:27.933 | INFO     | Backtest   | [回测 4/5] 模拟第 6221/7134 笔交易: 麒盛科技...
2026-05-01 11:15:28.244 | INFO     | Backtest   | [回测 4/5] 模拟第 6231/7134 笔交易: 韩建河山...
2026-05-01 11:15:28.571 | INFO     | Backtest   | [回测 4/5] 模拟第 6241/7134 笔交易: 科森科技...
2026-05-01 11:15:28.941 | INFO     | Backtest   | [回测 4/5] 模拟第 6251/7134 笔交易: 镇海股份...
2026-05-01 11:15:29.241 | INFO     | Backtest   | [回测 4/5] 模拟第 6261/7134 笔交易: 灵康药业...
2026-05-01 11:15:29.444 | INFO     | Backtest   | [回测 4/5] 模拟第 6271/7134 笔交易: 永冠新材...
2026-05-01 11:15:29.786 | INFO     | Backtest   | [回测 4/5] 模拟第 6281/7134 笔交易: 福龙马...
2026-05-01 11:15:30.189 | INFO     | Backtest   | [回测 4/5] 模拟第 6291/7134 笔交易: 宁水集团...
2026-05-01 11:15:30.572 | INFO     | Backtest   | [回测 4/5] 模拟第 6301/7134 笔交易: 家家悦...
2026-05-01 11:15:30.977 | INFO     | Backtest   | [回测 4/5] 模拟第 6311/7134 笔交易: 天域生物...
2026-05-01 11:15:31.248 | INFO     | Backtest   | [回测 4/5] 模拟第 6321/7134 笔交易: 朗迪集团...
2026-05-01 11:15:31.470 | INFO     | Backtest   | [回测 4/5] 模拟第 6331/7134 笔交易: 仙鹤股份...
2026-05-01 11:15:31.817 | INFO     | Backtest   | [回测 4/5] 模拟第 6341/7134 笔交易: 常青股份...
2026-05-01 11:15:32.616 | INFO     | Backtest   | [回测 4/5] 模拟第 6351/7134 笔交易: 国晟科技...
2026-05-01 11:15:33.297 | INFO     | Backtest   | [回测 4/5] 模拟第 6361/7134 笔交易: 雅运股份...
2026-05-01 11:15:33.636 | INFO     | Backtest   | [回测 4/5] 模拟第 6371/7134 笔交易: 瑞斯康达...
2026-05-01 11:15:33.985 | INFO     | Backtest   | [回测 4/5] 模拟第 6381/7134 笔交易: 丰山集团...
2026-05-01 11:15:34.254 | INFO     | Backtest   | [回测 4/5] 模拟第 6391/7134 笔交易: 海峡环保...
2026-05-01 11:15:34.659 | INFO     | Backtest   | [回测 4/5] 模拟第 6401/7134 笔交易: ST柯利达...
2026-05-01 11:15:34.981 | INFO     | Backtest   | [回测 4/5] 模拟第 6411/7134 笔交易: 好太太...
2026-05-01 11:15:35.295 | INFO     | Backtest   | [回测 4/5] 模拟第 6421/7134 笔交易: 松炀资源...
2026-05-01 11:15:35.589 | INFO     | Backtest   | [回测 4/5] 模拟第 6431/7134 笔交易: ST智知...
2026-05-01 11:15:36.018 | INFO     | Backtest   | [回测 4/5] 模拟第 6441/7134 笔交易: 南卫股份...
2026-05-01 11:15:36.548 | INFO     | Backtest   | [回测 4/5] 模拟第 6451/7134 笔交易: 元祖股份...
2026-05-01 11:15:36.807 | INFO     | Backtest   | [回测 4/5] 模拟第 6461/7134 笔交易: 春秋电子...
2026-05-01 11:15:37.144 | INFO     | Backtest   | [回测 4/5] 模拟第 6471/7134 笔交易: 永创智能...
2026-05-01 11:15:37.409 | INFO     | Backtest   | [回测 4/5] 模拟第 6481/7134 笔交易: 建发合诚...
2026-05-01 11:15:37.877 | INFO     | Backtest   | [回测 4/5] 模拟第 6491/7134 笔交易: 合力科技...
2026-05-01 11:15:38.202 | INFO     | Backtest   | [回测 4/5] 模拟第 6501/7134 笔交易: 中科软...
2026-05-01 11:15:38.667 | INFO     | Backtest   | [回测 4/5] 模拟第 6511/7134 笔交易: 丽岛新材...
2026-05-01 11:15:39.038 | INFO     | Backtest   | [回测 4/5] 模拟第 6521/7134 笔交易: 克来机电...
2026-05-01 11:15:39.609 | INFO     | Backtest   | [回测 4/5] 模拟第 6531/7134 笔交易: 正川股份...
2026-05-01 11:15:39.882 | INFO     | Backtest   | [回测 4/5] 模拟第 6541/7134 笔交易: 泉峰汽车...
2026-05-01 11:15:40.132 | INFO     | Backtest   | [回测 4/5] 模拟第 6551/7134 笔交易: 麦迪科技...
2026-05-01 11:15:40.405 | INFO     | Backtest   | [回测 4/5] 模拟第 6561/7134 笔交易: 方盛制药...
2026-05-01 11:15:40.677 | INFO     | Backtest   | [回测 4/5] 模拟第 6571/7134 笔交易: 合兴股份...
2026-05-01 11:15:41.221 | INFO     | Backtest   | [回测 4/5] 模拟第 6581/7134 笔交易: 世茂能源...
2026-05-01 11:15:41.574 | INFO     | Backtest   | [回测 4/5] 模拟第 6591/7134 笔交易: 迎丰股份...
2026-05-01 11:15:41.806 | INFO     | Backtest   | [回测 4/5] 模拟第 6601/7134 笔交易: 正和生态...
2026-05-01 11:15:42.179 | INFO     | Backtest   | [回测 4/5] 模拟第 6611/7134 笔交易: 共创草坪...
2026-05-01 11:15:42.594 | INFO     | Backtest   | [回测 4/5] 模拟第 6621/7134 笔交易: 盛泰集团...
2026-05-01 11:15:42.990 | INFO     | Backtest   | [回测 4/5] 模拟第 6631/7134 笔交易: 聚合顺...
2026-05-01 11:15:43.392 | INFO     | Backtest   | [回测 4/5] 模拟第 6641/7134 笔交易: 东亚药业...
2026-05-01 11:15:43.861 | INFO     | Backtest   | [回测 4/5] 模拟第 6651/7134 笔交易: 富春染织...
2026-05-01 11:15:44.146 | INFO     | Backtest   | [回测 4/5] 模拟第 6661/7134 笔交易: 起帆电缆...
2026-05-01 11:15:44.483 | INFO     | Backtest   | [回测 4/5] 模拟第 6671/7134 笔交易: 新亚电子...
2026-05-01 11:15:44.860 | INFO     | Backtest   | [回测 4/5] 模拟第 6681/7134 笔交易: 园林股份...
2026-05-01 11:15:45.147 | INFO     | Backtest   | [回测 4/5] 模拟第 6691/7134 笔交易: 巴比食品...
2026-05-01 11:15:45.564 | INFO     | Backtest   | [回测 4/5] 模拟第 6701/7134 笔交易: 均瑶健康...
2026-05-01 11:15:45.859 | INFO     | Backtest   | [回测 4/5] 模拟第 6711/7134 笔交易: 德昌股份...
2026-05-01 11:15:46.136 | INFO     | Backtest   | [回测 4/5] 模拟第 6721/7134 笔交易: 菜百股份...
2026-05-01 11:15:46.469 | INFO     | Backtest   | [回测 4/5] 模拟第 6731/7134 笔交易: 瀚川智能...
2026-05-01 11:15:46.770 | INFO     | Backtest   | [回测 4/5] 模拟第 6741/7134 笔交易: 药康生物...
2026-05-01 11:15:47.070 | INFO     | Backtest   | [回测 4/5] 模拟第 6751/7134 笔交易: 航天宏图...
2026-05-01 11:15:47.339 | INFO     | Backtest   | [回测 4/5] 模拟第 6761/7134 笔交易: 爱科科技...
2026-05-01 11:15:47.651 | INFO     | Backtest   | [回测 4/5] 模拟第 6771/7134 笔交易: 斯瑞新材...
2026-05-01 11:15:47.956 | INFO     | Backtest   | [回测 4/5] 模拟第 6781/7134 笔交易: 中钢洛耐...
2026-05-01 11:15:48.277 | INFO     | Backtest   | [回测 4/5] 模拟第 6791/7134 笔交易: 邦彦技术...
2026-05-01 11:15:48.604 | INFO     | Backtest   | [回测 4/5] 模拟第 6801/7134 笔交易: 路德科技...
2026-05-01 11:15:48.910 | INFO     | Backtest   | [回测 4/5] 模拟第 6811/7134 笔交易: 希荻微...
2026-05-01 11:15:49.169 | INFO     | Backtest   | [回测 4/5] 模拟第 6821/7134 笔交易: 阿拉丁...
2026-05-01 11:15:49.386 | INFO     | Backtest   | [回测 4/5] 模拟第 6831/7134 笔交易: 信安世纪...
2026-05-01 11:15:49.677 | INFO     | Backtest   | [回测 4/5] 模拟第 6841/7134 笔交易: 英集芯...
2026-05-01 11:15:49.972 | INFO     | Backtest   | [回测 4/5] 模拟第 6851/7134 笔交易: 前沿生物-U...
2026-05-01 11:15:50.214 | INFO     | Backtest   | [回测 4/5] 模拟第 6861/7134 笔交易: 永信至诚...
2026-05-01 11:15:50.546 | INFO     | Backtest   | [回测 4/5] 模拟第 6871/7134 笔交易: 昀冢科技...
2026-05-01 11:15:50.815 | INFO     | Backtest   | [回测 4/5] 模拟第 6881/7134 笔交易: 和达科技...
2026-05-01 11:15:51.127 | INFO     | Backtest   | [回测 4/5] 模拟第 6891/7134 笔交易: 欧科亿...
2026-05-01 11:15:51.534 | INFO     | Backtest   | [回测 4/5] 模拟第 6901/7134 笔交易: 欧林生物...
2026-05-01 11:15:51.784 | INFO     | Backtest   | [回测 4/5] 模拟第 6911/7134 笔交易: 西高院...
2026-05-01 11:15:52.130 | INFO     | Backtest   | [回测 4/5] 模拟第 6921/7134 笔交易: 颀中科技...
2026-05-01 11:15:52.427 | INFO     | Backtest   | [回测 4/5] 模拟第 6931/7134 笔交易: 工大高科...
2026-05-01 11:15:52.852 | INFO     | Backtest   | [回测 4/5] 模拟第 6941/7134 笔交易: 迪威尔...
2026-05-01 11:15:53.172 | INFO     | Backtest   | [回测 4/5] 模拟第 6951/7134 笔交易: 正弦电气...
2026-05-01 11:15:53.541 | INFO     | Backtest   | [回测 4/5] 模拟第 6961/7134 笔交易: 康为世纪...
2026-05-01 11:15:53.871 | INFO     | Backtest   | [回测 4/5] 模拟第 6971/7134 笔交易: 科捷智能...
2026-05-01 11:15:54.296 | INFO     | Backtest   | [回测 4/5] 模拟第 6981/7134 笔交易: 芯联集成-U...
2026-05-01 11:15:54.505 | INFO     | Backtest   | [回测 4/5] 模拟第 6991/7134 笔交易: 清越科技...
2026-05-01 11:15:54.939 | INFO     | Backtest   | [回测 4/5] 模拟第 7001/7134 笔交易: 金冠电气...
2026-05-01 11:15:55.246 | INFO     | Backtest   | [回测 4/5] 模拟第 7011/7134 笔交易: 和辉光电-U...
2026-05-01 11:15:55.753 | INFO     | Backtest   | [回测 4/5] 模拟第 7021/7134 笔交易: 明冠新材...
2026-05-01 11:15:56.031 | INFO     | Backtest   | [回测 4/5] 模拟第 7031/7134 笔交易: 孚能科技...
2026-05-01 11:15:56.449 | INFO     | Backtest   | [回测 4/5] 模拟第 7041/7134 笔交易: 亚辉龙...
2026-05-01 11:15:56.736 | INFO     | Backtest   | [回测 4/5] 模拟第 7051/7134 笔交易: 新相微...
2026-05-01 11:15:57.114 | INFO     | Backtest   | [回测 4/5] 模拟第 7061/7134 笔交易: 皖仪科技...
2026-05-01 11:15:57.454 | INFO     | Backtest   | [回测 4/5] 模拟第 7071/7134 笔交易: 奥精医疗...
2026-05-01 11:15:57.750 | INFO     | Backtest   | [回测 4/5] 模拟第 7081/7134 笔交易: 康希通信...
2026-05-01 11:15:57.995 | INFO     | Backtest   | [回测 4/5] 模拟第 7091/7134 笔交易: 元琛科技...
2026-05-01 11:15:58.378 | INFO     | Backtest   | [回测 4/5] 模拟第 7101/7134 笔交易: 碧兴物联...
2026-05-01 11:15:58.698 | INFO     | Backtest   | [回测 4/5] 模拟第 7111/7134 笔交易: 纽威数控...
2026-05-01 11:15:59.022 | INFO     | Backtest   | [回测 4/5] 模拟第 7121/7134 笔交易: 屹唐股份...
2026-05-01 11:15:59.400 | INFO     | Backtest   | [回测 4/5] 模拟第 7131/7134 笔交易: 五矿新能...
2026-05-01 11:15:59.524 | INFO     | Backtest   | [回测 5/5] 回测任务完成: 6997笔(含4笔平手离场)
2026-05-01 16:44:57.199 | ERROR    | System     | TA-Lib is not installed. Technical indicators will be disabled. Please check Dockerfile or install TA-Lib manually.
2026-05-01 16:44:57.232 | INFO     | DuckDB     | DuckDB | 所有核心表结构初始化完成 (含热点板块)
2026-05-01 16:44:57.232 | INFO     | DuckDB     | DuckDB 核心就绪: E:\1target\p9_project\quant-platform\data\meta\meta.db
2026-05-01 16:44:57.235 | INFO     | Backtest   | [回测 1/5] 筛选回测目标股票...
2026-05-01 16:44:57.246 | INFO     | DuckDB     | get_stocks_filtered | 过滤结果: 1799 只 (index=['HS300', 'ZZ500', 'ZZA500', 'ZZ1000'], mv=[None,None]亿)
2026-05-01 16:44:57.255 | INFO     | Backtest   | [回测 2/5] 加载 1799 只股票的历史数据进行快速扫描...
2026-05-01 16:45:02.411 | INFO     | Backtest   | [回测 3/5] 计算策略信号 (基于日线信号库)...
2026-05-01 16:45:02.419 | INFO     | Screener   | 🧬 [Loader] 识别到类继承策略: MA5AngleOriginalStrategy
2026-05-01 16:45:04.756 | INFO     | Backtest   | [回测 4/5] 处理 550 条信号，执行精细分钟线仿真...
2026-05-01 16:45:04.758 | INFO     | Backtest   | [回测 4/5] 模拟第 1/550 笔交易: 深科技...
2026-05-01 16:45:05.223 | INFO     | Backtest   | [回测 4/5] 模拟第 11/550 笔交易: 北方国际...
2026-05-01 16:45:05.537 | INFO     | Backtest   | [回测 4/5] 模拟第 21/550 笔交易: 甘肃能化...
2026-05-01 16:45:05.799 | INFO     | Backtest   | [回测 4/5] 模拟第 31/550 笔交易: 铜陵有色...
2026-05-01 16:45:06.001 | INFO     | Backtest   | [回测 4/5] 模拟第 41/550 笔交易: 锦龙股份...
2026-05-01 16:45:06.383 | INFO     | Backtest   | [回测 4/5] 模拟第 51/550 笔交易: 甘肃能源...
2026-05-01 16:45:06.669 | INFO     | Backtest   | [回测 4/5] 模拟第 61/550 笔交易: 航天科技...
2026-05-01 16:45:06.922 | INFO     | Backtest   | [回测 4/5] 模拟第 71/550 笔交易: 安泰科技...
2026-05-01 16:45:07.205 | INFO     | Backtest   | [回测 4/5] 模拟第 81/550 笔交易: 分众传媒...
2026-05-01 16:45:07.553 | INFO     | Backtest   | [回测 4/5] 模拟第 91/550 笔交易: 恒宝股份...
2026-05-01 16:45:07.813 | INFO     | Backtest   | [回测 4/5] 模拟第 101/550 笔交易: 汉钟精机...
2026-05-01 16:45:08.064 | INFO     | Backtest   | [回测 4/5] 模拟第 111/550 笔交易: 蔚蓝锂芯...
2026-05-01 16:45:08.341 | INFO     | Backtest   | [回测 4/5] 模拟第 121/550 笔交易: 圣农发展...
2026-05-01 16:45:08.610 | INFO     | Backtest   | [回测 4/5] 模拟第 131/550 笔交易: 千方科技...
2026-05-01 16:45:08.858 | INFO     | Backtest   | [回测 4/5] 模拟第 141/550 笔交易: 珠江啤酒...
2026-05-01 16:45:09.178 | INFO     | Backtest   | [回测 4/5] 模拟第 151/550 笔交易: 恺英网络...
2026-05-01 16:45:09.489 | INFO     | Backtest   | [回测 4/5] 模拟第 161/550 笔交易: 东方铁塔...
2026-05-01 16:45:09.838 | INFO     | Backtest   | [回测 4/5] 模拟第 171/550 笔交易: 金达威...
2026-05-01 16:45:10.170 | INFO     | Backtest   | [回测 4/5] 模拟第 181/550 笔交易: 国信证券...
2026-05-01 16:45:10.414 | INFO     | Backtest   | [回测 4/5] 模拟第 191/550 笔交易: 青岛银行...
2026-05-01 16:45:10.679 | INFO     | Backtest   | [回测 4/5] 模拟第 201/550 笔交易: 网宿科技...
2026-05-01 16:45:10.912 | INFO     | Backtest   | [回测 4/5] 模拟第 211/550 笔交易: 乾照光电...
2026-05-01 16:45:11.153 | INFO     | Backtest   | [回测 4/5] 模拟第 221/550 笔交易: 力源信息...
2026-05-01 16:45:11.471 | INFO     | Backtest   | [回测 4/5] 模拟第 231/550 笔交易: 光环新网...
2026-05-01 16:45:11.721 | INFO     | Backtest   | [回测 4/5] 模拟第 241/550 笔交易: 赛微电子...
2026-05-01 16:45:11.958 | INFO     | Backtest   | [回测 4/5] 模拟第 251/550 笔交易: 宇信科技...
2026-05-01 16:45:12.312 | INFO     | Backtest   | [回测 4/5] 模拟第 261/550 笔交易: 百洋医药...
2026-05-01 16:45:12.593 | INFO     | Backtest   | [回测 4/5] 模拟第 271/550 笔交易: 国际复材...
2026-05-01 16:45:12.954 | INFO     | Backtest   | [回测 4/5] 模拟第 281/550 笔交易: 古越龙山...
2026-05-01 16:45:13.386 | INFO     | Backtest   | [回测 4/5] 模拟第 291/550 笔交易: 浙江东日...
2026-05-01 16:45:13.695 | INFO     | Backtest   | [回测 4/5] 模拟第 301/550 笔交易: 生物股份...
2026-05-01 16:45:14.043 | INFO     | Backtest   | [回测 4/5] 模拟第 311/550 笔交易: 嘉化能源...
2026-05-01 16:45:14.476 | INFO     | Backtest   | [回测 4/5] 模拟第 321/550 笔交易: 西藏珠峰...
2026-05-01 16:45:14.720 | INFO     | Backtest   | [回测 4/5] 模拟第 331/550 笔交易: 通威股份...
2026-05-01 16:45:14.988 | INFO     | Backtest   | [回测 4/5] 模拟第 341/550 笔交易: 鹏欣资源...
2026-05-01 16:45:15.249 | INFO     | Backtest   | [回测 4/5] 模拟第 351/550 笔交易: 中天科技...
2026-05-01 16:45:15.540 | INFO     | Backtest   | [回测 4/5] 模拟第 361/550 笔交易: 精达股份...
2026-05-01 16:45:15.790 | INFO     | Backtest   | [回测 4/5] 模拟第 371/550 笔交易: 华谊集团...
2026-05-01 16:45:16.089 | INFO     | Backtest   | [回测 4/5] 模拟第 381/550 笔交易: 东阳光...
2026-05-01 16:45:16.400 | INFO     | Backtest   | [回测 4/5] 模拟第 391/550 笔交易: 洲际油气...
2026-05-01 16:45:16.657 | INFO     | Backtest   | [回测 4/5] 模拟第 401/550 笔交易: 华新建材...
2026-05-01 16:45:16.908 | INFO     | Backtest   | [回测 4/5] 模拟第 411/550 笔交易: 江苏金租...
2026-05-01 16:45:17.348 | INFO     | Backtest   | [回测 4/5] 模拟第 421/550 笔交易: 中国电影...
2026-05-01 16:45:17.699 | INFO     | Backtest   | [回测 4/5] 模拟第 431/550 笔交易: 南京银行...
2026-05-01 16:45:18.146 | INFO     | Backtest   | [回测 4/5] 模拟第 441/550 笔交易: 宏盛华源...
2026-05-01 16:45:18.445 | INFO     | Backtest   | [回测 4/5] 模拟第 451/550 笔交易: 林洋能源...
2026-05-01 16:45:18.788 | INFO     | Backtest   | [回测 4/5] 模拟第 461/550 笔交易: 国机重装...
2026-05-01 16:45:19.254 | INFO     | Backtest   | [回测 4/5] 模拟第 471/550 笔交易: 齐鲁银行...
2026-05-01 16:45:19.634 | INFO     | Backtest   | [回测 4/5] 模拟第 481/550 笔交易: 亚星锚链...
2026-05-01 16:45:19.993 | INFO     | Backtest   | [回测 4/5] 模拟第 491/550 笔交易: 重庆银行...
2026-05-01 16:45:20.469 | INFO     | Backtest   | [回测 4/5] 模拟第 501/550 笔交易: 景津装备...
2026-05-01 16:45:20.943 | INFO     | Backtest   | [回测 4/5] 模拟第 511/550 笔交易: XD高能环...
2026-05-01 16:45:21.267 | INFO     | Backtest   | [回测 4/5] 模拟第 521/550 笔交易: 鼎胜新材...
2026-05-01 16:45:21.660 | INFO     | Backtest   | [回测 4/5] 模拟第 531/550 笔交易: 菜百股份...
2026-05-01 16:45:22.011 | INFO     | Backtest   | [回测 4/5] 模拟第 541/550 笔交易: 广钢气体...
2026-05-01 16:45:22.292 | INFO     | Backtest   | [回测 5/5] 回测任务完成: 544笔(含0笔平手离场)
2026-05-01 16:45:22.357 | INFO     | Backtest   | [回测 1/5] 筛选回测目标股票...
2026-05-01 16:45:22.372 | INFO     | Backtest   | [回测 2/5] 加载 5202 只股票的历史数据进行快速扫描...
2026-05-01 16:45:37.003 | INFO     | Backtest   | [回测 3/5] 计算策略信号 (基于日线信号库)...
2026-05-01 16:45:37.024 | INFO     | Screener   | 🧬 [Loader] 识别到类继承策略: MA5AngleOriginalStrategy
2026-05-01 16:45:43.828 | INFO     | Backtest   | [回测 4/5] 处理 2021 条信号，执行精细分钟线仿真...
2026-05-01 16:45:43.831 | INFO     | Backtest   | [回测 4/5] 模拟第 1/2021 笔交易: 全新好...
2026-05-01 16:45:44.225 | INFO     | Backtest   | [回测 4/5] 模拟第 11/2021 笔交易: 飞亚达...
2026-05-01 16:45:44.544 | INFO     | Backtest   | [回测 4/5] 模拟第 21/2021 笔交易: 京基智农...
2026-05-01 16:45:44.841 | INFO     | Backtest   | [回测 4/5] 模拟第 31/2021 笔交易: 丰原药业...
2026-05-01 16:45:45.215 | INFO     | Backtest   | [回测 4/5] 模拟第 41/2021 笔交易: 招金黄金...
2026-05-01 16:45:45.605 | INFO     | Backtest   | [回测 4/5] 模拟第 51/2021 笔交易: 顺钠股份...
2026-05-01 16:45:45.936 | INFO     | Backtest   | [回测 4/5] 模拟第 61/2021 笔交易: 渝三峡Ａ...
2026-05-01 16:45:46.168 | INFO     | Backtest   | [回测 4/5] 模拟第 71/2021 笔交易: 德龙汇能...
2026-05-01 16:45:46.444 | INFO     | Backtest   | [回测 4/5] 模拟第 81/2021 笔交易: *ST中迪...
2026-05-01 16:45:46.780 | INFO     | Backtest   | [回测 4/5] 模拟第 91/2021 笔交易: 金岭矿业...
2026-05-01 16:45:47.113 | INFO     | Backtest   | [回测 4/5] 模拟第 101/2021 笔交易: 大连友谊...
2026-05-01 16:45:47.405 | INFO     | Backtest   | [回测 4/5] 模拟第 111/2021 笔交易: 模塑科技...
2026-05-01 16:45:47.703 | INFO     | Backtest   | [回测 4/5] 模拟第 121/2021 笔交易: 北方铜业...
2026-05-01 16:45:48.217 | INFO     | Backtest   | [回测 4/5] 模拟第 131/2021 笔交易: 北大医药...
2026-05-01 16:45:48.488 | INFO     | Backtest   | [回测 4/5] 模拟第 141/2021 笔交易: 冰轮环境...
2026-05-01 16:45:48.778 | INFO     | Backtest   | [回测 4/5] 模拟第 151/2021 笔交易: 国风新材...
2026-05-01 16:45:49.119 | INFO     | Backtest   | [回测 4/5] 模拟第 161/2021 笔交易: 航天科技...
2026-05-01 16:45:49.413 | INFO     | Backtest   | [回测 4/5] 模拟第 171/2021 笔交易: 福星股份...
2026-05-01 16:45:49.724 | INFO     | Backtest   | [回测 4/5] 模拟第 181/2021 笔交易: 广济药业...
2026-05-01 16:45:50.010 | INFO     | Backtest   | [回测 4/5] 模拟第 191/2021 笔交易: 安泰科技...
2026-05-01 16:45:50.303 | INFO     | Backtest   | [回测 4/5] 模拟第 201/2021 笔交易: 大中矿业...
2026-05-01 16:45:50.618 | INFO     | Backtest   | [回测 4/5] 模拟第 211/2021 笔交易: 龙源电力...
2026-05-01 16:45:50.873 | INFO     | Backtest   | [回测 4/5] 模拟第 221/2021 笔交易: 豫能控股...
2026-05-01 16:45:51.249 | INFO     | Backtest   | [回测 4/5] 模拟第 231/2021 笔交易: 山东威达...
2026-05-01 16:45:51.682 | INFO     | Backtest   | [回测 4/5] 模拟第 241/2021 笔交易: 同洲电子...
2026-05-01 16:45:52.093 | INFO     | Backtest   | [回测 4/5] 模拟第 251/2021 笔交易: 万邦德...
2026-05-01 16:45:52.379 | INFO     | Backtest   | [回测 4/5] 模拟第 261/2021 笔交易: 信隆健康...
2026-05-01 16:45:52.644 | INFO     | Backtest   | [回测 4/5] 模拟第 271/2021 笔交易: 天邦食品...
2026-05-01 16:45:52.904 | INFO     | Backtest   | [回测 4/5] 模拟第 281/2021 笔交易: 正泰电源...
2026-05-01 16:45:53.183 | INFO     | Backtest   | [回测 4/5] 模拟第 291/2021 笔交易: 东方锆业...
2026-05-01 16:45:53.502 | INFO     | Backtest   | [回测 4/5] 模拟第 301/2021 笔交易: 御银股份...
2026-05-01 16:45:53.764 | INFO     | Backtest   | [回测 4/5] 模拟第 311/2021 笔交易: 嘉应制药...
2026-05-01 16:45:54.223 | INFO     | Backtest   | [回测 4/5] 模拟第 321/2021 笔交易: 达意隆...
2026-05-01 16:45:54.522 | INFO     | Backtest   | [回测 4/5] 模拟第 331/2021 笔交易: 鸿博股份...
2026-05-01 16:45:54.807 | INFO     | Backtest   | [回测 4/5] 模拟第 341/2021 笔交易: 泰和新材...
2026-05-01 16:45:55.105 | INFO     | Backtest   | [回测 4/5] 模拟第 351/2021 笔交易: 大东南...
2026-05-01 16:45:55.449 | INFO     | Backtest   | [回测 4/5] 模拟第 361/2021 笔交易: 神开股份...
2026-05-01 16:45:55.737 | INFO     | Backtest   | [回测 4/5] 模拟第 371/2021 笔交易: 辉煌科技...
2026-05-01 16:45:56.036 | INFO     | Backtest   | [回测 4/5] 模拟第 381/2021 笔交易: 南山控股...
2026-05-01 16:45:56.365 | INFO     | Backtest   | [回测 4/5] 模拟第 391/2021 笔交易: 巨力索具...
2026-05-01 16:45:56.730 | INFO     | Backtest   | [回测 4/5] 模拟第 401/2021 笔交易: 中恒电气...
2026-05-01 16:45:57.012 | INFO     | Backtest   | [回测 4/5] 模拟第 411/2021 笔交易: 合众思壮...
2026-05-01 16:45:57.348 | INFO     | Backtest   | [回测 4/5] 模拟第 421/2021 笔交易: 梦洁股份...
2026-05-01 16:45:57.550 | INFO     | Backtest   | [回测 4/5] 模拟第 431/2021 笔交易: 雷科防务...
2026-05-01 16:45:57.813 | INFO     | Backtest   | [回测 4/5] 模拟第 441/2021 笔交易: 江苏神通...
2026-05-01 16:45:58.069 | INFO     | Backtest   | [回测 4/5] 模拟第 451/2021 笔交易: 嘉事堂...
2026-05-01 16:45:58.360 | INFO     | Backtest   | [回测 4/5] 模拟第 461/2021 笔交易: 常宝股份...
2026-05-01 16:45:58.664 | INFO     | Backtest   | [回测 4/5] 模拟第 471/2021 笔交易: 荣盛石化...
2026-05-01 16:45:59.021 | INFO     | Backtest   | [回测 4/5] 模拟第 481/2021 笔交易: 新时达...
2026-05-01 16:45:59.336 | INFO     | Backtest   | [回测 4/5] 模拟第 491/2021 笔交易: 飞龙股份...
2026-05-01 16:45:59.652 | INFO     | Backtest   | [回测 4/5] 模拟第 501/2021 笔交易: 宝鼎科技...
2026-05-01 16:45:59.962 | INFO     | Backtest   | [回测 4/5] 模拟第 511/2021 笔交易: 益盛药业...
2026-05-01 16:46:00.260 | INFO     | Backtest   | [回测 4/5] 模拟第 521/2021 笔交易: 圣阳股份...
2026-05-01 16:46:00.680 | INFO     | Backtest   | [回测 4/5] 模拟第 531/2021 笔交易: 领益智造...
2026-05-01 16:46:00.994 | INFO     | Backtest   | [回测 4/5] 模拟第 541/2021 笔交易: ST瑞和...
2026-05-01 16:46:01.322 | INFO     | Backtest   | [回测 4/5] 模拟第 551/2021 笔交易: *ST棒杰...
2026-05-01 16:46:01.557 | INFO     | Backtest   | [回测 4/5] 模拟第 561/2021 笔交易: 雪人集团...
2026-05-01 16:46:01.855 | INFO     | Backtest   | [回测 4/5] 模拟第 571/2021 笔交易: 共达电声...
2026-05-01 16:46:02.160 | INFO     | Backtest   | [回测 4/5] 模拟第 581/2021 笔交易: 福建金森...
2026-05-01 16:46:02.496 | INFO     | Backtest   | [回测 4/5] 模拟第 591/2021 笔交易: 良信股份...
2026-05-01 16:46:02.861 | INFO     | Backtest   | [回测 4/5] 模拟第 601/2021 笔交易: 小崧股份...
2026-05-01 16:46:03.190 | INFO     | Backtest   | [回测 4/5] 模拟第 611/2021 笔交易: 国信证券...
2026-05-01 16:46:03.466 | INFO     | Backtest   | [回测 4/5] 模拟第 621/2021 笔交易: 众兴菌业...
2026-05-01 16:46:03.714 | INFO     | Backtest   | [回测 4/5] 模拟第 631/2021 笔交易: 罗欣药业...
2026-05-01 16:46:03.957 | INFO     | Backtest   | [回测 4/5] 模拟第 641/2021 笔交易: 崇达技术...
2026-05-01 16:46:04.242 | INFO     | Backtest   | [回测 4/5] 模拟第 651/2021 笔交易: 新宏泽...
2026-05-01 16:46:04.556 | INFO     | Backtest   | [回测 4/5] 模拟第 661/2021 笔交易: 美芝股份...
2026-05-01 16:46:04.858 | INFO     | Backtest   | [回测 4/5] 模拟第 671/2021 笔交易: 元隆雅图...
2026-05-01 16:46:05.185 | INFO     | Backtest   | [回测 4/5] 模拟第 681/2021 笔交易: 庄园牧场...
2026-05-01 16:46:05.466 | INFO     | Backtest   | [回测 4/5] 模拟第 691/2021 笔交易: 奥美医疗...
2026-05-01 16:46:05.790 | INFO     | Backtest   | [回测 4/5] 模拟第 701/2021 笔交易: 宇新股份...
2026-05-01 16:46:06.044 | INFO     | Backtest   | [回测 4/5] 模拟第 711/2021 笔交易: 南网能源...
2026-05-01 16:46:06.303 | INFO     | Backtest   | [回测 4/5] 模拟第 721/2021 笔交易: 天海防务...
2026-05-01 16:46:06.583 | INFO     | Backtest   | [回测 4/5] 模拟第 731/2021 笔交易: 硅宝科技...
2026-05-01 16:46:06.941 | INFO     | Backtest   | [回测 4/5] 模拟第 741/2021 笔交易: 钢研高纳...
2026-05-01 16:46:07.245 | INFO     | Backtest   | [回测 4/5] 模拟第 751/2021 笔交易: 万顺新材...
2026-05-01 16:46:07.491 | INFO     | Backtest   | [回测 4/5] 模拟第 761/2021 笔交易: 海新能科...
2026-05-01 16:46:07.700 | INFO     | Backtest   | [回测 4/5] 模拟第 771/2021 笔交易: 华伍股份...
2026-05-01 16:46:08.010 | INFO     | Backtest   | [回测 4/5] 模拟第 781/2021 笔交易: 锦富技术...
2026-05-01 16:46:08.220 | INFO     | Backtest   | [回测 4/5] 模拟第 791/2021 笔交易: 和顺电气...
2026-05-01 16:46:08.534 | INFO     | Backtest   | [回测 4/5] 模拟第 801/2021 笔交易: *ST新研...
2026-05-01 16:46:08.758 | INFO     | Backtest   | [回测 4/5] 模拟第 811/2021 笔交易: ST迪威迅...
2026-05-01 16:46:09.082 | INFO     | Backtest   | [回测 4/5] 模拟第 821/2021 笔交易: 科德教育...
2026-05-01 16:46:09.330 | INFO     | Backtest   | [回测 4/5] 模拟第 831/2021 笔交易: 行云科技...
2026-05-01 16:46:09.529 | INFO     | Backtest   | [回测 4/5] 模拟第 841/2021 笔交易: 光韵达...
2026-05-01 16:46:09.795 | INFO     | Backtest   | [回测 4/5] 模拟第 851/2021 笔交易: 宝莱特...
2026-05-01 16:46:10.018 | INFO     | Backtest   | [回测 4/5] 模拟第 861/2021 笔交易: 通光线缆...
2026-05-01 16:46:10.264 | INFO     | Backtest   | [回测 4/5] 模拟第 871/2021 笔交易: 金明精机...
2026-05-01 16:46:10.452 | INFO     | Backtest   | [回测 4/5] 模拟第 881/2021 笔交易: 同有科技...
2026-05-01 16:46:10.658 | INFO     | Backtest   | [回测 4/5] 模拟第 891/2021 笔交易: 海伦钢琴...
2026-05-01 16:46:10.923 | INFO     | Backtest   | [回测 4/5] 模拟第 901/2021 笔交易: 华鹏飞...
2026-05-01 16:46:11.188 | INFO     | Backtest   | [回测 4/5] 模拟第 911/2021 笔交易: 斯莱克...
2026-05-01 16:46:11.364 | INFO     | Backtest   | [回测 4/5] 模拟第 921/2021 笔交易: 花园生物...
2026-05-01 16:46:11.678 | INFO     | Backtest   | [回测 4/5] 模拟第 931/2021 笔交易: 昇辉科技...
2026-05-01 16:46:11.856 | INFO     | Backtest   | [回测 4/5] 模拟第 941/2021 笔交易: 双杰电气...
2026-05-01 16:46:12.082 | INFO     | Backtest   | [回测 4/5] 模拟第 951/2021 笔交易: 星徽股份...
2026-05-01 16:46:12.318 | INFO     | Backtest   | [回测 4/5] 模拟第 961/2021 笔交易: 首华燃气...
2026-05-01 16:46:12.472 | INFO     | Backtest   | [回测 4/5] 模拟第 971/2021 笔交易: 富祥药业...
2026-05-01 16:46:12.783 | INFO     | Backtest   | [回测 4/5] 模拟第 981/2021 笔交易: 新美星...
2026-05-01 16:46:13.124 | INFO     | Backtest   | [回测 4/5] 模拟第 991/2021 笔交易: 幸福蓝海...
2026-05-01 16:46:13.394 | INFO     | Backtest   | [回测 4/5] 模拟第 1001/2021 笔交易: 筑博设计...
2026-05-01 16:46:13.646 | INFO     | Backtest   | [回测 4/5] 模拟第 1011/2021 笔交易: 天铁科技...
2026-05-01 16:46:13.865 | INFO     | Backtest   | [回测 4/5] 模拟第 1021/2021 笔交易: 康泰生物...
2026-05-01 16:46:14.163 | INFO     | Backtest   | [回测 4/5] 模拟第 1031/2021 笔交易: 光莆股份...
2026-05-01 16:46:14.379 | INFO     | Backtest   | [回测 4/5] 模拟第 1041/2021 笔交易: 太龙股份...
2026-05-01 16:46:14.658 | INFO     | Backtest   | [回测 4/5] 模拟第 1051/2021 笔交易: 大烨智能...
2026-05-01 16:46:14.925 | INFO     | Backtest   | [回测 4/5] 模拟第 1061/2021 笔交易: 威唐工业...
2026-05-01 16:46:15.197 | INFO     | Backtest   | [回测 4/5] 模拟第 1071/2021 笔交易: 奥飞数据...
2026-05-01 16:46:15.436 | INFO     | Backtest   | [回测 4/5] 模拟第 1081/2021 笔交易: 爱朋医疗...
2026-05-01 16:46:15.730 | INFO     | Backtest   | [回测 4/5] 模拟第 1091/2021 笔交易: 锦鸡股份...
2026-05-01 16:46:15.988 | INFO     | Backtest   | [回测 4/5] 模拟第 1101/2021 笔交易: 派瑞股份...
2026-05-01 16:46:16.246 | INFO     | Backtest   | [回测 4/5] 模拟第 1111/2021 笔交易: 回盛生物...
2026-05-01 16:46:16.658 | INFO     | Backtest   | [回测 4/5] 模拟第 1121/2021 笔交易: 中胤时尚...
2026-05-01 16:46:16.960 | INFO     | Backtest   | [回测 4/5] 模拟第 1131/2021 笔交易: 南极光...
2026-05-01 16:46:17.288 | INFO     | Backtest   | [回测 4/5] 模拟第 1141/2021 笔交易: 华绿生物...
2026-05-01 16:46:17.536 | INFO     | Backtest   | [回测 4/5] 模拟第 1151/2021 笔交易: 百洋医药...
2026-05-01 16:46:17.851 | INFO     | Backtest   | [回测 4/5] 模拟第 1161/2021 笔交易: 森赫股份...
2026-05-01 16:46:18.107 | INFO     | Backtest   | [回测 4/5] 模拟第 1171/2021 笔交易: 武汉天源...
2026-05-01 16:46:18.432 | INFO     | Backtest   | [回测 4/5] 模拟第 1181/2021 笔交易: 万凯新材...
2026-05-01 16:46:18.676 | INFO     | Backtest   | [回测 4/5] 模拟第 1191/2021 笔交易: 铭利达...
2026-05-01 16:46:18.945 | INFO     | Backtest   | [回测 4/5] 模拟第 1201/2021 笔交易: 英特科技...
2026-05-01 16:46:19.193 | INFO     | Backtest   | [回测 4/5] 模拟第 1211/2021 笔交易: 浦发银行...
2026-05-01 16:46:19.432 | INFO     | Backtest   | [回测 4/5] 模拟第 1221/2021 笔交易: 古越龙山...
2026-05-01 16:46:19.774 | INFO     | Backtest   | [回测 4/5] 模拟第 1231/2021 笔交易: ST海泰...
2026-05-01 16:46:20.247 | INFO     | Backtest   | [回测 4/5] 模拟第 1241/2021 笔交易: 亚盛集团...
2026-05-01 16:46:20.463 | INFO     | Backtest   | [回测 4/5] 模拟第 1251/2021 笔交易: 金发科技...
2026-05-01 16:46:20.835 | INFO     | Backtest   | [回测 4/5] 模拟第 1261/2021 笔交易: 卧龙新能...
2026-05-01 16:46:21.143 | INFO     | Backtest   | [回测 4/5] 模拟第 1271/2021 笔交易: 安彩高科...
2026-05-01 16:46:21.420 | INFO     | Backtest   | [回测 4/5] 模拟第 1281/2021 笔交易: 金鹰股份...
2026-05-01 16:46:21.721 | INFO     | Backtest   | [回测 4/5] 模拟第 1291/2021 笔交易: 阳光照明...
2026-05-01 16:46:21.945 | INFO     | Backtest   | [回测 4/5] 模拟第 1301/2021 笔交易: 电投水电...
2026-05-01 16:46:22.270 | INFO     | Backtest   | [回测 4/5] 模拟第 1311/2021 笔交易: 恒顺醋业...
2026-05-01 16:46:22.750 | INFO     | Backtest   | [回测 4/5] 模拟第 1321/2021 笔交易: 天通股份...
2026-05-01 16:46:23.049 | INFO     | Backtest   | [回测 4/5] 模拟第 1331/2021 笔交易: 红星发展...
2026-05-01 16:46:23.310 | INFO     | Backtest   | [回测 4/5] 模拟第 1341/2021 笔交易: 动力源...
2026-05-01 16:46:23.604 | INFO     | Backtest   | [回测 4/5] 模拟第 1351/2021 笔交易: 空港股份...
2026-05-01 16:46:23.869 | INFO     | Backtest   | [回测 4/5] 模拟第 1361/2021 笔交易: 中金黄金...
2026-05-01 16:46:24.135 | INFO     | Backtest   | [回测 4/5] 模拟第 1371/2021 笔交易: 西昌电力...
2026-05-01 16:46:24.391 | INFO     | Backtest   | [回测 4/5] 模拟第 1381/2021 笔交易: 贵航股份...
2026-05-01 16:46:24.613 | INFO     | Backtest   | [回测 4/5] 模拟第 1391/2021 笔交易: 保变电气...
2026-05-01 16:46:24.930 | INFO     | Backtest   | [回测 4/5] 模拟第 1401/2021 笔交易: 中化装备...
2026-05-01 16:46:25.143 | INFO     | Backtest   | [回测 4/5] 模拟第 1411/2021 笔交易: 中毅达...
2026-05-01 16:46:25.449 | INFO     | Backtest   | [回测 4/5] 模拟第 1421/2021 笔交易: 飞乐音响...
2026-05-01 16:46:25.745 | INFO     | Backtest   | [回测 4/5] 模拟第 1431/2021 笔交易: 交运股份...
2026-05-01 16:46:26.045 | INFO     | Backtest   | [回测 4/5] 模拟第 1441/2021 笔交易: 大连热电...
2026-05-01 16:46:26.268 | INFO     | Backtest   | [回测 4/5] 模拟第 1451/2021 笔交易: 西藏旅游...
2026-05-01 16:46:26.564 | INFO     | Backtest   | [回测 4/5] 模拟第 1461/2021 笔交易: 西藏城投...
2026-05-01 16:46:26.888 | INFO     | Backtest   | [回测 4/5] 模拟第 1471/2021 笔交易: 渤海化学...
2026-05-01 16:46:27.177 | INFO     | Backtest   | [回测 4/5] 模拟第 1481/2021 笔交易: 耀皮玻璃...
2026-05-01 16:46:27.516 | INFO     | Backtest   | [回测 4/5] 模拟第 1491/2021 笔交易: 同济科技...
2026-05-01 16:46:27.751 | INFO     | Backtest   | [回测 4/5] 模拟第 1501/2021 笔交易: 凯盛新能...
2026-05-01 16:46:28.166 | INFO     | Backtest   | [回测 4/5] 模拟第 1511/2021 笔交易: 株冶集团...
2026-05-01 16:46:28.433 | INFO     | Backtest   | [回测 4/5] 模拟第 1521/2021 笔交易: 中国电影...
2026-05-01 16:46:28.780 | INFO     | Backtest   | [回测 4/5] 模拟第 1531/2021 笔交易: 大秦铁路...
2026-05-01 16:46:29.137 | INFO     | Backtest   | [回测 4/5] 模拟第 1541/2021 笔交易: 福元医药...
2026-05-01 16:46:29.443 | INFO     | Backtest   | [回测 4/5] 模拟第 1551/2021 笔交易: 北京银行...
2026-05-01 16:46:29.715 | INFO     | Backtest   | [回测 4/5] 模拟第 1561/2021 笔交易: 桐昆股份...
2026-05-01 16:46:29.997 | INFO     | Backtest   | [回测 4/5] 模拟第 1571/2021 笔交易: 怡球资源...
2026-05-01 16:46:30.400 | INFO     | Backtest   | [回测 4/5] 模拟第 1581/2021 笔交易: 金田股份...
2026-05-01 16:46:30.735 | INFO     | Backtest   | [回测 4/5] 模拟第 1591/2021 笔交易: 晶科科技...
2026-05-01 16:46:31.023 | INFO     | Backtest   | [回测 4/5] 模拟第 1601/2021 笔交易: 亚星锚链...
2026-05-01 16:46:31.350 | INFO     | Backtest   | [回测 4/5] 模拟第 1611/2021 笔交易: 东贝集团...
2026-05-01 16:46:31.705 | INFO     | Backtest   | [回测 4/5] 模拟第 1621/2021 笔交易: 中衡设计...
2026-05-01 16:46:31.973 | INFO     | Backtest   | [回测 4/5] 模拟第 1631/2021 笔交易: 科林电气...
2026-05-01 16:46:32.338 | INFO     | Backtest   | [回测 4/5] 模拟第 1641/2021 笔交易: 正裕工业...
2026-05-01 16:46:32.781 | INFO     | Backtest   | [回测 4/5] 模拟第 1651/2021 笔交易: 共进股份...
2026-05-01 16:46:33.123 | INFO     | Backtest   | [回测 4/5] 模拟第 1661/2021 笔交易: 邦基科技...
2026-05-01 16:46:33.424 | INFO     | Backtest   | [回测 4/5] 模拟第 1671/2021 笔交易: 网达软件...
2026-05-01 16:46:33.766 | INFO     | Backtest   | [回测 4/5] 模拟第 1681/2021 笔交易: 元利科技...
2026-05-01 16:46:34.118 | INFO     | Backtest   | [回测 4/5] 模拟第 1691/2021 笔交易: 浙江仙通...
2026-05-01 16:46:34.472 | INFO     | Backtest   | [回测 4/5] 模拟第 1701/2021 笔交易: 诚邦股份...
2026-05-01 16:46:34.786 | INFO     | Backtest   | [回测 4/5] 模拟第 1711/2021 笔交易: 东珠生态...
2026-05-01 16:46:35.090 | INFO     | Backtest   | [回测 4/5] 模拟第 1721/2021 笔交易: 鼎信通讯...
2026-05-01 16:46:35.497 | INFO     | Backtest   | [回测 4/5] 模拟第 1731/2021 笔交易: 祥和实业...
2026-05-01 16:46:35.882 | INFO     | Backtest   | [回测 4/5] 模拟第 1741/2021 笔交易: 金麒麟...
2026-05-01 16:46:36.262 | INFO     | Backtest   | [回测 4/5] 模拟第 1751/2021 笔交易: 索通发展...
2026-05-01 16:46:36.598 | INFO     | Backtest   | [回测 4/5] 模拟第 1761/2021 笔交易: 晶华新材...
2026-05-01 16:46:36.989 | INFO     | Backtest   | [回测 4/5] 模拟第 1771/2021 笔交易: 中源家居...
2026-05-01 16:46:37.294 | INFO     | Backtest   | [回测 4/5] 模拟第 1781/2021 笔交易: 永安行...
2026-05-01 16:46:37.641 | INFO     | Backtest   | [回测 4/5] 模拟第 1791/2021 笔交易: 瑞斯康达...
2026-05-01 16:46:37.984 | INFO     | Backtest   | [回测 4/5] 模拟第 1801/2021 笔交易: 海峡环保...
2026-05-01 16:46:38.343 | INFO     | Backtest   | [回测 4/5] 模拟第 1811/2021 笔交易: *ST正平...
2026-05-01 16:46:38.688 | INFO     | Backtest   | [回测 4/5] 模拟第 1821/2021 笔交易: 老百姓...
2026-05-01 16:46:39.026 | INFO     | Backtest   | [回测 4/5] 模拟第 1831/2021 笔交易: 龙蟠科技...
2026-05-01 16:46:39.351 | INFO     | Backtest   | [回测 4/5] 模拟第 1841/2021 笔交易: 睿能科技...
2026-05-01 16:46:39.834 | INFO     | Backtest   | [回测 4/5] 模拟第 1851/2021 笔交易: 吉华集团...
2026-05-01 16:46:40.175 | INFO     | Backtest   | [回测 4/5] 模拟第 1861/2021 笔交易: 继峰股份...
2026-05-01 16:46:40.486 | INFO     | Backtest   | [回测 4/5] 模拟第 1871/2021 笔交易: 正和生态...
2026-05-01 16:46:40.827 | INFO     | Backtest   | [回测 4/5] 模拟第 1881/2021 笔交易: 华通线缆...
2026-05-01 16:46:41.138 | INFO     | Backtest   | [回测 4/5] 模拟第 1891/2021 笔交易: 舒华体育...
2026-05-01 16:46:41.480 | INFO     | Backtest   | [回测 4/5] 模拟第 1901/2021 笔交易: 宏柏新材...
2026-05-01 16:46:41.810 | INFO     | Backtest   | [回测 4/5] 模拟第 1911/2021 笔交易: 药康生物...
2026-05-01 16:46:42.230 | INFO     | Backtest   | [回测 4/5] 模拟第 1921/2021 笔交易: 斯瑞新材...
2026-05-01 16:46:42.685 | INFO     | Backtest   | [回测 4/5] 模拟第 1931/2021 笔交易: 阿拉丁...
2026-05-01 16:46:43.033 | INFO     | Backtest   | [回测 4/5] 模拟第 1941/2021 笔交易: 江苏北人...
2026-05-01 16:46:43.429 | INFO     | Backtest   | [回测 4/5] 模拟第 1951/2021 笔交易: 恒誉环保...
2026-05-01 16:46:43.765 | INFO     | Backtest   | [回测 4/5] 模拟第 1961/2021 笔交易: 光云科技...
2026-05-01 16:46:44.155 | INFO     | Backtest   | [回测 4/5] 模拟第 1971/2021 笔交易: 康为世纪...
2026-05-01 16:46:44.567 | INFO     | Backtest   | [回测 4/5] 模拟第 1981/2021 笔交易: 天微电子...
2026-05-01 16:46:44.827 | INFO     | Backtest   | [回测 4/5] 模拟第 1991/2021 笔交易: 力源科技...
2026-05-01 16:46:45.170 | INFO     | Backtest   | [回测 4/5] 模拟第 2001/2021 笔交易: 康鹏科技...
2026-05-01 16:46:45.521 | INFO     | Backtest   | [回测 4/5] 模拟第 2011/2021 笔交易: 元琛科技...
2026-05-01 16:46:45.906 | INFO     | Backtest   | [回测 4/5] 模拟第 2021/2021 笔交易: 五矿新能...
2026-05-01 16:46:45.937 | INFO     | Backtest   | [回测 5/5] 回测任务完成: 1994笔(含0笔平手离场)
2026-05-01 16:46:46.312 | INFO     | Backtest   | [回测 1/5] 筛选回测目标股票...
2026-05-01 16:46:46.332 | INFO     | Backtest   | [回测 2/5] 加载 5202 只股票的历史数据进行快速扫描...
2026-05-01 16:47:01.117 | INFO     | Backtest   | [回测 3/5] 计算策略信号 (基于日线信号库)...
2026-05-01 16:47:01.124 | INFO     | Screener   | 🧬 [Loader] 识别到类继承策略: MA5AngleOriginalStrategy
2026-05-01 16:47:08.061 | INFO     | Backtest   | [回测 3/5] 上证红盘过滤: 2021 → 1422 条信号
2026-05-01 16:47:08.062 | INFO     | Backtest   | [回测 4/5] 处理 1422 条信号，执行精细分钟线仿真...
2026-05-01 16:47:08.064 | INFO     | Backtest   | [回测 4/5] 模拟第 1/1422 笔交易: 全新好...
2026-05-01 16:47:08.485 | INFO     | Backtest   | [回测 4/5] 模拟第 11/1422 笔交易: 深南电A...
2026-05-01 16:47:08.746 | INFO     | Backtest   | [回测 4/5] 模拟第 21/1422 笔交易: 海王生物...
2026-05-01 16:47:09.106 | INFO     | Backtest   | [回测 4/5] 模拟第 31/1422 笔交易: 招金黄金...
2026-05-01 16:47:09.494 | INFO     | Backtest   | [回测 4/5] 模拟第 41/1422 笔交易: 金浦钛业...
2026-05-01 16:47:09.843 | INFO     | Backtest   | [回测 4/5] 模拟第 51/1422 笔交易: 平潭发展...
2026-05-01 16:47:10.154 | INFO     | Backtest   | [回测 4/5] 模拟第 61/1422 笔交易: 铜陵有色...
2026-05-01 16:47:10.482 | INFO     | Backtest   | [回测 4/5] 模拟第 71/1422 笔交易: ST金鸿...
2026-05-01 16:47:10.763 | INFO     | Backtest   | [回测 4/5] 模拟第 81/1422 笔交易: 滨海能源...
2026-05-01 16:47:11.127 | INFO     | Backtest   | [回测 4/5] 模拟第 91/1422 笔交易: 普洛药业...
2026-05-01 16:47:11.620 | INFO     | Backtest   | [回测 4/5] 模拟第 101/1422 笔交易: 云铝股份...
2026-05-01 16:47:11.947 | INFO     | Backtest   | [回测 4/5] 模拟第 111/1422 笔交易: 海南高速...
2026-05-01 16:47:12.291 | INFO     | Backtest   | [回测 4/5] 模拟第 121/1422 笔交易: 福星股份...
2026-05-01 16:47:12.614 | INFO     | Backtest   | [回测 4/5] 模拟第 131/1422 笔交易: 广济药业...
2026-05-01 16:47:12.942 | INFO     | Backtest   | [回测 4/5] 模拟第 141/1422 笔交易: 皇台酒业...
2026-05-01 16:47:13.318 | INFO     | Backtest   | [回测 4/5] 模拟第 151/1422 笔交易: 龙源电力...
2026-05-01 16:47:13.647 | INFO     | Backtest   | [回测 4/5] 模拟第 161/1422 笔交易: 亿帆医药...
2026-05-01 16:47:14.123 | INFO     | Backtest   | [回测 4/5] 模拟第 171/1422 笔交易: 兔宝宝...
2026-05-01 16:47:14.510 | INFO     | Backtest   | [回测 4/5] 模拟第 181/1422 笔交易: 景兴纸业...
2026-05-01 16:47:14.826 | INFO     | Backtest   | [回测 4/5] 模拟第 191/1422 笔交易: 科陆电子...
2026-05-01 16:47:15.123 | INFO     | Backtest   | [回测 4/5] 模拟第 201/1422 笔交易: 悦心健康...
2026-05-01 16:47:15.475 | INFO     | Backtest   | [回测 4/5] 模拟第 211/1422 笔交易: 江特电机...
2026-05-01 16:47:15.896 | INFO     | Backtest   | [回测 4/5] 模拟第 221/1422 笔交易: *ST交投...
2026-05-01 16:47:16.203 | INFO     | Backtest   | [回测 4/5] 模拟第 231/1422 笔交易: 合力泰...
2026-05-01 16:47:16.541 | INFO     | Backtest   | [回测 4/5] 模拟第 241/1422 笔交易: 海陆重工...
2026-05-01 16:47:16.836 | INFO     | Backtest   | [回测 4/5] 模拟第 251/1422 笔交易: 华明装备...
2026-05-01 16:47:17.120 | INFO     | Backtest   | [回测 4/5] 模拟第 261/1422 笔交易: 辉煌科技...
2026-05-01 16:47:17.452 | INFO     | Backtest   | [回测 4/5] 模拟第 271/1422 笔交易: 华英农业...
2026-05-01 16:47:17.806 | INFO     | Backtest   | [回测 4/5] 模拟第 281/1422 笔交易: 融发核电...
2026-05-01 16:47:18.080 | INFO     | Backtest   | [回测 4/5] 模拟第 291/1422 笔交易: 四维图新...
2026-05-01 16:47:18.341 | INFO     | Backtest   | [回测 4/5] 模拟第 301/1422 笔交易: 胜利精密...
2026-05-01 16:47:18.606 | INFO     | Backtest   | [回测 4/5] 模拟第 311/1422 笔交易: 申通快递...
2026-05-01 16:47:18.893 | INFO     | Backtest   | [回测 4/5] 模拟第 321/1422 笔交易: 恒基达鑫...
2026-05-01 16:47:19.238 | INFO     | Backtest   | [回测 4/5] 模拟第 331/1422 笔交易: 天山铝业...
2026-05-01 16:47:19.557 | INFO     | Backtest   | [回测 4/5] 模拟第 341/1422 笔交易: 金新农...
2026-05-01 16:47:19.883 | INFO     | Backtest   | [回测 4/5] 模拟第 351/1422 笔交易: 顺灏股份...
2026-05-01 16:47:20.144 | INFO     | Backtest   | [回测 4/5] 模拟第 361/1422 笔交易: 双星新材...
2026-05-01 16:47:20.592 | INFO     | Backtest   | [回测 4/5] 模拟第 371/1422 笔交易: 世纪华通...
2026-05-01 16:47:20.973 | INFO     | Backtest   | [回测 4/5] 模拟第 381/1422 笔交易: *ST棒杰...
2026-05-01 16:47:21.222 | INFO     | Backtest   | [回测 4/5] 模拟第 391/1422 笔交易: 雪人集团...
2026-05-01 16:47:21.484 | INFO     | Backtest   | [回测 4/5] 模拟第 401/1422 笔交易: 雪迪龙...
2026-05-01 16:47:21.763 | INFO     | Backtest   | [回测 4/5] 模拟第 411/1422 笔交易: 亿利达...
2026-05-01 16:47:22.181 | INFO     | Backtest   | [回测 4/5] 模拟第 421/1422 笔交易: 友邦吊顶...
2026-05-01 16:47:22.561 | INFO     | Backtest   | [回测 4/5] 模拟第 431/1422 笔交易: 雄韬股份...
2026-05-01 16:47:22.859 | INFO     | Backtest   | [回测 4/5] 模拟第 441/1422 笔交易: 众兴菌业...
2026-05-01 16:47:23.128 | INFO     | Backtest   | [回测 4/5] 模拟第 451/1422 笔交易: 第一创业...
2026-05-01 16:47:23.428 | INFO     | Backtest   | [回测 4/5] 模拟第 461/1422 笔交易: 新宏泽...
2026-05-01 16:47:23.762 | INFO     | Backtest   | [回测 4/5] 模拟第 471/1422 笔交易: 美芝股份...
2026-05-01 16:47:24.071 | INFO     | Backtest   | [回测 4/5] 模拟第 481/1422 笔交易: 哈三联...
2026-05-01 16:47:24.387 | INFO     | Backtest   | [回测 4/5] 模拟第 491/1422 笔交易: 新乳业...
2026-05-01 16:47:24.739 | INFO     | Backtest   | [回测 4/5] 模拟第 501/1422 笔交易: 金富科技...
2026-05-01 16:47:25.003 | INFO     | Backtest   | [回测 4/5] 模拟第 511/1422 笔交易: 莱美药业...
2026-05-01 16:47:25.283 | INFO     | Backtest   | [回测 4/5] 模拟第 521/1422 笔交易: 吉峰科技...
2026-05-01 16:47:25.667 | INFO     | Backtest   | [回测 4/5] 模拟第 531/1422 笔交易: 天龙集团...
2026-05-01 16:47:25.977 | INFO     | Backtest   | [回测 4/5] 模拟第 541/1422 笔交易: 尤洛卡...
2026-05-01 16:47:26.271 | INFO     | Backtest   | [回测 4/5] 模拟第 551/1422 笔交易: 英唐智控...
2026-05-01 16:47:26.650 | INFO     | Backtest   | [回测 4/5] 模拟第 561/1422 笔交易: 新锦动力...
2026-05-01 16:47:26.944 | INFO     | Backtest   | [回测 4/5] 模拟第 571/1422 笔交易: ST迪威迅...
2026-05-01 16:47:27.265 | INFO     | Backtest   | [回测 4/5] 模拟第 581/1422 笔交易: 海伦哲...
2026-05-01 16:47:27.525 | INFO     | Backtest   | [回测 4/5] 模拟第 591/1422 笔交易: 冠昊生物...
2026-05-01 16:47:27.806 | INFO     | Backtest   | [回测 4/5] 模拟第 601/1422 笔交易: 隆华科技...
2026-05-01 16:47:28.121 | INFO     | Backtest   | [回测 4/5] 模拟第 611/1422 笔交易: 国瓷材料...
2026-05-01 16:47:28.334 | INFO     | Backtest   | [回测 4/5] 模拟第 621/1422 笔交易: 硕贝德...
2026-05-01 16:47:28.652 | INFO     | Backtest   | [回测 4/5] 模拟第 631/1422 笔交易: 易事特...
2026-05-01 16:47:28.884 | INFO     | Backtest   | [回测 4/5] 模拟第 641/1422 笔交易: 道氏技术...
2026-05-01 16:47:29.119 | INFO     | Backtest   | [回测 4/5] 模拟第 651/1422 笔交易: 运达科技...
2026-05-01 16:47:29.384 | INFO     | Backtest   | [回测 4/5] 模拟第 661/1422 笔交易: 赛微电子...
2026-05-01 16:47:29.605 | INFO     | Backtest   | [回测 4/5] 模拟第 671/1422 笔交易: 东杰智能...
2026-05-01 16:47:29.797 | INFO     | Backtest   | [回测 4/5] 模拟第 681/1422 笔交易: 川金诺...
2026-05-01 16:47:30.153 | INFO     | Backtest   | [回测 4/5] 模拟第 691/1422 笔交易: 幸福蓝海...
2026-05-01 16:47:30.496 | INFO     | Backtest   | [回测 4/5] 模拟第 701/1422 笔交易: 晨曦航空...
2026-05-01 16:47:30.751 | INFO     | Backtest   | [回测 4/5] 模拟第 711/1422 笔交易: 恒锋信息...
2026-05-01 16:47:31.061 | INFO     | Backtest   | [回测 4/5] 模拟第 721/1422 笔交易: 超频三...
2026-05-01 16:47:31.322 | INFO     | Backtest   | [回测 4/5] 模拟第 731/1422 笔交易: 大烨智能...
2026-05-01 16:47:31.586 | INFO     | Backtest   | [回测 4/5] 模拟第 741/1422 笔交易: 万隆光电...
2026-05-01 16:47:31.872 | INFO     | Backtest   | [回测 4/5] 模拟第 751/1422 笔交易: 水羊股份...
2026-05-01 16:47:32.153 | INFO     | Backtest   | [回测 4/5] 模拟第 761/1422 笔交易: 钢研纳克...
2026-05-01 16:47:32.474 | INFO     | Backtest   | [回测 4/5] 模拟第 771/1422 笔交易: 金现代...
2026-05-01 16:47:32.867 | INFO     | Backtest   | [回测 4/5] 模拟第 781/1422 笔交易: 万胜智能...
2026-05-01 16:47:33.233 | INFO     | Backtest   | [回测 4/5] 模拟第 791/1422 笔交易: 研奥股份...
2026-05-01 16:47:33.568 | INFO     | Backtest   | [回测 4/5] 模拟第 801/1422 笔交易: 深水海纳...
2026-05-01 16:47:33.949 | INFO     | Backtest   | [回测 4/5] 模拟第 811/1422 笔交易: 森赫股份...
2026-05-01 16:47:34.198 | INFO     | Backtest   | [回测 4/5] 模拟第 821/1422 笔交易: 冠龙节能...
2026-05-01 16:47:34.444 | INFO     | Backtest   | [回测 4/5] 模拟第 831/1422 笔交易: 格力博...
2026-05-01 16:47:34.763 | INFO     | Backtest   | [回测 4/5] 模拟第 841/1422 笔交易: 矩阵股份...
2026-05-01 16:47:35.069 | INFO     | Backtest   | [回测 4/5] 模拟第 851/1422 笔交易: 上海电力...
2026-05-01 16:47:35.347 | INFO     | Backtest   | [回测 4/5] 模拟第 861/1422 笔交易: 冠城新材...
2026-05-01 16:47:35.788 | INFO     | Backtest   | [回测 4/5] 模拟第 871/1422 笔交易: 青山纸业...
2026-05-01 16:47:36.077 | INFO     | Backtest   | [回测 4/5] 模拟第 881/1422 笔交易: 金发科技...
2026-05-01 16:47:36.445 | INFO     | Backtest   | [回测 4/5] 模拟第 891/1422 笔交易: 莲花控股...
2026-05-01 16:47:36.751 | INFO     | Backtest   | [回测 4/5] 模拟第 901/1422 笔交易: 圆通速递...
2026-05-01 16:47:37.036 | INFO     | Backtest   | [回测 4/5] 模拟第 911/1422 笔交易: 国电南自...
2026-05-01 16:47:37.352 | INFO     | Backtest   | [回测 4/5] 模拟第 921/1422 笔交易: 标准股份...
2026-05-01 16:47:37.717 | INFO     | Backtest   | [回测 4/5] 模拟第 931/1422 笔交易: 浙江龙盛...
2026-05-01 16:47:38.017 | INFO     | Backtest   | [回测 4/5] 模拟第 941/1422 笔交易: 三友化工...
2026-05-01 16:47:38.284 | INFO     | Backtest   | [回测 4/5] 模拟第 951/1422 笔交易: 华光环能...
2026-05-01 16:47:38.578 | INFO     | Backtest   | [回测 4/5] 模拟第 961/1422 笔交易: 科达制造...
2026-05-01 16:47:38.818 | INFO     | Backtest   | [回测 4/5] 模拟第 971/1422 笔交易: 豫光金铅...
2026-05-01 16:47:39.067 | INFO     | Backtest   | [回测 4/5] 模拟第 981/1422 笔交易: 中化装备...
2026-05-01 16:47:39.319 | INFO     | Backtest   | [回测 4/5] 模拟第 991/1422 笔交易: 海立股份...
2026-05-01 16:47:39.635 | INFO     | Backtest   | [回测 4/5] 模拟第 1001/1422 笔交易: 尖峰集团...
2026-05-01 16:47:39.961 | INFO     | Backtest   | [回测 4/5] 模拟第 1011/1422 笔交易: 盛屯矿业...
2026-05-01 16:47:40.189 | INFO     | Backtest   | [回测 4/5] 模拟第 1021/1422 笔交易: 西藏旅游...
2026-05-01 16:47:40.431 | INFO     | Backtest   | [回测 4/5] 模拟第 1031/1422 笔交易: 华新建材...
2026-05-01 16:47:40.733 | INFO     | Backtest   | [回测 4/5] 模拟第 1041/1422 笔交易: 兰生股份...
2026-05-01 16:47:41.083 | INFO     | Backtest   | [回测 4/5] 模拟第 1051/1422 笔交易: 百大集团...
2026-05-01 16:47:41.372 | INFO     | Backtest   | [回测 4/5] 模拟第 1061/1422 笔交易: 福成股份...
2026-05-01 16:47:41.702 | INFO     | Backtest   | [回测 4/5] 模拟第 1071/1422 笔交易: 唐山港...
2026-05-01 16:47:41.995 | INFO     | Backtest   | [回测 4/5] 模拟第 1081/1422 笔交易: 福元医药...
2026-05-01 16:47:42.307 | INFO     | Backtest   | [回测 4/5] 模拟第 1091/1422 笔交易: 林洋能源...
2026-05-01 16:47:42.610 | INFO     | Backtest   | [回测 4/5] 模拟第 1101/1422 笔交易: 怡球资源...
2026-05-01 16:47:42.954 | INFO     | Backtest   | [回测 4/5] 模拟第 1111/1422 笔交易: 滨化股份...
2026-05-01 16:47:43.257 | INFO     | Backtest   | [回测 4/5] 模拟第 1121/1422 笔交易: 亚星锚链...
2026-05-01 16:47:43.584 | INFO     | Backtest   | [回测 4/5] 模拟第 1131/1422 笔交易: 创力集团...
2026-05-01 16:47:43.795 | INFO     | Backtest   | [回测 4/5] 模拟第 1141/1422 笔交易: 永吉股份...
2026-05-01 16:47:44.082 | INFO     | Backtest   | [回测 4/5] 模拟第 1151/1422 笔交易: 横店影视...
2026-05-01 16:47:44.438 | INFO     | Backtest   | [回测 4/5] 模拟第 1161/1422 笔交易: 邦基科技...
2026-05-01 16:47:44.694 | INFO     | Backtest   | [回测 4/5] 模拟第 1171/1422 笔交易: 网达软件...
2026-05-01 16:47:44.948 | INFO     | Backtest   | [回测 4/5] 模拟第 1181/1422 笔交易: 新凤鸣...
2026-05-01 16:47:45.241 | INFO     | Backtest   | [回测 4/5] 模拟第 1191/1422 笔交易: 诚邦股份...
2026-05-01 16:47:45.548 | INFO     | Backtest   | [回测 4/5] 模拟第 1201/1422 笔交易: 建霖家居...
2026-05-01 16:47:45.874 | INFO     | Backtest   | [回测 4/5] 模拟第 1211/1422 笔交易: 司太立...
2026-05-01 16:47:46.250 | INFO     | Backtest   | [回测 4/5] 模拟第 1221/1422 笔交易: 京华激光...
2026-05-01 16:47:46.555 | INFO     | Backtest   | [回测 4/5] 模拟第 1231/1422 笔交易: 灵康药业...
2026-05-01 16:47:46.842 | INFO     | Backtest   | [回测 4/5] 模拟第 1241/1422 笔交易: 博迈科...
2026-05-01 16:47:47.118 | INFO     | Backtest   | [回测 4/5] 模拟第 1251/1422 笔交易: 福斯特...
2026-05-01 16:47:47.443 | INFO     | Backtest   | [回测 4/5] 模拟第 1261/1422 笔交易: 坤彩科技...
2026-05-01 16:47:47.771 | INFO     | Backtest   | [回测 4/5] 模拟第 1271/1422 笔交易: 春秋电子...
2026-05-01 16:47:48.028 | INFO     | Backtest   | [回测 4/5] 模拟第 1281/1422 笔交易: 铁流股份...
2026-05-01 16:47:48.386 | INFO     | Backtest   | [回测 4/5] 模拟第 1291/1422 笔交易: 吉华集团...
2026-05-01 16:47:48.678 | INFO     | Backtest   | [回测 4/5] 模拟第 1301/1422 笔交易: 山东玻纤...
2026-05-01 16:47:48.923 | INFO     | Backtest   | [回测 4/5] 模拟第 1311/1422 笔交易: 确成股份...
2026-05-01 16:47:49.229 | INFO     | Backtest   | [回测 4/5] 模拟第 1321/1422 笔交易: 园林股份...
2026-05-01 16:47:49.456 | INFO     | Backtest   | [回测 4/5] 模拟第 1331/1422 笔交易: 光峰科技...
2026-05-01 16:47:49.725 | INFO     | Backtest   | [回测 4/5] 模拟第 1341/1422 笔交易: 申联生物...
2026-05-01 16:47:49.947 | INFO     | Backtest   | [回测 4/5] 模拟第 1351/1422 笔交易: 久日新材...
2026-05-01 16:47:50.176 | INFO     | Backtest   | [回测 4/5] 模拟第 1361/1422 笔交易: 新锐股份...
2026-05-01 16:47:50.414 | INFO     | Backtest   | [回测 4/5] 模拟第 1371/1422 笔交易: 深科达...
2026-05-01 16:47:50.674 | INFO     | Backtest   | [回测 4/5] 模拟第 1381/1422 笔交易: 山外山...
2026-05-01 16:47:50.951 | INFO     | Backtest   | [回测 4/5] 模拟第 1391/1422 笔交易: 天微电子...
2026-05-01 16:47:51.180 | INFO     | Backtest   | [回测 4/5] 模拟第 1401/1422 笔交易: 江航装备...
2026-05-01 16:47:51.545 | INFO     | Backtest   | [回测 4/5] 模拟第 1411/1422 笔交易: 悦康药业...
2026-05-01 16:47:51.802 | INFO     | Backtest   | [回测 4/5] 模拟第 1421/1422 笔交易: 同益中...
2026-05-01 16:47:51.850 | INFO     | Backtest   | [回测 5/5] 回测任务完成: 1415笔(含0笔平手离场)
2026-05-01 16:49:37.477 | ERROR    | System     | TA-Lib is not installed. Technical indicators will be disabled. Please check Dockerfile or install TA-Lib manually.
2026-05-01 16:49:37.516 | INFO     | DuckDB     | DuckDB | 所有核心表结构初始化完成 (含热点板块)
2026-05-01 16:49:37.516 | INFO     | DuckDB     | DuckDB 核心就绪: E:\1target\p9_project\quant-platform\data\meta\meta.db
2026-05-01 16:49:37.519 | INFO     | Backtest   | [回测 1/5] 筛选回测目标股票...
2026-05-01 16:49:37.529 | INFO     | DuckDB     | get_stocks_filtered | 过滤结果: 1799 只 (index=['HS300', 'ZZ500', 'ZZA500', 'ZZ1000'], mv=[None,None]亿)
2026-05-01 16:49:37.533 | INFO     | Backtest   | [回测 2/5] 加载 1799 只股票的历史数据进行快速扫描...
2026-05-01 16:49:42.571 | INFO     | Backtest   | [回测 3/5] 计算策略信号 (基于日线信号库)...
2026-05-01 16:49:42.576 | INFO     | Screener   | 🧬 [Loader] 识别到类继承策略: MA5AngleOriginalStrategy
2026-05-01 16:49:44.822 | INFO     | Backtest   | [回测 4/5] 处理 550 条信号，执行精细分钟线仿真...
2026-05-01 16:49:44.823 | INFO     | Backtest   | [回测 4/5] 模拟第 1/550 笔交易: 深科技...
2026-05-01 16:49:45.106 | INFO     | Backtest   | [回测 4/5] 模拟第 11/550 笔交易: 北方国际...
2026-05-01 16:49:45.415 | INFO     | Backtest   | [回测 4/5] 模拟第 21/550 笔交易: 甘肃能化...
2026-05-01 16:49:45.676 | INFO     | Backtest   | [回测 4/5] 模拟第 31/550 笔交易: 铜陵有色...
2026-05-01 16:49:45.866 | INFO     | Backtest   | [回测 4/5] 模拟第 41/550 笔交易: 锦龙股份...
2026-05-01 16:49:46.236 | INFO     | Backtest   | [回测 4/5] 模拟第 51/550 笔交易: 甘肃能源...
2026-05-01 16:49:46.502 | INFO     | Backtest   | [回测 4/5] 模拟第 61/550 笔交易: 航天科技...
2026-05-01 16:49:46.746 | INFO     | Backtest   | [回测 4/5] 模拟第 71/550 笔交易: 安泰科技...
2026-05-01 16:49:47.032 | INFO     | Backtest   | [回测 4/5] 模拟第 81/550 笔交易: 分众传媒...
2026-05-01 16:49:47.382 | INFO     | Backtest   | [回测 4/5] 模拟第 91/550 笔交易: 恒宝股份...
2026-05-01 16:49:47.643 | INFO     | Backtest   | [回测 4/5] 模拟第 101/550 笔交易: 汉钟精机...
2026-05-01 16:49:47.879 | INFO     | Backtest   | [回测 4/5] 模拟第 111/550 笔交易: 蔚蓝锂芯...
2026-05-01 16:49:48.132 | INFO     | Backtest   | [回测 4/5] 模拟第 121/550 笔交易: 圣农发展...
2026-05-01 16:49:48.395 | INFO     | Backtest   | [回测 4/5] 模拟第 131/550 笔交易: 千方科技...
2026-05-01 16:49:48.635 | INFO     | Backtest   | [回测 4/5] 模拟第 141/550 笔交易: 珠江啤酒...
2026-05-01 16:49:48.932 | INFO     | Backtest   | [回测 4/5] 模拟第 151/550 笔交易: 恺英网络...
2026-05-01 16:49:49.234 | INFO     | Backtest   | [回测 4/5] 模拟第 161/550 笔交易: 东方铁塔...
2026-05-01 16:49:49.569 | INFO     | Backtest   | [回测 4/5] 模拟第 171/550 笔交易: 金达威...
2026-05-01 16:49:49.889 | INFO     | Backtest   | [回测 4/5] 模拟第 181/550 笔交易: 国信证券...
2026-05-01 16:49:50.120 | INFO     | Backtest   | [回测 4/5] 模拟第 191/550 笔交易: 青岛银行...
2026-05-01 16:49:50.379 | INFO     | Backtest   | [回测 4/5] 模拟第 201/550 笔交易: 网宿科技...
2026-05-01 16:49:50.600 | INFO     | Backtest   | [回测 4/5] 模拟第 211/550 笔交易: 乾照光电...
2026-05-01 16:49:50.830 | INFO     | Backtest   | [回测 4/5] 模拟第 221/550 笔交易: 力源信息...
2026-05-01 16:49:51.123 | INFO     | Backtest   | [回测 4/5] 模拟第 231/550 笔交易: 光环新网...
2026-05-01 16:49:51.354 | INFO     | Backtest   | [回测 4/5] 模拟第 241/550 笔交易: 赛微电子...
2026-05-01 16:49:51.570 | INFO     | Backtest   | [回测 4/5] 模拟第 251/550 笔交易: 宇信科技...
2026-05-01 16:49:51.920 | INFO     | Backtest   | [回测 4/5] 模拟第 261/550 笔交易: 百洋医药...
2026-05-01 16:49:52.196 | INFO     | Backtest   | [回测 4/5] 模拟第 271/550 笔交易: 国际复材...
2026-05-01 16:49:52.554 | INFO     | Backtest   | [回测 4/5] 模拟第 281/550 笔交易: 古越龙山...
2026-05-01 16:49:52.964 | INFO     | Backtest   | [回测 4/5] 模拟第 291/550 笔交易: 浙江东日...
2026-05-01 16:49:53.258 | INFO     | Backtest   | [回测 4/5] 模拟第 301/550 笔交易: 生物股份...
2026-05-01 16:49:53.588 | INFO     | Backtest   | [回测 4/5] 模拟第 311/550 笔交易: 嘉化能源...
2026-05-01 16:49:54.004 | INFO     | Backtest   | [回测 4/5] 模拟第 321/550 笔交易: 西藏珠峰...
2026-05-01 16:49:54.239 | INFO     | Backtest   | [回测 4/5] 模拟第 331/550 笔交易: 通威股份...
2026-05-01 16:49:54.495 | INFO     | Backtest   | [回测 4/5] 模拟第 341/550 笔交易: 鹏欣资源...
2026-05-01 16:49:54.740 | INFO     | Backtest   | [回测 4/5] 模拟第 351/550 笔交易: 中天科技...
2026-05-01 16:49:55.003 | INFO     | Backtest   | [回测 4/5] 模拟第 361/550 笔交易: 精达股份...
2026-05-01 16:49:55.245 | INFO     | Backtest   | [回测 4/5] 模拟第 371/550 笔交易: 华谊集团...
2026-05-01 16:49:55.545 | INFO     | Backtest   | [回测 4/5] 模拟第 381/550 笔交易: 东阳光...
2026-05-01 16:49:55.846 | INFO     | Backtest   | [回测 4/5] 模拟第 391/550 笔交易: 洲际油气...
2026-05-01 16:49:56.084 | INFO     | Backtest   | [回测 4/5] 模拟第 401/550 笔交易: 华新建材...
2026-05-01 16:49:56.321 | INFO     | Backtest   | [回测 4/5] 模拟第 411/550 笔交易: 江苏金租...
2026-05-01 16:49:56.756 | INFO     | Backtest   | [回测 4/5] 模拟第 421/550 笔交易: 中国电影...
2026-05-01 16:49:57.095 | INFO     | Backtest   | [回测 4/5] 模拟第 431/550 笔交易: 南京银行...
2026-05-01 16:49:57.539 | INFO     | Backtest   | [回测 4/5] 模拟第 441/550 笔交易: 宏盛华源...
2026-05-01 16:49:57.834 | INFO     | Backtest   | [回测 4/5] 模拟第 451/550 笔交易: 林洋能源...
2026-05-01 16:49:58.163 | INFO     | Backtest   | [回测 4/5] 模拟第 461/550 笔交易: 国机重装...
2026-05-01 16:49:58.488 | INFO     | Backtest   | [回测 4/5] 模拟第 471/550 笔交易: 齐鲁银行...
2026-05-01 16:49:58.776 | INFO     | Backtest   | [回测 4/5] 模拟第 481/550 笔交易: 亚星锚链...
2026-05-01 16:49:59.066 | INFO     | Backtest   | [回测 4/5] 模拟第 491/550 笔交易: 重庆银行...
2026-05-01 16:49:59.450 | INFO     | Backtest   | [回测 4/5] 模拟第 501/550 笔交易: 景津装备...
2026-05-01 16:49:59.842 | INFO     | Backtest   | [回测 4/5] 模拟第 511/550 笔交易: XD高能环...
2026-05-01 16:50:00.099 | INFO     | Backtest   | [回测 4/5] 模拟第 521/550 笔交易: 鼎胜新材...
2026-05-01 16:50:00.414 | INFO     | Backtest   | [回测 4/5] 模拟第 531/550 笔交易: 菜百股份...
2026-05-01 16:50:00.628 | INFO     | Backtest   | [回测 4/5] 模拟第 541/550 笔交易: 广钢气体...
2026-05-01 16:50:00.846 | INFO     | Backtest   | [回测 5/5] 回测任务完成: 544笔(含0笔平手离场)
2026-05-01 16:50:00.905 | INFO     | Backtest   | [回测 1/5] 筛选回测目标股票...
2026-05-01 16:50:00.930 | INFO     | Backtest   | [回测 2/5] 加载 5010 只股票的历史数据进行快速扫描...
2026-05-01 16:50:14.517 | INFO     | Backtest   | [回测 3/5] 计算策略信号 (基于日线信号库)...
2026-05-01 16:50:14.523 | INFO     | Screener   | 🧬 [Loader] 识别到类继承策略: MA5AngleOriginalStrategy
2026-05-01 16:50:20.865 | INFO     | Backtest   | [回测 4/5] 处理 1931 条信号，执行精细分钟线仿真...
2026-05-01 16:50:20.869 | INFO     | Backtest   | [回测 4/5] 模拟第 1/1931 笔交易: 全新好...
2026-05-01 16:50:21.243 | INFO     | Backtest   | [回测 4/5] 模拟第 11/1931 笔交易: 飞亚达...
2026-05-01 16:50:21.542 | INFO     | Backtest   | [回测 4/5] 模拟第 21/1931 笔交易: 京基智农...
2026-05-01 16:50:21.818 | INFO     | Backtest   | [回测 4/5] 模拟第 31/1931 笔交易: 丰原药业...
2026-05-01 16:50:22.179 | INFO     | Backtest   | [回测 4/5] 模拟第 41/1931 笔交易: 招金黄金...
2026-05-01 16:50:22.546 | INFO     | Backtest   | [回测 4/5] 模拟第 51/1931 笔交易: 粤电力Ａ...
2026-05-01 16:50:22.877 | INFO     | Backtest   | [回测 4/5] 模拟第 61/1931 笔交易: 海南海药...
2026-05-01 16:50:23.140 | INFO     | Backtest   | [回测 4/5] 模拟第 71/1931 笔交易: 德龙汇能...
2026-05-01 16:50:23.380 | INFO     | Backtest   | [回测 4/5] 模拟第 81/1931 笔交易: 合金投资...
2026-05-01 16:50:23.680 | INFO     | Backtest   | [回测 4/5] 模拟第 91/1931 笔交易: 恒天海龙...
2026-05-01 16:50:23.938 | INFO     | Backtest   | [回测 4/5] 模拟第 101/1931 笔交易: 恒逸石化...
2026-05-01 16:50:24.271 | INFO     | Backtest   | [回测 4/5] 模拟第 111/1931 笔交易: 浩物股份...
2026-05-01 16:50:24.705 | INFO     | Backtest   | [回测 4/5] 模拟第 121/1931 笔交易: 凯撒旅业...
2026-05-01 16:50:24.953 | INFO     | Backtest   | [回测 4/5] 模拟第 131/1931 笔交易: 智慧农业...
2026-05-01 16:50:25.311 | INFO     | Backtest   | [回测 4/5] 模拟第 141/1931 笔交易: 海南高速...
2026-05-01 16:50:25.627 | INFO     | Backtest   | [回测 4/5] 模拟第 151/1931 笔交易: 福星股份...
2026-05-01 16:50:25.908 | INFO     | Backtest   | [回测 4/5] 模拟第 161/1931 笔交易: 广济药业...
2026-05-01 16:50:26.148 | INFO     | Backtest   | [回测 4/5] 模拟第 171/1931 笔交易: 佛塑科技...
2026-05-01 16:50:26.445 | INFO     | Backtest   | [回测 4/5] 模拟第 181/1931 笔交易: 华瓷股份...
2026-05-01 16:50:26.756 | INFO     | Backtest   | [回测 4/5] 模拟第 191/1931 笔交易: 长江材料...
2026-05-01 16:50:26.999 | INFO     | Backtest   | [回测 4/5] 模拟第 201/1931 笔交易: 东信和平...
2026-05-01 16:50:27.408 | INFO     | Backtest   | [回测 4/5] 模拟第 211/1931 笔交易: 巨轮智能...
2026-05-01 16:50:27.806 | INFO     | Backtest   | [回测 4/5] 模拟第 221/1931 笔交易: 东华软件...
2026-05-01 16:50:28.111 | INFO     | Backtest   | [回测 4/5] 模拟第 231/1931 笔交易: 能特科技...
2026-05-01 16:50:28.408 | INFO     | Backtest   | [回测 4/5] 模拟第 241/1931 笔交易: 罗平锌电...
2026-05-01 16:50:28.664 | INFO     | Backtest   | [回测 4/5] 模拟第 251/1931 笔交易: 东南网架...
2026-05-01 16:50:28.901 | INFO     | Backtest   | [回测 4/5] 模拟第 261/1931 笔交易: 悦心健康...
2026-05-01 16:50:29.207 | INFO     | Backtest   | [回测 4/5] 模拟第 271/1931 笔交易: 创新医疗...
2026-05-01 16:50:29.486 | INFO     | Backtest   | [回测 4/5] 模拟第 281/1931 笔交易: 岩山科技...
2026-05-01 16:50:29.818 | INFO     | Backtest   | [回测 4/5] 模拟第 291/1931 笔交易: 海利得...
2026-05-01 16:50:30.117 | INFO     | Backtest   | [回测 4/5] 模拟第 301/1931 笔交易: 鸿博股份...
2026-05-01 16:50:30.372 | INFO     | Backtest   | [回测 4/5] 模拟第 311/1931 笔交易: 泰和新材...
2026-05-01 16:50:30.645 | INFO     | Backtest   | [回测 4/5] 模拟第 321/1931 笔交易: 大东南...
2026-05-01 16:50:30.941 | INFO     | Backtest   | [回测 4/5] 模拟第 331/1931 笔交易: 神开股份...
2026-05-01 16:50:31.193 | INFO     | Backtest   | [回测 4/5] 模拟第 341/1931 笔交易: 辉煌科技...
2026-05-01 16:50:31.470 | INFO     | Backtest   | [回测 4/5] 模拟第 351/1931 笔交易: 南山控股...
2026-05-01 16:50:31.767 | INFO     | Backtest   | [回测 4/5] 模拟第 361/1931 笔交易: 巨力索具...
2026-05-01 16:50:32.119 | INFO     | Backtest   | [回测 4/5] 模拟第 371/1931 笔交易: 中恒电气...
2026-05-01 16:50:32.403 | INFO     | Backtest   | [回测 4/5] 模拟第 381/1931 笔交易: 合众思壮...
2026-05-01 16:50:32.717 | INFO     | Backtest   | [回测 4/5] 模拟第 391/1931 笔交易: 梦洁股份...
2026-05-01 16:50:32.907 | INFO     | Backtest   | [回测 4/5] 模拟第 401/1931 笔交易: 雷科防务...
2026-05-01 16:50:33.154 | INFO     | Backtest   | [回测 4/5] 模拟第 411/1931 笔交易: 江苏神通...
2026-05-01 16:50:33.355 | INFO     | Backtest   | [回测 4/5] 模拟第 421/1931 笔交易: 珠江啤酒...
2026-05-01 16:50:33.672 | INFO     | Backtest   | [回测 4/5] 模拟第 431/1931 笔交易: 常宝股份...
2026-05-01 16:50:33.907 | INFO     | Backtest   | [回测 4/5] 模拟第 441/1931 笔交易: 通鼎互联...
2026-05-01 16:50:34.277 | INFO     | Backtest   | [回测 4/5] 模拟第 451/1931 笔交易: 恺英网络...
2026-05-01 16:50:34.560 | INFO     | Backtest   | [回测 4/5] 模拟第 461/1931 笔交易: 飞龙股份...
2026-05-01 16:50:34.847 | INFO     | Backtest   | [回测 4/5] 模拟第 471/1931 笔交易: 宝鼎科技...
2026-05-01 16:50:35.147 | INFO     | Backtest   | [回测 4/5] 模拟第 481/1931 笔交易: 顺灏股份...
2026-05-01 16:50:35.431 | INFO     | Backtest   | [回测 4/5] 模拟第 491/1931 笔交易: 圣阳股份...
2026-05-01 16:50:35.809 | INFO     | Backtest   | [回测 4/5] 模拟第 501/1931 笔交易: 世纪华通...
2026-05-01 16:50:36.156 | INFO     | Backtest   | [回测 4/5] 模拟第 511/1931 笔交易: 金达威...
2026-05-01 16:50:36.401 | INFO     | Backtest   | [回测 4/5] 模拟第 521/1931 笔交易: 赞宇科技...
2026-05-01 16:50:36.589 | INFO     | Backtest   | [回测 4/5] 模拟第 531/1931 笔交易: 扬子新材...
2026-05-01 16:50:36.878 | INFO     | Backtest   | [回测 4/5] 模拟第 541/1931 笔交易: 浙江美大...
2026-05-01 16:50:37.155 | INFO     | Backtest   | [回测 4/5] 模拟第 551/1931 笔交易: 浙江世宝...
2026-05-01 16:50:37.506 | INFO     | Backtest   | [回测 4/5] 模拟第 561/1931 笔交易: 友邦吊顶...
2026-05-01 16:50:37.872 | INFO     | Backtest   | [回测 4/5] 模拟第 571/1931 笔交易: 光华科技...
2026-05-01 16:50:38.108 | INFO     | Backtest   | [回测 4/5] 模拟第 581/1931 笔交易: 众兴菌业...
2026-05-01 16:50:38.336 | INFO     | Backtest   | [回测 4/5] 模拟第 591/1931 笔交易: 帝欧水华...
2026-05-01 16:50:38.605 | INFO     | Backtest   | [回测 4/5] 模拟第 601/1931 笔交易: 易明医药...
2026-05-01 16:50:38.875 | INFO     | Backtest   | [回测 4/5] 模拟第 611/1931 笔交易: 威星智能...
2026-05-01 16:50:39.168 | INFO     | Backtest   | [回测 4/5] 模拟第 621/1931 笔交易: 传艺科技...
2026-05-01 16:50:39.460 | INFO     | Backtest   | [回测 4/5] 模拟第 631/1931 笔交易: 哈三联...
2026-05-01 16:50:39.750 | INFO     | Backtest   | [回测 4/5] 模拟第 641/1931 笔交易: 新疆交建...
2026-05-01 16:50:40.019 | INFO     | Backtest   | [回测 4/5] 模拟第 651/1931 笔交易: 嘉美包装...
2026-05-01 16:50:40.327 | INFO     | Backtest   | [回测 4/5] 模拟第 661/1931 笔交易: 联泓新科...
2026-05-01 16:50:40.542 | INFO     | Backtest   | [回测 4/5] 模拟第 671/1931 笔交易: 探路者...
2026-05-01 16:50:40.793 | INFO     | Backtest   | [回测 4/5] 模拟第 681/1931 笔交易: 中元股份...
2026-05-01 16:50:41.117 | INFO     | Backtest   | [回测 4/5] 模拟第 691/1931 笔交易: 九洲集团...
2026-05-01 16:50:41.356 | INFO     | Backtest   | [回测 4/5] 模拟第 701/1931 笔交易: 天龙集团...
2026-05-01 16:50:41.652 | INFO     | Backtest   | [回测 4/5] 模拟第 711/1931 笔交易: 康芝药业...
2026-05-01 16:50:41.887 | INFO     | Backtest   | [回测 4/5] 模拟第 721/1931 笔交易: 泰胜风能...
2026-05-01 16:50:42.088 | INFO     | Backtest   | [回测 4/5] 模拟第 731/1931 笔交易: 南方泵业...
2026-05-01 16:50:42.399 | INFO     | Backtest   | [回测 4/5] 模拟第 741/1931 笔交易: 先锋新材...
2026-05-01 16:50:42.605 | INFO     | Backtest   | [回测 4/5] 模拟第 751/1931 笔交易: 神农种业...
2026-05-01 16:50:42.854 | INFO     | Backtest   | [回测 4/5] 模拟第 761/1931 笔交易: 海伦哲...
2026-05-01 16:50:43.051 | INFO     | Backtest   | [回测 4/5] 模拟第 771/1931 笔交易: 银禧科技...
2026-05-01 16:50:43.321 | INFO     | Backtest   | [回测 4/5] 模拟第 781/1931 笔交易: 佳云科技...
2026-05-01 16:50:43.537 | INFO     | Backtest   | [回测 4/5] 模拟第 791/1931 笔交易: 隆华科技...
2026-05-01 16:50:43.759 | INFO     | Backtest   | [回测 4/5] 模拟第 801/1931 笔交易: 汽轮科技...
2026-05-01 16:50:43.953 | INFO     | Backtest   | [回测 4/5] 模拟第 811/1931 笔交易: 海峡创新...
2026-05-01 16:50:44.134 | INFO     | Backtest   | [回测 4/5] 模拟第 821/1931 笔交易: 海伦钢琴...
2026-05-01 16:50:44.351 | INFO     | Backtest   | [回测 4/5] 模拟第 831/1931 笔交易: 华鹏飞...
2026-05-01 16:50:44.596 | INFO     | Backtest   | [回测 4/5] 模拟第 841/1931 笔交易: 光环新网...
2026-05-01 16:50:44.830 | INFO     | Backtest   | [回测 4/5] 模拟第 851/1931 笔交易: 道氏技术...
2026-05-01 16:50:45.029 | INFO     | Backtest   | [回测 4/5] 模拟第 861/1931 笔交易: 金石亚药...
2026-05-01 16:50:45.260 | INFO     | Backtest   | [回测 4/5] 模拟第 871/1931 笔交易: 浩云科技...
2026-05-01 16:50:45.492 | INFO     | Backtest   | [回测 4/5] 模拟第 881/1931 笔交易: 厚普股份...
2026-05-01 16:50:45.670 | INFO     | Backtest   | [回测 4/5] 模拟第 891/1931 笔交易: 华自科技...
2026-05-01 16:50:45.862 | INFO     | Backtest   | [回测 4/5] 模拟第 901/1931 笔交易: 川金诺...
2026-05-01 16:50:46.262 | INFO     | Backtest   | [回测 4/5] 模拟第 911/1931 笔交易: 新迅达...
2026-05-01 16:50:46.530 | INFO     | Backtest   | [回测 4/5] 模拟第 921/1931 笔交易: 筑博设计...
2026-05-01 16:50:46.780 | INFO     | Backtest   | [回测 4/5] 模拟第 931/1931 笔交易: 美联新材...
2026-05-01 16:50:47.022 | INFO     | Backtest   | [回测 4/5] 模拟第 941/1931 笔交易: 国瑞科技...
2026-05-01 16:50:47.339 | INFO     | Backtest   | [回测 4/5] 模拟第 951/1931 笔交易: 光莆股份...
2026-05-01 16:50:47.545 | INFO     | Backtest   | [回测 4/5] 模拟第 961/1931 笔交易: 杭州园林...
2026-05-01 16:50:47.772 | INFO     | Backtest   | [回测 4/5] 模拟第 971/1931 笔交易: 沪宁股份...
2026-05-01 16:50:48.001 | INFO     | Backtest   | [回测 4/5] 模拟第 981/1931 笔交易: 天宇股份...
2026-05-01 16:50:48.347 | INFO     | Backtest   | [回测 4/5] 模拟第 991/1931 笔交易: 奥飞数据...
2026-05-01 16:50:48.554 | INFO     | Backtest   | [回测 4/5] 模拟第 1001/1931 笔交易: 锐科激光...
2026-05-01 16:50:48.842 | INFO     | Backtest   | [回测 4/5] 模拟第 1011/1931 笔交易: 钢研纳克...
2026-05-01 16:50:49.135 | INFO     | Backtest   | [回测 4/5] 模拟第 1021/1931 笔交易: 金现代...
2026-05-01 16:50:49.396 | INFO     | Backtest   | [回测 4/5] 模拟第 1031/1931 笔交易: 中兰环保...
2026-05-01 16:50:49.696 | INFO     | Backtest   | [回测 4/5] 模拟第 1041/1931 笔交易: 狄耐克...
2026-05-01 16:50:49.977 | INFO     | Backtest   | [回测 4/5] 模拟第 1051/1931 笔交易: 华骐环保...
2026-05-01 16:50:50.282 | INFO     | Backtest   | [回测 4/5] 模拟第 1061/1931 笔交易: 深水海纳...
2026-05-01 16:50:50.545 | INFO     | Backtest   | [回测 4/5] 模拟第 1071/1931 笔交易: 崧盛股份...
2026-05-01 16:50:50.846 | INFO     | Backtest   | [回测 4/5] 模拟第 1081/1931 笔交易: 华蓝集团...
2026-05-01 16:50:51.161 | INFO     | Backtest   | [回测 4/5] 模拟第 1091/1931 笔交易: 久盛电气...
2026-05-01 16:50:51.413 | INFO     | Backtest   | [回测 4/5] 模拟第 1101/1931 笔交易: 万祥科技...
2026-05-01 16:50:51.712 | INFO     | Backtest   | [回测 4/5] 模拟第 1111/1931 笔交易: 华是科技...
2026-05-01 16:50:51.933 | INFO     | Backtest   | [回测 4/5] 模拟第 1121/1931 笔交易: 昆船智能...
2026-05-01 16:50:52.229 | INFO     | Backtest   | [回测 4/5] 模拟第 1131/1931 笔交易: 盟固利...
2026-05-01 16:50:52.463 | INFO     | Backtest   | [回测 4/5] 模拟第 1141/1931 笔交易: 浙江新能...
2026-05-01 16:50:52.743 | INFO     | Backtest   | [回测 4/5] 模拟第 1151/1931 笔交易: 冠城新材...
2026-05-01 16:50:53.074 | INFO     | Backtest   | [回测 4/5] 模拟第 1161/1931 笔交易: 广州发展...
2026-05-01 16:50:53.458 | INFO     | Backtest   | [回测 4/5] 模拟第 1171/1931 笔交易: 郑州煤电...
2026-05-01 16:50:53.722 | INFO     | Backtest   | [回测 4/5] 模拟第 1181/1931 笔交易: 中闽能源...
2026-05-01 16:50:54.036 | INFO     | Backtest   | [回测 4/5] 模拟第 1191/1931 笔交易: 大唐电信...
2026-05-01 16:50:54.294 | INFO     | Backtest   | [回测 4/5] 模拟第 1201/1931 笔交易: 亨通股份...
2026-05-01 16:50:54.545 | INFO     | Backtest   | [回测 4/5] 模拟第 1211/1931 笔交易: 鑫科材料...
2026-05-01 16:50:54.804 | INFO     | Backtest   | [回测 4/5] 模拟第 1221/1931 笔交易: 大恒科技...
2026-05-01 16:50:55.111 | INFO     | Backtest   | [回测 4/5] 模拟第 1231/1931 笔交易: 恒顺醋业...
2026-05-01 16:50:55.587 | INFO     | Backtest   | [回测 4/5] 模拟第 1241/1931 笔交易: 天通股份...
2026-05-01 16:50:55.820 | INFO     | Backtest   | [回测 4/5] 模拟第 1251/1931 笔交易: 国旅联合...
2026-05-01 16:50:56.085 | INFO     | Backtest   | [回测 4/5] 模拟第 1261/1931 笔交易: 大有能源...
2026-05-01 16:50:56.362 | INFO     | Backtest   | [回测 4/5] 模拟第 1271/1931 笔交易: 博通股份...
2026-05-01 16:50:56.627 | INFO     | Backtest   | [回测 4/5] 模拟第 1281/1931 笔交易: 双良节能...
2026-05-01 16:50:56.937 | INFO     | Backtest   | [回测 4/5] 模拟第 1291/1931 笔交易: 科达制造...
2026-05-01 16:50:57.180 | INFO     | Backtest   | [回测 4/5] 模拟第 1301/1931 笔交易: 中天科技...
2026-05-01 16:50:57.391 | INFO     | Backtest   | [回测 4/5] 模拟第 1311/1931 笔交易: 保变电气...
2026-05-01 16:50:57.637 | INFO     | Backtest   | [回测 4/5] 模拟第 1321/1931 笔交易: 大位科技...
2026-05-01 16:50:57.833 | INFO     | Backtest   | [回测 4/5] 模拟第 1331/1931 笔交易: 海立股份...
2026-05-01 16:50:58.161 | INFO     | Backtest   | [回测 4/5] 模拟第 1341/1931 笔交易: 电子城...
2026-05-01 16:50:58.453 | INFO     | Backtest   | [回测 4/5] 模拟第 1351/1931 笔交易: 百川能源...
2026-05-01 16:50:58.780 | INFO     | Backtest   | [回测 4/5] 模拟第 1361/1931 笔交易: 大连热电...
2026-05-01 16:50:58.985 | INFO     | Backtest   | [回测 4/5] 模拟第 1371/1931 笔交易: 海航科技...
2026-05-01 16:50:59.241 | INFO     | Backtest   | [回测 4/5] 模拟第 1381/1931 笔交易: 东方通信...
2026-05-01 16:50:59.493 | INFO     | Backtest   | [回测 4/5] 模拟第 1391/1931 笔交易: 华新建材...
2026-05-01 16:50:59.783 | INFO     | Backtest   | [回测 4/5] 模拟第 1401/1931 笔交易: 兰生股份...
2026-05-01 16:51:00.142 | INFO     | Backtest   | [回测 4/5] 模拟第 1411/1931 笔交易: 宁波中百...
2026-05-01 16:51:00.342 | INFO     | Backtest   | [回测 4/5] 模拟第 1421/1931 笔交易: 博瑞传播...
2026-05-01 16:51:00.757 | INFO     | Backtest   | [回测 4/5] 模拟第 1431/1931 笔交易: 国投中鲁...
2026-05-01 16:51:01.060 | INFO     | Backtest   | [回测 4/5] 模拟第 1441/1931 笔交易: 建设机械...
2026-05-01 16:51:01.398 | INFO     | Backtest   | [回测 4/5] 模拟第 1451/1931 笔交易: 大秦铁路...
2026-05-01 16:51:01.744 | INFO     | Backtest   | [回测 4/5] 模拟第 1461/1931 笔交易: 福元医药...
2026-05-01 16:51:02.000 | INFO     | Backtest   | [回测 4/5] 模拟第 1471/1931 笔交易: 北京银行...
2026-05-01 16:51:02.267 | INFO     | Backtest   | [回测 4/5] 模拟第 1481/1931 笔交易: 桐昆股份...
2026-05-01 16:51:02.550 | INFO     | Backtest   | [回测 4/5] 模拟第 1491/1931 笔交易: 怡球资源...
2026-05-01 16:51:02.883 | INFO     | Backtest   | [回测 4/5] 模拟第 1501/1931 笔交易: 金田股份...
2026-05-01 16:51:03.239 | INFO     | Backtest   | [回测 4/5] 模拟第 1511/1931 笔交易: 晶科科技...
2026-05-01 16:51:03.503 | INFO     | Backtest   | [回测 4/5] 模拟第 1521/1931 笔交易: 亚星锚链...
2026-05-01 16:51:03.802 | INFO     | Backtest   | [回测 4/5] 模拟第 1531/1931 笔交易: 东贝集团...
2026-05-01 16:51:04.026 | INFO     | Backtest   | [回测 4/5] 模拟第 1541/1931 笔交易: 中衡设计...
2026-05-01 16:51:04.238 | INFO     | Backtest   | [回测 4/5] 模拟第 1551/1931 笔交易: 宿迁联盛...
2026-05-01 16:51:04.508 | INFO     | Backtest   | [回测 4/5] 模拟第 1561/1931 笔交易: 汇嘉时代...
2026-05-01 16:51:04.858 | INFO     | Backtest   | [回测 4/5] 模拟第 1571/1931 笔交易: 华培动力...
2026-05-01 16:51:05.125 | INFO     | Backtest   | [回测 4/5] 模拟第 1581/1931 笔交易: 上海亚虹...
2026-05-01 16:51:05.405 | INFO     | Backtest   | [回测 4/5] 模拟第 1591/1931 笔交易: 望变电气...
2026-05-01 16:51:05.693 | INFO     | Backtest   | [回测 4/5] 模拟第 1601/1931 笔交易: 新凤鸣...
2026-05-01 16:51:05.963 | INFO     | Backtest   | [回测 4/5] 模拟第 1611/1931 笔交易: 联翔股份...
2026-05-01 16:51:06.204 | INFO     | Backtest   | [回测 4/5] 模拟第 1621/1931 笔交易: 我乐家居...
2026-05-01 16:51:06.451 | INFO     | Backtest   | [回测 4/5] 模拟第 1631/1931 笔交易: 永杉锂业...
2026-05-01 16:51:06.725 | INFO     | Backtest   | [回测 4/5] 模拟第 1641/1931 笔交易: 翔港科技...
2026-05-01 16:51:07.037 | INFO     | Backtest   | [回测 4/5] 模拟第 1651/1931 笔交易: 伟明环保...
2026-05-01 16:51:07.432 | INFO     | Backtest   | [回测 4/5] 模拟第 1661/1931 笔交易: 麒盛科技...
2026-05-01 16:51:07.713 | INFO     | Backtest   | [回测 4/5] 模拟第 1671/1931 笔交易: 灵康药业...
2026-05-01 16:51:07.956 | INFO     | Backtest   | [回测 4/5] 模拟第 1681/1931 笔交易: 大胜达...
2026-05-01 16:51:08.243 | INFO     | Backtest   | [回测 4/5] 模拟第 1691/1931 笔交易: 泰晶科技...
2026-05-01 16:51:08.531 | INFO     | Backtest   | [回测 4/5] 模拟第 1701/1931 笔交易: 康普顿...
2026-05-01 16:51:08.824 | INFO     | Backtest   | [回测 4/5] 模拟第 1711/1931 笔交易: 诚意药业...
2026-05-01 16:51:09.076 | INFO     | Backtest   | [回测 4/5] 模拟第 1721/1931 笔交易: 白云电器...
2026-05-01 16:51:09.421 | INFO     | Backtest   | [回测 4/5] 模拟第 1731/1931 笔交易: 春秋电子...
2026-05-01 16:51:09.663 | INFO     | Backtest   | [回测 4/5] 模拟第 1741/1931 笔交易: 建发合诚...
2026-05-01 16:51:09.926 | INFO     | Backtest   | [回测 4/5] 模拟第 1751/1931 笔交易: 博敏电子...
2026-05-01 16:51:10.281 | INFO     | Backtest   | [回测 4/5] 模拟第 1761/1931 笔交易: 吉华集团...
2026-05-01 16:51:10.547 | INFO     | Backtest   | [回测 4/5] 模拟第 1771/1931 笔交易: 山东玻纤...
2026-05-01 16:51:10.786 | INFO     | Backtest   | [回测 4/5] 模拟第 1781/1931 笔交易: 共创草坪...
2026-05-01 16:51:11.041 | INFO     | Backtest   | [回测 4/5] 模拟第 1791/1931 笔交易: 富春染织...
2026-05-01 16:51:11.346 | INFO     | Backtest   | [回测 4/5] 模拟第 1801/1931 笔交易: 德才股份...
2026-05-01 16:51:11.606 | INFO     | Backtest   | [回测 4/5] 模拟第 1811/1931 笔交易: 宏柏新材...
2026-05-01 16:51:11.840 | INFO     | Backtest   | [回测 4/5] 模拟第 1821/1931 笔交易: 药康生物...
2026-05-01 16:51:12.055 | INFO     | Backtest   | [回测 4/5] 模拟第 1831/1931 笔交易: 斯瑞新材...
2026-05-01 16:51:12.300 | INFO     | Backtest   | [回测 4/5] 模拟第 1841/1931 笔交易: 阿拉丁...
2026-05-01 16:51:12.533 | INFO     | Backtest   | [回测 4/5] 模拟第 1851/1931 笔交易: 前沿生物-U...
2026-05-01 16:51:12.745 | INFO     | Backtest   | [回测 4/5] 模拟第 1861/1931 笔交易: 恒誉环保...
2026-05-01 16:51:13.068 | INFO     | Backtest   | [回测 4/5] 模拟第 1871/1931 笔交易: 菲沃泰...
2026-05-01 16:51:13.327 | INFO     | Backtest   | [回测 4/5] 模拟第 1881/1931 笔交易: 诺诚健华...
2026-05-01 16:51:13.546 | INFO     | Backtest   | [回测 4/5] 模拟第 1891/1931 笔交易: 慧智微-U...
2026-05-01 16:51:13.751 | INFO     | Backtest   | [回测 4/5] 模拟第 1901/1931 笔交易: 力源科技...
2026-05-01 16:51:14.077 | INFO     | Backtest   | [回测 4/5] 模拟第 1911/1931 笔交易: 康众医疗...
2026-05-01 16:51:14.335 | INFO     | Backtest   | [回测 4/5] 模拟第 1921/1931 笔交易: 元琛科技...
2026-05-01 16:51:14.577 | INFO     | Backtest   | [回测 4/5] 模拟第 1931/1931 笔交易: 五矿新能...
2026-05-01 16:51:14.606 | INFO     | Backtest   | [回测 5/5] 回测任务完成: 1905笔(含0笔平手离场)
2026-05-01 16:51:14.931 | INFO     | Backtest   | [回测 1/5] 筛选回测目标股票...
2026-05-01 16:51:14.948 | INFO     | Backtest   | [回测 2/5] 加载 5010 只股票的历史数据进行快速扫描...
2026-05-01 16:51:28.662 | INFO     | Backtest   | [回测 3/5] 计算策略信号 (基于日线信号库)...
2026-05-01 16:51:28.668 | INFO     | Screener   | 🧬 [Loader] 识别到类继承策略: MA5AngleOriginalStrategy
2026-05-01 16:51:35.029 | INFO     | Backtest   | [回测 3/5] 上证红盘过滤: 1931 → 1372 条信号
2026-05-01 16:51:35.030 | INFO     | Backtest   | [回测 4/5] 处理 1372 条信号，执行精细分钟线仿真...
2026-05-01 16:51:35.032 | INFO     | Backtest   | [回测 4/5] 模拟第 1/1372 笔交易: 全新好...
2026-05-01 16:51:35.445 | INFO     | Backtest   | [回测 4/5] 模拟第 11/1372 笔交易: 深南电A...
2026-05-01 16:51:35.695 | INFO     | Backtest   | [回测 4/5] 模拟第 21/1372 笔交易: 海王生物...
2026-05-01 16:51:36.020 | INFO     | Backtest   | [回测 4/5] 模拟第 31/1372 笔交易: 新金路...
2026-05-01 16:51:36.403 | INFO     | Backtest   | [回测 4/5] 模拟第 41/1372 笔交易: 创元科技...
2026-05-01 16:51:36.710 | INFO     | Backtest   | [回测 4/5] 模拟第 51/1372 笔交易: 平潭发展...
2026-05-01 16:51:37.021 | INFO     | Backtest   | [回测 4/5] 模拟第 61/1372 笔交易: 合金投资...
2026-05-01 16:51:37.331 | INFO     | Backtest   | [回测 4/5] 模拟第 71/1372 笔交易: 博源化工...
2026-05-01 16:51:37.576 | INFO     | Backtest   | [回测 4/5] 模拟第 81/1372 笔交易: 新能泰山...
2026-05-01 16:51:38.046 | INFO     | Backtest   | [回测 4/5] 模拟第 91/1372 笔交易: 凯撒旅业...
2026-05-01 16:51:38.331 | INFO     | Backtest   | [回测 4/5] 模拟第 101/1372 笔交易: 国风新材...
2026-05-01 16:51:38.653 | INFO     | Backtest   | [回测 4/5] 模拟第 111/1372 笔交易: 福星股份...
2026-05-01 16:51:38.931 | INFO     | Backtest   | [回测 4/5] 模拟第 121/1372 笔交易: 广济药业...
2026-05-01 16:51:39.268 | INFO     | Backtest   | [回测 4/5] 模拟第 131/1372 笔交易: 大中矿业...
2026-05-01 16:51:39.611 | INFO     | Backtest   | [回测 4/5] 模拟第 141/1372 笔交易: 博纳影业...
2026-05-01 16:51:39.900 | INFO     | Backtest   | [回测 4/5] 模拟第 151/1372 笔交易: 科华生物...
2026-05-01 16:51:40.379 | INFO     | Backtest   | [回测 4/5] 模拟第 161/1372 笔交易: 同洲电子...
2026-05-01 16:51:40.721 | INFO     | Backtest   | [回测 4/5] 模拟第 171/1372 笔交易: 三变科技...
2026-05-01 16:51:40.963 | INFO     | Backtest   | [回测 4/5] 模拟第 181/1372 笔交易: 宏达高科...
2026-05-01 16:51:41.265 | INFO     | Backtest   | [回测 4/5] 模拟第 191/1372 笔交易: 智光电气...
2026-05-01 16:51:41.560 | INFO     | Backtest   | [回测 4/5] 模拟第 201/1372 笔交易: 岩山科技...
2026-05-01 16:51:41.968 | INFO     | Backtest   | [回测 4/5] 模拟第 211/1372 笔交易: 大为股份...
2026-05-01 16:51:42.298 | INFO     | Backtest   | [回测 4/5] 模拟第 221/1372 笔交易: 步步高...
2026-05-01 16:51:42.570 | INFO     | Backtest   | [回测 4/5] 模拟第 231/1372 笔交易: 浙富控股...
2026-05-01 16:51:42.869 | INFO     | Backtest   | [回测 4/5] 模拟第 241/1372 笔交易: 保龄宝...
2026-05-01 16:51:43.164 | INFO     | Backtest   | [回测 4/5] 模拟第 251/1372 笔交易: 海峡股份...
2026-05-01 16:51:43.499 | INFO     | Backtest   | [回测 4/5] 模拟第 261/1372 笔交易: 中恒电气...
2026-05-01 16:51:43.806 | INFO     | Backtest   | [回测 4/5] 模拟第 271/1372 笔交易: 垒知集团...
2026-05-01 16:51:44.033 | INFO     | Backtest   | [回测 4/5] 模拟第 281/1372 笔交易: 胜利精密...
2026-05-01 16:51:44.314 | INFO     | Backtest   | [回测 4/5] 模拟第 291/1372 笔交易: 中原内配...
2026-05-01 16:51:44.539 | INFO     | Backtest   | [回测 4/5] 模拟第 301/1372 笔交易: 嘉麟杰...
2026-05-01 16:51:44.889 | INFO     | Backtest   | [回测 4/5] 模拟第 311/1372 笔交易: 金杯电工...
2026-05-01 16:51:45.188 | INFO     | Backtest   | [回测 4/5] 模拟第 321/1372 笔交易: 金新农...
2026-05-01 16:51:45.495 | INFO     | Backtest   | [回测 4/5] 模拟第 331/1372 笔交易: 顺灏股份...
2026-05-01 16:51:45.783 | INFO     | Backtest   | [回测 4/5] 模拟第 341/1372 笔交易: 双星新材...
2026-05-01 16:51:46.205 | INFO     | Backtest   | [回测 4/5] 模拟第 351/1372 笔交易: 朗姿股份...
2026-05-01 16:51:46.562 | INFO     | Backtest   | [回测 4/5] 模拟第 361/1372 笔交易: 金安国纪...
2026-05-01 16:51:46.773 | INFO     | Backtest   | [回测 4/5] 模拟第 371/1372 笔交易: 利君股份...
2026-05-01 16:51:47.094 | INFO     | Backtest   | [回测 4/5] 模拟第 381/1372 笔交易: 浙江美大...
2026-05-01 16:51:47.442 | INFO     | Backtest   | [回测 4/5] 模拟第 391/1372 笔交易: 登云股份...
2026-05-01 16:51:47.825 | INFO     | Backtest   | [回测 4/5] 模拟第 401/1372 笔交易: 好利科技...
2026-05-01 16:51:48.140 | INFO     | Backtest   | [回测 4/5] 模拟第 411/1372 笔交易: 普路通...
2026-05-01 16:51:48.371 | INFO     | Backtest   | [回测 4/5] 模拟第 421/1372 笔交易: 第一创业...
2026-05-01 16:51:48.662 | INFO     | Backtest   | [回测 4/5] 模拟第 431/1372 笔交易: 翔鹭钨业...
2026-05-01 16:51:49.000 | INFO     | Backtest   | [回测 4/5] 模拟第 441/1372 笔交易: 传艺科技...
2026-05-01 16:51:49.314 | INFO     | Backtest   | [回测 4/5] 模拟第 451/1372 笔交易: 金逸影视...
2026-05-01 16:51:49.595 | INFO     | Backtest   | [回测 4/5] 模拟第 461/1372 笔交易: 金时科技...
2026-05-01 16:51:49.919 | INFO     | Backtest   | [回测 4/5] 模拟第 471/1372 笔交易: 立方制药...
2026-05-01 16:51:50.236 | INFO     | Backtest   | [回测 4/5] 模拟第 481/1372 笔交易: 新宁物流...
2026-05-01 16:51:50.565 | INFO     | Backtest   | [回测 4/5] 模拟第 491/1372 笔交易: 钢研高纳...
2026-05-01 16:51:50.856 | INFO     | Backtest   | [回测 4/5] 模拟第 501/1372 笔交易: 海新能科...
2026-05-01 16:51:51.109 | INFO     | Backtest   | [回测 4/5] 模拟第 511/1372 笔交易: 英唐智控...
2026-05-01 16:51:51.426 | INFO     | Backtest   | [回测 4/5] 模拟第 521/1372 笔交易: 新锦动力...
2026-05-01 16:51:51.680 | INFO     | Backtest   | [回测 4/5] 模拟第 531/1372 笔交易: 潜能恒信...
2026-05-01 16:51:51.962 | INFO     | Backtest   | [回测 4/5] 模拟第 541/1372 笔交易: 行云科技...
2026-05-01 16:51:52.263 | INFO     | Backtest   | [回测 4/5] 模拟第 551/1372 笔交易: 宝莱特...
2026-05-01 16:51:52.540 | INFO     | Backtest   | [回测 4/5] 模拟第 561/1372 笔交易: 联建光电...
2026-05-01 16:51:52.752 | INFO     | Backtest   | [回测 4/5] 模拟第 571/1372 笔交易: 云意电气...
2026-05-01 16:51:53.007 | INFO     | Backtest   | [回测 4/5] 模拟第 581/1372 笔交易: 博腾股份...
2026-05-01 16:51:53.245 | INFO     | Backtest   | [回测 4/5] 模拟第 591/1372 笔交易: 花园生物...
2026-05-01 16:51:53.489 | INFO     | Backtest   | [回测 4/5] 模拟第 601/1372 笔交易: 运达科技...
2026-05-01 16:51:53.739 | INFO     | Backtest   | [回测 4/5] 模拟第 611/1372 笔交易: 赛微电子...
2026-05-01 16:51:53.940 | INFO     | Backtest   | [回测 4/5] 模拟第 621/1372 笔交易: 东杰智能...
2026-05-01 16:51:54.163 | INFO     | Backtest   | [回测 4/5] 模拟第 631/1372 笔交易: 川金诺...
2026-05-01 16:51:54.518 | INFO     | Backtest   | [回测 4/5] 模拟第 641/1372 笔交易: 幸福蓝海...
2026-05-01 16:51:54.796 | INFO     | Backtest   | [回测 4/5] 模拟第 651/1372 笔交易: 晨曦航空...
2026-05-01 16:51:55.035 | INFO     | Backtest   | [回测 4/5] 模拟第 661/1372 笔交易: 恒锋信息...
2026-05-01 16:51:55.329 | INFO     | Backtest   | [回测 4/5] 模拟第 671/1372 笔交易: 超频三...
2026-05-01 16:51:55.588 | INFO     | Backtest   | [回测 4/5] 模拟第 681/1372 笔交易: 大烨智能...
2026-05-01 16:51:55.830 | INFO     | Backtest   | [回测 4/5] 模拟第 691/1372 笔交易: 万隆光电...
2026-05-01 16:51:56.128 | INFO     | Backtest   | [回测 4/5] 模拟第 701/1372 笔交易: 欣锐科技...
2026-05-01 16:51:56.413 | INFO     | Backtest   | [回测 4/5] 模拟第 711/1372 笔交易: 锦鸡股份...
2026-05-01 16:51:56.685 | INFO     | Backtest   | [回测 4/5] 模拟第 721/1372 笔交易: 博汇股份...
2026-05-01 16:51:57.039 | INFO     | Backtest   | [回测 4/5] 模拟第 731/1372 笔交易: 万胜智能...
2026-05-01 16:51:57.403 | INFO     | Backtest   | [回测 4/5] 模拟第 741/1372 笔交易: 研奥股份...
2026-05-01 16:51:57.725 | INFO     | Backtest   | [回测 4/5] 模拟第 751/1372 笔交易: 深水海纳...
2026-05-01 16:51:58.066 | INFO     | Backtest   | [回测 4/5] 模拟第 761/1372 笔交易: 中集车辆...
2026-05-01 16:51:58.380 | INFO     | Backtest   | [回测 4/5] 模拟第 771/1372 笔交易: 武汉天源...
2026-05-01 16:51:58.649 | INFO     | Backtest   | [回测 4/5] 模拟第 781/1372 笔交易: 华是科技...
2026-05-01 16:51:58.895 | INFO     | Backtest   | [回测 4/5] 模拟第 791/1372 笔交易: 美好医疗...
2026-05-01 16:51:59.203 | INFO     | Backtest   | [回测 4/5] 模拟第 801/1372 笔交易: 达利凯普...
2026-05-01 16:51:59.464 | INFO     | Backtest   | [回测 4/5] 模拟第 811/1372 笔交易: 五矿发展...
2026-05-01 16:51:59.785 | INFO     | Backtest   | [回测 4/5] 模拟第 821/1372 笔交易: 大名城...
2026-05-01 16:52:00.053 | INFO     | Backtest   | [回测 4/5] 模拟第 831/1372 笔交易: 浪莎股份...
2026-05-01 16:52:00.422 | INFO     | Backtest   | [回测 4/5] 模拟第 841/1372 笔交易: 光电股份...
2026-05-01 16:52:00.711 | INFO     | Backtest   | [回测 4/5] 模拟第 851/1372 笔交易: 金鹰股份...
2026-05-01 16:52:00.971 | INFO     | Backtest   | [回测 4/5] 模拟第 861/1372 笔交易: 嘉化能源...
2026-05-01 16:52:01.216 | INFO     | Backtest   | [回测 4/5] 模拟第 871/1372 笔交易: 曙光股份...
2026-05-01 16:52:01.596 | INFO     | Backtest   | [回测 4/5] 模拟第 881/1372 笔交易: 浙江龙盛...
2026-05-01 16:52:01.897 | INFO     | Backtest   | [回测 4/5] 模拟第 891/1372 笔交易: 三友化工...
2026-05-01 16:52:02.177 | INFO     | Backtest   | [回测 4/5] 模拟第 901/1372 笔交易: 华光环能...
2026-05-01 16:52:02.521 | INFO     | Backtest   | [回测 4/5] 模拟第 911/1372 笔交易: 科达制造...
2026-05-01 16:52:02.766 | INFO     | Backtest   | [回测 4/5] 模拟第 921/1372 笔交易: 豫光金铅...
2026-05-01 16:52:03.020 | INFO     | Backtest   | [回测 4/5] 模拟第 931/1372 笔交易: 大位科技...
2026-05-01 16:52:03.267 | INFO     | Backtest   | [回测 4/5] 模拟第 941/1372 笔交易: 华谊集团...
2026-05-01 16:52:03.592 | INFO     | Backtest   | [回测 4/5] 模拟第 951/1372 笔交易: 东阳光...
2026-05-01 16:52:03.918 | INFO     | Backtest   | [回测 4/5] 模拟第 961/1372 笔交易: 盛屯矿业...
2026-05-01 16:52:04.145 | INFO     | Backtest   | [回测 4/5] 模拟第 971/1372 笔交易: 西藏旅游...
2026-05-01 16:52:04.426 | INFO     | Backtest   | [回测 4/5] 模拟第 981/1372 笔交易: 华新建材...
2026-05-01 16:52:04.730 | INFO     | Backtest   | [回测 4/5] 模拟第 991/1372 笔交易: 兰生股份...
2026-05-01 16:52:05.078 | INFO     | Backtest   | [回测 4/5] 模拟第 1001/1372 笔交易: 百大集团...
2026-05-01 16:52:05.362 | INFO     | Backtest   | [回测 4/5] 模拟第 1011/1372 笔交易: 国投中鲁...
2026-05-01 16:52:05.697 | INFO     | Backtest   | [回测 4/5] 模拟第 1021/1372 笔交易: XD宝丰能...
2026-05-01 16:52:05.957 | INFO     | Backtest   | [回测 4/5] 模拟第 1031/1372 笔交易: 中信金属...
2026-05-01 16:52:06.280 | INFO     | Backtest   | [回测 4/5] 模拟第 1041/1372 笔交易: 白银有色...
2026-05-01 16:52:06.576 | INFO     | Backtest   | [回测 4/5] 模拟第 1051/1372 笔交易: 百隆东方...
2026-05-01 16:52:07.004 | INFO     | Backtest   | [回测 4/5] 模拟第 1061/1372 笔交易: 中国核建...
2026-05-01 16:52:07.298 | INFO     | Backtest   | [回测 4/5] 模拟第 1071/1372 笔交易: 江河集团...
2026-05-01 16:52:07.586 | INFO     | Backtest   | [回测 4/5] 模拟第 1081/1372 笔交易: 宏昌电子...
2026-05-01 16:52:07.812 | INFO     | Backtest   | [回测 4/5] 模拟第 1091/1372 笔交易: 永吉股份...
2026-05-01 16:52:08.103 | INFO     | Backtest   | [回测 4/5] 模拟第 1101/1372 笔交易: 横店影视...
2026-05-01 16:52:08.464 | INFO     | Backtest   | [回测 4/5] 模拟第 1111/1372 笔交易: 邦基科技...
2026-05-01 16:52:08.726 | INFO     | Backtest   | [回测 4/5] 模拟第 1121/1372 笔交易: 网达软件...
2026-05-01 16:52:09.018 | INFO     | Backtest   | [回测 4/5] 模拟第 1131/1372 笔交易: 新凤鸣...
2026-05-01 16:52:09.301 | INFO     | Backtest   | [回测 4/5] 模拟第 1141/1372 笔交易: 福鞍股份...
2026-05-01 16:52:09.550 | INFO     | Backtest   | [回测 4/5] 模拟第 1151/1372 笔交易: 建霖家居...
2026-05-01 16:52:09.868 | INFO     | Backtest   | [回测 4/5] 模拟第 1161/1372 笔交易: 司太立...
2026-05-01 16:52:10.257 | INFO     | Backtest   | [回测 4/5] 模拟第 1171/1372 笔交易: 天创时尚...
2026-05-01 16:52:10.535 | INFO     | Backtest   | [回测 4/5] 模拟第 1181/1372 笔交易: 灵康药业...
2026-05-01 16:52:10.804 | INFO     | Backtest   | [回测 4/5] 模拟第 1191/1372 笔交易: 博迈科...
2026-05-01 16:52:11.121 | INFO     | Backtest   | [回测 4/5] 模拟第 1201/1372 笔交易: 福斯特...
2026-05-01 16:52:11.446 | INFO     | Backtest   | [回测 4/5] 模拟第 1211/1372 笔交易: 坤彩科技...
2026-05-01 16:52:11.742 | INFO     | Backtest   | [回测 4/5] 模拟第 1221/1372 笔交易: 莱绅通灵...
2026-05-01 16:52:11.991 | INFO     | Backtest   | [回测 4/5] 模拟第 1231/1372 笔交易: 博敏电子...
2026-05-01 16:52:12.374 | INFO     | Backtest   | [回测 4/5] 模拟第 1241/1372 笔交易: 泉峰汽车...
2026-05-01 16:52:12.658 | INFO     | Backtest   | [回测 4/5] 模拟第 1251/1372 笔交易: 世茂能源...
2026-05-01 16:52:12.927 | INFO     | Backtest   | [回测 4/5] 模拟第 1261/1372 笔交易: 确成股份...
2026-05-01 16:52:13.278 | INFO     | Backtest   | [回测 4/5] 模拟第 1271/1372 笔交易: 园林股份...
2026-05-01 16:52:13.513 | INFO     | Backtest   | [回测 4/5] 模拟第 1281/1372 笔交易: 光峰科技...
2026-05-01 16:52:13.731 | INFO     | Backtest   | [回测 4/5] 模拟第 1291/1372 笔交易: 申联生物...
2026-05-01 16:52:13.952 | INFO     | Backtest   | [回测 4/5] 模拟第 1301/1372 笔交易: 久日新材...
2026-05-01 16:52:14.179 | INFO     | Backtest   | [回测 4/5] 模拟第 1311/1372 笔交易: 新锐股份...
2026-05-01 16:52:14.413 | INFO     | Backtest   | [回测 4/5] 模拟第 1321/1372 笔交易: 深科达...
2026-05-01 16:52:14.673 | INFO     | Backtest   | [回测 4/5] 模拟第 1331/1372 笔交易: 山外山...
2026-05-01 16:52:14.996 | INFO     | Backtest   | [回测 4/5] 模拟第 1341/1372 笔交易: 天微电子...
2026-05-01 16:52:15.227 | INFO     | Backtest   | [回测 4/5] 模拟第 1351/1372 笔交易: 江航装备...
2026-05-01 16:52:15.551 | INFO     | Backtest   | [回测 4/5] 模拟第 1361/1372 笔交易: 悦康药业...
2026-05-01 16:52:15.800 | INFO     | Backtest   | [回测 4/5] 模拟第 1371/1372 笔交易: 同益中...
2026-05-01 16:52:15.848 | INFO     | Backtest   | [回测 5/5] 回测任务完成: 1365笔(含0笔平手离场)
2026-05-01 18:04:12.430 | ERROR    | System     | TA-Lib is not installed. Technical indicators will be disabled. Please check Dockerfile or install TA-Lib manually.
2026-05-01 18:04:12.468 | INFO     | DuckDB     | DuckDB | 所有核心表结构初始化完成 (含热点板块)
2026-05-01 18:04:12.468 | INFO     | DuckDB     | DuckDB 核心就绪: E:\1target\p9_project\quant-platform\data\meta\meta.db
2026-05-01 18:04:12.471 | INFO     | Backtest   | [回测 1/5] 筛选回测目标股票...
2026-05-01 18:04:12.479 | INFO     | DuckDB     | get_stocks_filtered | 过滤结果: 1799 只 (index=['HS300', 'ZZ500', 'ZZA500', 'ZZ1000'], mv=[None,None]亿)
2026-05-01 18:04:12.483 | INFO     | Backtest   | [回测 2/5] 加载 1799 只股票的历史数据进行快速扫描...
2026-05-01 18:04:17.423 | INFO     | Backtest   | [回测 3/5] 计算策略信号 (基于日线信号库)...
2026-05-01 18:04:17.429 | INFO     | Screener   | 🧬 [Loader] 识别到类继承策略: MA5AngleOriginalStrategy
2026-05-01 18:04:20.299 | INFO     | Backtest   | [回测 4/5] 处理 1984 条信号，执行精细分钟线仿真...
2026-05-01 18:04:20.301 | INFO     | Backtest   | [回测 4/5] 模拟第 1/1984 笔交易: 平安银行...
2026-05-01 18:04:20.671 | INFO     | Backtest   | [回测 4/5] 模拟第 11/1984 笔交易: 国药一致...
2026-05-01 18:04:21.101 | INFO     | Backtest   | [回测 4/5] 模拟第 21/1984 笔交易: 京基智农...
2026-05-01 18:04:21.336 | INFO     | Backtest   | [回测 4/5] 模拟第 31/1984 笔交易: 北方国际...
2026-05-01 18:04:21.837 | INFO     | Backtest   | [回测 4/5] 模拟第 41/1984 笔交易: 中联重科...
2026-05-01 18:04:22.359 | INFO     | Backtest   | [回测 4/5] 模拟第 51/1984 笔交易: 徐工机械...
2026-05-01 18:04:22.764 | INFO     | Backtest   | [回测 4/5] 模拟第 61/1984 笔交易: 中兵红箭...
2026-05-01 18:04:23.196 | INFO     | Backtest   | [回测 4/5] 模拟第 71/1984 笔交易: 甘肃能化...
2026-05-01 18:04:23.647 | INFO     | Backtest   | [回测 4/5] 模拟第 81/1984 笔交易: 海德股份...
2026-05-01 18:04:24.318 | INFO     | Backtest   | [回测 4/5] 模拟第 91/1984 笔交易: 建投能源...
2026-05-01 18:04:24.633 | INFO     | Backtest   | [回测 4/5] 模拟第 101/1984 笔交易: 中油资本...
2026-05-01 18:04:25.075 | INFO     | Backtest   | [回测 4/5] 模拟第 111/1984 笔交易: 铜陵有色...
2026-05-01 18:04:25.521 | INFO     | Backtest   | [回测 4/5] 模拟第 121/1984 笔交易: 山推股份...
2026-05-01 18:04:25.836 | INFO     | Backtest   | [回测 4/5] 模拟第 131/1984 笔交易: 博源化工...
2026-05-01 18:04:26.199 | INFO     | Backtest   | [回测 4/5] 模拟第 141/1984 笔交易: 恒逸石化...
2026-05-01 18:04:26.667 | INFO     | Backtest   | [回测 4/5] 模拟第 151/1984 笔交易: 京东方Ａ...
2026-05-01 18:04:27.075 | INFO     | Backtest   | [回测 4/5] 模拟第 161/1984 笔交易: 航发控制...
2026-05-01 18:04:27.623 | INFO     | Backtest   | [回测 4/5] 模拟第 171/1984 笔交易: 西藏矿业...
2026-05-01 18:04:28.091 | INFO     | Backtest   | [回测 4/5] 模拟第 181/1984 笔交易: 长江证券...
2026-05-01 18:04:28.615 | INFO     | Backtest   | [回测 4/5] 模拟第 191/1984 笔交易: 四川九洲...
2026-05-01 18:04:29.093 | INFO     | Backtest   | [回测 4/5] 模拟第 201/1984 笔交易: 天音控股...
2026-05-01 18:04:29.445 | INFO     | Backtest   | [回测 4/5] 模拟第 211/1984 笔交易: 电投绿能...
2026-05-01 18:04:30.010 | INFO     | Backtest   | [回测 4/5] 模拟第 221/1984 笔交易: 航天科技...
2026-05-01 18:04:30.299 | INFO     | Backtest   | [回测 4/5] 模拟第 231/1984 笔交易: 中粮科技...
2026-05-01 18:04:30.702 | INFO     | Backtest   | [回测 4/5] 模拟第 241/1984 笔交易: 四川双马...
2026-05-01 18:04:31.139 | INFO     | Backtest   | [回测 4/5] 模拟第 251/1984 笔交易: 锡业股份...
2026-05-01 18:04:31.453 | INFO     | Backtest   | [回测 4/5] 模拟第 261/1984 笔交易: 诚志股份...
2026-05-01 18:04:31.767 | INFO     | Backtest   | [回测 4/5] 模拟第 271/1984 笔交易: 中电港...
2026-05-01 18:04:32.372 | INFO     | Backtest   | [回测 4/5] 模拟第 281/1984 笔交易: 大族激光...
2026-05-01 18:04:32.752 | INFO     | Backtest   | [回测 4/5] 模拟第 291/1984 笔交易: 海特高新...
2026-05-01 18:04:33.225 | INFO     | Backtest   | [回测 4/5] 模拟第 301/1984 笔交易: 兔宝宝...
2026-05-01 18:04:33.703 | INFO     | Backtest   | [回测 4/5] 模拟第 311/1984 笔交易: 云南能投...
2026-05-01 18:04:34.510 | INFO     | Backtest   | [回测 4/5] 模拟第 321/1984 笔交易: 华峰化学...
2026-05-01 18:04:34.820 | INFO     | Backtest   | [回测 4/5] 模拟第 331/1984 笔交易: 黑猫股份...
2026-05-01 18:04:35.321 | INFO     | Backtest   | [回测 4/5] 模拟第 341/1984 笔交易: 苏州固锝...
2026-05-01 18:04:35.718 | INFO     | Backtest   | [回测 4/5] 模拟第 351/1984 笔交易: 国脉科技...
2026-05-01 18:04:36.035 | INFO     | Backtest   | [回测 4/5] 模拟第 361/1984 笔交易: 恒宝股份...
2026-05-01 18:04:36.416 | INFO     | Backtest   | [回测 4/5] 模拟第 371/1984 笔交易: 湘潭电化...
2026-05-01 18:04:36.697 | INFO     | Backtest   | [回测 4/5] 模拟第 381/1984 笔交易: 广电运通...
2026-05-01 18:04:37.058 | INFO     | Backtest   | [回测 4/5] 模拟第 391/1984 笔交易: 正邦科技...
2026-05-01 18:04:37.432 | INFO     | Backtest   | [回测 4/5] 模拟第 401/1984 笔交易: 游族网络...
2026-05-01 18:04:37.680 | INFO     | Backtest   | [回测 4/5] 模拟第 411/1984 笔交易: 岩山科技...
2026-05-01 18:04:38.020 | INFO     | Backtest   | [回测 4/5] 模拟第 421/1984 笔交易: 三全食品...
2026-05-01 18:04:38.621 | INFO     | Backtest   | [回测 4/5] 模拟第 431/1984 笔交易: 力合科创...
2026-05-01 18:04:38.923 | INFO     | Backtest   | [回测 4/5] 模拟第 441/1984 笔交易: 步步高...
2026-05-01 18:04:39.318 | INFO     | Backtest   | [回测 4/5] 模拟第 451/1984 笔交易: 浙富控股...
2026-05-01 18:04:39.651 | INFO     | Backtest   | [回测 4/5] 模拟第 461/1984 笔交易: 水晶光电...
2026-05-01 18:04:39.997 | INFO     | Backtest   | [回测 4/5] 模拟第 471/1984 笔交易: 川发龙蟒...
2026-05-01 18:04:40.255 | INFO     | Backtest   | [回测 4/5] 模拟第 481/1984 笔交易: 永太科技...
2026-05-01 18:04:40.594 | INFO     | Backtest   | [回测 4/5] 模拟第 491/1984 笔交易: 中恒电气...
2026-05-01 18:04:40.907 | INFO     | Backtest   | [回测 4/5] 模拟第 501/1984 笔交易: 省广集团...
2026-05-01 18:04:41.219 | INFO     | Backtest   | [回测 4/5] 模拟第 511/1984 笔交易: 达实智能...
2026-05-01 18:04:41.567 | INFO     | Backtest   | [回测 4/5] 模拟第 521/1984 笔交易: 万里扬...
2026-05-01 18:04:41.866 | INFO     | Backtest   | [回测 4/5] 模拟第 531/1984 笔交易: 海格通信...
2026-05-01 18:04:42.223 | INFO     | Backtest   | [回测 4/5] 模拟第 541/1984 笔交易: 荣盛石化...
2026-05-01 18:04:42.728 | INFO     | Backtest   | [回测 4/5] 模拟第 551/1984 笔交易: 老板电器...
2026-05-01 18:04:43.047 | INFO     | Backtest   | [回测 4/5] 模拟第 561/1984 笔交易: 天山铝业...
2026-05-01 18:04:43.563 | INFO     | Backtest   | [回测 4/5] 模拟第 571/1984 笔交易: 云图控股...
2026-05-01 18:04:43.952 | INFO     | Backtest   | [回测 4/5] 模拟第 581/1984 笔交易: 洽洽食品...
2026-05-01 18:04:44.399 | INFO     | Backtest   | [回测 4/5] 模拟第 591/1984 笔交易: 索菲亚...
2026-05-01 18:04:44.784 | INFO     | Backtest   | [回测 4/5] 模拟第 601/1984 笔交易: 以岭药业...
2026-05-01 18:04:45.205 | INFO     | Backtest   | [回测 4/5] 模拟第 611/1984 笔交易: 露笑科技...
2026-05-01 18:04:45.603 | INFO     | Backtest   | [回测 4/5] 模拟第 621/1984 笔交易: 万润股份...
2026-05-01 18:04:46.099 | INFO     | Backtest   | [回测 4/5] 模拟第 631/1984 笔交易: 奋达科技...
2026-05-01 18:04:46.460 | INFO     | Backtest   | [回测 4/5] 模拟第 641/1984 笔交易: 奥瑞金...
2026-05-01 18:04:46.901 | INFO     | Backtest   | [回测 4/5] 模拟第 651/1984 笔交易: 一心堂...
2026-05-01 18:04:47.431 | INFO     | Backtest   | [回测 4/5] 模拟第 661/1984 笔交易: 埃斯顿...
2026-05-01 18:04:47.839 | INFO     | Backtest   | [回测 4/5] 模拟第 671/1984 笔交易: 江阴银行...
2026-05-01 18:04:48.461 | INFO     | Backtest   | [回测 4/5] 模拟第 681/1984 笔交易: 金龙羽...
2026-05-01 18:04:48.943 | INFO     | Backtest   | [回测 4/5] 模拟第 691/1984 笔交易: 长城证券...
2026-05-01 18:04:49.370 | INFO     | Backtest   | [回测 4/5] 模拟第 701/1984 笔交易: 青鸟智控...
2026-05-01 18:04:49.715 | INFO     | Backtest   | [回测 4/5] 模拟第 711/1984 笔交易: 东鹏控股...
2026-05-01 18:04:50.172 | INFO     | Backtest   | [回测 4/5] 模拟第 721/1984 笔交易: 乐普医疗...
2026-05-01 18:04:50.477 | INFO     | Backtest   | [回测 4/5] 模拟第 731/1984 笔交易: 华测检测...
2026-05-01 18:04:51.045 | INFO     | Backtest   | [回测 4/5] 模拟第 741/1984 笔交易: 华谊兄弟...
2026-05-01 18:04:51.402 | INFO     | Backtest   | [回测 4/5] 模拟第 751/1984 笔交易: 华力创通...
2026-05-01 18:04:51.722 | INFO     | Backtest   | [回测 4/5] 模拟第 761/1984 笔交易: 南都电源...
2026-05-01 18:04:52.193 | INFO     | Backtest   | [回测 4/5] 模拟第 771/1984 笔交易: 数码视讯...
2026-05-01 18:04:52.544 | INFO     | Backtest   | [回测 4/5] 模拟第 781/1984 笔交易: 振芯科技...
2026-05-01 18:04:52.977 | INFO     | Backtest   | [回测 4/5] 模拟第 791/1984 笔交易: 英唐智控...
2026-05-01 18:04:53.289 | INFO     | Backtest   | [回测 4/5] 模拟第 801/1984 笔交易: 沃森生物...
2026-05-01 18:04:53.621 | INFO     | Backtest   | [回测 4/5] 模拟第 811/1984 笔交易: 华峰超纤...
2026-05-01 18:04:54.210 | INFO     | Backtest   | [回测 4/5] 模拟第 821/1984 笔交易: 通裕重工...
2026-05-01 18:04:54.666 | INFO     | Backtest   | [回测 4/5] 模拟第 831/1984 笔交易: 迪安诊断...
2026-05-01 18:04:55.021 | INFO     | Backtest   | [回测 4/5] 模拟第 841/1984 笔交易: 利亚德...
2026-05-01 18:04:55.361 | INFO     | Backtest   | [回测 4/5] 模拟第 851/1984 笔交易: 华灿光电...
2026-05-01 18:04:55.694 | INFO     | Backtest   | [回测 4/5] 模拟第 861/1984 笔交易: 博腾股份...
2026-05-01 18:04:56.053 | INFO     | Backtest   | [回测 4/5] 模拟第 871/1984 笔交易: 花园生物...
2026-05-01 18:04:56.386 | INFO     | Backtest   | [回测 4/5] 模拟第 881/1984 笔交易: 富临精工...
2026-05-01 18:04:56.698 | INFO     | Backtest   | [回测 4/5] 模拟第 891/1984 笔交易: 创业慧康...
2026-05-01 18:04:56.959 | INFO     | Backtest   | [回测 4/5] 模拟第 901/1984 笔交易: 迈克生物...
2026-05-01 18:04:57.479 | INFO     | Backtest   | [回测 4/5] 模拟第 911/1984 笔交易: 星源材质...
2026-05-01 18:04:57.789 | INFO     | Backtest   | [回测 4/5] 模拟第 921/1984 笔交易: 拓斯达...
2026-05-01 18:04:58.088 | INFO     | Backtest   | [回测 4/5] 模拟第 931/1984 笔交易: 艾德生物...
2026-05-01 18:04:58.489 | INFO     | Backtest   | [回测 4/5] 模拟第 941/1984 笔交易: 华致酒行...
2026-05-01 18:04:58.922 | INFO     | Backtest   | [回测 4/5] 模拟第 951/1984 笔交易: 法本信息...
2026-05-01 18:04:59.445 | INFO     | Backtest   | [回测 4/5] 模拟第 961/1984 笔交易: 军信股份...
2026-05-01 18:04:59.795 | INFO     | Backtest   | [回测 4/5] 模拟第 971/1984 笔交易: 华兰疫苗...
2026-05-01 18:05:00.149 | INFO     | Backtest   | [回测 4/5] 模拟第 981/1984 笔交易: 铭利达...
2026-05-01 18:05:00.420 | INFO     | Backtest   | [回测 4/5] 模拟第 991/1984 笔交易: 盟固利...
2026-05-01 18:05:00.777 | INFO     | Backtest   | [回测 4/5] 模拟第 1001/1984 笔交易: 中仑新材...
2026-05-01 18:05:01.423 | INFO     | Backtest   | [回测 4/5] 模拟第 1011/1984 笔交易: 华能国际...
2026-05-01 18:05:01.823 | INFO     | Backtest   | [回测 4/5] 模拟第 1021/1984 笔交易: 华能水电...
2026-05-01 18:05:02.213 | INFO     | Backtest   | [回测 4/5] 模拟第 1031/1984 笔交易: 浙江新能...
2026-05-01 18:05:02.713 | INFO     | Backtest   | [回测 4/5] 模拟第 1041/1984 笔交易: 保利发展...
2026-05-01 18:05:03.339 | INFO     | Backtest   | [回测 4/5] 模拟第 1051/1984 笔交易: 五矿发展...
2026-05-01 18:05:03.678 | INFO     | Backtest   | [回测 4/5] 模拟第 1061/1984 笔交易: 中船科技...
2026-05-01 18:05:04.251 | INFO     | Backtest   | [回测 4/5] 模拟第 1071/1984 笔交易: 广州发展...
2026-05-01 18:05:04.911 | INFO     | Backtest   | [回测 4/5] 模拟第 1081/1984 笔交易: 中国东航...
2026-05-01 18:05:05.331 | INFO     | Backtest   | [回测 4/5] 模拟第 1091/1984 笔交易: 杭钢股份...
2026-05-01 18:05:05.673 | INFO     | Backtest   | [回测 4/5] 模拟第 1101/1984 笔交易: 建发股份...
2026-05-01 18:05:06.250 | INFO     | Backtest   | [回测 4/5] 模拟第 1111/1984 笔交易: 中闽能源...
2026-05-01 18:05:06.575 | INFO     | Backtest   | [回测 4/5] 模拟第 1121/1984 笔交易: 中国巨石...
2026-05-01 18:05:06.921 | INFO     | Backtest   | [回测 4/5] 模拟第 1131/1984 笔交易: 有研新材...
2026-05-01 18:05:07.203 | INFO     | Backtest   | [回测 4/5] 模拟第 1141/1984 笔交易: 南山铝业...
2026-05-01 18:05:07.509 | INFO     | Backtest   | [回测 4/5] 模拟第 1151/1984 笔交易: 万通发展...
2026-05-01 18:05:07.872 | INFO     | Backtest   | [回测 4/5] 模拟第 1161/1984 笔交易: 嘉化能源...
2026-05-01 18:05:08.214 | INFO     | Backtest   | [回测 4/5] 模拟第 1171/1984 笔交易: 安迪苏...
2026-05-01 18:05:08.874 | INFO     | Backtest   | [回测 4/5] 模拟第 1181/1984 笔交易: 华发股份...
2026-05-01 18:05:09.169 | INFO     | Backtest   | [回测 4/5] 模拟第 1191/1984 笔交易: 西藏珠峰...
2026-05-01 18:05:09.562 | INFO     | Backtest   | [回测 4/5] 模拟第 1201/1984 笔交易: 创新新材...
2026-05-01 18:05:09.937 | INFO     | Backtest   | [回测 4/5] 模拟第 1211/1984 笔交易: 五矿资本...
2026-05-01 18:05:10.464 | INFO     | Backtest   | [回测 4/5] 模拟第 1221/1984 笔交易: 国电南瑞...
2026-05-01 18:05:10.932 | INFO     | Backtest   | [回测 4/5] 模拟第 1231/1984 笔交易: 北方导航...
2026-05-01 18:05:11.210 | INFO     | Backtest   | [回测 4/5] 模拟第 1241/1984 笔交易: 洪城环境...
2026-05-01 18:05:11.546 | INFO     | Backtest   | [回测 4/5] 模拟第 1251/1984 笔交易: 亨通光电...
2026-05-01 18:05:11.887 | INFO     | Backtest   | [回测 4/5] 模拟第 1261/1984 笔交易: 科达制造...
2026-05-01 18:05:12.348 | INFO     | Backtest   | [回测 4/5] 模拟第 1271/1984 笔交易: 方大炭素...
2026-05-01 18:05:12.692 | INFO     | Backtest   | [回测 4/5] 模拟第 1281/1984 笔交易: 中铁工业...
2026-05-01 18:05:13.052 | INFO     | Backtest   | [回测 4/5] 模拟第 1291/1984 笔交易: 保变电气...
2026-05-01 18:05:13.502 | INFO     | Backtest   | [回测 4/5] 模拟第 1301/1984 笔交易: 精达股份...
2026-05-01 18:05:13.946 | INFO     | Backtest   | [回测 4/5] 模拟第 1311/1984 笔交易: 用友网络...
2026-05-01 18:05:14.552 | INFO     | Backtest   | [回测 4/5] 模拟第 1321/1984 笔交易: 方正科技...
2026-05-01 18:05:14.881 | INFO     | Backtest   | [回测 4/5] 模拟第 1331/1984 笔交易: 浙数文化...
2026-05-01 18:05:15.226 | INFO     | Backtest   | [回测 4/5] 模拟第 1341/1984 笔交易: 先导基电...
2026-05-01 18:05:15.776 | INFO     | Backtest   | [回测 4/5] 模拟第 1351/1984 笔交易: 城投控股...
2026-05-01 18:05:16.193 | INFO     | Backtest   | [回测 4/5] 模拟第 1361/1984 笔交易: 陆家嘴...
2026-05-01 18:05:16.668 | INFO     | Backtest   | [回测 4/5] 模拟第 1371/1984 笔交易: 中华企业...
2026-05-01 18:05:17.033 | INFO     | Backtest   | [回测 4/5] 模拟第 1381/1984 笔交易: 均胜电子...
2026-05-01 18:05:17.500 | INFO     | Backtest   | [回测 4/5] 模拟第 1391/1984 笔交易: 华电能源...
2026-05-01 18:05:17.831 | INFO     | Backtest   | [回测 4/5] 模拟第 1401/1984 笔交易: 江苏索普...
2026-05-01 18:05:18.098 | INFO     | Backtest   | [回测 4/5] 模拟第 1411/1984 笔交易: 安徽合力...
2026-05-01 18:05:18.464 | INFO     | Backtest   | [回测 4/5] 模拟第 1421/1984 笔交易: 东方通信...
2026-05-01 18:05:18.807 | INFO     | Backtest   | [回测 4/5] 模拟第 1431/1984 笔交易: 鲁抗医药...
2026-05-01 18:05:19.163 | INFO     | Backtest   | [回测 4/5] 模拟第 1441/1984 笔交易: 华北制药...
2026-05-01 18:05:19.511 | INFO     | Backtest   | [回测 4/5] 模拟第 1451/1984 笔交易: 王府井...
2026-05-01 18:05:20.027 | INFO     | Backtest   | [回测 4/5] 模拟第 1461/1984 笔交易: 星湖科技...
2026-05-01 18:05:20.294 | INFO     | Backtest   | [回测 4/5] 模拟第 1471/1984 笔交易: 中炬高新...
2026-05-01 18:05:20.656 | INFO     | Backtest   | [回测 4/5] 模拟第 1481/1984 笔交易: 航天电子...
2026-05-01 18:05:21.008 | INFO     | Backtest   | [回测 4/5] 模拟第 1491/1984 笔交易: 江苏金租...
2026-05-01 18:05:21.698 | INFO     | Backtest   | [回测 4/5] 模拟第 1501/1984 笔交易: 永安期货...
2026-05-01 18:05:22.127 | INFO     | Backtest   | [回测 4/5] 模拟第 1511/1984 笔交易: 株冶集团...
2026-05-01 18:05:22.757 | INFO     | Backtest   | [回测 4/5] 模拟第 1521/1984 笔交易: 中国电影...
2026-05-01 18:05:23.267 | INFO     | Backtest   | [回测 4/5] 模拟第 1531/1984 笔交易: 南网储能...
2026-05-01 18:05:23.729 | INFO     | Backtest   | [回测 4/5] 模拟第 1541/1984 笔交易: 晋控煤业...
2026-05-01 18:05:24.132 | INFO     | Backtest   | [回测 4/5] 模拟第 1551/1984 笔交易: 山东出版...
2026-05-01 18:05:24.453 | INFO     | Backtest   | [回测 4/5] 模拟第 1561/1984 笔交易: 中信金属...
2026-05-01 18:05:24.963 | INFO     | Backtest   | [回测 4/5] 模拟第 1571/1984 笔交易: 宏盛华源...
2026-05-01 18:05:25.627 | INFO     | Backtest   | [回测 4/5] 模拟第 1581/1984 笔交易: 中国一重...
2026-05-01 18:05:26.068 | INFO     | Backtest   | [回测 4/5] 模拟第 1591/1984 笔交易: 中国化学...
2026-05-01 18:05:26.486 | INFO     | Backtest   | [回测 4/5] 模拟第 1601/1984 笔交易: 博威合金...
2026-05-01 18:05:27.034 | INFO     | Backtest   | [回测 4/5] 模拟第 1611/1984 笔交易: 三角轮胎...
2026-05-01 18:05:27.557 | INFO     | Backtest   | [回测 4/5] 模拟第 1621/1984 笔交易: 白银有色...
2026-05-01 18:05:27.929 | INFO     | Backtest   | [回测 4/5] 模拟第 1631/1984 笔交易: 广州港...
2026-05-01 18:05:28.334 | INFO     | Backtest   | [回测 4/5] 模拟第 1641/1984 笔交易: 广汽集团...
2026-05-01 18:05:28.774 | INFO     | Backtest   | [回测 4/5] 模拟第 1651/1984 笔交易: 三六零...
2026-05-01 18:05:29.177 | INFO     | Backtest   | [回测 4/5] 模拟第 1661/1984 笔交易: 国机重装...
2026-05-01 18:05:29.788 | INFO     | Backtest   | [回测 4/5] 模拟第 1671/1984 笔交易: 中国铝业...
2026-05-01 18:05:30.285 | INFO     | Backtest   | [回测 4/5] 模拟第 1681/1984 笔交易: 中国中冶...
2026-05-01 18:05:30.907 | INFO     | Backtest   | [回测 4/5] 模拟第 1691/1984 笔交易: 平煤股份...
2026-05-01 18:05:31.314 | INFO     | Backtest   | [回测 4/5] 模拟第 1701/1984 笔交易: 中银证券...
2026-05-01 18:05:31.740 | INFO     | Backtest   | [回测 4/5] 模拟第 1711/1984 笔交易: 中国中车...
2026-05-01 18:05:32.341 | INFO     | Backtest   | [回测 4/5] 模拟第 1721/1984 笔交易: 沪农商行...
2026-05-01 18:05:32.865 | INFO     | Backtest   | [回测 4/5] 模拟第 1731/1984 笔交易: 招商轮船...
2026-05-01 18:05:33.343 | INFO     | Backtest   | [回测 4/5] 模拟第 1741/1984 笔交易: 中煤能源...
2026-05-01 18:05:33.769 | INFO     | Backtest   | [回测 4/5] 模拟第 1751/1984 笔交易: 新集能源...
2026-05-01 18:05:34.167 | INFO     | Backtest   | [回测 4/5] 模拟第 1761/1984 笔交易: 中国汽研...
2026-05-01 18:05:34.981 | INFO     | Backtest   | [回测 4/5] 模拟第 1771/1984 笔交易: 人民网...
2026-05-01 18:05:35.502 | INFO     | Backtest   | [回测 4/5] 模拟第 1781/1984 笔交易: 台华新材...
2026-05-01 18:05:35.993 | INFO     | Backtest   | [回测 4/5] 模拟第 1791/1984 笔交易: 横店影视...
2026-05-01 18:05:36.626 | INFO     | Backtest   | [回测 4/5] 模拟第 1801/1984 笔交易: 中贝通信...
2026-05-01 18:05:37.042 | INFO     | Backtest   | [回测 4/5] 模拟第 1811/1984 笔交易: 大参林...
2026-05-01 18:05:37.479 | INFO     | Backtest   | [回测 4/5] 模拟第 1821/1984 笔交易: 旭升集团...
2026-05-01 18:05:37.993 | INFO     | Backtest   | [回测 4/5] 模拟第 1831/1984 笔交易: 百傲化学...
2026-05-01 18:05:38.385 | INFO     | Backtest   | [回测 4/5] 模拟第 1841/1984 笔交易: 掌阅科技...
2026-05-01 18:05:39.116 | INFO     | Backtest   | [回测 4/5] 模拟第 1851/1984 笔交易: XD高能环...
2026-05-01 18:05:39.571 | INFO     | Backtest   | [回测 4/5] 模拟第 1861/1984 笔交易: 健友股份...
2026-05-01 18:05:39.916 | INFO     | Backtest   | [回测 4/5] 模拟第 1871/1984 笔交易: 豪能股份...
2026-05-01 18:05:40.325 | INFO     | Backtest   | [回测 4/5] 模拟第 1881/1984 笔交易: 数据港...
2026-05-01 18:05:40.758 | INFO     | Backtest   | [回测 4/5] 模拟第 1891/1984 笔交易: 新华网...
2026-05-01 18:05:41.186 | INFO     | Backtest   | [回测 4/5] 模拟第 1901/1984 笔交易: 洛阳钼业...
2026-05-01 18:05:41.572 | INFO     | Backtest   | [回测 4/5] 模拟第 1911/1984 笔交易: 德昌股份...
2026-05-01 18:05:41.973 | INFO     | Backtest   | [回测 4/5] 模拟第 1921/1984 笔交易: 莱特光电...
2026-05-01 18:05:42.437 | INFO     | Backtest   | [回测 4/5] 模拟第 1931/1984 笔交易: 天德钰...
2026-05-01 18:05:42.827 | INFO     | Backtest   | [回测 4/5] 模拟第 1941/1984 笔交易: 微电生理...
2026-05-01 18:05:43.077 | INFO     | Backtest   | [回测 4/5] 模拟第 1951/1984 笔交易: 铁建重工...
2026-05-01 18:05:43.452 | INFO     | Backtest   | [回测 4/5] 模拟第 1961/1984 笔交易: 和辉光电-U...
2026-05-01 18:05:44.031 | INFO     | Backtest   | [回测 4/5] 模拟第 1971/1984 笔交易: 江航装备...
2026-05-01 18:05:44.365 | INFO     | Backtest   | [回测 4/5] 模拟第 1981/1984 笔交易: 珠海冠宇...
2026-05-01 18:05:44.500 | INFO     | Backtest   | [回测 5/5] 回测任务完成: 1935笔(含0笔平手离场)
2026-05-01 18:05:44.675 | INFO     | Backtest   | [回测 1/5] 筛选回测目标股票...
2026-05-01 18:05:44.685 | INFO     | DuckDB     | get_stocks_filtered | 过滤结果: 1799 只 (index=['HS300', 'ZZ500', 'ZZA500', 'ZZ1000'], mv=[None,None]亿)
2026-05-01 18:05:44.689 | INFO     | Backtest   | [回测 2/5] 加载 1799 只股票的历史数据进行快速扫描...
2026-05-01 18:05:50.389 | INFO     | Backtest   | [回测 3/5] 计算策略信号 (基于日线信号库)...
2026-05-01 18:05:50.394 | INFO     | Screener   | 🧬 [Loader] 识别到类继承策略: MA5AngleOriginalStrategy
2026-05-01 18:05:53.040 | INFO     | Backtest   | [回测 4/5] 处理 550 条信号，执行精细分钟线仿真...
2026-05-01 18:05:53.041 | INFO     | Backtest   | [回测 4/5] 模拟第 1/550 笔交易: 深科技...
2026-05-01 18:05:53.406 | INFO     | Backtest   | [回测 4/5] 模拟第 11/550 笔交易: 北方国际...
2026-05-01 18:05:53.771 | INFO     | Backtest   | [回测 4/5] 模拟第 21/550 笔交易: 甘肃能化...
2026-05-01 18:05:54.095 | INFO     | Backtest   | [回测 4/5] 模拟第 31/550 笔交易: 铜陵有色...
2026-05-01 18:05:54.352 | INFO     | Backtest   | [回测 4/5] 模拟第 41/550 笔交易: 锦龙股份...
2026-05-01 18:05:54.827 | INFO     | Backtest   | [回测 4/5] 模拟第 51/550 笔交易: 甘肃能源...
2026-05-01 18:05:55.202 | INFO     | Backtest   | [回测 4/5] 模拟第 61/550 笔交易: 航天科技...
2026-05-01 18:05:55.467 | INFO     | Backtest   | [回测 4/5] 模拟第 71/550 笔交易: 安泰科技...
2026-05-01 18:05:55.803 | INFO     | Backtest   | [回测 4/5] 模拟第 81/550 笔交易: 分众传媒...
2026-05-01 18:05:56.201 | INFO     | Backtest   | [回测 4/5] 模拟第 91/550 笔交易: 恒宝股份...
2026-05-01 18:05:56.527 | INFO     | Backtest   | [回测 4/5] 模拟第 101/550 笔交易: 汉钟精机...
2026-05-01 18:05:56.830 | INFO     | Backtest   | [回测 4/5] 模拟第 111/550 笔交易: 蔚蓝锂芯...
2026-05-01 18:05:57.147 | INFO     | Backtest   | [回测 4/5] 模拟第 121/550 笔交易: 圣农发展...
2026-05-01 18:05:57.479 | INFO     | Backtest   | [回测 4/5] 模拟第 131/550 笔交易: 千方科技...
2026-05-01 18:05:57.746 | INFO     | Backtest   | [回测 4/5] 模拟第 141/550 笔交易: 珠江啤酒...
2026-05-01 18:05:58.103 | INFO     | Backtest   | [回测 4/5] 模拟第 151/550 笔交易: 恺英网络...
2026-05-01 18:05:58.466 | INFO     | Backtest   | [回测 4/5] 模拟第 161/550 笔交易: 东方铁塔...
2026-05-01 18:05:58.894 | INFO     | Backtest   | [回测 4/5] 模拟第 171/550 笔交易: 金达威...
2026-05-01 18:05:59.311 | INFO     | Backtest   | [回测 4/5] 模拟第 181/550 笔交易: 国信证券...
2026-05-01 18:05:59.613 | INFO     | Backtest   | [回测 4/5] 模拟第 191/550 笔交易: 青岛银行...
2026-05-01 18:05:59.942 | INFO     | Backtest   | [回测 4/5] 模拟第 201/550 笔交易: 网宿科技...
2026-05-01 18:06:00.238 | INFO     | Backtest   | [回测 4/5] 模拟第 211/550 笔交易: 乾照光电...
2026-05-01 18:06:00.494 | INFO     | Backtest   | [回测 4/5] 模拟第 221/550 笔交易: 力源信息...
2026-05-01 18:06:00.860 | INFO     | Backtest   | [回测 4/5] 模拟第 231/550 笔交易: 光环新网...
2026-05-01 18:06:01.138 | INFO     | Backtest   | [回测 4/5] 模拟第 241/550 笔交易: 赛微电子...
2026-05-01 18:06:01.398 | INFO     | Backtest   | [回测 4/5] 模拟第 251/550 笔交易: 宇信科技...
2026-05-01 18:06:01.797 | INFO     | Backtest   | [回测 4/5] 模拟第 261/550 笔交易: 百洋医药...
2026-05-01 18:06:02.143 | INFO     | Backtest   | [回测 4/5] 模拟第 271/550 笔交易: 国际复材...
2026-05-01 18:06:02.644 | INFO     | Backtest   | [回测 4/5] 模拟第 281/550 笔交易: 古越龙山...
2026-05-01 18:06:03.127 | INFO     | Backtest   | [回测 4/5] 模拟第 291/550 笔交易: 浙江东日...
2026-05-01 18:06:03.526 | INFO     | Backtest   | [回测 4/5] 模拟第 301/550 笔交易: 生物股份...
2026-05-01 18:06:03.926 | INFO     | Backtest   | [回测 4/5] 模拟第 311/550 笔交易: 嘉化能源...
2026-05-01 18:06:04.442 | INFO     | Backtest   | [回测 4/5] 模拟第 321/550 笔交易: 西藏珠峰...
2026-05-01 18:06:04.743 | INFO     | Backtest   | [回测 4/5] 模拟第 331/550 笔交易: 通威股份...
2026-05-01 18:06:05.102 | INFO     | Backtest   | [回测 4/5] 模拟第 341/550 笔交易: 鹏欣资源...
2026-05-01 18:06:05.409 | INFO     | Backtest   | [回测 4/5] 模拟第 351/550 笔交易: 中天科技...
2026-05-01 18:06:05.714 | INFO     | Backtest   | [回测 4/5] 模拟第 361/550 笔交易: 精达股份...
2026-05-01 18:06:06.004 | INFO     | Backtest   | [回测 4/5] 模拟第 371/550 笔交易: 华谊集团...
2026-05-01 18:06:06.364 | INFO     | Backtest   | [回测 4/5] 模拟第 381/550 笔交易: 东阳光...
2026-05-01 18:06:06.720 | INFO     | Backtest   | [回测 4/5] 模拟第 391/550 笔交易: 洲际油气...
2026-05-01 18:06:07.034 | INFO     | Backtest   | [回测 4/5] 模拟第 401/550 笔交易: 华新建材...
2026-05-01 18:06:07.321 | INFO     | Backtest   | [回测 4/5] 模拟第 411/550 笔交易: 江苏金租...
2026-05-01 18:06:07.884 | INFO     | Backtest   | [回测 4/5] 模拟第 421/550 笔交易: 中国电影...
2026-05-01 18:06:08.254 | INFO     | Backtest   | [回测 4/5] 模拟第 431/550 笔交易: 南京银行...
2026-05-01 18:06:08.861 | INFO     | Backtest   | [回测 4/5] 模拟第 441/550 笔交易: 宏盛华源...
2026-05-01 18:06:09.286 | INFO     | Backtest   | [回测 4/5] 模拟第 451/550 笔交易: 林洋能源...
2026-05-01 18:06:09.693 | INFO     | Backtest   | [回测 4/5] 模拟第 461/550 笔交易: 国机重装...
2026-05-01 18:06:10.101 | INFO     | Backtest   | [回测 4/5] 模拟第 471/550 笔交易: 齐鲁银行...
2026-05-01 18:06:10.429 | INFO     | Backtest   | [回测 4/5] 模拟第 481/550 笔交易: 亚星锚链...
2026-05-01 18:06:10.786 | INFO     | Backtest   | [回测 4/5] 模拟第 491/550 笔交易: 重庆银行...
2026-05-01 18:06:11.214 | INFO     | Backtest   | [回测 4/5] 模拟第 501/550 笔交易: 景津装备...
2026-05-01 18:06:11.721 | INFO     | Backtest   | [回测 4/5] 模拟第 511/550 笔交易: XD高能环...
2026-05-01 18:06:12.103 | INFO     | Backtest   | [回测 4/5] 模拟第 521/550 笔交易: 鼎胜新材...
2026-05-01 18:06:12.545 | INFO     | Backtest   | [回测 4/5] 模拟第 531/550 笔交易: 菜百股份...
2026-05-01 18:06:12.865 | INFO     | Backtest   | [回测 4/5] 模拟第 541/550 笔交易: 广钢气体...
2026-05-01 18:06:13.182 | INFO     | Backtest   | [回测 5/5] 回测任务完成: 544笔(含0笔平手离场)
2026-05-01 18:15:00.643 | ERROR    | System     | TA-Lib is not installed. Technical indicators will be disabled. Please check Dockerfile or install TA-Lib manually.
2026-05-01 18:15:00.682 | INFO     | DuckDB     | DuckDB | 所有核心表结构初始化完成 (含热点板块)
2026-05-01 18:15:00.682 | INFO     | DuckDB     | DuckDB 核心就绪: E:\1target\p9_project\quant-platform\data\meta\meta.db
2026-05-01 18:15:00.685 | INFO     | Backtest   | [回测 1/5] 筛选回测目标股票...
2026-05-01 18:15:00.694 | INFO     | DuckDB     | get_stocks_filtered | 过滤结果: 1799 只 (index=['HS300', 'ZZ500', 'ZZA500', 'ZZ1000'], mv=[None,None]亿)
2026-05-01 18:15:00.698 | INFO     | Backtest   | [回测 2/5] 加载 1799 只股票的历史数据进行快速扫描...
2026-05-01 18:15:05.708 | INFO     | Backtest   | [回测 3/5] 计算策略信号 (基于日线信号库)...
2026-05-01 18:15:05.715 | INFO     | Screener   | 🧬 [Loader] 识别到类继承策略: MA5AngleOriginalStrategy
2026-05-01 18:15:10.251 | INFO     | Backtest   | [回测 4/5] 处理 659 条信号，执行精细分钟线仿真...
2026-05-01 18:15:10.252 | INFO     | Backtest   | [回测 4/5] 模拟第 1/659 笔交易: 中国宝安...
2026-05-01 18:15:10.564 | INFO     | Backtest   | [回测 4/5] 模拟第 11/659 笔交易: 中信海直...
2026-05-01 18:15:10.851 | INFO     | Backtest   | [回测 4/5] 模拟第 21/659 笔交易: 北部湾港...
2026-05-01 18:15:11.252 | INFO     | Backtest   | [回测 4/5] 模拟第 31/659 笔交易: 山推股份...
2026-05-01 18:15:11.679 | INFO     | Backtest   | [回测 4/5] 模拟第 41/659 笔交易: 普洛药业...
2026-05-01 18:15:12.150 | INFO     | Backtest   | [回测 4/5] 模拟第 51/659 笔交易: 长江证券...
2026-05-01 18:15:12.479 | INFO     | Backtest   | [回测 4/5] 模拟第 61/659 笔交易: 承德露露...
2026-05-01 18:15:12.967 | INFO     | Backtest   | [回测 4/5] 模拟第 71/659 笔交易: 中钢国际...
2026-05-01 18:15:13.305 | INFO     | Backtest   | [回测 4/5] 模拟第 81/659 笔交易: 大中矿业...
2026-05-01 18:15:13.851 | INFO     | Backtest   | [回测 4/5] 模拟第 91/659 笔交易: 分众传媒...
2026-05-01 18:15:14.275 | INFO     | Backtest   | [回测 4/5] 模拟第 101/659 笔交易: 东华软件...
2026-05-01 18:15:14.611 | INFO     | Backtest   | [回测 4/5] 模拟第 111/659 笔交易: 山河智能...
2026-05-01 18:15:14.882 | INFO     | Backtest   | [回测 4/5] 模拟第 121/659 笔交易: 海南发展...
2026-05-01 18:15:15.112 | INFO     | Backtest   | [回测 4/5] 模拟第 131/659 笔交易: 金风科技...
2026-05-01 18:15:15.565 | INFO     | Backtest   | [回测 4/5] 模拟第 141/659 笔交易: 歌尔股份...
2026-05-01 18:15:15.854 | INFO     | Backtest   | [回测 4/5] 模拟第 151/659 笔交易: 浙富控股...
2026-05-01 18:15:16.030 | INFO     | Backtest   | [回测 4/5] 模拟第 161/659 笔交易: 久立特材...
2026-05-01 18:15:16.298 | INFO     | Backtest   | [回测 4/5] 模拟第 171/659 笔交易: 四维图新...
2026-05-01 18:15:16.564 | INFO     | Backtest   | [回测 4/5] 模拟第 181/659 笔交易: 江海股份...
2026-05-01 18:15:17.004 | INFO     | Backtest   | [回测 4/5] 模拟第 191/659 笔交易: 天顺风能...
2026-05-01 18:15:17.300 | INFO     | Backtest   | [回测 4/5] 模拟第 201/659 笔交易: 普天科技...
2026-05-01 18:15:17.764 | INFO     | Backtest   | [回测 4/5] 模拟第 211/659 笔交易: 朗姿股份...
2026-05-01 18:15:18.127 | INFO     | Backtest   | [回测 4/5] 模拟第 221/659 笔交易: 东诚药业...
2026-05-01 18:15:18.550 | INFO     | Backtest   | [回测 4/5] 模拟第 231/659 笔交易: 坚朗五金...
2026-05-01 18:15:18.838 | INFO     | Backtest   | [回测 4/5] 模拟第 241/659 笔交易: 长城证券...
2026-05-01 18:15:19.246 | INFO     | Backtest   | [回测 4/5] 模拟第 251/659 笔交易: 天海防务...
2026-05-01 18:15:19.493 | INFO     | Backtest   | [回测 4/5] 模拟第 261/659 笔交易: 天源迪科...
2026-05-01 18:15:19.711 | INFO     | Backtest   | [回测 4/5] 模拟第 271/659 笔交易: 顺网科技...
2026-05-01 18:15:19.978 | INFO     | Backtest   | [回测 4/5] 模拟第 281/659 笔交易: 佐力药业...
2026-05-01 18:15:20.398 | INFO     | Backtest   | [回测 4/5] 模拟第 291/659 笔交易: 利亚德...
2026-05-01 18:15:20.649 | INFO     | Backtest   | [回测 4/5] 模拟第 301/659 笔交易: 航天智造...
2026-05-01 18:15:20.940 | INFO     | Backtest   | [回测 4/5] 模拟第 311/659 笔交易: 晶瑞电材...
2026-05-01 18:15:21.247 | INFO     | Backtest   | [回测 4/5] 模拟第 321/659 笔交易: 怡合达...
2026-05-01 18:15:21.553 | INFO     | Backtest   | [回测 4/5] 模拟第 331/659 笔交易: 致欧科技...
2026-05-01 18:15:21.992 | INFO     | Backtest   | [回测 4/5] 模拟第 341/659 笔交易: 上海电力...
2026-05-01 18:15:22.289 | INFO     | Backtest   | [回测 4/5] 模拟第 351/659 笔交易: 中国医药...
2026-05-01 18:15:22.696 | INFO     | Backtest   | [回测 4/5] 模拟第 361/659 笔交易: 浙江东日...
2026-05-01 18:15:23.066 | INFO     | Backtest   | [回测 4/5] 模拟第 371/659 笔交易: 建发股份...
2026-05-01 18:15:23.368 | INFO     | Backtest   | [回测 4/5] 模拟第 381/659 笔交易: 南山铝业...
2026-05-01 18:15:23.708 | INFO     | Backtest   | [回测 4/5] 模拟第 391/659 笔交易: 电投水电...
2026-05-01 18:15:24.015 | INFO     | Backtest   | [回测 4/5] 模拟第 401/659 笔交易: 昊华科技...
2026-05-01 18:15:24.326 | INFO     | Backtest   | [回测 4/5] 模拟第 411/659 笔交易: 科力远...
2026-05-01 18:15:24.619 | INFO     | Backtest   | [回测 4/5] 模拟第 421/659 笔交易: 中天科技...
2026-05-01 18:15:24.898 | INFO     | Backtest   | [回测 4/5] 模拟第 431/659 笔交易: 保变电气...
2026-05-01 18:15:25.133 | INFO     | Backtest   | [回测 4/5] 模拟第 441/659 笔交易: 方正科技...
2026-05-01 18:15:25.453 | INFO     | Backtest   | [回测 4/5] 模拟第 451/659 笔交易: 城投控股...
2026-05-01 18:15:25.837 | INFO     | Backtest   | [回测 4/5] 模拟第 461/659 笔交易: 均胜电子...
2026-05-01 18:15:26.155 | INFO     | Backtest   | [回测 4/5] 模拟第 471/659 笔交易: 华域汽车...
2026-05-01 18:15:26.455 | INFO     | Backtest   | [回测 4/5] 模拟第 481/659 笔交易: 王府井...
2026-05-01 18:15:26.762 | INFO     | Backtest   | [回测 4/5] 模拟第 491/659 笔交易: 石化油服...
2026-05-01 18:15:27.121 | INFO     | Backtest   | [回测 4/5] 模拟第 501/659 笔交易: 华安证券...
2026-05-01 18:15:27.527 | INFO     | Backtest   | [回测 4/5] 模拟第 511/659 笔交易: 新五丰...
2026-05-01 18:15:27.873 | INFO     | Backtest   | [回测 4/5] 模拟第 521/659 笔交易: 华钰矿业...
2026-05-01 18:15:28.163 | INFO     | Backtest   | [回测 4/5] 模拟第 531/659 笔交易: 昊华能源...
2026-05-01 18:15:28.461 | INFO     | Backtest   | [回测 4/5] 模拟第 541/659 笔交易: 东航物流...
2026-05-01 18:15:28.782 | INFO     | Backtest   | [回测 4/5] 模拟第 551/659 笔交易: 陕西煤业...
2026-05-01 18:15:29.138 | INFO     | Backtest   | [回测 4/5] 模拟第 561/659 笔交易: 陕鼓动力...
2026-05-01 18:15:29.451 | INFO     | Backtest   | [回测 4/5] 模拟第 571/659 笔交易: 华泰证券...
2026-05-01 18:15:29.725 | INFO     | Backtest   | [回测 4/5] 模拟第 581/659 笔交易: 中国石油...
2026-05-01 18:15:30.052 | INFO     | Backtest   | [回测 4/5] 模拟第 591/659 笔交易: 金钼股份...
2026-05-01 18:15:30.586 | INFO     | Backtest   | [回测 4/5] 模拟第 601/659 笔交易: 紫燕食品...
2026-05-01 18:15:30.926 | INFO     | Backtest   | [回测 4/5] 模拟第 611/659 笔交易: 苏盐井神...
2026-05-01 18:15:31.240 | INFO     | Backtest   | [回测 4/5] 模拟第 621/659 笔交易: 航天工程...
2026-05-01 18:15:31.543 | INFO     | Backtest   | [回测 4/5] 模拟第 631/659 笔交易: 吉祥航空...
2026-05-01 18:15:31.820 | INFO     | Backtest   | [回测 4/5] 模拟第 641/659 笔交易: 光峰科技...
2026-05-01 18:15:32.042 | INFO     | Backtest   | [回测 4/5] 模拟第 651/659 笔交易: 汇成股份...
2026-05-01 18:15:32.254 | INFO     | Backtest   | [回测 5/5] 回测任务完成: 647笔(含0笔平手离场)
2026-05-01 18:15:32.325 | INFO     | Backtest   | [回测 1/5] 筛选回测目标股票...
2026-05-01 18:15:32.333 | INFO     | DuckDB     | get_stocks_filtered | 过滤结果: 1799 只 (index=['HS300', 'ZZ500', 'ZZA500', 'ZZ1000'], mv=[None,None]亿)
2026-05-01 18:15:32.336 | INFO     | Backtest   | [回测 2/5] 加载 1799 只股票的历史数据进行快速扫描...
2026-05-01 18:15:37.107 | INFO     | Backtest   | [回测 3/5] 计算策略信号 (基于日线信号库)...
2026-05-01 18:15:37.111 | INFO     | Screener   | 🧬 [Loader] 识别到类继承策略: MA5AngleOriginalStrategy
2026-05-01 18:15:41.838 | INFO     | Backtest   | [回测 4/5] 处理 659 条信号，执行精细分钟线仿真...
2026-05-01 18:15:41.840 | INFO     | Backtest   | [回测 4/5] 模拟第 1/659 笔交易: 中国宝安...
2026-05-01 18:15:42.146 | INFO     | Backtest   | [回测 4/5] 模拟第 11/659 笔交易: 中信海直...
2026-05-01 18:15:42.431 | INFO     | Backtest   | [回测 4/5] 模拟第 21/659 笔交易: 北部湾港...
2026-05-01 18:15:42.825 | INFO     | Backtest   | [回测 4/5] 模拟第 31/659 笔交易: 山推股份...
2026-05-01 18:15:43.228 | INFO     | Backtest   | [回测 4/5] 模拟第 41/659 笔交易: 普洛药业...
2026-05-01 18:15:43.700 | INFO     | Backtest   | [回测 4/5] 模拟第 51/659 笔交易: 长江证券...
2026-05-01 18:15:44.025 | INFO     | Backtest   | [回测 4/5] 模拟第 61/659 笔交易: 承德露露...
2026-05-01 18:15:44.504 | INFO     | Backtest   | [回测 4/5] 模拟第 71/659 笔交易: 中钢国际...
2026-05-01 18:15:44.841 | INFO     | Backtest   | [回测 4/5] 模拟第 81/659 笔交易: 大中矿业...
2026-05-01 18:15:45.398 | INFO     | Backtest   | [回测 4/5] 模拟第 91/659 笔交易: 分众传媒...
2026-05-01 18:15:45.814 | INFO     | Backtest   | [回测 4/5] 模拟第 101/659 笔交易: 东华软件...
2026-05-01 18:15:46.141 | INFO     | Backtest   | [回测 4/5] 模拟第 111/659 笔交易: 山河智能...
2026-05-01 18:15:46.433 | INFO     | Backtest   | [回测 4/5] 模拟第 121/659 笔交易: 海南发展...
2026-05-01 18:15:46.684 | INFO     | Backtest   | [回测 4/5] 模拟第 131/659 笔交易: 金风科技...
2026-05-01 18:15:47.148 | INFO     | Backtest   | [回测 4/5] 模拟第 141/659 笔交易: 歌尔股份...
2026-05-01 18:15:47.437 | INFO     | Backtest   | [回测 4/5] 模拟第 151/659 笔交易: 浙富控股...
2026-05-01 18:15:47.631 | INFO     | Backtest   | [回测 4/5] 模拟第 161/659 笔交易: 久立特材...
2026-05-01 18:15:47.902 | INFO     | Backtest   | [回测 4/5] 模拟第 171/659 笔交易: 四维图新...
2026-05-01 18:15:48.143 | INFO     | Backtest   | [回测 4/5] 模拟第 181/659 笔交易: 江海股份...
2026-05-01 18:15:48.577 | INFO     | Backtest   | [回测 4/5] 模拟第 191/659 笔交易: 天顺风能...
2026-05-01 18:15:48.878 | INFO     | Backtest   | [回测 4/5] 模拟第 201/659 笔交易: 普天科技...
2026-05-01 18:15:49.350 | INFO     | Backtest   | [回测 4/5] 模拟第 211/659 笔交易: 朗姿股份...
2026-05-01 18:15:49.717 | INFO     | Backtest   | [回测 4/5] 模拟第 221/659 笔交易: 东诚药业...
2026-05-01 18:15:50.159 | INFO     | Backtest   | [回测 4/5] 模拟第 231/659 笔交易: 坚朗五金...
2026-05-01 18:15:50.445 | INFO     | Backtest   | [回测 4/5] 模拟第 241/659 笔交易: 长城证券...
2026-05-01 18:15:50.847 | INFO     | Backtest   | [回测 4/5] 模拟第 251/659 笔交易: 天海防务...
2026-05-01 18:15:51.103 | INFO     | Backtest   | [回测 4/5] 模拟第 261/659 笔交易: 天源迪科...
2026-05-01 18:15:51.334 | INFO     | Backtest   | [回测 4/5] 模拟第 271/659 笔交易: 顺网科技...
2026-05-01 18:15:51.615 | INFO     | Backtest   | [回测 4/5] 模拟第 281/659 笔交易: 佐力药业...
2026-05-01 18:15:52.055 | INFO     | Backtest   | [回测 4/5] 模拟第 291/659 笔交易: 利亚德...
2026-05-01 18:15:52.331 | INFO     | Backtest   | [回测 4/5] 模拟第 301/659 笔交易: 航天智造...
2026-05-01 18:15:52.621 | INFO     | Backtest   | [回测 4/5] 模拟第 311/659 笔交易: 晶瑞电材...
2026-05-01 18:15:52.905 | INFO     | Backtest   | [回测 4/5] 模拟第 321/659 笔交易: 怡合达...
2026-05-01 18:15:53.203 | INFO     | Backtest   | [回测 4/5] 模拟第 331/659 笔交易: 致欧科技...
2026-05-01 18:15:53.636 | INFO     | Backtest   | [回测 4/5] 模拟第 341/659 笔交易: 上海电力...
2026-05-01 18:15:53.932 | INFO     | Backtest   | [回测 4/5] 模拟第 351/659 笔交易: 中国医药...
2026-05-01 18:15:54.335 | INFO     | Backtest   | [回测 4/5] 模拟第 361/659 笔交易: 浙江东日...
2026-05-01 18:15:54.724 | INFO     | Backtest   | [回测 4/5] 模拟第 371/659 笔交易: 建发股份...
2026-05-01 18:15:55.033 | INFO     | Backtest   | [回测 4/5] 模拟第 381/659 笔交易: 南山铝业...
2026-05-01 18:15:55.364 | INFO     | Backtest   | [回测 4/5] 模拟第 391/659 笔交易: 电投水电...
2026-05-01 18:15:55.670 | INFO     | Backtest   | [回测 4/5] 模拟第 401/659 笔交易: 昊华科技...
2026-05-01 18:15:55.985 | INFO     | Backtest   | [回测 4/5] 模拟第 411/659 笔交易: 科力远...
2026-05-01 18:15:56.299 | INFO     | Backtest   | [回测 4/5] 模拟第 421/659 笔交易: 中天科技...
2026-05-01 18:15:56.595 | INFO     | Backtest   | [回测 4/5] 模拟第 431/659 笔交易: 保变电气...
2026-05-01 18:15:56.864 | INFO     | Backtest   | [回测 4/5] 模拟第 441/659 笔交易: 方正科技...
2026-05-01 18:15:57.189 | INFO     | Backtest   | [回测 4/5] 模拟第 451/659 笔交易: 城投控股...
2026-05-01 18:15:57.560 | INFO     | Backtest   | [回测 4/5] 模拟第 461/659 笔交易: 均胜电子...
2026-05-01 18:15:57.873 | INFO     | Backtest   | [回测 4/5] 模拟第 471/659 笔交易: 华域汽车...
2026-05-01 18:15:58.162 | INFO     | Backtest   | [回测 4/5] 模拟第 481/659 笔交易: 王府井...
2026-05-01 18:15:58.464 | INFO     | Backtest   | [回测 4/5] 模拟第 491/659 笔交易: 石化油服...
2026-05-01 18:15:58.819 | INFO     | Backtest   | [回测 4/5] 模拟第 501/659 笔交易: 华安证券...
2026-05-01 18:15:59.246 | INFO     | Backtest   | [回测 4/5] 模拟第 511/659 笔交易: 新五丰...
2026-05-01 18:15:59.599 | INFO     | Backtest   | [回测 4/5] 模拟第 521/659 笔交易: 华钰矿业...
2026-05-01 18:15:59.873 | INFO     | Backtest   | [回测 4/5] 模拟第 531/659 笔交易: 昊华能源...
2026-05-01 18:16:00.171 | INFO     | Backtest   | [回测 4/5] 模拟第 541/659 笔交易: 东航物流...
2026-05-01 18:16:00.498 | INFO     | Backtest   | [回测 4/5] 模拟第 551/659 笔交易: 陕西煤业...
2026-05-01 18:16:00.856 | INFO     | Backtest   | [回测 4/5] 模拟第 561/659 笔交易: 陕鼓动力...
2026-05-01 18:16:01.175 | INFO     | Backtest   | [回测 4/5] 模拟第 571/659 笔交易: 华泰证券...
2026-05-01 18:16:01.493 | INFO     | Backtest   | [回测 4/5] 模拟第 581/659 笔交易: 中国石油...
2026-05-01 18:16:01.834 | INFO     | Backtest   | [回测 4/5] 模拟第 591/659 笔交易: 金钼股份...
2026-05-01 18:16:02.348 | INFO     | Backtest   | [回测 4/5] 模拟第 601/659 笔交易: 紫燕食品...
2026-05-01 18:16:02.686 | INFO     | Backtest   | [回测 4/5] 模拟第 611/659 笔交易: 苏盐井神...
2026-05-01 18:16:02.987 | INFO     | Backtest   | [回测 4/5] 模拟第 621/659 笔交易: 航天工程...
2026-05-01 18:16:03.273 | INFO     | Backtest   | [回测 4/5] 模拟第 631/659 笔交易: 吉祥航空...
2026-05-01 18:16:03.544 | INFO     | Backtest   | [回测 4/5] 模拟第 641/659 笔交易: 光峰科技...
2026-05-01 18:16:03.793 | INFO     | Backtest   | [回测 4/5] 模拟第 651/659 笔交易: 汇成股份...
2026-05-01 18:16:04.008 | INFO     | Backtest   | [回测 5/5] 回测任务完成: 647笔(含0笔平手离场)
2026-05-01 18:16:04.079 | INFO     | Backtest   | [回测 1/5] 筛选回测目标股票...
2026-05-01 18:16:04.088 | INFO     | DuckDB     | get_stocks_filtered | 过滤结果: 1799 只 (index=['HS300', 'ZZ500', 'ZZA500', 'ZZ1000'], mv=[None,None]亿)
2026-05-01 18:16:04.091 | INFO     | Backtest   | [回测 2/5] 加载 1799 只股票的历史数据进行快速扫描...
2026-05-01 18:16:08.817 | INFO     | Backtest   | [回测 3/5] 计算策略信号 (基于日线信号库)...
2026-05-01 18:16:08.822 | INFO     | Screener   | 🧬 [Loader] 识别到类继承策略: MA5AngleOriginalStrategy
2026-05-01 18:16:13.355 | INFO     | Backtest   | [回测 4/5] 处理 659 条信号，执行精细分钟线仿真...
2026-05-01 18:16:13.356 | INFO     | Backtest   | [回测 4/5] 模拟第 1/659 笔交易: 中国宝安...
2026-05-01 18:16:13.649 | INFO     | Backtest   | [回测 4/5] 模拟第 11/659 笔交易: 中信海直...
2026-05-01 18:16:13.941 | INFO     | Backtest   | [回测 4/5] 模拟第 21/659 笔交易: 北部湾港...
2026-05-01 18:16:14.335 | INFO     | Backtest   | [回测 4/5] 模拟第 31/659 笔交易: 山推股份...
2026-05-01 18:16:14.737 | INFO     | Backtest   | [回测 4/5] 模拟第 41/659 笔交易: 普洛药业...
2026-05-01 18:16:15.200 | INFO     | Backtest   | [回测 4/5] 模拟第 51/659 笔交易: 长江证券...
2026-05-01 18:16:15.543 | INFO     | Backtest   | [回测 4/5] 模拟第 61/659 笔交易: 承德露露...
2026-05-01 18:16:16.029 | INFO     | Backtest   | [回测 4/5] 模拟第 71/659 笔交易: 中钢国际...
2026-05-01 18:16:16.383 | INFO     | Backtest   | [回测 4/5] 模拟第 81/659 笔交易: 大中矿业...
2026-05-01 18:16:16.949 | INFO     | Backtest   | [回测 4/5] 模拟第 91/659 笔交易: 分众传媒...
2026-05-01 18:16:17.379 | INFO     | Backtest   | [回测 4/5] 模拟第 101/659 笔交易: 东华软件...
2026-05-01 18:16:17.702 | INFO     | Backtest   | [回测 4/5] 模拟第 111/659 笔交易: 山河智能...
2026-05-01 18:16:17.983 | INFO     | Backtest   | [回测 4/5] 模拟第 121/659 笔交易: 海南发展...
2026-05-01 18:16:18.233 | INFO     | Backtest   | [回测 4/5] 模拟第 131/659 笔交易: 金风科技...
2026-05-01 18:16:18.699 | INFO     | Backtest   | [回测 4/5] 模拟第 141/659 笔交易: 歌尔股份...
2026-05-01 18:16:19.000 | INFO     | Backtest   | [回测 4/5] 模拟第 151/659 笔交易: 浙富控股...
2026-05-01 18:16:19.186 | INFO     | Backtest   | [回测 4/5] 模拟第 161/659 笔交易: 久立特材...
2026-05-01 18:16:19.453 | INFO     | Backtest   | [回测 4/5] 模拟第 171/659 笔交易: 四维图新...
2026-05-01 18:16:19.705 | INFO     | Backtest   | [回测 4/5] 模拟第 181/659 笔交易: 江海股份...
2026-05-01 18:16:20.143 | INFO     | Backtest   | [回测 4/5] 模拟第 191/659 笔交易: 天顺风能...
2026-05-01 18:16:20.468 | INFO     | Backtest   | [回测 4/5] 模拟第 201/659 笔交易: 普天科技...
2026-05-01 18:16:20.937 | INFO     | Backtest   | [回测 4/5] 模拟第 211/659 笔交易: 朗姿股份...
2026-05-01 18:16:21.329 | INFO     | Backtest   | [回测 4/5] 模拟第 221/659 笔交易: 东诚药业...
2026-05-01 18:16:21.778 | INFO     | Backtest   | [回测 4/5] 模拟第 231/659 笔交易: 坚朗五金...
2026-05-01 18:16:22.072 | INFO     | Backtest   | [回测 4/5] 模拟第 241/659 笔交易: 长城证券...
2026-05-01 18:16:22.474 | INFO     | Backtest   | [回测 4/5] 模拟第 251/659 笔交易: 天海防务...
2026-05-01 18:16:22.730 | INFO     | Backtest   | [回测 4/5] 模拟第 261/659 笔交易: 天源迪科...
2026-05-01 18:16:22.995 | INFO     | Backtest   | [回测 4/5] 模拟第 271/659 笔交易: 顺网科技...
2026-05-01 18:16:23.284 | INFO     | Backtest   | [回测 4/5] 模拟第 281/659 笔交易: 佐力药业...
2026-05-01 18:16:23.712 | INFO     | Backtest   | [回测 4/5] 模拟第 291/659 笔交易: 利亚德...
2026-05-01 18:16:23.977 | INFO     | Backtest   | [回测 4/5] 模拟第 301/659 笔交易: 航天智造...
2026-05-01 18:16:24.269 | INFO     | Backtest   | [回测 4/5] 模拟第 311/659 笔交易: 晶瑞电材...
2026-05-01 18:16:24.564 | INFO     | Backtest   | [回测 4/5] 模拟第 321/659 笔交易: 怡合达...
2026-05-01 18:16:24.876 | INFO     | Backtest   | [回测 4/5] 模拟第 331/659 笔交易: 致欧科技...
2026-05-01 18:16:25.335 | INFO     | Backtest   | [回测 4/5] 模拟第 341/659 笔交易: 上海电力...
2026-05-01 18:16:25.642 | INFO     | Backtest   | [回测 4/5] 模拟第 351/659 笔交易: 中国医药...
2026-05-01 18:16:26.045 | INFO     | Backtest   | [回测 4/5] 模拟第 361/659 笔交易: 浙江东日...
2026-05-01 18:16:26.433 | INFO     | Backtest   | [回测 4/5] 模拟第 371/659 笔交易: 建发股份...
2026-05-01 18:16:26.761 | INFO     | Backtest   | [回测 4/5] 模拟第 381/659 笔交易: 南山铝业...
2026-05-01 18:16:27.099 | INFO     | Backtest   | [回测 4/5] 模拟第 391/659 笔交易: 电投水电...
2026-05-01 18:16:27.410 | INFO     | Backtest   | [回测 4/5] 模拟第 401/659 笔交易: 昊华科技...
2026-05-01 18:16:27.750 | INFO     | Backtest   | [回测 4/5] 模拟第 411/659 笔交易: 科力远...
2026-05-01 18:16:28.050 | INFO     | Backtest   | [回测 4/5] 模拟第 421/659 笔交易: 中天科技...
2026-05-01 18:16:28.329 | INFO     | Backtest   | [回测 4/5] 模拟第 431/659 笔交易: 保变电气...
2026-05-01 18:16:28.569 | INFO     | Backtest   | [回测 4/5] 模拟第 441/659 笔交易: 方正科技...
2026-05-01 18:16:28.889 | INFO     | Backtest   | [回测 4/5] 模拟第 451/659 笔交易: 城投控股...
2026-05-01 18:16:29.265 | INFO     | Backtest   | [回测 4/5] 模拟第 461/659 笔交易: 均胜电子...
2026-05-01 18:16:29.579 | INFO     | Backtest   | [回测 4/5] 模拟第 471/659 笔交易: 华域汽车...
2026-05-01 18:16:29.900 | INFO     | Backtest   | [回测 4/5] 模拟第 481/659 笔交易: 王府井...
2026-05-01 18:16:30.202 | INFO     | Backtest   | [回测 4/5] 模拟第 491/659 笔交易: 石化油服...
2026-05-01 18:16:30.554 | INFO     | Backtest   | [回测 4/5] 模拟第 501/659 笔交易: 华安证券...
2026-05-01 18:16:30.968 | INFO     | Backtest   | [回测 4/5] 模拟第 511/659 笔交易: 新五丰...
2026-05-01 18:16:31.326 | INFO     | Backtest   | [回测 4/5] 模拟第 521/659 笔交易: 华钰矿业...
2026-05-01 18:16:31.616 | INFO     | Backtest   | [回测 4/5] 模拟第 531/659 笔交易: 昊华能源...
2026-05-01 18:16:31.922 | INFO     | Backtest   | [回测 4/5] 模拟第 541/659 笔交易: 东航物流...
2026-05-01 18:16:32.271 | INFO     | Backtest   | [回测 4/5] 模拟第 551/659 笔交易: 陕西煤业...
2026-05-01 18:16:32.631 | INFO     | Backtest   | [回测 4/5] 模拟第 561/659 笔交易: 陕鼓动力...
2026-05-01 18:16:32.943 | INFO     | Backtest   | [回测 4/5] 模拟第 571/659 笔交易: 华泰证券...
2026-05-01 18:16:33.220 | INFO     | Backtest   | [回测 4/5] 模拟第 581/659 笔交易: 中国石油...
2026-05-01 18:16:33.552 | INFO     | Backtest   | [回测 4/5] 模拟第 591/659 笔交易: 金钼股份...
2026-05-01 18:16:34.071 | INFO     | Backtest   | [回测 4/5] 模拟第 601/659 笔交易: 紫燕食品...
2026-05-01 18:16:34.415 | INFO     | Backtest   | [回测 4/5] 模拟第 611/659 笔交易: 苏盐井神...
2026-05-01 18:16:34.744 | INFO     | Backtest   | [回测 4/5] 模拟第 621/659 笔交易: 航天工程...
2026-05-01 18:16:35.039 | INFO     | Backtest   | [回测 4/5] 模拟第 631/659 笔交易: 吉祥航空...
2026-05-01 18:16:35.312 | INFO     | Backtest   | [回测 4/5] 模拟第 641/659 笔交易: 光峰科技...
2026-05-01 18:16:35.533 | INFO     | Backtest   | [回测 4/5] 模拟第 651/659 笔交易: 汇成股份...
2026-05-01 18:16:35.752 | INFO     | Backtest   | [回测 5/5] 回测任务完成: 647笔(含0笔平手离场)
2026-05-01 18:16:35.823 | INFO     | Backtest   | [回测 1/5] 筛选回测目标股票...
2026-05-01 18:16:35.832 | INFO     | DuckDB     | get_stocks_filtered | 过滤结果: 1799 只 (index=['HS300', 'ZZ500', 'ZZA500', 'ZZ1000'], mv=[None,None]亿)
2026-05-01 18:16:35.835 | INFO     | Backtest   | [回测 2/5] 加载 1799 只股票的历史数据进行快速扫描...
2026-05-01 18:16:40.538 | INFO     | Backtest   | [回测 3/5] 计算策略信号 (基于日线信号库)...
2026-05-01 18:16:40.543 | INFO     | Screener   | 🧬 [Loader] 识别到类继承策略: MA5AngleOriginalStrategy
2026-05-01 18:16:45.061 | INFO     | Backtest   | [回测 4/5] 处理 659 条信号，执行精细分钟线仿真...
2026-05-01 18:16:45.063 | INFO     | Backtest   | [回测 4/5] 模拟第 1/659 笔交易: 中国宝安...
2026-05-01 18:16:45.357 | INFO     | Backtest   | [回测 4/5] 模拟第 11/659 笔交易: 中信海直...
2026-05-01 18:16:45.646 | INFO     | Backtest   | [回测 4/5] 模拟第 21/659 笔交易: 北部湾港...
2026-05-01 18:16:46.048 | INFO     | Backtest   | [回测 4/5] 模拟第 31/659 笔交易: 山推股份...
2026-05-01 18:16:46.473 | INFO     | Backtest   | [回测 4/5] 模拟第 41/659 笔交易: 普洛药业...
2026-05-01 18:16:46.946 | INFO     | Backtest   | [回测 4/5] 模拟第 51/659 笔交易: 长江证券...
2026-05-01 18:16:47.275 | INFO     | Backtest   | [回测 4/5] 模拟第 61/659 笔交易: 承德露露...
2026-05-01 18:16:47.758 | INFO     | Backtest   | [回测 4/5] 模拟第 71/659 笔交易: 中钢国际...
2026-05-01 18:16:48.097 | INFO     | Backtest   | [回测 4/5] 模拟第 81/659 笔交易: 大中矿业...
2026-05-01 18:16:48.634 | INFO     | Backtest   | [回测 4/5] 模拟第 91/659 笔交易: 分众传媒...
2026-05-01 18:16:49.064 | INFO     | Backtest   | [回测 4/5] 模拟第 101/659 笔交易: 东华软件...
2026-05-01 18:16:49.387 | INFO     | Backtest   | [回测 4/5] 模拟第 111/659 笔交易: 山河智能...
2026-05-01 18:16:49.660 | INFO     | Backtest   | [回测 4/5] 模拟第 121/659 笔交易: 海南发展...
2026-05-01 18:16:49.897 | INFO     | Backtest   | [回测 4/5] 模拟第 131/659 笔交易: 金风科技...
2026-05-01 18:16:50.359 | INFO     | Backtest   | [回测 4/5] 模拟第 141/659 笔交易: 歌尔股份...
2026-05-01 18:16:50.666 | INFO     | Backtest   | [回测 4/5] 模拟第 151/659 笔交易: 浙富控股...
2026-05-01 18:16:50.841 | INFO     | Backtest   | [回测 4/5] 模拟第 161/659 笔交易: 久立特材...
2026-05-01 18:16:51.127 | INFO     | Backtest   | [回测 4/5] 模拟第 171/659 笔交易: 四维图新...
2026-05-01 18:16:51.385 | INFO     | Backtest   | [回测 4/5] 模拟第 181/659 笔交易: 江海股份...
2026-05-01 18:16:51.836 | INFO     | Backtest   | [回测 4/5] 模拟第 191/659 笔交易: 天顺风能...
2026-05-01 18:16:52.144 | INFO     | Backtest   | [回测 4/5] 模拟第 201/659 笔交易: 普天科技...
2026-05-01 18:16:52.619 | INFO     | Backtest   | [回测 4/5] 模拟第 211/659 笔交易: 朗姿股份...
2026-05-01 18:16:53.007 | INFO     | Backtest   | [回测 4/5] 模拟第 221/659 笔交易: 东诚药业...
2026-05-01 18:16:53.440 | INFO     | Backtest   | [回测 4/5] 模拟第 231/659 笔交易: 坚朗五金...
2026-05-01 18:16:53.751 | INFO     | Backtest   | [回测 4/5] 模拟第 241/659 笔交易: 长城证券...
2026-05-01 18:16:54.150 | INFO     | Backtest   | [回测 4/5] 模拟第 251/659 笔交易: 天海防务...
2026-05-01 18:16:54.397 | INFO     | Backtest   | [回测 4/5] 模拟第 261/659 笔交易: 天源迪科...
2026-05-01 18:16:54.621 | INFO     | Backtest   | [回测 4/5] 模拟第 271/659 笔交易: 顺网科技...
2026-05-01 18:16:54.900 | INFO     | Backtest   | [回测 4/5] 模拟第 281/659 笔交易: 佐力药业...
2026-05-01 18:16:55.326 | INFO     | Backtest   | [回测 4/5] 模拟第 291/659 笔交易: 利亚德...
2026-05-01 18:16:55.586 | INFO     | Backtest   | [回测 4/5] 模拟第 301/659 笔交易: 航天智造...
2026-05-01 18:16:55.892 | INFO     | Backtest   | [回测 4/5] 模拟第 311/659 笔交易: 晶瑞电材...
2026-05-01 18:16:56.184 | INFO     | Backtest   | [回测 4/5] 模拟第 321/659 笔交易: 怡合达...
2026-05-01 18:16:56.499 | INFO     | Backtest   | [回测 4/5] 模拟第 331/659 笔交易: 致欧科技...
2026-05-01 18:16:56.960 | INFO     | Backtest   | [回测 4/5] 模拟第 341/659 笔交易: 上海电力...
2026-05-01 18:16:57.268 | INFO     | Backtest   | [回测 4/5] 模拟第 351/659 笔交易: 中国医药...
2026-05-01 18:16:57.673 | INFO     | Backtest   | [回测 4/5] 模拟第 361/659 笔交易: 浙江东日...
2026-05-01 18:16:58.053 | INFO     | Backtest   | [回测 4/5] 模拟第 371/659 笔交易: 建发股份...
2026-05-01 18:16:58.384 | INFO     | Backtest   | [回测 4/5] 模拟第 381/659 笔交易: 南山铝业...
2026-05-01 18:16:58.713 | INFO     | Backtest   | [回测 4/5] 模拟第 391/659 笔交易: 电投水电...
2026-05-01 18:16:59.034 | INFO     | Backtest   | [回测 4/5] 模拟第 401/659 笔交易: 昊华科技...
2026-05-01 18:16:59.358 | INFO     | Backtest   | [回测 4/5] 模拟第 411/659 笔交易: 科力远...
2026-05-01 18:16:59.657 | INFO     | Backtest   | [回测 4/5] 模拟第 421/659 笔交易: 中天科技...
2026-05-01 18:16:59.947 | INFO     | Backtest   | [回测 4/5] 模拟第 431/659 笔交易: 保变电气...
2026-05-01 18:17:00.191 | INFO     | Backtest   | [回测 4/5] 模拟第 441/659 笔交易: 方正科技...
2026-05-01 18:17:00.543 | INFO     | Backtest   | [回测 4/5] 模拟第 451/659 笔交易: 城投控股...
2026-05-01 18:17:00.912 | INFO     | Backtest   | [回测 4/5] 模拟第 461/659 笔交易: 均胜电子...
2026-05-01 18:17:01.234 | INFO     | Backtest   | [回测 4/5] 模拟第 471/659 笔交易: 华域汽车...
2026-05-01 18:17:01.544 | INFO     | Backtest   | [回测 4/5] 模拟第 481/659 笔交易: 王府井...
2026-05-01 18:17:01.855 | INFO     | Backtest   | [回测 4/5] 模拟第 491/659 笔交易: 石化油服...
2026-05-01 18:17:02.219 | INFO     | Backtest   | [回测 4/5] 模拟第 501/659 笔交易: 华安证券...
2026-05-01 18:17:02.634 | INFO     | Backtest   | [回测 4/5] 模拟第 511/659 笔交易: 新五丰...
2026-05-01 18:17:03.011 | INFO     | Backtest   | [回测 4/5] 模拟第 521/659 笔交易: 华钰矿业...
2026-05-01 18:17:03.298 | INFO     | Backtest   | [回测 4/5] 模拟第 531/659 笔交易: 昊华能源...
2026-05-01 18:17:03.601 | INFO     | Backtest   | [回测 4/5] 模拟第 541/659 笔交易: 东航物流...
2026-05-01 18:17:03.921 | INFO     | Backtest   | [回测 4/5] 模拟第 551/659 笔交易: 陕西煤业...
2026-05-01 18:17:04.285 | INFO     | Backtest   | [回测 4/5] 模拟第 561/659 笔交易: 陕鼓动力...
2026-05-01 18:17:04.600 | INFO     | Backtest   | [回测 4/5] 模拟第 571/659 笔交易: 华泰证券...
2026-05-01 18:17:04.873 | INFO     | Backtest   | [回测 4/5] 模拟第 581/659 笔交易: 中国石油...
2026-05-01 18:17:05.230 | INFO     | Backtest   | [回测 4/5] 模拟第 591/659 笔交易: 金钼股份...
2026-05-01 18:17:05.747 | INFO     | Backtest   | [回测 4/5] 模拟第 601/659 笔交易: 紫燕食品...
2026-05-01 18:17:06.095 | INFO     | Backtest   | [回测 4/5] 模拟第 611/659 笔交易: 苏盐井神...
2026-05-01 18:17:06.413 | INFO     | Backtest   | [回测 4/5] 模拟第 621/659 笔交易: 航天工程...
2026-05-01 18:17:06.722 | INFO     | Backtest   | [回测 4/5] 模拟第 631/659 笔交易: 吉祥航空...
2026-05-01 18:17:07.003 | INFO     | Backtest   | [回测 4/5] 模拟第 641/659 笔交易: 光峰科技...
2026-05-01 18:17:07.233 | INFO     | Backtest   | [回测 4/5] 模拟第 651/659 笔交易: 汇成股份...
2026-05-01 18:17:07.484 | INFO     | Backtest   | [回测 5/5] 回测任务完成: 647笔(含0笔平手离场)
2026-05-01 18:19:23.258 | ERROR    | System     | TA-Lib is not installed. Technical indicators will be disabled. Please check Dockerfile or install TA-Lib manually.
2026-05-01 18:19:23.299 | INFO     | DuckDB     | DuckDB | 所有核心表结构初始化完成 (含热点板块)
2026-05-01 18:19:23.300 | INFO     | DuckDB     | DuckDB 核心就绪: E:\1target\p9_project\quant-platform\data\meta\meta.db
2026-05-01 18:19:23.310 | INFO     | Screener   | 🧬 [Loader] 识别到类继承策略: MA5AngleOriginalStrategy
2026-05-01 18:19:23.313 | INFO     | Screener   | 🧬 [Loader] 识别到类继承策略: MA5AngleOriginalStrategy
2026-05-01 18:19:23.316 | INFO     | Screener   | 🧬 [Loader] 识别到类继承策略: MA5AngleOriginalStrategy
2026-05-01 18:19:23.318 | INFO     | Screener   | 🧬 [Loader] 识别到类继承策略: MA5AngleOriginalStrategy
2026-05-01 18:20:00.411 | ERROR    | System     | TA-Lib is not installed. Technical indicators will be disabled. Please check Dockerfile or install TA-Lib manually.
2026-05-01 18:20:00.464 | INFO     | DuckDB     | DuckDB | 所有核心表结构初始化完成 (含热点板块)
2026-05-01 18:20:00.464 | INFO     | DuckDB     | DuckDB 核心就绪: E:\1target\p9_project\quant-platform\data\meta\meta.db
2026-05-01 18:20:00.473 | INFO     | DuckDB     | get_stocks_filtered | 过滤结果: 1799 只 (index=['HS300', 'ZZ500', 'ZZA500', 'ZZ1000'], mv=[None,None]亿)
2026-05-01 18:20:00.994 | INFO     | Screener   | 🧬 [Loader] 识别到类继承策略: MA5AngleOriginalStrategy
2026-05-01 18:20:01.525 | INFO     | Screener   | 🧬 [Loader] 识别到类继承策略: MA5AngleOriginalStrategy
2026-05-01 18:20:02.061 | INFO     | Screener   | 🧬 [Loader] 识别到类继承策略: MA5AngleOriginalStrategy
2026-05-01 18:20:02.573 | INFO     | Screener   | 🧬 [Loader] 识别到类继承策略: MA5AngleOriginalStrategy
2026-05-01 18:20:53.123 | ERROR    | System     | TA-Lib is not installed. Technical indicators will be disabled. Please check Dockerfile or install TA-Lib manually.
2026-05-01 18:20:53.172 | INFO     | DuckDB     | DuckDB | 所有核心表结构初始化完成 (含热点板块)
2026-05-01 18:20:53.172 | INFO     | DuckDB     | DuckDB 核心就绪: E:\1target\p9_project\quant-platform\data\meta\meta.db
2026-05-01 18:20:53.174 | INFO     | Backtest   | [回测 1/5] 筛选回测目标股票...
2026-05-01 18:20:53.183 | INFO     | DuckDB     | get_stocks_filtered | 过滤结果: 1799 只 (index=['HS300', 'ZZ500', 'ZZA500', 'ZZ1000'], mv=[None,None]亿)
2026-05-01 18:20:53.187 | INFO     | Backtest   | [回测 2/5] 加载 1799 只股票的历史数据进行快速扫描...
2026-05-01 18:20:58.167 | INFO     | Backtest   | [回测 3/5] 计算策略信号 (基于日线信号库)...
2026-05-01 18:20:58.174 | INFO     | Screener   | 🧬 [Loader] 识别到类继承策略: MA5AngleOriginalStrategy
2026-05-01 18:21:02.637 | INFO     | Backtest   | [回测 4/5] 处理 1984 条信号，执行精细分钟线仿真...
2026-05-01 18:21:02.640 | INFO     | Backtest   | [回测 4/5] 模拟第 1/1984 笔交易: 平安银行...
2026-05-01 18:21:02.941 | INFO     | Backtest   | [回测 4/5] 模拟第 11/1984 笔交易: 国药一致...
2026-05-01 18:21:03.277 | INFO     | Backtest   | [回测 4/5] 模拟第 21/1984 笔交易: 京基智农...
2026-05-01 18:21:03.487 | INFO     | Backtest   | [回测 4/5] 模拟第 31/1984 笔交易: 北方国际...
2026-05-01 18:21:03.903 | INFO     | Backtest   | [回测 4/5] 模拟第 41/1984 笔交易: 中联重科...
2026-05-01 18:21:04.329 | INFO     | Backtest   | [回测 4/5] 模拟第 51/1984 笔交易: 徐工机械...
2026-05-01 18:21:04.643 | INFO     | Backtest   | [回测 4/5] 模拟第 61/1984 笔交易: 中兵红箭...
2026-05-01 18:21:04.972 | INFO     | Backtest   | [回测 4/5] 模拟第 71/1984 笔交易: 甘肃能化...
2026-05-01 18:21:05.326 | INFO     | Backtest   | [回测 4/5] 模拟第 81/1984 笔交易: 海德股份...
2026-05-01 18:21:05.830 | INFO     | Backtest   | [回测 4/5] 模拟第 91/1984 笔交易: 建投能源...
2026-05-01 18:21:06.036 | INFO     | Backtest   | [回测 4/5] 模拟第 101/1984 笔交易: 中油资本...
2026-05-01 18:21:06.387 | INFO     | Backtest   | [回测 4/5] 模拟第 111/1984 笔交易: 铜陵有色...
2026-05-01 18:21:06.719 | INFO     | Backtest   | [回测 4/5] 模拟第 121/1984 笔交易: 山推股份...
2026-05-01 18:21:06.980 | INFO     | Backtest   | [回测 4/5] 模拟第 131/1984 笔交易: 博源化工...
2026-05-01 18:21:07.294 | INFO     | Backtest   | [回测 4/5] 模拟第 141/1984 笔交易: 恒逸石化...
2026-05-01 18:21:07.671 | INFO     | Backtest   | [回测 4/5] 模拟第 151/1984 笔交易: 京东方Ａ...
2026-05-01 18:21:07.997 | INFO     | Backtest   | [回测 4/5] 模拟第 161/1984 笔交易: 航发控制...
2026-05-01 18:21:08.442 | INFO     | Backtest   | [回测 4/5] 模拟第 171/1984 笔交易: 西藏矿业...
2026-05-01 18:21:08.811 | INFO     | Backtest   | [回测 4/5] 模拟第 181/1984 笔交易: 长江证券...
2026-05-01 18:21:09.205 | INFO     | Backtest   | [回测 4/5] 模拟第 191/1984 笔交易: 四川九洲...
2026-05-01 18:21:09.590 | INFO     | Backtest   | [回测 4/5] 模拟第 201/1984 笔交易: 天音控股...
2026-05-01 18:21:09.855 | INFO     | Backtest   | [回测 4/5] 模拟第 211/1984 笔交易: 电投绿能...
2026-05-01 18:21:10.304 | INFO     | Backtest   | [回测 4/5] 模拟第 221/1984 笔交易: 航天科技...
2026-05-01 18:21:10.515 | INFO     | Backtest   | [回测 4/5] 模拟第 231/1984 笔交易: 中粮科技...
2026-05-01 18:21:10.817 | INFO     | Backtest   | [回测 4/5] 模拟第 241/1984 笔交易: 四川双马...
2026-05-01 18:21:11.188 | INFO     | Backtest   | [回测 4/5] 模拟第 251/1984 笔交易: 锡业股份...
2026-05-01 18:21:11.459 | INFO     | Backtest   | [回测 4/5] 模拟第 261/1984 笔交易: 诚志股份...
2026-05-01 18:21:11.738 | INFO     | Backtest   | [回测 4/5] 模拟第 271/1984 笔交易: 中电港...
2026-05-01 18:21:12.211 | INFO     | Backtest   | [回测 4/5] 模拟第 281/1984 笔交易: 大族激光...
2026-05-01 18:21:12.524 | INFO     | Backtest   | [回测 4/5] 模拟第 291/1984 笔交易: 海特高新...
2026-05-01 18:21:12.900 | INFO     | Backtest   | [回测 4/5] 模拟第 301/1984 笔交易: 兔宝宝...
2026-05-01 18:21:13.260 | INFO     | Backtest   | [回测 4/5] 模拟第 311/1984 笔交易: 云南能投...
2026-05-01 18:21:13.919 | INFO     | Backtest   | [回测 4/5] 模拟第 321/1984 笔交易: 华峰化学...
2026-05-01 18:21:14.196 | INFO     | Backtest   | [回测 4/5] 模拟第 331/1984 笔交易: 黑猫股份...
2026-05-01 18:21:14.560 | INFO     | Backtest   | [回测 4/5] 模拟第 341/1984 笔交易: 苏州固锝...
2026-05-01 18:21:14.891 | INFO     | Backtest   | [回测 4/5] 模拟第 351/1984 笔交易: 国脉科技...
2026-05-01 18:21:15.147 | INFO     | Backtest   | [回测 4/5] 模拟第 361/1984 笔交易: 恒宝股份...
2026-05-01 18:21:15.459 | INFO     | Backtest   | [回测 4/5] 模拟第 371/1984 笔交易: 湘潭电化...
2026-05-01 18:21:15.707 | INFO     | Backtest   | [回测 4/5] 模拟第 381/1984 笔交易: 广电运通...
2026-05-01 18:21:15.980 | INFO     | Backtest   | [回测 4/5] 模拟第 391/1984 笔交易: 正邦科技...
2026-05-01 18:21:16.298 | INFO     | Backtest   | [回测 4/5] 模拟第 401/1984 笔交易: 游族网络...
2026-05-01 18:21:16.511 | INFO     | Backtest   | [回测 4/5] 模拟第 411/1984 笔交易: 岩山科技...
2026-05-01 18:21:16.798 | INFO     | Backtest   | [回测 4/5] 模拟第 421/1984 笔交易: 三全食品...
2026-05-01 18:21:17.316 | INFO     | Backtest   | [回测 4/5] 模拟第 431/1984 笔交易: 力合科创...
2026-05-01 18:21:17.569 | INFO     | Backtest   | [回测 4/5] 模拟第 441/1984 笔交易: 步步高...
2026-05-01 18:21:17.857 | INFO     | Backtest   | [回测 4/5] 模拟第 451/1984 笔交易: 浙富控股...
2026-05-01 18:21:18.113 | INFO     | Backtest   | [回测 4/5] 模拟第 461/1984 笔交易: 水晶光电...
2026-05-01 18:21:18.410 | INFO     | Backtest   | [回测 4/5] 模拟第 471/1984 笔交易: 川发龙蟒...
2026-05-01 18:21:18.634 | INFO     | Backtest   | [回测 4/5] 模拟第 481/1984 笔交易: 永太科技...
2026-05-01 18:21:18.929 | INFO     | Backtest   | [回测 4/5] 模拟第 491/1984 笔交易: 中恒电气...
2026-05-01 18:21:19.198 | INFO     | Backtest   | [回测 4/5] 模拟第 501/1984 笔交易: 省广集团...
2026-05-01 18:21:19.425 | INFO     | Backtest   | [回测 4/5] 模拟第 511/1984 笔交易: 达实智能...
2026-05-01 18:21:19.694 | INFO     | Backtest   | [回测 4/5] 模拟第 521/1984 笔交易: 万里扬...
2026-05-01 18:21:19.945 | INFO     | Backtest   | [回测 4/5] 模拟第 531/1984 笔交易: 海格通信...
2026-05-01 18:21:20.234 | INFO     | Backtest   | [回测 4/5] 模拟第 541/1984 笔交易: 荣盛石化...
2026-05-01 18:21:20.667 | INFO     | Backtest   | [回测 4/5] 模拟第 551/1984 笔交易: 老板电器...
2026-05-01 18:21:20.929 | INFO     | Backtest   | [回测 4/5] 模拟第 561/1984 笔交易: 天山铝业...
2026-05-01 18:21:21.284 | INFO     | Backtest   | [回测 4/5] 模拟第 571/1984 笔交易: 云图控股...
2026-05-01 18:21:21.561 | INFO     | Backtest   | [回测 4/5] 模拟第 581/1984 笔交易: 洽洽食品...
2026-05-01 18:21:21.868 | INFO     | Backtest   | [回测 4/5] 模拟第 591/1984 笔交易: 索菲亚...
2026-05-01 18:21:22.217 | INFO     | Backtest   | [回测 4/5] 模拟第 601/1984 笔交易: 以岭药业...
2026-05-01 18:21:22.582 | INFO     | Backtest   | [回测 4/5] 模拟第 611/1984 笔交易: 露笑科技...
2026-05-01 18:21:22.926 | INFO     | Backtest   | [回测 4/5] 模拟第 621/1984 笔交易: 万润股份...
2026-05-01 18:21:23.328 | INFO     | Backtest   | [回测 4/5] 模拟第 631/1984 笔交易: 奋达科技...
2026-05-01 18:21:23.634 | INFO     | Backtest   | [回测 4/5] 模拟第 641/1984 笔交易: 奥瑞金...
2026-05-01 18:21:23.969 | INFO     | Backtest   | [回测 4/5] 模拟第 651/1984 笔交易: 一心堂...
2026-05-01 18:21:24.299 | INFO     | Backtest   | [回测 4/5] 模拟第 661/1984 笔交易: 埃斯顿...
2026-05-01 18:21:24.542 | INFO     | Backtest   | [回测 4/5] 模拟第 671/1984 笔交易: 江阴银行...
2026-05-01 18:21:24.924 | INFO     | Backtest   | [回测 4/5] 模拟第 681/1984 笔交易: 金龙羽...
2026-05-01 18:21:25.329 | INFO     | Backtest   | [回测 4/5] 模拟第 691/1984 笔交易: 长城证券...
2026-05-01 18:21:25.671 | INFO     | Backtest   | [回测 4/5] 模拟第 701/1984 笔交易: 青鸟智控...
2026-05-01 18:21:25.965 | INFO     | Backtest   | [回测 4/5] 模拟第 711/1984 笔交易: 东鹏控股...
2026-05-01 18:21:26.251 | INFO     | Backtest   | [回测 4/5] 模拟第 721/1984 笔交易: 乐普医疗...
2026-05-01 18:21:26.511 | INFO     | Backtest   | [回测 4/5] 模拟第 731/1984 笔交易: 华测检测...
2026-05-01 18:21:26.908 | INFO     | Backtest   | [回测 4/5] 模拟第 741/1984 笔交易: 华谊兄弟...
2026-05-01 18:21:27.175 | INFO     | Backtest   | [回测 4/5] 模拟第 751/1984 笔交易: 华力创通...
2026-05-01 18:21:27.401 | INFO     | Backtest   | [回测 4/5] 模拟第 761/1984 笔交易: 南都电源...
2026-05-01 18:21:27.705 | INFO     | Backtest   | [回测 4/5] 模拟第 771/1984 笔交易: 数码视讯...
2026-05-01 18:21:27.952 | INFO     | Backtest   | [回测 4/5] 模拟第 781/1984 笔交易: 振芯科技...
2026-05-01 18:21:28.283 | INFO     | Backtest   | [回测 4/5] 模拟第 791/1984 笔交易: 英唐智控...
2026-05-01 18:21:28.513 | INFO     | Backtest   | [回测 4/5] 模拟第 801/1984 笔交易: 沃森生物...
2026-05-01 18:21:28.771 | INFO     | Backtest   | [回测 4/5] 模拟第 811/1984 笔交易: 华峰超纤...
2026-05-01 18:21:29.177 | INFO     | Backtest   | [回测 4/5] 模拟第 821/1984 笔交易: 通裕重工...
2026-05-01 18:21:29.476 | INFO     | Backtest   | [回测 4/5] 模拟第 831/1984 笔交易: 迪安诊断...
2026-05-01 18:21:29.786 | INFO     | Backtest   | [回测 4/5] 模拟第 841/1984 笔交易: 利亚德...
2026-05-01 18:21:30.033 | INFO     | Backtest   | [回测 4/5] 模拟第 851/1984 笔交易: 华灿光电...
2026-05-01 18:21:30.296 | INFO     | Backtest   | [回测 4/5] 模拟第 861/1984 笔交易: 博腾股份...
2026-05-01 18:21:30.551 | INFO     | Backtest   | [回测 4/5] 模拟第 871/1984 笔交易: 花园生物...
2026-05-01 18:21:30.824 | INFO     | Backtest   | [回测 4/5] 模拟第 881/1984 笔交易: 富临精工...
2026-05-01 18:21:31.076 | INFO     | Backtest   | [回测 4/5] 模拟第 891/1984 笔交易: 创业慧康...
2026-05-01 18:21:31.281 | INFO     | Backtest   | [回测 4/5] 模拟第 901/1984 笔交易: 迈克生物...
2026-05-01 18:21:31.716 | INFO     | Backtest   | [回测 4/5] 模拟第 911/1984 笔交易: 星源材质...
2026-05-01 18:21:31.976 | INFO     | Backtest   | [回测 4/5] 模拟第 921/1984 笔交易: 拓斯达...
2026-05-01 18:21:32.216 | INFO     | Backtest   | [回测 4/5] 模拟第 931/1984 笔交易: 艾德生物...
2026-05-01 18:21:32.524 | INFO     | Backtest   | [回测 4/5] 模拟第 941/1984 笔交易: 华致酒行...
2026-05-01 18:21:32.823 | INFO     | Backtest   | [回测 4/5] 模拟第 951/1984 笔交易: 法本信息...
2026-05-01 18:21:33.237 | INFO     | Backtest   | [回测 4/5] 模拟第 961/1984 笔交易: 军信股份...
2026-05-01 18:21:33.524 | INFO     | Backtest   | [回测 4/5] 模拟第 971/1984 笔交易: 华兰疫苗...
2026-05-01 18:21:33.798 | INFO     | Backtest   | [回测 4/5] 模拟第 981/1984 笔交易: 铭利达...
2026-05-01 18:21:34.019 | INFO     | Backtest   | [回测 4/5] 模拟第 991/1984 笔交易: 盟固利...
2026-05-01 18:21:34.275 | INFO     | Backtest   | [回测 4/5] 模拟第 1001/1984 笔交易: 中仑新材...
2026-05-01 18:21:34.731 | INFO     | Backtest   | [回测 4/5] 模拟第 1011/1984 笔交易: 华能国际...
2026-05-01 18:21:35.067 | INFO     | Backtest   | [回测 4/5] 模拟第 1021/1984 笔交易: 华能水电...
2026-05-01 18:21:35.381 | INFO     | Backtest   | [回测 4/5] 模拟第 1031/1984 笔交易: 浙江新能...
2026-05-01 18:21:35.780 | INFO     | Backtest   | [回测 4/5] 模拟第 1041/1984 笔交易: 保利发展...
2026-05-01 18:21:36.297 | INFO     | Backtest   | [回测 4/5] 模拟第 1051/1984 笔交易: 五矿发展...
2026-05-01 18:21:36.562 | INFO     | Backtest   | [回测 4/5] 模拟第 1061/1984 笔交易: 中船科技...
2026-05-01 18:21:36.967 | INFO     | Backtest   | [回测 4/5] 模拟第 1071/1984 笔交易: 广州发展...
2026-05-01 18:21:37.392 | INFO     | Backtest   | [回测 4/5] 模拟第 1081/1984 笔交易: 中国东航...
2026-05-01 18:21:37.721 | INFO     | Backtest   | [回测 4/5] 模拟第 1091/1984 笔交易: 杭钢股份...
2026-05-01 18:21:38.003 | INFO     | Backtest   | [回测 4/5] 模拟第 1101/1984 笔交易: 建发股份...
2026-05-01 18:21:38.492 | INFO     | Backtest   | [回测 4/5] 模拟第 1111/1984 笔交易: 中闽能源...
2026-05-01 18:21:38.769 | INFO     | Backtest   | [回测 4/5] 模拟第 1121/1984 笔交易: 中国巨石...
2026-05-01 18:21:39.046 | INFO     | Backtest   | [回测 4/5] 模拟第 1131/1984 笔交易: 有研新材...
2026-05-01 18:21:39.291 | INFO     | Backtest   | [回测 4/5] 模拟第 1141/1984 笔交易: 南山铝业...
2026-05-01 18:21:39.544 | INFO     | Backtest   | [回测 4/5] 模拟第 1151/1984 笔交易: 万通发展...
2026-05-01 18:21:39.826 | INFO     | Backtest   | [回测 4/5] 模拟第 1161/1984 笔交易: 嘉化能源...
2026-05-01 18:21:40.111 | INFO     | Backtest   | [回测 4/5] 模拟第 1171/1984 笔交易: 安迪苏...
2026-05-01 18:21:40.594 | INFO     | Backtest   | [回测 4/5] 模拟第 1181/1984 笔交易: 华发股份...
2026-05-01 18:21:40.833 | INFO     | Backtest   | [回测 4/5] 模拟第 1191/1984 笔交易: 西藏珠峰...
2026-05-01 18:21:41.163 | INFO     | Backtest   | [回测 4/5] 模拟第 1201/1984 笔交易: 创新新材...
2026-05-01 18:21:41.472 | INFO     | Backtest   | [回测 4/5] 模拟第 1211/1984 笔交易: 五矿资本...
2026-05-01 18:21:41.857 | INFO     | Backtest   | [回测 4/5] 模拟第 1221/1984 笔交易: 国电南瑞...
2026-05-01 18:21:42.236 | INFO     | Backtest   | [回测 4/5] 模拟第 1231/1984 笔交易: 北方导航...
2026-05-01 18:21:42.471 | INFO     | Backtest   | [回测 4/5] 模拟第 1241/1984 笔交易: 洪城环境...
2026-05-01 18:21:42.724 | INFO     | Backtest   | [回测 4/5] 模拟第 1251/1984 笔交易: 亨通光电...
2026-05-01 18:21:43.028 | INFO     | Backtest   | [回测 4/5] 模拟第 1261/1984 笔交易: 科达制造...
2026-05-01 18:21:43.358 | INFO     | Backtest   | [回测 4/5] 模拟第 1271/1984 笔交易: 方大炭素...
2026-05-01 18:21:43.575 | INFO     | Backtest   | [回测 4/5] 模拟第 1281/1984 笔交易: 中铁工业...
2026-05-01 18:21:43.872 | INFO     | Backtest   | [回测 4/5] 模拟第 1291/1984 笔交易: 保变电气...
2026-05-01 18:21:44.206 | INFO     | Backtest   | [回测 4/5] 模拟第 1301/1984 笔交易: 精达股份...
2026-05-01 18:21:44.526 | INFO     | Backtest   | [回测 4/5] 模拟第 1311/1984 笔交易: 用友网络...
2026-05-01 18:21:45.011 | INFO     | Backtest   | [回测 4/5] 模拟第 1321/1984 笔交易: 方正科技...
2026-05-01 18:21:45.280 | INFO     | Backtest   | [回测 4/5] 模拟第 1331/1984 笔交易: 浙数文化...
2026-05-01 18:21:45.601 | INFO     | Backtest   | [回测 4/5] 模拟第 1341/1984 笔交易: 先导基电...
2026-05-01 18:21:46.043 | INFO     | Backtest   | [回测 4/5] 模拟第 1351/1984 笔交易: 城投控股...
2026-05-01 18:21:46.384 | INFO     | Backtest   | [回测 4/5] 模拟第 1361/1984 笔交易: 陆家嘴...
2026-05-01 18:21:46.731 | INFO     | Backtest   | [回测 4/5] 模拟第 1371/1984 笔交易: 中华企业...
2026-05-01 18:21:47.051 | INFO     | Backtest   | [回测 4/5] 模拟第 1381/1984 笔交易: 均胜电子...
2026-05-01 18:21:47.473 | INFO     | Backtest   | [回测 4/5] 模拟第 1391/1984 笔交易: 华电能源...
2026-05-01 18:21:47.728 | INFO     | Backtest   | [回测 4/5] 模拟第 1401/1984 笔交易: 江苏索普...
2026-05-01 18:21:47.967 | INFO     | Backtest   | [回测 4/5] 模拟第 1411/1984 笔交易: 安徽合力...
2026-05-01 18:21:48.247 | INFO     | Backtest   | [回测 4/5] 模拟第 1421/1984 笔交易: 东方通信...
2026-05-01 18:21:48.530 | INFO     | Backtest   | [回测 4/5] 模拟第 1431/1984 笔交易: 鲁抗医药...
2026-05-01 18:21:48.772 | INFO     | Backtest   | [回测 4/5] 模拟第 1441/1984 笔交易: 华北制药...
2026-05-01 18:21:49.051 | INFO     | Backtest   | [回测 4/5] 模拟第 1451/1984 笔交易: 王府井...
2026-05-01 18:21:49.444 | INFO     | Backtest   | [回测 4/5] 模拟第 1461/1984 笔交易: 星湖科技...
2026-05-01 18:21:49.661 | INFO     | Backtest   | [回测 4/5] 模拟第 1471/1984 笔交易: 中炬高新...
2026-05-01 18:21:49.999 | INFO     | Backtest   | [回测 4/5] 模拟第 1481/1984 笔交易: 航天电子...
2026-05-01 18:21:50.266 | INFO     | Backtest   | [回测 4/5] 模拟第 1491/1984 笔交易: 江苏金租...
2026-05-01 18:21:50.842 | INFO     | Backtest   | [回测 4/5] 模拟第 1501/1984 笔交易: 永安期货...
2026-05-01 18:21:51.147 | INFO     | Backtest   | [回测 4/5] 模拟第 1511/1984 笔交易: 株冶集团...
2026-05-01 18:21:51.588 | INFO     | Backtest   | [回测 4/5] 模拟第 1521/1984 笔交易: 中国电影...
2026-05-01 18:21:51.982 | INFO     | Backtest   | [回测 4/5] 模拟第 1531/1984 笔交易: 南网储能...
2026-05-01 18:21:52.350 | INFO     | Backtest   | [回测 4/5] 模拟第 1541/1984 笔交易: 晋控煤业...
2026-05-01 18:21:52.686 | INFO     | Backtest   | [回测 4/5] 模拟第 1551/1984 笔交易: 山东出版...
2026-05-01 18:21:52.923 | INFO     | Backtest   | [回测 4/5] 模拟第 1561/1984 笔交易: 中信金属...
2026-05-01 18:21:53.345 | INFO     | Backtest   | [回测 4/5] 模拟第 1571/1984 笔交易: 宏盛华源...
2026-05-01 18:21:53.865 | INFO     | Backtest   | [回测 4/5] 模拟第 1581/1984 笔交易: 中国一重...
2026-05-01 18:21:54.203 | INFO     | Backtest   | [回测 4/5] 模拟第 1591/1984 笔交易: 中国化学...
2026-05-01 18:21:54.529 | INFO     | Backtest   | [回测 4/5] 模拟第 1601/1984 笔交易: 博威合金...
2026-05-01 18:21:54.891 | INFO     | Backtest   | [回测 4/5] 模拟第 1611/1984 笔交易: 三角轮胎...
2026-05-01 18:21:55.338 | INFO     | Backtest   | [回测 4/5] 模拟第 1621/1984 笔交易: 白银有色...
2026-05-01 18:21:55.652 | INFO     | Backtest   | [回测 4/5] 模拟第 1631/1984 笔交易: 广州港...
2026-05-01 18:21:55.947 | INFO     | Backtest   | [回测 4/5] 模拟第 1641/1984 笔交易: 广汽集团...
2026-05-01 18:21:56.279 | INFO     | Backtest   | [回测 4/5] 模拟第 1651/1984 笔交易: 三六零...
2026-05-01 18:21:56.573 | INFO     | Backtest   | [回测 4/5] 模拟第 1661/1984 笔交易: 国机重装...
2026-05-01 18:21:56.983 | INFO     | Backtest   | [回测 4/5] 模拟第 1671/1984 笔交易: 中国铝业...
2026-05-01 18:21:57.350 | INFO     | Backtest   | [回测 4/5] 模拟第 1681/1984 笔交易: 中国中冶...
2026-05-01 18:21:57.707 | INFO     | Backtest   | [回测 4/5] 模拟第 1691/1984 笔交易: 平煤股份...
2026-05-01 18:21:58.047 | INFO     | Backtest   | [回测 4/5] 模拟第 1701/1984 笔交易: 中银证券...
2026-05-01 18:21:58.366 | INFO     | Backtest   | [回测 4/5] 模拟第 1711/1984 笔交易: 中国中车...
2026-05-01 18:21:58.726 | INFO     | Backtest   | [回测 4/5] 模拟第 1721/1984 笔交易: 沪农商行...
2026-05-01 18:21:59.034 | INFO     | Backtest   | [回测 4/5] 模拟第 1731/1984 笔交易: 招商轮船...
2026-05-01 18:21:59.308 | INFO     | Backtest   | [回测 4/5] 模拟第 1741/1984 笔交易: 中煤能源...
2026-05-01 18:21:59.594 | INFO     | Backtest   | [回测 4/5] 模拟第 1751/1984 笔交易: 新集能源...
2026-05-01 18:21:59.868 | INFO     | Backtest   | [回测 4/5] 模拟第 1761/1984 笔交易: 中国汽研...
2026-05-01 18:22:00.508 | INFO     | Backtest   | [回测 4/5] 模拟第 1771/1984 笔交易: 人民网...
2026-05-01 18:22:00.861 | INFO     | Backtest   | [回测 4/5] 模拟第 1781/1984 笔交易: 台华新材...
2026-05-01 18:22:01.225 | INFO     | Backtest   | [回测 4/5] 模拟第 1791/1984 笔交易: 横店影视...
2026-05-01 18:22:01.569 | INFO     | Backtest   | [回测 4/5] 模拟第 1801/1984 笔交易: 中贝通信...
2026-05-01 18:22:01.877 | INFO     | Backtest   | [回测 4/5] 模拟第 1811/1984 笔交易: 大参林...
2026-05-01 18:22:02.171 | INFO     | Backtest   | [回测 4/5] 模拟第 1821/1984 笔交易: 旭升集团...
2026-05-01 18:22:02.534 | INFO     | Backtest   | [回测 4/5] 模拟第 1831/1984 笔交易: 百傲化学...
2026-05-01 18:22:02.879 | INFO     | Backtest   | [回测 4/5] 模拟第 1841/1984 笔交易: 掌阅科技...
2026-05-01 18:22:03.460 | INFO     | Backtest   | [回测 4/5] 模拟第 1851/1984 笔交易: XD高能环...
2026-05-01 18:22:03.754 | INFO     | Backtest   | [回测 4/5] 模拟第 1861/1984 笔交易: 健友股份...
2026-05-01 18:22:03.990 | INFO     | Backtest   | [回测 4/5] 模拟第 1871/1984 笔交易: 豪能股份...
2026-05-01 18:22:04.298 | INFO     | Backtest   | [回测 4/5] 模拟第 1881/1984 笔交易: 数据港...
2026-05-01 18:22:04.646 | INFO     | Backtest   | [回测 4/5] 模拟第 1891/1984 笔交易: 新华网...
2026-05-01 18:22:04.942 | INFO     | Backtest   | [回测 4/5] 模拟第 1901/1984 笔交易: 洛阳钼业...
2026-05-01 18:22:05.255 | INFO     | Backtest   | [回测 4/5] 模拟第 1911/1984 笔交易: 德昌股份...
2026-05-01 18:22:05.511 | INFO     | Backtest   | [回测 4/5] 模拟第 1921/1984 笔交易: 莱特光电...
2026-05-01 18:22:05.779 | INFO     | Backtest   | [回测 4/5] 模拟第 1931/1984 笔交易: 天德钰...
2026-05-01 18:22:06.013 | INFO     | Backtest   | [回测 4/5] 模拟第 1941/1984 笔交易: 微电生理...
2026-05-01 18:22:06.187 | INFO     | Backtest   | [回测 4/5] 模拟第 1951/1984 笔交易: 铁建重工...
2026-05-01 18:22:06.452 | INFO     | Backtest   | [回测 4/5] 模拟第 1961/1984 笔交易: 和辉光电-U...
2026-05-01 18:22:06.891 | INFO     | Backtest   | [回测 4/5] 模拟第 1971/1984 笔交易: 江航装备...
2026-05-01 18:22:07.135 | INFO     | Backtest   | [回测 4/5] 模拟第 1981/1984 笔交易: 珠海冠宇...
2026-05-01 18:22:07.246 | INFO     | Backtest   | [回测 5/5] 回测任务完成: 1935笔(含0笔平手离场)
2026-05-01 18:22:07.396 | INFO     | Backtest   | [回测 1/5] 筛选回测目标股票...
2026-05-01 18:22:07.406 | INFO     | DuckDB     | get_stocks_filtered | 过滤结果: 1799 只 (index=['HS300', 'ZZ500', 'ZZA500', 'ZZ1000'], mv=[None,None]亿)
2026-05-01 18:22:07.410 | INFO     | Backtest   | [回测 2/5] 加载 1799 只股票的历史数据进行快速扫描...
2026-05-01 18:22:12.044 | INFO     | Backtest   | [回测 3/5] 计算策略信号 (基于日线信号库)...
2026-05-01 18:22:12.048 | INFO     | Screener   | 🧬 [Loader] 识别到类继承策略: MA5AngleOriginalStrategy
2026-05-01 18:22:16.486 | INFO     | Backtest   | [回测 4/5] 处理 937 条信号，执行精细分钟线仿真...
2026-05-01 18:22:16.487 | INFO     | Backtest   | [回测 4/5] 模拟第 1/937 笔交易: 平安银行...
2026-05-01 18:22:16.804 | INFO     | Backtest   | [回测 4/5] 模拟第 11/937 笔交易: 华锦股份...
2026-05-01 18:22:17.069 | INFO     | Backtest   | [回测 4/5] 模拟第 21/937 笔交易: 东方盛虹...
2026-05-01 18:22:17.455 | INFO     | Backtest   | [回测 4/5] 模拟第 31/937 笔交易: 海德股份...
2026-05-01 18:22:17.872 | INFO     | Backtest   | [回测 4/5] 模拟第 41/937 笔交易: 吉林敖东...
2026-05-01 18:22:18.132 | INFO     | Backtest   | [回测 4/5] 模拟第 51/937 笔交易: 博源化工...
2026-05-01 18:22:18.510 | INFO     | Backtest   | [回测 4/5] 模拟第 61/937 笔交易: 航发控制...
2026-05-01 18:22:18.968 | INFO     | Backtest   | [回测 4/5] 模拟第 71/937 笔交易: 晋控电力...
2026-05-01 18:22:19.342 | INFO     | Backtest   | [回测 4/5] 模拟第 81/937 笔交易: 云铝股份...
2026-05-01 18:22:19.614 | INFO     | Backtest   | [回测 4/5] 模拟第 91/937 笔交易: 承德露露...
2026-05-01 18:22:20.104 | INFO     | Backtest   | [回测 4/5] 模拟第 101/937 笔交易: 河钢资源...
2026-05-01 18:22:20.415 | INFO     | Backtest   | [回测 4/5] 模拟第 111/937 笔交易: 安泰科技...
2026-05-01 18:22:20.760 | INFO     | Backtest   | [回测 4/5] 模拟第 121/937 笔交易: 新和成...
2026-05-01 18:22:21.312 | INFO     | Backtest   | [回测 4/5] 模拟第 131/937 笔交易: 双鹭药业...
2026-05-01 18:22:21.745 | INFO     | Backtest   | [回测 4/5] 模拟第 141/937 笔交易: 华峰化学...
2026-05-01 18:22:22.165 | INFO     | Backtest   | [回测 4/5] 模拟第 151/937 笔交易: 国脉科技...
2026-05-01 18:22:22.410 | INFO     | Backtest   | [回测 4/5] 模拟第 161/937 笔交易: 韵达股份...
2026-05-01 18:22:22.694 | INFO     | Backtest   | [回测 4/5] 模拟第 171/937 笔交易: 芭田股份...
2026-05-01 18:22:22.937 | INFO     | Backtest   | [回测 4/5] 模拟第 181/937 笔交易: 金风科技...
2026-05-01 18:22:23.383 | INFO     | Backtest   | [回测 4/5] 模拟第 191/937 笔交易: 塔牌集团...
2026-05-01 18:22:23.750 | INFO     | Backtest   | [回测 4/5] 模拟第 201/937 笔交易: 泰和新材...
2026-05-01 18:22:24.038 | INFO     | Backtest   | [回测 4/5] 模拟第 211/937 笔交易: 桂林三金...
2026-05-01 18:22:24.260 | INFO     | Backtest   | [回测 4/5] 模拟第 221/937 笔交易: 久立特材...
2026-05-01 18:22:24.560 | INFO     | Backtest   | [回测 4/5] 模拟第 231/937 笔交易: 千方科技...
2026-05-01 18:22:24.778 | INFO     | Backtest   | [回测 4/5] 模拟第 241/937 笔交易: 兆驰股份...
2026-05-01 18:22:25.061 | INFO     | Backtest   | [回测 4/5] 模拟第 251/937 笔交易: 荣盛石化...
2026-05-01 18:22:25.466 | INFO     | Backtest   | [回测 4/5] 模拟第 261/937 笔交易: 恺英网络...
2026-05-01 18:22:25.759 | INFO     | Backtest   | [回测 4/5] 模拟第 271/937 笔交易: 海联金汇...
2026-05-01 18:22:26.189 | INFO     | Backtest   | [回测 4/5] 模拟第 281/937 笔交易: 索菲亚...
2026-05-01 18:22:26.580 | INFO     | Backtest   | [回测 4/5] 模拟第 291/937 笔交易: 露笑科技...
2026-05-01 18:22:26.966 | INFO     | Backtest   | [回测 4/5] 模拟第 301/937 笔交易: 奋达科技...
2026-05-01 18:22:27.343 | INFO     | Backtest   | [回测 4/5] 模拟第 311/937 笔交易: 一心堂...
2026-05-01 18:22:27.685 | INFO     | Backtest   | [回测 4/5] 模拟第 321/937 笔交易: 崇达技术...
2026-05-01 18:22:27.984 | INFO     | Backtest   | [回测 4/5] 模拟第 331/937 笔交易: 长城证券...
2026-05-01 18:22:28.433 | INFO     | Backtest   | [回测 4/5] 模拟第 341/937 笔交易: 南网能源...
2026-05-01 18:22:28.717 | INFO     | Backtest   | [回测 4/5] 模拟第 351/937 笔交易: 红日药业...
2026-05-01 18:22:29.006 | INFO     | Backtest   | [回测 4/5] 模拟第 361/937 笔交易: 天源迪科...
2026-05-01 18:22:29.217 | INFO     | Backtest   | [回测 4/5] 模拟第 371/937 笔交易: 乾照光电...
2026-05-01 18:22:29.500 | INFO     | Backtest   | [回测 4/5] 模拟第 381/937 笔交易: 昌红科技...
2026-05-01 18:22:29.853 | INFO     | Backtest   | [回测 4/5] 模拟第 391/937 笔交易: 国投智能...
2026-05-01 18:22:30.187 | INFO     | Backtest   | [回测 4/5] 模拟第 401/937 笔交易: 利亚德...
2026-05-01 18:22:30.427 | INFO     | Backtest   | [回测 4/5] 模拟第 411/937 笔交易: 道氏技术...
2026-05-01 18:22:30.715 | INFO     | Backtest   | [回测 4/5] 模拟第 421/937 笔交易: 航天智造...
2026-05-01 18:22:30.937 | INFO     | Backtest   | [回测 4/5] 模拟第 431/937 笔交易: 飞荣达...
2026-05-01 18:22:31.277 | INFO     | Backtest   | [回测 4/5] 模拟第 441/937 笔交易: 华致酒行...
2026-05-01 18:22:31.582 | INFO     | Backtest   | [回测 4/5] 模拟第 451/937 笔交易: 中集车辆...
2026-05-01 18:22:31.837 | INFO     | Backtest   | [回测 4/5] 模拟第 461/937 笔交易: 致欧科技...
2026-05-01 18:22:32.130 | INFO     | Backtest   | [回测 4/5] 模拟第 471/937 笔交易: 白云机场...
2026-05-01 18:22:32.575 | INFO     | Backtest   | [回测 4/5] 模拟第 481/937 笔交易: 中国石化...
2026-05-01 18:22:32.940 | INFO     | Backtest   | [回测 4/5] 模拟第 491/937 笔交易: 厦门象屿...
2026-05-01 18:22:33.239 | INFO     | Backtest   | [回测 4/5] 模拟第 501/937 笔交易: 云天化...
2026-05-01 18:22:33.640 | INFO     | Backtest   | [回测 4/5] 模拟第 511/937 笔交易: 东湖高新...
2026-05-01 18:22:34.036 | INFO     | Backtest   | [回测 4/5] 模拟第 521/937 笔交易: 中闽能源...
2026-05-01 18:22:34.260 | INFO     | Backtest   | [回测 4/5] 模拟第 531/937 笔交易: 衢州发展...
2026-05-01 18:22:34.548 | INFO     | Backtest   | [回测 4/5] 模拟第 541/937 笔交易: 圆通速递...
2026-05-01 18:22:34.866 | INFO     | Backtest   | [回测 4/5] 模拟第 551/937 笔交易: 电投水电...
2026-05-01 18:22:35.206 | INFO     | Backtest   | [回测 4/5] 模拟第 561/937 笔交易: 中油工程...
2026-05-01 18:22:35.500 | INFO     | Backtest   | [回测 4/5] 模拟第 571/937 笔交易: 五矿资本...
2026-05-01 18:22:35.788 | INFO     | Backtest   | [回测 4/5] 模拟第 581/937 笔交易: 洪城环境...
2026-05-01 18:22:36.025 | INFO     | Backtest   | [回测 4/5] 模拟第 591/937 笔交易: 上海能源...
2026-05-01 18:22:36.321 | INFO     | Backtest   | [回测 4/5] 模拟第 601/937 笔交易: 豫光金铅...
2026-05-01 18:22:36.553 | INFO     | Backtest   | [回测 4/5] 模拟第 611/937 笔交易: 精达股份...
2026-05-01 18:22:36.900 | INFO     | Backtest   | [回测 4/5] 模拟第 621/937 笔交易: 中孚实业...
2026-05-01 18:22:37.453 | INFO     | Backtest   | [回测 4/5] 模拟第 631/937 笔交易: 大众公用...
2026-05-01 18:22:37.781 | INFO     | Backtest   | [回测 4/5] 模拟第 641/937 笔交易: 哈药股份...
2026-05-01 18:22:38.098 | INFO     | Backtest   | [回测 4/5] 模拟第 651/937 笔交易: 均胜电子...
2026-05-01 18:22:38.407 | INFO     | Backtest   | [回测 4/5] 模拟第 661/937 笔交易: 山西焦化...
2026-05-01 18:22:38.671 | INFO     | Backtest   | [回测 4/5] 模拟第 671/937 笔交易: 鲁信创投...
2026-05-01 18:22:38.924 | INFO     | Backtest   | [回测 4/5] 模拟第 681/937 笔交易: 百联股份...
2026-05-01 18:22:39.250 | INFO     | Backtest   | [回测 4/5] 模拟第 691/937 笔交易: 远东股份...
2026-05-01 18:22:39.509 | INFO     | Backtest   | [回测 4/5] 模拟第 701/937 笔交易: 新疆众和...
2026-05-01 18:22:39.960 | INFO     | Backtest   | [回测 4/5] 模拟第 711/937 笔交易: 华电新能...
2026-05-01 18:22:40.371 | INFO     | Backtest   | [回测 4/5] 模拟第 721/937 笔交易: 新五丰...
2026-05-01 18:22:40.821 | INFO     | Backtest   | [回测 4/5] 模拟第 731/937 笔交易: 晋控煤业...
2026-05-01 18:22:41.061 | INFO     | Backtest   | [回测 4/5] 模拟第 741/937 笔交易: 中信金属...
2026-05-01 18:22:41.449 | INFO     | Backtest   | [回测 4/5] 模拟第 751/937 笔交易: 昊华能源...
2026-05-01 18:22:41.712 | INFO     | Backtest   | [回测 4/5] 模拟第 761/937 笔交易: 深圳燃气...
2026-05-01 18:22:42.210 | INFO     | Backtest   | [回测 4/5] 模拟第 771/937 笔交易: 上海环境...
2026-05-01 18:22:42.536 | INFO     | Backtest   | [回测 4/5] 模拟第 781/937 笔交易: 桐昆股份...
2026-05-01 18:22:42.831 | INFO     | Backtest   | [回测 4/5] 模拟第 791/937 笔交易: 国联民生...
2026-05-01 18:22:43.278 | INFO     | Backtest   | [回测 4/5] 模拟第 801/937 笔交易: 明阳智能...
2026-05-01 18:22:43.569 | INFO     | Backtest   | [回测 4/5] 模拟第 811/937 笔交易: 中创智领...
2026-05-01 18:22:43.892 | INFO     | Backtest   | [回测 4/5] 模拟第 821/937 笔交易: 光大银行...
2026-05-01 18:22:44.205 | INFO     | Backtest   | [回测 4/5] 模拟第 831/937 笔交易: 中煤能源...
2026-05-01 18:22:44.519 | INFO     | Backtest   | [回测 4/5] 模拟第 841/937 笔交易: 重庆银行...
2026-05-01 18:22:45.023 | INFO     | Backtest   | [回测 4/5] 模拟第 851/937 笔交易: 紫燕食品...
2026-05-01 18:22:45.322 | INFO     | Backtest   | [回测 4/5] 模拟第 861/937 笔交易: 大参林...
2026-05-01 18:22:45.614 | INFO     | Backtest   | [回测 4/5] 模拟第 871/937 笔交易: 巨星农牧...
2026-05-01 18:22:45.996 | INFO     | Backtest   | [回测 4/5] 模拟第 881/937 笔交易: 中曼石油...
2026-05-01 18:22:46.262 | INFO     | Backtest   | [回测 4/5] 模拟第 891/937 笔交易: 鼎胜新材...
2026-05-01 18:22:46.572 | INFO     | Backtest   | [回测 4/5] 模拟第 901/937 笔交易: 洛阳钼业...
2026-05-01 18:22:46.872 | INFO     | Backtest   | [回测 4/5] 模拟第 911/937 笔交易: 蓝特光学...
2026-05-01 18:22:47.093 | INFO     | Backtest   | [回测 4/5] 模拟第 921/937 笔交易: 云从科技-UW...
2026-05-01 18:22:47.294 | INFO     | Backtest   | [回测 4/5] 模拟第 931/937 笔交易: 广钢气体...
2026-05-01 18:22:47.471 | INFO     | Backtest   | [回测 5/5] 回测任务完成: 922笔(含0笔平手离场)
2026-05-01 18:22:47.577 | INFO     | Backtest   | [回测 1/5] 筛选回测目标股票...
2026-05-01 18:22:47.587 | INFO     | DuckDB     | get_stocks_filtered | 过滤结果: 1799 只 (index=['HS300', 'ZZ500', 'ZZA500', 'ZZ1000'], mv=[None,None]亿)
2026-05-01 18:22:47.590 | INFO     | Backtest   | [回测 2/5] 加载 1799 只股票的历史数据进行快速扫描...
2026-05-01 18:22:52.276 | INFO     | Backtest   | [回测 3/5] 计算策略信号 (基于日线信号库)...
2026-05-01 18:22:52.281 | INFO     | Screener   | 🧬 [Loader] 识别到类继承策略: MA5AngleOriginalStrategy
2026-05-01 18:22:56.730 | INFO     | Backtest   | [回测 4/5] 处理 1410 条信号，执行精细分钟线仿真...
2026-05-01 18:22:56.732 | INFO     | Backtest   | [回测 4/5] 模拟第 1/1410 笔交易: 中国宝安...
2026-05-01 18:22:57.006 | INFO     | Backtest   | [回测 4/5] 模拟第 11/1410 笔交易: 京基智农...
2026-05-01 18:22:57.300 | INFO     | Backtest   | [回测 4/5] 模拟第 21/1410 笔交易: 北方国际...
2026-05-01 18:22:57.785 | INFO     | Backtest   | [回测 4/5] 模拟第 31/1410 笔交易: 中联重科...
2026-05-01 18:22:58.024 | INFO     | Backtest   | [回测 4/5] 模拟第 41/1410 笔交易: 中兵红箭...
2026-05-01 18:22:58.384 | INFO     | Backtest   | [回测 4/5] 模拟第 51/1410 笔交易: 神州信息...
2026-05-01 18:22:58.860 | INFO     | Backtest   | [回测 4/5] 模拟第 61/1410 笔交易: 建投能源...
2026-05-01 18:22:59.109 | INFO     | Backtest   | [回测 4/5] 模拟第 71/1410 笔交易: 长安汽车...
2026-05-01 18:22:59.531 | INFO     | Backtest   | [回测 4/5] 模拟第 81/1410 笔交易: 山推股份...
2026-05-01 18:22:59.879 | INFO     | Backtest   | [回测 4/5] 模拟第 91/1410 笔交易: 东北证券...
2026-05-01 18:23:00.227 | INFO     | Backtest   | [回测 4/5] 模拟第 101/1410 笔交易: 美锦能源...
2026-05-01 18:23:00.585 | INFO     | Backtest   | [回测 4/5] 模拟第 111/1410 笔交易: 国海证券...
2026-05-01 18:23:01.009 | INFO     | Backtest   | [回测 4/5] 模拟第 121/1410 笔交易: 广发证券...
2026-05-01 18:23:01.466 | INFO     | Backtest   | [回测 4/5] 模拟第 131/1410 笔交易: 四川九洲...
2026-05-01 18:23:01.874 | INFO     | Backtest   | [回测 4/5] 模拟第 141/1410 笔交易: 天音控股...
2026-05-01 18:23:02.113 | INFO     | Backtest   | [回测 4/5] 模拟第 151/1410 笔交易: 湖北能源...
2026-05-01 18:23:02.601 | INFO     | Backtest   | [回测 4/5] 模拟第 161/1410 笔交易: 中国铁物...
2026-05-01 18:23:02.897 | INFO     | Backtest   | [回测 4/5] 模拟第 171/1410 笔交易: 四川双马...
2026-05-01 18:23:03.212 | INFO     | Backtest   | [回测 4/5] 模拟第 181/1410 笔交易: 锡业股份...
2026-05-01 18:23:03.467 | INFO     | Backtest   | [回测 4/5] 模拟第 191/1410 笔交易: 弘业期货...
2026-05-01 18:23:03.954 | INFO     | Backtest   | [回测 4/5] 模拟第 201/1410 笔交易: 协鑫能科...
2026-05-01 18:23:04.282 | INFO     | Backtest   | [回测 4/5] 模拟第 211/1410 笔交易: 联创电子...
2026-05-01 18:23:04.718 | INFO     | Backtest   | [回测 4/5] 模拟第 221/1410 笔交易: 云南能投...
2026-05-01 18:23:05.314 | INFO     | Backtest   | [回测 4/5] 模拟第 231/1410 笔交易: 华峰化学...
2026-05-01 18:23:05.623 | INFO     | Backtest   | [回测 4/5] 模拟第 241/1410 笔交易: 大港股份...
2026-05-01 18:23:05.965 | INFO     | Backtest   | [回测 4/5] 模拟第 251/1410 笔交易: 国脉科技...
2026-05-01 18:23:06.245 | INFO     | Backtest   | [回测 4/5] 模拟第 261/1410 笔交易: 三钢闽光...
2026-05-01 18:23:06.504 | INFO     | Backtest   | [回测 4/5] 模拟第 271/1410 笔交易: 广电运通...
2026-05-01 18:23:06.781 | INFO     | Backtest   | [回测 4/5] 模拟第 281/1410 笔交易: 芭田股份...
2026-05-01 18:23:07.106 | INFO     | Backtest   | [回测 4/5] 模拟第 291/1410 笔交易: 华天科技...
2026-05-01 18:23:07.371 | INFO     | Backtest   | [回测 4/5] 模拟第 301/1410 笔交易: 大连重工...
2026-05-01 18:23:07.846 | INFO     | Backtest   | [回测 4/5] 模拟第 311/1410 笔交易: 滨江集团...
2026-05-01 18:23:08.094 | INFO     | Backtest   | [回测 4/5] 模拟第 321/1410 笔交易: 恩华药业...
2026-05-01 18:23:08.375 | INFO     | Backtest   | [回测 4/5] 模拟第 331/1410 笔交易: 东方雨虹...
2026-05-01 18:23:08.614 | INFO     | Backtest   | [回测 4/5] 模拟第 341/1410 笔交易: 众生药业...
2026-05-01 18:23:08.855 | INFO     | Backtest   | [回测 4/5] 模拟第 351/1410 笔交易: 中恒电气...
2026-05-01 18:23:09.116 | INFO     | Backtest   | [回测 4/5] 模拟第 361/1410 笔交易: 齐翔腾达...
2026-05-01 18:23:09.370 | INFO     | Backtest   | [回测 4/5] 模拟第 371/1410 笔交易: 兆驰股份...
2026-05-01 18:23:09.629 | INFO     | Backtest   | [回测 4/5] 模拟第 381/1410 笔交易: 申通快递...
2026-05-01 18:23:09.973 | INFO     | Backtest   | [回测 4/5] 模拟第 391/1410 笔交易: 山西证券...
2026-05-01 18:23:10.371 | INFO     | Backtest   | [回测 4/5] 模拟第 401/1410 笔交易: 天山铝业...
2026-05-01 18:23:10.709 | INFO     | Backtest   | [回测 4/5] 模拟第 411/1410 笔交易: 东方铁塔...
2026-05-01 18:23:11.025 | INFO     | Backtest   | [回测 4/5] 模拟第 421/1410 笔交易: 百润股份...
2026-05-01 18:23:11.366 | INFO     | Backtest   | [回测 4/5] 模拟第 431/1410 笔交易: 以岭药业...
2026-05-01 18:23:11.740 | INFO     | Backtest   | [回测 4/5] 模拟第 441/1410 笔交易: 完美世界...
2026-05-01 18:23:12.053 | INFO     | Backtest   | [回测 4/5] 模拟第 451/1410 笔交易: 西部证券...
2026-05-01 18:23:12.482 | INFO     | Backtest   | [回测 4/5] 模拟第 461/1410 笔交易: 博实股份...
2026-05-01 18:23:12.817 | INFO     | Backtest   | [回测 4/5] 模拟第 471/1410 笔交易: 葵花药业...
2026-05-01 18:23:13.160 | INFO     | Backtest   | [回测 4/5] 模拟第 481/1410 笔交易: 崇达技术...
2026-05-01 18:23:13.530 | INFO     | Backtest   | [回测 4/5] 模拟第 491/1410 笔交易: 盈趣科技...
2026-05-01 18:23:13.914 | INFO     | Backtest   | [回测 4/5] 模拟第 501/1410 笔交易: 青鸟智控...
2026-05-01 18:23:14.209 | INFO     | Backtest   | [回测 4/5] 模拟第 511/1410 笔交易: 东鹏控股...
2026-05-01 18:23:14.524 | INFO     | Backtest   | [回测 4/5] 模拟第 521/1410 笔交易: 天海防务...
2026-05-01 18:23:14.862 | INFO     | Backtest   | [回测 4/5] 模拟第 531/1410 笔交易: 华谊兄弟...
2026-05-01 18:23:15.070 | INFO     | Backtest   | [回测 4/5] 模拟第 541/1410 笔交易: 东方财富...
2026-05-01 18:23:15.407 | INFO     | Backtest   | [回测 4/5] 模拟第 551/1410 笔交易: 国民技术...
2026-05-01 18:23:15.702 | INFO     | Backtest   | [回测 4/5] 模拟第 561/1410 笔交易: 高新兴...
2026-05-01 18:23:15.971 | INFO     | Backtest   | [回测 4/5] 模拟第 571/1410 笔交易: 大富科技...
2026-05-01 18:23:16.264 | INFO     | Backtest   | [回测 4/5] 模拟第 581/1410 笔交易: 东富龙...
2026-05-01 18:23:16.709 | INFO     | Backtest   | [回测 4/5] 模拟第 591/1410 笔交易: 拓尔思...
2026-05-01 18:23:16.976 | INFO     | Backtest   | [回测 4/5] 模拟第 601/1410 笔交易: 三诺生物...
2026-05-01 18:23:17.182 | INFO     | Backtest   | [回测 4/5] 模拟第 611/1410 笔交易: 光环新网...
2026-05-01 18:23:17.494 | INFO     | Backtest   | [回测 4/5] 模拟第 621/1410 笔交易: 道氏技术...
2026-05-01 18:23:17.754 | INFO     | Backtest   | [回测 4/5] 模拟第 631/1410 笔交易: 创业慧康...
2026-05-01 18:23:18.105 | INFO     | Backtest   | [回测 4/5] 模拟第 641/1410 笔交易: 博思软件...
2026-05-01 18:23:18.339 | INFO     | Backtest   | [回测 4/5] 模拟第 651/1410 笔交易: 康泰生物...
2026-05-01 18:23:18.644 | INFO     | Backtest   | [回测 4/5] 模拟第 661/1410 笔交易: 朗新科技...
2026-05-01 18:23:18.937 | INFO     | Backtest   | [回测 4/5] 模拟第 671/1410 笔交易: 锐科激光...
2026-05-01 18:23:19.336 | INFO     | Backtest   | [回测 4/5] 模拟第 681/1410 笔交易: 中集车辆...
2026-05-01 18:23:19.662 | INFO     | Backtest   | [回测 4/5] 模拟第 691/1410 笔交易: 华兰疫苗...
2026-05-01 18:23:19.922 | INFO     | Backtest   | [回测 4/5] 模拟第 701/1410 笔交易: 铭利达...
2026-05-01 18:23:20.157 | INFO     | Backtest   | [回测 4/5] 模拟第 711/1410 笔交易: 盟固利...
2026-05-01 18:23:20.555 | INFO     | Backtest   | [回测 4/5] 模拟第 721/1410 笔交易: 首创环保...
2026-05-01 18:23:20.910 | INFO     | Backtest   | [回测 4/5] 模拟第 731/1410 笔交易: 中远海能...
2026-05-01 18:23:21.241 | INFO     | Backtest   | [回测 4/5] 模拟第 741/1410 笔交易: 保利发展...
2026-05-01 18:23:21.828 | INFO     | Backtest   | [回测 4/5] 模拟第 751/1410 笔交易: 五矿发展...
2026-05-01 18:23:22.138 | INFO     | Backtest   | [回测 4/5] 模拟第 761/1410 笔交易: 特变电工...
2026-05-01 18:23:22.650 | INFO     | Backtest   | [回测 4/5] 模拟第 771/1410 笔交易: 浙江东日...
2026-05-01 18:23:23.037 | INFO     | Backtest   | [回测 4/5] 模拟第 781/1410 笔交易: 东湖高新...
2026-05-01 18:23:23.383 | INFO     | Backtest   | [回测 4/5] 模拟第 791/1410 笔交易: 中体产业...
2026-05-01 18:23:23.677 | INFO     | Backtest   | [回测 4/5] 模拟第 801/1410 笔交易: 兖矿能源...
2026-05-01 18:23:23.978 | INFO     | Backtest   | [回测 4/5] 模拟第 811/1410 笔交易: 南山铝业...
2026-05-01 18:23:24.237 | INFO     | Backtest   | [回测 4/5] 模拟第 821/1410 笔交易: 首旅酒店...
2026-05-01 18:23:24.545 | INFO     | Backtest   | [回测 4/5] 模拟第 831/1410 笔交易: 电投水电...
2026-05-01 18:23:24.905 | INFO     | Backtest   | [回测 4/5] 模拟第 841/1410 笔交易: 华发股份...
2026-05-01 18:23:25.111 | INFO     | Backtest   | [回测 4/5] 模拟第 851/1410 笔交易: 创新新材...
2026-05-01 18:23:25.487 | INFO     | Backtest   | [回测 4/5] 模拟第 861/1410 笔交易: 大有能源...
2026-05-01 18:23:25.923 | INFO     | Backtest   | [回测 4/5] 模拟第 871/1410 笔交易: 通威股份...
2026-05-01 18:23:26.139 | INFO     | Backtest   | [回测 4/5] 模拟第 881/1410 笔交易: 科力远...
2026-05-01 18:23:26.467 | INFO     | Backtest   | [回测 4/5] 模拟第 891/1410 笔交易: 烽火通信...
2026-05-01 18:23:26.864 | INFO     | Backtest   | [回测 4/5] 模拟第 901/1410 笔交易: 海南机场...
2026-05-01 18:23:27.114 | INFO     | Backtest   | [回测 4/5] 模拟第 911/1410 笔交易: 豫光金铅...
2026-05-01 18:23:27.386 | INFO     | Backtest   | [回测 4/5] 模拟第 921/1410 笔交易: 康缘药业...
2026-05-01 18:23:27.736 | INFO     | Backtest   | [回测 4/5] 模拟第 931/1410 笔交易: 海螺水泥...
2026-05-01 18:23:28.039 | INFO     | Backtest   | [回测 4/5] 模拟第 941/1410 笔交易: 氯碱化工...
2026-05-01 18:23:28.307 | INFO     | Backtest   | [回测 4/5] 模拟第 951/1410 笔交易: 浦东金桥...
2026-05-01 18:23:28.593 | INFO     | Backtest   | [回测 4/5] 模拟第 961/1410 笔交易: 飞乐音响...
2026-05-01 18:23:28.970 | INFO     | Backtest   | [回测 4/5] 模拟第 971/1410 笔交易: 中华企业...
2026-05-01 18:23:29.353 | INFO     | Backtest   | [回测 4/5] 模拟第 981/1410 笔交易: 上海石化...
2026-05-01 18:23:29.693 | INFO     | Backtest   | [回测 4/5] 模拟第 991/1410 笔交易: 中粮糖业...
2026-05-01 18:23:29.934 | INFO     | Backtest   | [回测 4/5] 模拟第 1001/1410 笔交易: 安徽合力...
2026-05-01 18:23:30.196 | INFO     | Backtest   | [回测 4/5] 模拟第 1011/1410 笔交易: 鲁信创投...
2026-05-01 18:23:30.497 | INFO     | Backtest   | [回测 4/5] 模拟第 1021/1410 笔交易: 马钢股份...
2026-05-01 18:23:30.784 | INFO     | Backtest   | [回测 4/5] 模拟第 1031/1410 笔交易: 北京人力...
2026-05-01 18:23:31.111 | INFO     | Backtest   | [回测 4/5] 模拟第 1041/1410 笔交易: 远东股份...
2026-05-01 18:23:31.432 | INFO     | Backtest   | [回测 4/5] 模拟第 1051/1410 笔交易: 杉杉股份...
2026-05-01 18:23:31.725 | INFO     | Backtest   | [回测 4/5] 模拟第 1061/1410 笔交易: 无锡银行...
2026-05-01 18:23:32.207 | INFO     | Backtest   | [回测 4/5] 模拟第 1071/1410 笔交易: 江苏有线...
2026-05-01 18:23:32.591 | INFO     | Backtest   | [回测 4/5] 模拟第 1081/1410 笔交易: 淮北矿业...
2026-05-01 18:23:32.955 | INFO     | Backtest   | [回测 4/5] 模拟第 1091/1410 笔交易: 九州通...
2026-05-01 18:23:33.343 | INFO     | Backtest   | [回测 4/5] 模拟第 1101/1410 笔交易: 华钰矿业...
2026-05-01 18:23:33.615 | INFO     | Backtest   | [回测 4/5] 模拟第 1111/1410 笔交易: 锦江航运...
2026-05-01 18:23:34.022 | INFO     | Backtest   | [回测 4/5] 模拟第 1121/1410 笔交易: 中国一重...
2026-05-01 18:23:34.288 | INFO     | Backtest   | [回测 4/5] 模拟第 1131/1410 笔交易: 海南橡胶...
2026-05-01 18:23:34.628 | INFO     | Backtest   | [回测 4/5] 模拟第 1141/1410 笔交易: 东航物流...
2026-05-01 18:23:35.000 | INFO     | Backtest   | [回测 4/5] 模拟第 1151/1410 笔交易: 东材科技...
2026-05-01 18:23:35.275 | INFO     | Backtest   | [回测 4/5] 模拟第 1161/1410 笔交易: 上海银行...
2026-05-01 18:23:35.606 | INFO     | Backtest   | [回测 4/5] 模拟第 1171/1410 笔交易: 秦港股份...
2026-05-01 18:23:35.944 | INFO     | Backtest   | [回测 4/5] 模拟第 1181/1410 笔交易: 工商银行...
2026-05-01 18:23:36.333 | INFO     | Backtest   | [回测 4/5] 模拟第 1191/1410 笔交易: 中信重工...
2026-05-01 18:23:36.695 | INFO     | Backtest   | [回测 4/5] 模拟第 1201/1410 笔交易: 邮储银行...
2026-05-01 18:23:37.028 | INFO     | Backtest   | [回测 4/5] 模拟第 1211/1410 笔交易: 中银证券...
2026-05-01 18:23:37.392 | INFO     | Backtest   | [回测 4/5] 模拟第 1221/1410 笔交易: 晶科科技...
2026-05-01 18:23:37.679 | INFO     | Backtest   | [回测 4/5] 模拟第 1231/1410 笔交易: 招商轮船...
2026-05-01 18:23:37.946 | INFO     | Backtest   | [回测 4/5] 模拟第 1241/1410 笔交易: 紫金矿业...
2026-05-01 18:23:38.251 | INFO     | Backtest   | [回测 4/5] 模拟第 1251/1410 笔交易: 金钼股份...
2026-05-01 18:23:38.702 | INFO     | Backtest   | [回测 4/5] 模拟第 1261/1410 笔交易: 人民网...
2026-05-01 18:23:39.041 | INFO     | Backtest   | [回测 4/5] 模拟第 1271/1410 笔交易: 和邦生物...
2026-05-01 18:23:39.424 | INFO     | Backtest   | [回测 4/5] 模拟第 1281/1410 笔交易: 润本股份...
2026-05-01 18:23:39.750 | INFO     | Backtest   | [回测 4/5] 模拟第 1291/1410 笔交易: 大参林...
2026-05-01 18:23:40.071 | INFO     | Backtest   | [回测 4/5] 模拟第 1301/1410 笔交易: 应流股份...
2026-05-01 18:23:40.465 | INFO     | Backtest   | [回测 4/5] 模拟第 1311/1410 笔交易: 掌阅科技...
2026-05-01 18:23:40.931 | INFO     | Backtest   | [回测 4/5] 模拟第 1321/1410 笔交易: 江苏新能...
2026-05-01 18:23:41.166 | INFO     | Backtest   | [回测 4/5] 模拟第 1331/1410 笔交易: 福斯特...
2026-05-01 18:23:41.509 | INFO     | Backtest   | [回测 4/5] 模拟第 1341/1410 笔交易: 老百姓...
2026-05-01 18:23:41.824 | INFO     | Backtest   | [回测 4/5] 模拟第 1351/1410 笔交易: 国茂股份...
2026-05-01 18:23:42.092 | INFO     | Backtest   | [回测 4/5] 模拟第 1361/1410 笔交易: 德昌股份...
2026-05-01 18:23:42.352 | INFO     | Backtest   | [回测 4/5] 模拟第 1371/1410 笔交易: 埃夫特-U...
2026-05-01 18:23:42.616 | INFO     | Backtest   | [回测 4/5] 模拟第 1381/1410 笔交易: 微芯生物...
2026-05-01 18:23:42.801 | INFO     | Backtest   | [回测 4/5] 模拟第 1391/1410 笔交易: 铁建重工...
2026-05-01 18:23:43.266 | INFO     | Backtest   | [回测 4/5] 模拟第 1401/1410 笔交易: 江航装备...
2026-05-01 18:23:43.549 | INFO     | Backtest   | [回测 5/5] 回测任务完成: 1369笔(含0笔平手离场)
2026-05-01 18:23:43.681 | INFO     | Backtest   | [回测 1/5] 筛选回测目标股票...
2026-05-01 18:23:43.691 | INFO     | DuckDB     | get_stocks_filtered | 过滤结果: 1799 只 (index=['HS300', 'ZZ500', 'ZZA500', 'ZZ1000'], mv=[None,None]亿)
2026-05-01 18:23:43.694 | INFO     | Backtest   | [回测 2/5] 加载 1799 只股票的历史数据进行快速扫描...
2026-05-01 18:23:48.448 | INFO     | Backtest   | [回测 3/5] 计算策略信号 (基于日线信号库)...
2026-05-01 18:23:48.452 | INFO     | Screener   | 🧬 [Loader] 识别到类继承策略: MA5AngleOriginalStrategy
2026-05-01 18:23:52.919 | INFO     | Backtest   | [回测 4/5] 处理 659 条信号，执行精细分钟线仿真...
2026-05-01 18:23:52.920 | INFO     | Backtest   | [回测 4/5] 模拟第 1/659 笔交易: 中国宝安...
2026-05-01 18:23:53.223 | INFO     | Backtest   | [回测 4/5] 模拟第 11/659 笔交易: 中信海直...
2026-05-01 18:23:53.514 | INFO     | Backtest   | [回测 4/5] 模拟第 21/659 笔交易: 北部湾港...
2026-05-01 18:23:53.903 | INFO     | Backtest   | [回测 4/5] 模拟第 31/659 笔交易: 山推股份...
2026-05-01 18:23:54.303 | INFO     | Backtest   | [回测 4/5] 模拟第 41/659 笔交易: 普洛药业...
2026-05-01 18:23:54.765 | INFO     | Backtest   | [回测 4/5] 模拟第 51/659 笔交易: 长江证券...
2026-05-01 18:23:55.085 | INFO     | Backtest   | [回测 4/5] 模拟第 61/659 笔交易: 承德露露...
2026-05-01 18:23:55.582 | INFO     | Backtest   | [回测 4/5] 模拟第 71/659 笔交易: 中钢国际...
2026-05-01 18:23:55.919 | INFO     | Backtest   | [回测 4/5] 模拟第 81/659 笔交易: 大中矿业...
2026-05-01 18:23:56.463 | INFO     | Backtest   | [回测 4/5] 模拟第 91/659 笔交易: 分众传媒...
2026-05-01 18:23:56.882 | INFO     | Backtest   | [回测 4/5] 模拟第 101/659 笔交易: 东华软件...
2026-05-01 18:23:57.224 | INFO     | Backtest   | [回测 4/5] 模拟第 111/659 笔交易: 山河智能...
2026-05-01 18:23:57.509 | INFO     | Backtest   | [回测 4/5] 模拟第 121/659 笔交易: 海南发展...
2026-05-01 18:23:57.749 | INFO     | Backtest   | [回测 4/5] 模拟第 131/659 笔交易: 金风科技...
2026-05-01 18:23:58.222 | INFO     | Backtest   | [回测 4/5] 模拟第 141/659 笔交易: 歌尔股份...
2026-05-01 18:23:58.519 | INFO     | Backtest   | [回测 4/5] 模拟第 151/659 笔交易: 浙富控股...
2026-05-01 18:23:58.701 | INFO     | Backtest   | [回测 4/5] 模拟第 161/659 笔交易: 久立特材...
2026-05-01 18:23:58.963 | INFO     | Backtest   | [回测 4/5] 模拟第 171/659 笔交易: 四维图新...
2026-05-01 18:23:59.212 | INFO     | Backtest   | [回测 4/5] 模拟第 181/659 笔交易: 江海股份...
2026-05-01 18:23:59.649 | INFO     | Backtest   | [回测 4/5] 模拟第 191/659 笔交易: 天顺风能...
2026-05-01 18:23:59.948 | INFO     | Backtest   | [回测 4/5] 模拟第 201/659 笔交易: 普天科技...
2026-05-01 18:24:00.432 | INFO     | Backtest   | [回测 4/5] 模拟第 211/659 笔交易: 朗姿股份...
2026-05-01 18:24:00.807 | INFO     | Backtest   | [回测 4/5] 模拟第 221/659 笔交易: 东诚药业...
2026-05-01 18:24:01.236 | INFO     | Backtest   | [回测 4/5] 模拟第 231/659 笔交易: 坚朗五金...
2026-05-01 18:24:01.530 | INFO     | Backtest   | [回测 4/5] 模拟第 241/659 笔交易: 长城证券...
2026-05-01 18:24:01.938 | INFO     | Backtest   | [回测 4/5] 模拟第 251/659 笔交易: 天海防务...
2026-05-01 18:24:02.195 | INFO     | Backtest   | [回测 4/5] 模拟第 261/659 笔交易: 天源迪科...
2026-05-01 18:24:02.422 | INFO     | Backtest   | [回测 4/5] 模拟第 271/659 笔交易: 顺网科技...
2026-05-01 18:24:02.720 | INFO     | Backtest   | [回测 4/5] 模拟第 281/659 笔交易: 佐力药业...
2026-05-01 18:24:03.149 | INFO     | Backtest   | [回测 4/5] 模拟第 291/659 笔交易: 利亚德...
2026-05-01 18:24:03.411 | INFO     | Backtest   | [回测 4/5] 模拟第 301/659 笔交易: 航天智造...
2026-05-01 18:24:03.702 | INFO     | Backtest   | [回测 4/5] 模拟第 311/659 笔交易: 晶瑞电材...
2026-05-01 18:24:03.991 | INFO     | Backtest   | [回测 4/5] 模拟第 321/659 笔交易: 怡合达...
2026-05-01 18:24:04.294 | INFO     | Backtest   | [回测 4/5] 模拟第 331/659 笔交易: 致欧科技...
2026-05-01 18:24:04.734 | INFO     | Backtest   | [回测 4/5] 模拟第 341/659 笔交易: 上海电力...
2026-05-01 18:24:05.060 | INFO     | Backtest   | [回测 4/5] 模拟第 351/659 笔交易: 中国医药...
2026-05-01 18:24:05.469 | INFO     | Backtest   | [回测 4/5] 模拟第 361/659 笔交易: 浙江东日...
2026-05-01 18:24:05.846 | INFO     | Backtest   | [回测 4/5] 模拟第 371/659 笔交易: 建发股份...
2026-05-01 18:24:06.159 | INFO     | Backtest   | [回测 4/5] 模拟第 381/659 笔交易: 南山铝业...
2026-05-01 18:24:06.492 | INFO     | Backtest   | [回测 4/5] 模拟第 391/659 笔交易: 电投水电...
2026-05-01 18:24:06.802 | INFO     | Backtest   | [回测 4/5] 模拟第 401/659 笔交易: 昊华科技...
2026-05-01 18:24:07.132 | INFO     | Backtest   | [回测 4/5] 模拟第 411/659 笔交易: 科力远...
2026-05-01 18:24:07.464 | INFO     | Backtest   | [回测 4/5] 模拟第 421/659 笔交易: 中天科技...
2026-05-01 18:24:07.753 | INFO     | Backtest   | [回测 4/5] 模拟第 431/659 笔交易: 保变电气...
2026-05-01 18:24:07.991 | INFO     | Backtest   | [回测 4/5] 模拟第 441/659 笔交易: 方正科技...
2026-05-01 18:24:08.316 | INFO     | Backtest   | [回测 4/5] 模拟第 451/659 笔交易: 城投控股...
2026-05-01 18:24:08.693 | INFO     | Backtest   | [回测 4/5] 模拟第 461/659 笔交易: 均胜电子...
2026-05-01 18:24:09.009 | INFO     | Backtest   | [回测 4/5] 模拟第 471/659 笔交易: 华域汽车...
2026-05-01 18:24:09.312 | INFO     | Backtest   | [回测 4/5] 模拟第 481/659 笔交易: 王府井...
2026-05-01 18:24:09.644 | INFO     | Backtest   | [回测 4/5] 模拟第 491/659 笔交易: 石化油服...
2026-05-01 18:24:10.006 | INFO     | Backtest   | [回测 4/5] 模拟第 501/659 笔交易: 华安证券...
2026-05-01 18:24:10.415 | INFO     | Backtest   | [回测 4/5] 模拟第 511/659 笔交易: 新五丰...
2026-05-01 18:24:10.771 | INFO     | Backtest   | [回测 4/5] 模拟第 521/659 笔交易: 华钰矿业...
2026-05-01 18:24:11.054 | INFO     | Backtest   | [回测 4/5] 模拟第 531/659 笔交易: 昊华能源...
2026-05-01 18:24:11.360 | INFO     | Backtest   | [回测 4/5] 模拟第 541/659 笔交易: 东航物流...
2026-05-01 18:24:11.689 | INFO     | Backtest   | [回测 4/5] 模拟第 551/659 笔交易: 陕西煤业...
2026-05-01 18:24:12.093 | INFO     | Backtest   | [回测 4/5] 模拟第 561/659 笔交易: 陕鼓动力...
2026-05-01 18:24:12.424 | INFO     | Backtest   | [回测 4/5] 模拟第 571/659 笔交易: 华泰证券...
2026-05-01 18:24:12.708 | INFO     | Backtest   | [回测 4/5] 模拟第 581/659 笔交易: 中国石油...
2026-05-01 18:24:13.041 | INFO     | Backtest   | [回测 4/5] 模拟第 591/659 笔交易: 金钼股份...
2026-05-01 18:24:13.553 | INFO     | Backtest   | [回测 4/5] 模拟第 601/659 笔交易: 紫燕食品...
2026-05-01 18:24:13.908 | INFO     | Backtest   | [回测 4/5] 模拟第 611/659 笔交易: 苏盐井神...
2026-05-01 18:24:14.218 | INFO     | Backtest   | [回测 4/5] 模拟第 621/659 笔交易: 航天工程...
2026-05-01 18:24:14.550 | INFO     | Backtest   | [回测 4/5] 模拟第 631/659 笔交易: 吉祥航空...
2026-05-01 18:24:14.831 | INFO     | Backtest   | [回测 4/5] 模拟第 641/659 笔交易: 光峰科技...
2026-05-01 18:24:15.066 | INFO     | Backtest   | [回测 4/5] 模拟第 651/659 笔交易: 汇成股份...
2026-05-01 18:24:15.286 | INFO     | Backtest   | [回测 5/5] 回测任务完成: 647笔(含0笔平手离场)
2026-05-01 22:59:48.089 | INFO     | DuckDB     | DuckDB | 所有核心表结构初始化完成 (含热点板块)
2026-05-01 22:59:48.090 | INFO     | DuckDB     | DuckDB 核心就绪: E:\1target\p9_project\quant-platform\data\meta\meta.db
2026-05-01 23:00:01.096 | INFO     | DuckDB     | DuckDB | 所有核心表结构初始化完成 (含热点板块)
2026-05-01 23:00:01.097 | INFO     | DuckDB     | DuckDB 核心就绪: E:\1target\p9_project\quant-platform\data\meta\meta.db
2026-05-01 23:00:34.162 | INFO     | DuckDB     | DuckDB | 所有核心表结构初始化完成 (含热点板块)
2026-05-01 23:00:34.162 | INFO     | DuckDB     | DuckDB 核心就绪: E:\1target\p9_project\quant-platform\data\meta\meta.db
2026-05-01 23:01:53.304 | INFO     | DuckDB     | DuckDB | 所有核心表结构初始化完成 (含热点板块)
2026-05-01 23:01:53.304 | INFO     | DuckDB     | DuckDB 核心就绪: E:\1target\p9_project\quant-platform\data\meta\meta.db
2026-05-01 23:01:53.332 | INFO     | Backtest   | [回测 1/5] 筛选回测目标股票...
2026-05-01 23:01:53.338 | INFO     | DuckDB     | get_stocks_filtered | 过滤结果: 1799 只 (index=['HS300', 'ZZ500', 'ZZA500', 'ZZ1000'], mv=[None,None]亿)
2026-05-01 23:01:53.341 | INFO     | Backtest   | [回测 2/5] 加载 1799 只股票的历史数据进行快速扫描...
2026-05-01 23:01:58.324 | INFO     | Backtest   | [回测 3/5] 计算策略信号 (基于日线信号库)...
2026-05-01 23:01:58.332 | INFO     | Screener   | 🧬 [Loader] 识别到类继承策略: MA5AngleOriginalStrategy
2026-05-01 23:02:02.385 | INFO     | Backtest   | [回测 4/5] 处理 224 条信号，执行精细分钟线仿真...
2026-05-01 23:02:02.386 | INFO     | Backtest   | [回测 4/5] 模拟第 1/224 笔交易: 深科技...
2026-05-01 23:02:03.253 | INFO     | Backtest   | [回测 4/5] 模拟第 11/224 笔交易: 博源化工...
2026-05-01 23:02:03.558 | INFO     | Backtest   | [回测 4/5] 模拟第 21/224 笔交易: 德展健康...
2026-05-01 23:02:03.862 | INFO     | Backtest   | [回测 4/5] 模拟第 31/224 笔交易: 海特高新...
2026-05-01 23:02:04.199 | INFO     | Backtest   | [回测 4/5] 模拟第 41/224 笔交易: 石基信息...
2026-05-01 23:02:04.429 | INFO     | Backtest   | [回测 4/5] 模拟第 51/224 笔交易: 大洋电机...
2026-05-01 23:02:04.665 | INFO     | Backtest   | [回测 4/5] 模拟第 61/224 笔交易: 兆驰股份...
2026-05-01 23:02:04.929 | INFO     | Backtest   | [回测 4/5] 模拟第 71/224 笔交易: 云图控股...
2026-05-01 23:02:05.186 | INFO     | Backtest   | [回测 4/5] 模拟第 81/224 笔交易: 金龙羽...
2026-05-01 23:02:05.428 | INFO     | Backtest   | [回测 4/5] 模拟第 91/224 笔交易: 蓝色光标...
2026-05-01 23:02:05.661 | INFO     | Backtest   | [回测 4/5] 模拟第 101/224 笔交易: 道氏技术...
2026-05-01 23:02:05.915 | INFO     | Backtest   | [回测 4/5] 模拟第 111/224 笔交易: 东岳硅材...
2026-05-01 23:02:06.169 | INFO     | Backtest   | [回测 4/5] 模拟第 121/224 笔交易: 永鼎股份...
2026-05-01 23:02:06.471 | INFO     | Backtest   | [回测 4/5] 模拟第 131/224 笔交易: 平高电气...
2026-05-01 23:02:06.714 | INFO     | Backtest   | [回测 4/5] 模拟第 141/224 笔交易: 天富能源...
2026-05-01 23:02:06.938 | INFO     | Backtest   | [回测 4/5] 模拟第 151/224 笔交易: 新安股份...
2026-05-01 23:02:07.165 | INFO     | Backtest   | [回测 4/5] 模拟第 161/224 笔交易: 中航重机...
2026-05-01 23:02:07.422 | INFO     | Backtest   | [回测 4/5] 模拟第 171/224 笔交易: 株冶集团...
2026-05-01 23:02:07.660 | INFO     | Backtest   | [回测 4/5] 模拟第 181/224 笔交易: 中国一重...
2026-05-01 23:02:07.930 | INFO     | Backtest   | [回测 4/5] 模拟第 191/224 笔交易: 长城军工...
2026-05-01 23:02:08.176 | INFO     | Backtest   | [回测 4/5] 模拟第 201/224 笔交易: 重庆银行...
2026-05-01 23:02:08.455 | INFO     | Backtest   | [回测 4/5] 模拟第 211/224 笔交易: 岱美股份...
2026-05-01 23:02:08.719 | INFO     | Backtest   | [回测 4/5] 模拟第 221/224 笔交易: 汇成股份...
2026-05-01 23:02:08.826 | INFO     | Backtest   | [回测 5/5] 回测任务完成: 222笔(含0笔平手离场)
2026-05-01 23:02:26.838 | INFO     | DuckDB     | DuckDB | 所有核心表结构初始化完成 (含热点板块)
2026-05-01 23:02:26.838 | INFO     | DuckDB     | DuckDB 核心就绪: E:\1target\p9_project\quant-platform\data\meta\meta.db
2026-05-01 23:02:26.843 | INFO     | Backtest   | [回测 1/5] 筛选回测目标股票...
2026-05-01 23:02:26.849 | INFO     | DuckDB     | get_stocks_filtered | 过滤结果: 1799 只 (index=['HS300', 'ZZ500', 'ZZA500', 'ZZ1000'], mv=[None,None]亿)
2026-05-01 23:02:26.851 | INFO     | Backtest   | [回测 2/5] 加载 1799 只股票的历史数据进行快速扫描...
2026-05-01 23:02:31.765 | INFO     | Backtest   | [回测 3/5] 计算策略信号 (基于日线信号库)...
2026-05-01 23:02:31.770 | INFO     | Screener   | 🧬 [Loader] 识别到类继承策略: MA5AngleOriginalStrategy
2026-05-01 23:02:35.762 | INFO     | Backtest   | [回测 4/5] 处理 224 条信号，执行精细分钟线仿真...
2026-05-01 23:02:35.763 | INFO     | Backtest   | [回测 4/5] 模拟第 1/224 笔交易: 深科技...
2026-05-01 23:02:36.037 | INFO     | Backtest   | [回测 4/5] 模拟第 11/224 笔交易: 博源化工...
2026-05-01 23:02:36.326 | INFO     | Backtest   | [回测 4/5] 模拟第 21/224 笔交易: 德展健康...
2026-05-01 23:02:36.614 | INFO     | Backtest   | [回测 4/5] 模拟第 31/224 笔交易: 海特高新...
2026-05-01 23:02:36.948 | INFO     | Backtest   | [回测 4/5] 模拟第 41/224 笔交易: 石基信息...
2026-05-01 23:02:37.170 | INFO     | Backtest   | [回测 4/5] 模拟第 51/224 笔交易: 大洋电机...
2026-05-01 23:02:37.391 | INFO     | Backtest   | [回测 4/5] 模拟第 61/224 笔交易: 兆驰股份...
2026-05-01 23:02:37.648 | INFO     | Backtest   | [回测 4/5] 模拟第 71/224 笔交易: 云图控股...
2026-05-01 23:02:37.899 | INFO     | Backtest   | [回测 4/5] 模拟第 81/224 笔交易: 金龙羽...
2026-05-01 23:02:38.135 | INFO     | Backtest   | [回测 4/5] 模拟第 91/224 笔交易: 蓝色光标...
2026-05-01 23:02:38.366 | INFO     | Backtest   | [回测 4/5] 模拟第 101/224 笔交易: 道氏技术...
2026-05-01 23:02:38.627 | INFO     | Backtest   | [回测 4/5] 模拟第 111/224 笔交易: 东岳硅材...
2026-05-01 23:02:38.890 | INFO     | Backtest   | [回测 4/5] 模拟第 121/224 笔交易: 永鼎股份...
2026-05-01 23:02:39.197 | INFO     | Backtest   | [回测 4/5] 模拟第 131/224 笔交易: 平高电气...
2026-05-01 23:02:39.445 | INFO     | Backtest   | [回测 4/5] 模拟第 141/224 笔交易: 天富能源...
2026-05-01 23:02:39.681 | INFO     | Backtest   | [回测 4/5] 模拟第 151/224 笔交易: 新安股份...
2026-05-01 23:02:39.925 | INFO     | Backtest   | [回测 4/5] 模拟第 161/224 笔交易: 中航重机...
2026-05-01 23:02:40.188 | INFO     | Backtest   | [回测 4/5] 模拟第 171/224 笔交易: 株冶集团...
2026-05-01 23:02:40.434 | INFO     | Backtest   | [回测 4/5] 模拟第 181/224 笔交易: 中国一重...
2026-05-01 23:02:40.707 | INFO     | Backtest   | [回测 4/5] 模拟第 191/224 笔交易: 长城军工...
2026-05-01 23:02:40.957 | INFO     | Backtest   | [回测 4/5] 模拟第 201/224 笔交易: 重庆银行...
2026-05-01 23:02:41.239 | INFO     | Backtest   | [回测 4/5] 模拟第 211/224 笔交易: 岱美股份...
2026-05-01 23:02:41.501 | INFO     | Backtest   | [回测 4/5] 模拟第 221/224 笔交易: 汇成股份...
2026-05-01 23:02:41.606 | INFO     | Backtest   | [回测 5/5] 回测任务完成: 222笔(含0笔平手离场)
2026-05-01 23:03:23.523 | INFO     | DuckDB     | DuckDB | 所有核心表结构初始化完成 (含热点板块)
2026-05-01 23:03:23.523 | INFO     | DuckDB     | DuckDB 核心就绪: E:\1target\p9_project\quant-platform\data\meta\meta.db
2026-05-01 23:03:23.529 | INFO     | Backtest   | [回测 1/5] 筛选回测目标股票...
2026-05-01 23:03:23.535 | INFO     | DuckDB     | get_stocks_filtered | 过滤结果: 1799 只 (index=['HS300', 'ZZ500', 'ZZA500', 'ZZ1000'], mv=[None,None]亿)
2026-05-01 23:03:23.537 | INFO     | Backtest   | [回测 2/5] 加载 1799 只股票的历史数据进行快速扫描...
2026-05-01 23:03:28.512 | INFO     | Backtest   | [回测 3/5] 计算策略信号 (基于日线信号库)...
2026-05-01 23:03:28.517 | INFO     | Screener   | 🧬 [Loader] 识别到类继承策略: MA5AngleOriginalStrategy
2026-05-01 23:03:32.486 | INFO     | Backtest   | [回测 4/5] 处理 224 条信号，执行精细分钟线仿真...
2026-05-01 23:03:32.486 | INFO     | Backtest   | [回测 4/5] 模拟第 1/224 笔交易: 深科技...
2026-05-01 23:03:32.749 | INFO     | Backtest   | [回测 4/5] 模拟第 11/224 笔交易: 博源化工...
2026-05-01 23:03:33.033 | INFO     | Backtest   | [回测 4/5] 模拟第 21/224 笔交易: 德展健康...
2026-05-01 23:03:33.310 | INFO     | Backtest   | [回测 4/5] 模拟第 31/224 笔交易: 海特高新...
2026-05-01 23:03:33.627 | INFO     | Backtest   | [回测 4/5] 模拟第 41/224 笔交易: 石基信息...
2026-05-01 23:03:33.844 | INFO     | Backtest   | [回测 4/5] 模拟第 51/224 笔交易: 大洋电机...
2026-05-01 23:03:34.064 | INFO     | Backtest   | [回测 4/5] 模拟第 61/224 笔交易: 兆驰股份...
2026-05-01 23:03:34.317 | INFO     | Backtest   | [回测 4/5] 模拟第 71/224 笔交易: 云图控股...
2026-05-01 23:03:34.570 | INFO     | Backtest   | [回测 4/5] 模拟第 81/224 笔交易: 金龙羽...
2026-05-01 23:03:34.816 | INFO     | Backtest   | [回测 4/5] 模拟第 91/224 笔交易: 蓝色光标...
2026-05-01 23:03:35.059 | INFO     | Backtest   | [回测 4/5] 模拟第 101/224 笔交易: 道氏技术...
2026-05-01 23:03:35.316 | INFO     | Backtest   | [回测 4/5] 模拟第 111/224 笔交易: 东岳硅材...
2026-05-01 23:03:35.579 | INFO     | Backtest   | [回测 4/5] 模拟第 121/224 笔交易: 永鼎股份...
2026-05-01 23:03:35.879 | INFO     | Backtest   | [回测 4/5] 模拟第 131/224 笔交易: 平高电气...
2026-05-01 23:03:36.119 | INFO     | Backtest   | [回测 4/5] 模拟第 141/224 笔交易: 天富能源...
2026-05-01 23:03:36.337 | INFO     | Backtest   | [回测 4/5] 模拟第 151/224 笔交易: 新安股份...
2026-05-01 23:03:36.566 | INFO     | Backtest   | [回测 4/5] 模拟第 161/224 笔交易: 中航重机...
2026-05-01 23:03:36.820 | INFO     | Backtest   | [回测 4/5] 模拟第 171/224 笔交易: 株冶集团...
2026-05-01 23:03:37.056 | INFO     | Backtest   | [回测 4/5] 模拟第 181/224 笔交易: 中国一重...
2026-05-01 23:03:37.324 | INFO     | Backtest   | [回测 4/5] 模拟第 191/224 笔交易: 长城军工...
2026-05-01 23:03:37.567 | INFO     | Backtest   | [回测 4/5] 模拟第 201/224 笔交易: 重庆银行...
2026-05-01 23:03:37.839 | INFO     | Backtest   | [回测 4/5] 模拟第 211/224 笔交易: 岱美股份...
2026-05-01 23:03:38.096 | INFO     | Backtest   | [回测 4/5] 模拟第 221/224 笔交易: 汇成股份...
2026-05-01 23:03:38.202 | INFO     | Backtest   | [回测 5/5] 回测任务完成: 222笔(含0笔平手离场)
2026-05-01 23:10:50.910 | INFO     | DuckDB     | DuckDB | 所有核心表结构初始化完成 (含热点板块)
2026-05-01 23:10:50.910 | INFO     | DuckDB     | DuckDB 核心就绪: E:\1target\p9_project\quant-platform\data\meta\meta.db
2026-05-01 23:10:50.916 | INFO     | Backtest   | [回测 1/5] 筛选回测目标股票...
2026-05-01 23:10:50.922 | INFO     | DuckDB     | get_stocks_filtered | 过滤结果: 1799 只 (index=['HS300', 'ZZ500', 'ZZA500', 'ZZ1000'], mv=[None,None]亿)
2026-05-01 23:10:50.924 | INFO     | Backtest   | [回测 2/5] 加载 1799 只股票的历史数据进行快速扫描...
2026-05-01 23:10:56.148 | INFO     | Backtest   | [回测 3/5] 计算策略信号 (基于日线信号库)...
2026-05-01 23:10:56.153 | INFO     | Screener   | 🧬 [Loader] 识别到类继承策略: MA5AngleOriginalStrategy
2026-05-01 23:11:00.199 | INFO     | Backtest   | [回测 4/5] 处理 224 条信号，执行精细分钟线仿真...
2026-05-01 23:11:00.199 | INFO     | Backtest   | [回测 4/5] 模拟第 1/224 笔交易: 深科技...
2026-05-01 23:11:00.485 | INFO     | Backtest   | [回测 4/5] 模拟第 11/224 笔交易: 博源化工...
2026-05-01 23:11:00.832 | INFO     | Backtest   | [回测 4/5] 模拟第 21/224 笔交易: 德展健康...
2026-05-01 23:11:01.144 | INFO     | Backtest   | [回测 4/5] 模拟第 31/224 笔交易: 海特高新...
2026-05-01 23:11:01.527 | INFO     | Backtest   | [回测 4/5] 模拟第 41/224 笔交易: 石基信息...
2026-05-01 23:11:01.766 | INFO     | Backtest   | [回测 4/5] 模拟第 51/224 笔交易: 大洋电机...
2026-05-01 23:11:01.982 | INFO     | Backtest   | [回测 4/5] 模拟第 61/224 笔交易: 兆驰股份...
2026-05-01 23:11:02.258 | INFO     | Backtest   | [回测 4/5] 模拟第 71/224 笔交易: 云图控股...
2026-05-01 23:11:02.514 | INFO     | Backtest   | [回测 4/5] 模拟第 81/224 笔交易: 金龙羽...
2026-05-01 23:11:02.769 | INFO     | Backtest   | [回测 4/5] 模拟第 91/224 笔交易: 蓝色光标...
2026-05-01 23:11:03.018 | INFO     | Backtest   | [回测 4/5] 模拟第 101/224 笔交易: 道氏技术...
2026-05-01 23:11:03.311 | INFO     | Backtest   | [回测 4/5] 模拟第 111/224 笔交易: 东岳硅材...
2026-05-01 23:11:03.705 | INFO     | Backtest   | [回测 4/5] 模拟第 121/224 笔交易: 永鼎股份...
2026-05-01 23:11:04.098 | INFO     | Backtest   | [回测 4/5] 模拟第 131/224 笔交易: 平高电气...
2026-05-01 23:11:04.352 | INFO     | Backtest   | [回测 4/5] 模拟第 141/224 笔交易: 天富能源...
2026-05-01 23:11:04.602 | INFO     | Backtest   | [回测 4/5] 模拟第 151/224 笔交易: 新安股份...
2026-05-01 23:11:04.877 | INFO     | Backtest   | [回测 4/5] 模拟第 161/224 笔交易: 中航重机...
2026-05-01 23:11:05.278 | INFO     | Backtest   | [回测 4/5] 模拟第 171/224 笔交易: 株冶集团...
2026-05-01 23:11:05.545 | INFO     | Backtest   | [回测 4/5] 模拟第 181/224 笔交易: 中国一重...
2026-05-01 23:11:05.929 | INFO     | Backtest   | [回测 4/5] 模拟第 191/224 笔交易: 长城军工...
2026-05-01 23:11:06.188 | INFO     | Backtest   | [回测 4/5] 模拟第 201/224 笔交易: 重庆银行...
2026-05-01 23:11:06.568 | INFO     | Backtest   | [回测 4/5] 模拟第 211/224 笔交易: 岱美股份...
2026-05-01 23:11:06.843 | INFO     | Backtest   | [回测 4/5] 模拟第 221/224 笔交易: 汇成股份...
2026-05-01 23:11:06.956 | INFO     | Backtest   | [回测 5/5] 回测任务完成: 222笔(含0笔平手离场)
2026-05-01 23:11:07.028 | INFO     | Backtest   | [回测 1/5] 筛选回测目标股票...
2026-05-01 23:11:07.040 | INFO     | Backtest   | [回测 2/5] 加载 5010 只股票的历史数据进行快速扫描...
2026-05-01 23:11:21.438 | INFO     | Backtest   | [回测 3/5] 计算策略信号 (基于日线信号库)...
2026-05-01 23:11:21.444 | INFO     | Screener   | 🧬 [Loader] 识别到类继承策略: MA5AngleOriginalStrategy
2026-05-01 23:11:33.318 | INFO     | Backtest   | [回测 4/5] 处理 791 条信号，执行精细分钟线仿真...
2026-05-01 23:11:33.319 | INFO     | Backtest   | [回测 4/5] 模拟第 1/791 笔交易: 全新好...
2026-05-01 23:11:33.691 | INFO     | Backtest   | [回测 4/5] 模拟第 11/791 笔交易: 川能动力...
2026-05-01 23:11:34.002 | INFO     | Backtest   | [回测 4/5] 模拟第 21/791 笔交易: 渝三峡Ａ...
2026-05-01 23:11:34.358 | INFO     | Backtest   | [回测 4/5] 模拟第 31/791 笔交易: 北方铜业...
2026-05-01 23:11:34.706 | INFO     | Backtest   | [回测 4/5] 模拟第 41/791 笔交易: 德展健康...
2026-05-01 23:11:35.025 | INFO     | Backtest   | [回测 4/5] 模拟第 51/791 笔交易: 四川双马...
2026-05-01 23:11:35.334 | INFO     | Backtest   | [回测 4/5] 模拟第 61/791 笔交易: 华瓷股份...
2026-05-01 23:11:35.645 | INFO     | Backtest   | [回测 4/5] 模拟第 71/791 笔交易: 科华生物...
2026-05-01 23:11:36.080 | INFO     | Backtest   | [回测 4/5] 模拟第 81/791 笔交易: 中泰化学...
2026-05-01 23:11:36.432 | INFO     | Backtest   | [回测 4/5] 模拟第 91/791 笔交易: 湖南黄金...
2026-05-01 23:11:36.715 | INFO     | Backtest   | [回测 4/5] 模拟第 101/791 笔交易: 御银股份...
2026-05-01 23:11:37.048 | INFO     | Backtest   | [回测 4/5] 模拟第 111/791 笔交易: 合兴包装...
2026-05-01 23:11:37.351 | INFO     | Backtest   | [回测 4/5] 模拟第 121/791 笔交易: 新华都...
2026-05-01 23:11:37.799 | INFO     | Backtest   | [回测 4/5] 模拟第 131/791 笔交易: 东方新能...
2026-05-01 23:11:38.155 | INFO     | Backtest   | [回测 4/5] 模拟第 141/791 笔交易: 亚太药业...
2026-05-01 23:11:38.440 | INFO     | Backtest   | [回测 4/5] 模拟第 151/791 笔交易: 多氟多...
2026-05-01 23:11:38.771 | INFO     | Backtest   | [回测 4/5] 模拟第 161/791 笔交易: 晶澳科技...
2026-05-01 23:11:39.102 | INFO     | Backtest   | [回测 4/5] 模拟第 171/791 笔交易: 蓝丰生化...
2026-05-01 23:11:39.503 | INFO     | Backtest   | [回测 4/5] 模拟第 181/791 笔交易: 云图控股...
2026-05-01 23:11:39.857 | INFO     | Backtest   | [回测 4/5] 模拟第 191/791 笔交易: 明牌珠宝...
2026-05-01 23:11:40.150 | INFO     | Backtest   | [回测 4/5] 模拟第 201/791 笔交易: 仁智股份...
2026-05-01 23:11:40.416 | INFO     | Backtest   | [回测 4/5] 模拟第 211/791 笔交易: 东诚药业...
2026-05-01 23:11:40.736 | INFO     | Backtest   | [回测 4/5] 模拟第 221/791 笔交易: 海洋王...
2026-05-01 23:11:41.027 | INFO     | Backtest   | [回测 4/5] 模拟第 231/791 笔交易: 帝欧水华...
2026-05-01 23:11:41.345 | INFO     | Backtest   | [回测 4/5] 模拟第 241/791 笔交易: 绿茵生态...
2026-05-01 23:11:41.645 | INFO     | Backtest   | [回测 4/5] 模拟第 251/791 笔交易: 新大正...
2026-05-01 23:11:41.972 | INFO     | Backtest   | [回测 4/5] 模拟第 261/791 笔交易: 网宿科技...
2026-05-01 23:11:42.366 | INFO     | Backtest   | [回测 4/5] 模拟第 271/791 笔交易: 万邦达...
2026-05-01 23:11:42.654 | INFO     | Backtest   | [回测 4/5] 模拟第 281/791 笔交易: 华策影视...
2026-05-01 23:11:42.973 | INFO     | Backtest   | [回测 4/5] 模拟第 291/791 笔交易: 长荣股份...
2026-05-01 23:11:43.206 | INFO     | Backtest   | [回测 4/5] 模拟第 301/791 笔交易: 宝莱特...
2026-05-01 23:11:43.433 | INFO     | Backtest   | [回测 4/5] 模拟第 311/791 笔交易: 国瓷材料...
2026-05-01 23:11:43.683 | INFO     | Backtest   | [回测 4/5] 模拟第 321/791 笔交易: 汇中股份...
2026-05-01 23:11:43.950 | INFO     | Backtest   | [回测 4/5] 模拟第 331/791 笔交易: 富临精工...
2026-05-01 23:11:44.199 | INFO     | Backtest   | [回测 4/5] 模拟第 341/791 笔交易: 厚普股份...
2026-05-01 23:11:44.452 | INFO     | Backtest   | [回测 4/5] 模拟第 351/791 笔交易: 海顺新材...
2026-05-01 23:11:44.824 | INFO     | Backtest   | [回测 4/5] 模拟第 361/791 笔交易: 筑博设计...
2026-05-01 23:11:45.097 | INFO     | Backtest   | [回测 4/5] 模拟第 371/791 笔交易: 雄塑科技...
2026-05-01 23:11:45.420 | INFO     | Backtest   | [回测 4/5] 模拟第 381/791 笔交易: 太龙股份...
2026-05-01 23:11:45.690 | INFO     | Backtest   | [回测 4/5] 模拟第 391/791 笔交易: 岱勒新材...
2026-05-01 23:11:46.083 | INFO     | Backtest   | [回测 4/5] 模拟第 401/791 笔交易: 天地数码...
2026-05-01 23:11:46.361 | INFO     | Backtest   | [回测 4/5] 模拟第 411/791 笔交易: 泰和科技...
2026-05-01 23:11:46.709 | INFO     | Backtest   | [回测 4/5] 模拟第 421/791 笔交易: 龙利得...
2026-05-01 23:11:47.153 | INFO     | Backtest   | [回测 4/5] 模拟第 431/791 笔交易: 崧盛股份...
2026-05-01 23:11:47.592 | INFO     | Backtest   | [回测 4/5] 模拟第 441/791 笔交易: 久盛电气...
2026-05-01 23:11:47.893 | INFO     | Backtest   | [回测 4/5] 模拟第 451/791 笔交易: 豪江智能...
2026-05-01 23:11:48.295 | INFO     | Backtest   | [回测 4/5] 模拟第 461/791 笔交易: 康欣新材...
2026-05-01 23:11:48.705 | INFO     | Backtest   | [回测 4/5] 模拟第 471/791 笔交易: 华升股份...
2026-05-01 23:11:49.090 | INFO     | Backtest   | [回测 4/5] 模拟第 481/791 笔交易: 科新发展...
2026-05-01 23:11:49.333 | INFO     | Backtest   | [回测 4/5] 模拟第 491/791 笔交易: 维维股份...
2026-05-01 23:11:49.641 | INFO     | Backtest   | [回测 4/5] 模拟第 501/791 笔交易: 浙江龙盛...
2026-05-01 23:11:49.992 | INFO     | Backtest   | [回测 4/5] 模拟第 511/791 笔交易: 博通股份...
2026-05-01 23:11:50.325 | INFO     | Backtest   | [回测 4/5] 模拟第 521/791 笔交易: 交大昂立...
2026-05-01 23:11:50.560 | INFO     | Backtest   | [回测 4/5] 模拟第 531/791 笔交易: 氯碱化工...
2026-05-01 23:11:50.958 | INFO     | Backtest   | [回测 4/5] 模拟第 541/791 笔交易: 金牛化工...
2026-05-01 23:11:51.265 | INFO     | Backtest   | [回测 4/5] 模拟第 551/791 笔交易: 宁波海运...
2026-05-01 23:11:51.504 | INFO     | Backtest   | [回测 4/5] 模拟第 561/791 笔交易: 金煤科技...
2026-05-01 23:11:52.003 | INFO     | Backtest   | [回测 4/5] 模拟第 571/791 笔交易: 渤海汽车...
2026-05-01 23:11:52.367 | INFO     | Backtest   | [回测 4/5] 模拟第 581/791 笔交易: 大秦铁路...
2026-05-01 23:11:52.741 | INFO     | Backtest   | [回测 4/5] 模拟第 591/791 笔交易: 三江购物...
2026-05-01 23:11:53.033 | INFO     | Backtest   | [回测 4/5] 模拟第 601/791 笔交易: 三六零...
2026-05-01 23:11:53.381 | INFO     | Backtest   | [回测 4/5] 模拟第 611/791 笔交易: 滨化股份...
2026-05-01 23:11:53.723 | INFO     | Backtest   | [回测 4/5] 模拟第 621/791 笔交易: 联明股份...
2026-05-01 23:11:53.996 | INFO     | Backtest   | [回测 4/5] 模拟第 631/791 笔交易: 正裕工业...
2026-05-01 23:11:54.364 | INFO     | Backtest   | [回测 4/5] 模拟第 641/791 笔交易: 德创环保...
2026-05-01 23:11:54.667 | INFO     | Backtest   | [回测 4/5] 模拟第 651/791 笔交易: 奥翔药业...
2026-05-01 23:11:54.977 | INFO     | Backtest   | [回测 4/5] 模拟第 661/791 笔交易: 东珠生态...
2026-05-01 23:11:55.316 | INFO     | Backtest   | [回测 4/5] 模拟第 671/791 笔交易: 南都物业...
2026-05-01 23:11:55.746 | INFO     | Backtest   | [回测 4/5] 模拟第 681/791 笔交易: 中曼石油...
2026-05-01 23:11:56.109 | INFO     | Backtest   | [回测 4/5] 模拟第 691/791 笔交易: 国晟科技...
2026-05-01 23:11:56.531 | INFO     | Backtest   | [回测 4/5] 模拟第 701/791 笔交易: 白云电器...
2026-05-01 23:11:56.865 | INFO     | Backtest   | [回测 4/5] 模拟第 711/791 笔交易: 铁流股份...
2026-05-01 23:11:57.173 | INFO     | Backtest   | [回测 4/5] 模拟第 721/791 笔交易: 松霖科技...
2026-05-01 23:11:57.468 | INFO     | Backtest   | [回测 4/5] 模拟第 731/791 笔交易: 华通线缆...
2026-05-01 23:11:57.796 | INFO     | Backtest   | [回测 4/5] 模拟第 741/791 笔交易: 宏柏新材...
2026-05-01 23:11:58.042 | INFO     | Backtest   | [回测 4/5] 模拟第 751/791 笔交易: 京源环保...
2026-05-01 23:11:58.296 | INFO     | Backtest   | [回测 4/5] 模拟第 761/791 笔交易: 江苏北人...
2026-05-01 23:11:58.630 | INFO     | Backtest   | [回测 4/5] 模拟第 771/791 笔交易: 信科移动-U...
2026-05-01 23:11:58.903 | INFO     | Backtest   | [回测 4/5] 模拟第 781/791 笔交易: 兰剑智能...
2026-05-01 23:11:59.266 | INFO     | Backtest   | [回测 4/5] 模拟第 791/791 笔交易: 同益中...
2026-05-01 23:11:59.286 | INFO     | Backtest   | [回测 5/5] 回测任务完成: 778笔(含0笔平手离场)
2026-05-01 23:11:59.563 | INFO     | Backtest   | [回测 1/5] 筛选回测目标股票...
2026-05-01 23:11:59.582 | INFO     | Backtest   | [回测 2/5] 加载 5010 只股票的历史数据进行快速扫描...
2026-05-01 23:12:13.804 | INFO     | Backtest   | [回测 3/5] 计算策略信号 (基于日线信号库)...
2026-05-01 23:12:13.812 | INFO     | Screener   | 🧬 [Loader] 识别到类继承策略: MA5AngleOriginalStrategy
2026-05-01 23:12:26.041 | INFO     | Backtest   | [回测 3/5] 上证红盘过滤: 791 → 543 条信号
2026-05-01 23:12:26.042 | INFO     | Backtest   | [回测 4/5] 处理 543 条信号，执行精细分钟线仿真...
2026-05-01 23:12:26.043 | INFO     | Backtest   | [回测 4/5] 模拟第 1/543 笔交易: 全新好...
2026-05-01 23:12:26.428 | INFO     | Backtest   | [回测 4/5] 模拟第 11/543 笔交易: 红太阳...
2026-05-01 23:12:26.802 | INFO     | Backtest   | [回测 4/5] 模拟第 21/543 笔交易: 北方铜业...
2026-05-01 23:12:27.157 | INFO     | Backtest   | [回测 4/5] 模拟第 31/543 笔交易: 佳电股份...
2026-05-01 23:12:27.489 | INFO     | Backtest   | [回测 4/5] 模拟第 41/543 笔交易: 大中矿业...
2026-05-01 23:12:27.866 | INFO     | Backtest   | [回测 4/5] 模拟第 51/543 笔交易: 海特高新...
2026-05-01 23:12:28.322 | INFO     | Backtest   | [回测 4/5] 模拟第 61/543 笔交易: 电投能源...
2026-05-01 23:12:28.623 | INFO     | Backtest   | [回测 4/5] 模拟第 71/543 笔交易: 怡亚通...
2026-05-01 23:12:28.974 | INFO     | Backtest   | [回测 4/5] 模拟第 81/543 笔交易: 大东南...
2026-05-01 23:12:29.373 | INFO     | Backtest   | [回测 4/5] 模拟第 91/543 笔交易: 中恒电气...
2026-05-01 23:12:29.671 | INFO     | Backtest   | [回测 4/5] 模拟第 101/543 笔交易: 誉衡药业...
2026-05-01 23:12:30.024 | INFO     | Backtest   | [回测 4/5] 模拟第 111/543 笔交易: 恺英网络...
2026-05-01 23:12:30.343 | INFO     | Backtest   | [回测 4/5] 模拟第 121/543 笔交易: 天沃科技...
2026-05-01 23:12:30.672 | INFO     | Backtest   | [回测 4/5] 模拟第 131/543 笔交易: 金安国纪...
2026-05-01 23:12:30.958 | INFO     | Backtest   | [回测 4/5] 模拟第 141/543 笔交易: 友邦吊顶...
2026-05-01 23:12:31.261 | INFO     | Backtest   | [回测 4/5] 模拟第 151/543 笔交易: 帝欧水华...
2026-05-01 23:12:31.588 | INFO     | Backtest   | [回测 4/5] 模拟第 161/543 笔交易: 天奥电子...
2026-05-01 23:12:31.911 | INFO     | Backtest   | [回测 4/5] 模拟第 171/543 笔交易: 天海防务...
2026-05-01 23:12:32.318 | INFO     | Backtest   | [回测 4/5] 模拟第 181/543 笔交易: 海新能科...
2026-05-01 23:12:32.649 | INFO     | Backtest   | [回测 4/5] 模拟第 191/543 笔交易: 科德教育...
2026-05-01 23:12:32.932 | INFO     | Backtest   | [回测 4/5] 模拟第 201/543 笔交易: 国瓷材料...
2026-05-01 23:12:33.224 | INFO     | Backtest   | [回测 4/5] 模拟第 211/543 笔交易: 中来股份...
2026-05-01 23:12:33.510 | INFO     | Backtest   | [回测 4/5] 模拟第 221/543 笔交易: 航天智装...
2026-05-01 23:12:33.784 | INFO     | Backtest   | [回测 4/5] 模拟第 231/543 笔交易: 新迅达...
2026-05-01 23:12:34.113 | INFO     | Backtest   | [回测 4/5] 模拟第 241/543 笔交易: 天铁科技...
2026-05-01 23:12:34.432 | INFO     | Backtest   | [回测 4/5] 模拟第 251/543 笔交易: 延江股份...
2026-05-01 23:12:34.719 | INFO     | Backtest   | [回测 4/5] 模拟第 261/543 笔交易: 万隆光电...
2026-05-01 23:12:35.003 | INFO     | Backtest   | [回测 4/5] 模拟第 271/543 笔交易: 运达股份...
2026-05-01 23:12:35.356 | INFO     | Backtest   | [回测 4/5] 模拟第 281/543 笔交易: 龙利得...
2026-05-01 23:12:35.788 | INFO     | Backtest   | [回测 4/5] 模拟第 291/543 笔交易: 漱玉平民...
2026-05-01 23:12:36.157 | INFO     | Backtest   | [回测 4/5] 模拟第 301/543 笔交易: 铜冠铜箔...
2026-05-01 23:12:36.439 | INFO     | Backtest   | [回测 4/5] 模拟第 311/543 笔交易: 五矿发展...
2026-05-01 23:12:36.895 | INFO     | Backtest   | [回测 4/5] 模拟第 321/543 笔交易: 长春一东...
2026-05-01 23:12:37.243 | INFO     | Backtest   | [回测 4/5] 模拟第 331/543 笔交易: 万通发展...
2026-05-01 23:12:37.532 | INFO     | Backtest   | [回测 4/5] 模拟第 341/543 笔交易: 西藏天路...
2026-05-01 23:12:37.896 | INFO     | Backtest   | [回测 4/5] 模拟第 351/543 笔交易: 风神股份...
2026-05-01 23:12:38.178 | INFO     | Backtest   | [回测 4/5] 模拟第 361/543 笔交易: 中孚实业...
2026-05-01 23:12:38.567 | INFO     | Backtest   | [回测 4/5] 模拟第 371/543 笔交易: 金牛化工...
2026-05-01 23:12:38.832 | INFO     | Backtest   | [回测 4/5] 模拟第 381/543 笔交易: 厦工股份...
2026-05-01 23:12:39.199 | INFO     | Backtest   | [回测 4/5] 模拟第 391/543 笔交易: 郴电国际...
2026-05-01 23:12:39.541 | INFO     | Backtest   | [回测 4/5] 模拟第 401/543 笔交易: 福元医药...
2026-05-01 23:12:39.877 | INFO     | Backtest   | [回测 4/5] 模拟第 411/543 笔交易: 怡球资源...
2026-05-01 23:12:40.189 | INFO     | Backtest   | [回测 4/5] 模拟第 421/543 笔交易: 亚星锚链...
2026-05-01 23:12:40.542 | INFO     | Backtest   | [回测 4/5] 模拟第 431/543 笔交易: 共进股份...
2026-05-01 23:12:40.869 | INFO     | Backtest   | [回测 4/5] 模拟第 441/543 笔交易: 恒通股份...
2026-05-01 23:12:41.151 | INFO     | Backtest   | [回测 4/5] 模拟第 451/543 笔交易: 骏亚科技...
2026-05-01 23:12:41.565 | INFO     | Backtest   | [回测 4/5] 模拟第 461/543 笔交易: XD高能环...
2026-05-01 23:12:41.955 | INFO     | Backtest   | [回测 4/5] 模拟第 471/543 笔交易: 国晟科技...
2026-05-01 23:12:42.292 | INFO     | Backtest   | [回测 4/5] 模拟第 481/543 笔交易: 春秋电子...
2026-05-01 23:12:42.586 | INFO     | Backtest   | [回测 4/5] 模拟第 491/543 笔交易: 康德莱...
2026-05-01 23:12:42.947 | INFO     | Backtest   | [回测 4/5] 模拟第 501/543 笔交易: 德才股份...
2026-05-01 23:12:43.238 | INFO     | Backtest   | [回测 4/5] 模拟第 511/543 笔交易: 德林海...
2026-05-01 23:12:43.526 | INFO     | Backtest   | [回测 4/5] 模拟第 521/543 笔交易: 新锐股份...
2026-05-01 23:12:43.861 | INFO     | Backtest   | [回测 4/5] 模拟第 531/543 笔交易: 科捷智能...
2026-05-01 23:12:44.207 | INFO     | Backtest   | [回测 4/5] 模拟第 541/543 笔交易: 聚石化学...
2026-05-01 23:12:44.319 | INFO     | Backtest   | [回测 5/5] 回测任务完成: 538笔(含0笔平手离场)
2026-05-01 23:28:24.564 | INFO     | DuckDB     | DuckDB | 所有核心表结构初始化完成 (含热点板块)
2026-05-01 23:28:24.564 | INFO     | DuckDB     | DuckDB 核心就绪: E:\1target\p9_project\quant-platform\data\meta\meta.db
2026-05-01 23:28:24.570 | INFO     | Backtest   | [回测 1/5] 筛选回测目标股票...
2026-05-01 23:28:24.576 | INFO     | DuckDB     | get_stocks_filtered | 过滤结果: 1799 只 (index=['HS300', 'ZZ500', 'ZZA500', 'ZZ1000'], mv=[None,None]亿)
2026-05-01 23:28:24.579 | INFO     | Backtest   | [回测 2/5] 加载 1799 只股票的历史数据进行快速扫描...
2026-05-01 23:28:29.681 | INFO     | Backtest   | [回测 3/5] 计算策略信号 (基于日线信号库)...
2026-05-01 23:28:29.688 | INFO     | Screener   | 🧬 [Loader] 识别到类继承策略: MA5AngleOriginalStrategy
2026-05-01 23:28:33.868 | INFO     | Backtest   | [回测 4/5] 处理 194 条信号，执行精细分钟线仿真...
2026-05-01 23:28:33.869 | INFO     | Backtest   | [回测 4/5] 模拟第 1/194 笔交易: 深科技...
2026-05-01 23:28:34.194 | INFO     | Backtest   | [回测 4/5] 模拟第 11/194 笔交易: 北方铜业...
2026-05-01 23:28:34.597 | INFO     | Backtest   | [回测 4/5] 模拟第 21/194 笔交易: 航天科技...
2026-05-01 23:28:34.944 | INFO     | Backtest   | [回测 4/5] 模拟第 31/194 笔交易: 双鹭药业...
2026-05-01 23:28:35.315 | INFO     | Backtest   | [回测 4/5] 模拟第 41/194 笔交易: 汉钟精机...
2026-05-01 23:28:35.602 | INFO     | Backtest   | [回测 4/5] 模拟第 51/194 笔交易: 众生药业...
2026-05-01 23:28:35.846 | INFO     | Backtest   | [回测 4/5] 模拟第 61/194 笔交易: 恺英网络...
2026-05-01 23:28:36.169 | INFO     | Backtest   | [回测 4/5] 模拟第 71/194 笔交易: 利君股份...
2026-05-01 23:28:36.460 | INFO     | Backtest   | [回测 4/5] 模拟第 81/194 笔交易: 网宿科技...
2026-05-01 23:28:36.735 | INFO     | Backtest   | [回测 4/5] 模拟第 91/194 笔交易: 利亚德...
2026-05-01 23:28:36.986 | INFO     | Backtest   | [回测 4/5] 模拟第 101/194 笔交易: 天宇股份...
2026-05-01 23:28:37.332 | INFO     | Backtest   | [回测 4/5] 模拟第 111/194 笔交易: 生物股份...
2026-05-01 23:28:37.698 | INFO     | Backtest   | [回测 4/5] 模拟第 121/194 笔交易: 华光环能...
2026-05-01 23:28:37.948 | INFO     | Backtest   | [回测 4/5] 模拟第 131/194 笔交易: 中孚实业...
2026-05-01 23:28:38.250 | INFO     | Backtest   | [回测 4/5] 模拟第 141/194 笔交易: 西藏城投...
2026-05-01 23:28:38.675 | INFO     | Backtest   | [回测 4/5] 模拟第 151/194 笔交易: XD宝丰能...
2026-05-01 23:28:39.037 | INFO     | Backtest   | [回测 4/5] 模拟第 161/194 笔交易: 骆驼股份...
2026-05-01 23:28:39.348 | INFO     | Backtest   | [回测 4/5] 模拟第 171/194 笔交易: 晶科科技...
2026-05-01 23:28:39.722 | INFO     | Backtest   | [回测 4/5] 模拟第 181/194 笔交易: 九洲药业...
2026-05-01 23:28:40.018 | INFO     | Backtest   | [回测 4/5] 模拟第 191/194 笔交易: 信科移动-U...
2026-05-01 23:28:40.124 | INFO     | Backtest   | [回测 5/5] 回测任务完成: 194笔(含0笔平手离场)
2026-05-01 23:28:40.188 | INFO     | Backtest   | [回测 1/5] 筛选回测目标股票...
2026-05-01 23:28:40.198 | INFO     | Backtest   | [回测 2/5] 加载 5010 只股票的历史数据进行快速扫描...
2026-05-01 23:28:54.955 | INFO     | Backtest   | [回测 3/5] 计算策略信号 (基于日线信号库)...
2026-05-01 23:28:54.961 | INFO     | Screener   | 🧬 [Loader] 识别到类继承策略: MA5AngleOriginalStrategy
2026-05-01 23:29:06.606 | INFO     | Backtest   | [回测 4/5] 处理 658 条信号，执行精细分钟线仿真...
2026-05-01 23:29:06.608 | INFO     | Backtest   | [回测 4/5] 模拟第 1/658 笔交易: 全新好...
2026-05-01 23:29:06.998 | INFO     | Backtest   | [回测 4/5] 模拟第 11/658 笔交易: 新金路...
2026-05-01 23:29:07.351 | INFO     | Backtest   | [回测 4/5] 模拟第 21/658 笔交易: 金岭矿业...
2026-05-01 23:29:07.761 | INFO     | Backtest   | [回测 4/5] 模拟第 31/658 笔交易: 山高环能...
2026-05-01 23:29:08.142 | INFO     | Backtest   | [回测 4/5] 模拟第 41/658 笔交易: 神火股份...
2026-05-01 23:29:08.476 | INFO     | Backtest   | [回测 4/5] 模拟第 51/658 笔交易: 华瓷股份...
2026-05-01 23:29:08.917 | INFO     | Backtest   | [回测 4/5] 模拟第 61/658 笔交易: 山东威达...
2026-05-01 23:29:09.347 | INFO     | Backtest   | [回测 4/5] 模拟第 71/658 笔交易: 沧州明珠...
2026-05-01 23:29:09.679 | INFO     | Backtest   | [回测 4/5] 模拟第 81/658 笔交易: 游族网络...
2026-05-01 23:29:09.987 | INFO     | Backtest   | [回测 4/5] 模拟第 91/658 笔交易: 北化股份...
2026-05-01 23:29:10.374 | INFO     | Backtest   | [回测 4/5] 模拟第 101/658 笔交易: 亚太股份...
2026-05-01 23:29:10.754 | INFO     | Backtest   | [回测 4/5] 模拟第 111/658 笔交易: 慈文传媒...
2026-05-01 23:29:11.123 | INFO     | Backtest   | [回测 4/5] 模拟第 121/658 笔交易: 梦洁股份...
2026-05-01 23:29:11.410 | INFO     | Backtest   | [回测 4/5] 模拟第 131/658 笔交易: 江苏神通...
2026-05-01 23:29:11.751 | INFO     | Backtest   | [回测 4/5] 模拟第 141/658 笔交易: 蓝丰生化...
2026-05-01 23:29:12.212 | INFO     | Backtest   | [回测 4/5] 模拟第 151/658 笔交易: 东方铁塔...
2026-05-01 23:29:12.527 | INFO     | Backtest   | [回测 4/5] 模拟第 161/658 笔交易: 日上集团...
2026-05-01 23:29:12.776 | INFO     | Backtest   | [回测 4/5] 模拟第 171/658 笔交易: 利君股份...
2026-05-01 23:29:13.111 | INFO     | Backtest   | [回测 4/5] 模拟第 181/658 笔交易: 海洋王...
2026-05-01 23:29:13.432 | INFO     | Backtest   | [回测 4/5] 模拟第 191/658 笔交易: 易明医药...
2026-05-01 23:29:13.766 | INFO     | Backtest   | [回测 4/5] 模拟第 201/658 笔交易: 天奥电子...
2026-05-01 23:29:14.152 | INFO     | Backtest   | [回测 4/5] 模拟第 211/658 笔交易: 海象新材...
2026-05-01 23:29:14.556 | INFO     | Backtest   | [回测 4/5] 模拟第 221/658 笔交易: 九洲集团...
2026-05-01 23:29:14.890 | INFO     | Backtest   | [回测 4/5] 模拟第 231/658 笔交易: 世纪瑞尔...
2026-05-01 23:29:15.238 | INFO     | Backtest   | [回测 4/5] 模拟第 241/658 笔交易: 方直科技...
2026-05-01 23:29:15.509 | INFO     | Backtest   | [回测 4/5] 模拟第 251/658 笔交易: 国瓷材料...
2026-05-01 23:29:15.791 | INFO     | Backtest   | [回测 4/5] 模拟第 261/658 笔交易: 易事特...
2026-05-01 23:29:16.099 | INFO     | Backtest   | [回测 4/5] 模拟第 271/658 笔交易: 航天智装...
2026-05-01 23:29:16.367 | INFO     | Backtest   | [回测 4/5] 模拟第 281/658 笔交易: 海顺新材...
2026-05-01 23:29:16.761 | INFO     | Backtest   | [回测 4/5] 模拟第 291/658 笔交易: 筑博设计...
2026-05-01 23:29:17.051 | INFO     | Backtest   | [回测 4/5] 模拟第 301/658 笔交易: 晨化股份...
2026-05-01 23:29:17.364 | INFO     | Backtest   | [回测 4/5] 模拟第 311/658 笔交易: 延江股份...
2026-05-01 23:29:17.665 | INFO     | Backtest   | [回测 4/5] 模拟第 321/658 笔交易: 万隆光电...
2026-05-01 23:29:18.011 | INFO     | Backtest   | [回测 4/5] 模拟第 331/658 笔交易: 震安科技...
2026-05-01 23:29:18.367 | INFO     | Backtest   | [回测 4/5] 模拟第 341/658 笔交易: 美畅股份...
2026-05-01 23:29:18.854 | INFO     | Backtest   | [回测 4/5] 模拟第 351/658 笔交易: 华绿生物...
2026-05-01 23:29:19.279 | INFO     | Backtest   | [回测 4/5] 模拟第 361/658 笔交易: 严牌股份...
2026-05-01 23:29:19.573 | INFO     | Backtest   | [回测 4/5] 模拟第 371/658 笔交易: 中远通...
2026-05-01 23:29:19.962 | INFO     | Backtest   | [回测 4/5] 模拟第 381/658 笔交易: 特变电工...
2026-05-01 23:29:20.315 | INFO     | Backtest   | [回测 4/5] 模拟第 391/658 笔交易: 莲花控股...
2026-05-01 23:29:20.593 | INFO     | Backtest   | [回测 4/5] 模拟第 401/658 笔交易: 国电南自...
2026-05-01 23:29:20.909 | INFO     | Backtest   | [回测 4/5] 模拟第 411/658 笔交易: 西藏天路...
2026-05-01 23:29:21.241 | INFO     | Backtest   | [回测 4/5] 模拟第 421/658 笔交易: 华胜天成...
2026-05-01 23:29:21.582 | INFO     | Backtest   | [回测 4/5] 模拟第 431/658 笔交易: 贵航股份...
2026-05-01 23:29:21.853 | INFO     | Backtest   | [回测 4/5] 模拟第 441/658 笔交易: 氯碱化工...
2026-05-01 23:29:22.245 | INFO     | Backtest   | [回测 4/5] 模拟第 451/658 笔交易: 金牛化工...
2026-05-01 23:29:22.514 | INFO     | Backtest   | [回测 4/5] 模拟第 461/658 笔交易: 厦工股份...
2026-05-01 23:29:23.020 | INFO     | Backtest   | [回测 4/5] 模拟第 471/658 笔交易: 渤海汽车...
2026-05-01 23:29:23.330 | INFO     | Backtest   | [回测 4/5] 模拟第 481/658 笔交易: 中信金属...
2026-05-01 23:29:23.790 | INFO     | Backtest   | [回测 4/5] 模拟第 491/658 笔交易: 百隆东方...
2026-05-01 23:29:24.113 | INFO     | Backtest   | [回测 4/5] 模拟第 501/658 笔交易: 明阳智能...
2026-05-01 23:29:24.442 | INFO     | Backtest   | [回测 4/5] 模拟第 511/658 笔交易: 亚普股份...
2026-05-01 23:29:24.832 | INFO     | Backtest   | [回测 4/5] 模拟第 521/658 笔交易: 共进股份...
2026-05-01 23:29:25.116 | INFO     | Backtest   | [回测 4/5] 模拟第 531/658 笔交易: 望变电气...
2026-05-01 23:29:25.399 | INFO     | Backtest   | [回测 4/5] 模拟第 541/658 笔交易: 上海雅仕...
2026-05-01 23:29:25.683 | INFO     | Backtest   | [回测 4/5] 模拟第 551/658 笔交易: 勘设股份...
2026-05-01 23:29:26.127 | INFO     | Backtest   | [回测 4/5] 模拟第 561/658 笔交易: 中曼石油...
2026-05-01 23:29:26.418 | INFO     | Backtest   | [回测 4/5] 模拟第 571/658 笔交易: 宁波高发...
2026-05-01 23:29:26.765 | INFO     | Backtest   | [回测 4/5] 模拟第 581/658 笔交易: 嘉友国际...
2026-05-01 23:29:27.053 | INFO     | Backtest   | [回测 4/5] 模拟第 591/658 笔交易: 三孚股份...
2026-05-01 23:29:27.375 | INFO     | Backtest   | [回测 4/5] 模拟第 601/658 笔交易: 咸亨国际...
2026-05-01 23:29:27.728 | INFO     | Backtest   | [回测 4/5] 模拟第 611/658 笔交易: 园林股份...
2026-05-01 23:29:27.964 | INFO     | Backtest   | [回测 4/5] 模拟第 621/658 笔交易: 德林海...
2026-05-01 23:29:28.211 | INFO     | Backtest   | [回测 4/5] 模拟第 631/658 笔交易: 统联精密...
2026-05-01 23:29:28.520 | INFO     | Backtest   | [回测 4/5] 模拟第 641/658 笔交易: 信科移动-U...
2026-05-01 23:29:28.815 | INFO     | Backtest   | [回测 4/5] 模拟第 651/658 笔交易: 上纬新材...
2026-05-01 23:29:29.123 | INFO     | Backtest   | [回测 5/5] 回测任务完成: 651笔(含0笔平手离场)
2026-05-01 23:29:29.354 | INFO     | Backtest   | [回测 1/5] 筛选回测目标股票...
2026-05-01 23:29:29.371 | INFO     | Backtest   | [回测 2/5] 加载 5010 只股票的历史数据进行快速扫描...
2026-05-01 23:29:43.091 | INFO     | Backtest   | [回测 3/5] 计算策略信号 (基于日线信号库)...
2026-05-01 23:29:43.097 | INFO     | Screener   | 🧬 [Loader] 识别到类继承策略: MA5AngleOriginalStrategy
2026-05-01 23:29:54.996 | INFO     | Backtest   | [回测 3/5] 上证红盘过滤: 658 → 491 条信号
2026-05-01 23:29:54.996 | INFO     | Backtest   | [回测 4/5] 处理 491 条信号，执行精细分钟线仿真...
2026-05-01 23:29:54.998 | INFO     | Backtest   | [回测 4/5] 模拟第 1/491 笔交易: 全新好...
2026-05-01 23:29:55.422 | INFO     | Backtest   | [回测 4/5] 模拟第 11/491 笔交易: 青岛双星...
2026-05-01 23:29:55.859 | INFO     | Backtest   | [回测 4/5] 模拟第 21/491 笔交易: 山高环能...
2026-05-01 23:29:56.177 | INFO     | Backtest   | [回测 4/5] 模拟第 31/491 笔交易: 广济药业...
2026-05-01 23:29:56.596 | INFO     | Backtest   | [回测 4/5] 模拟第 41/491 笔交易: 百通能源...
2026-05-01 23:29:57.046 | INFO     | Backtest   | [回测 4/5] 模拟第 51/491 笔交易: 沧州明珠...
2026-05-01 23:29:57.426 | INFO     | Backtest   | [回测 4/5] 模拟第 61/491 笔交易: 九鼎新材...
2026-05-01 23:29:57.797 | INFO     | Backtest   | [回测 4/5] 模拟第 71/491 笔交易: 华明装备...
2026-05-01 23:29:58.228 | INFO     | Backtest   | [回测 4/5] 模拟第 81/491 笔交易: 北京利尔...
2026-05-01 23:29:58.561 | INFO     | Backtest   | [回测 4/5] 模拟第 91/491 笔交易: 长高电新...
2026-05-01 23:29:58.968 | INFO     | Backtest   | [回测 4/5] 模拟第 101/491 笔交易: 金杯电工...
2026-05-01 23:29:59.351 | INFO     | Backtest   | [回测 4/5] 模拟第 111/491 笔交易: 中京电子...
2026-05-01 23:29:59.647 | INFO     | Backtest   | [回测 4/5] 模拟第 121/491 笔交易: 福建金森...
2026-05-01 23:29:59.971 | INFO     | Backtest   | [回测 4/5] 模拟第 131/491 笔交易: 通宇通讯...
2026-05-01 23:30:00.325 | INFO     | Backtest   | [回测 4/5] 模拟第 141/491 笔交易: 联诚精密...
2026-05-01 23:30:00.664 | INFO     | Backtest   | [回测 4/5] 模拟第 151/491 笔交易: 同兴科技...
2026-05-01 23:30:01.056 | INFO     | Backtest   | [回测 4/5] 模拟第 161/491 笔交易: 安诺其...
2026-05-01 23:30:01.387 | INFO     | Backtest   | [回测 4/5] 模拟第 171/491 笔交易: 行云科技...
2026-05-01 23:30:01.696 | INFO     | Backtest   | [回测 4/5] 模拟第 181/491 笔交易: 海峡创新...
2026-05-01 23:30:01.991 | INFO     | Backtest   | [回测 4/5] 模拟第 191/491 笔交易: 富临精工...
2026-05-01 23:30:02.265 | INFO     | Backtest   | [回测 4/5] 模拟第 201/491 笔交易: 高澜股份...
2026-05-01 23:30:02.586 | INFO     | Backtest   | [回测 4/5] 模拟第 211/491 笔交易: 安车检测...
2026-05-01 23:30:02.926 | INFO     | Backtest   | [回测 4/5] 模拟第 221/491 笔交易: 杭州园林...
2026-05-01 23:30:03.175 | INFO     | Backtest   | [回测 4/5] 模拟第 231/491 笔交易: 岱勒新材...
2026-05-01 23:30:03.448 | INFO     | Backtest   | [回测 4/5] 模拟第 241/491 笔交易: 震安科技...
2026-05-01 23:30:03.766 | INFO     | Backtest   | [回测 4/5] 模拟第 251/491 笔交易: 金春股份...
2026-05-01 23:30:04.226 | INFO     | Backtest   | [回测 4/5] 模拟第 261/491 笔交易: 崧盛股份...
2026-05-01 23:30:04.580 | INFO     | Backtest   | [回测 4/5] 模拟第 271/491 笔交易: 铜冠铜箔...
2026-05-01 23:30:04.854 | INFO     | Backtest   | [回测 4/5] 模拟第 281/491 笔交易: 五矿发展...
2026-05-01 23:30:05.281 | INFO     | Backtest   | [回测 4/5] 模拟第 291/491 笔交易: 长春一东...
2026-05-01 23:30:05.578 | INFO     | Backtest   | [回测 4/5] 模拟第 301/491 笔交易: 国电南自...
2026-05-01 23:30:05.887 | INFO     | Backtest   | [回测 4/5] 模拟第 311/491 笔交易: 浙江龙盛...
2026-05-01 23:30:06.246 | INFO     | Backtest   | [回测 4/5] 模拟第 321/491 笔交易: 晋西车轴...
2026-05-01 23:30:06.556 | INFO     | Backtest   | [回测 4/5] 模拟第 331/491 笔交易: 华谊集团...
2026-05-01 23:30:06.953 | INFO     | Backtest   | [回测 4/5] 模拟第 341/491 笔交易: 西藏城投...
2026-05-01 23:30:07.258 | INFO     | Backtest   | [回测 4/5] 模拟第 351/491 笔交易: 内蒙一机...
2026-05-01 23:30:07.573 | INFO     | Backtest   | [回测 4/5] 模拟第 361/491 笔交易: 中国国航...
2026-05-01 23:30:07.933 | INFO     | Backtest   | [回测 4/5] 模拟第 371/491 笔交易: 会稽山...
2026-05-01 23:30:08.237 | INFO     | Backtest   | [回测 4/5] 模拟第 381/491 笔交易: 科林电气...
2026-05-01 23:30:08.640 | INFO     | Backtest   | [回测 4/5] 模拟第 391/491 笔交易: 汇通集团...
2026-05-01 23:30:08.915 | INFO     | Backtest   | [回测 4/5] 模拟第 401/491 笔交易: 迪生力...
2026-05-01 23:30:09.294 | INFO     | Backtest   | [回测 4/5] 模拟第 411/491 笔交易: 司太立...
2026-05-01 23:30:09.668 | INFO     | Backtest   | [回测 4/5] 模拟第 421/491 笔交易: 泰晶科技...
2026-05-01 23:30:09.986 | INFO     | Backtest   | [回测 4/5] 模拟第 431/491 笔交易: 鼎胜新材...
2026-05-01 23:30:10.276 | INFO     | Backtest   | [回测 4/5] 模拟第 441/491 笔交易: 康德莱...
2026-05-01 23:30:10.648 | INFO     | Backtest   | [回测 4/5] 模拟第 451/491 笔交易: 德才股份...
2026-05-01 23:30:10.935 | INFO     | Backtest   | [回测 4/5] 模拟第 461/491 笔交易: 德林海...
2026-05-01 23:30:11.204 | INFO     | Backtest   | [回测 4/5] 模拟第 471/491 笔交易: 恒誉环保...
2026-05-01 23:30:11.509 | INFO     | Backtest   | [回测 4/5] 模拟第 481/491 笔交易: 芯联集成-U...
2026-05-01 23:30:11.855 | INFO     | Backtest   | [回测 4/5] 模拟第 491/491 笔交易: 同益中...
2026-05-01 23:30:11.876 | INFO     | Backtest   | [回测 5/5] 回测任务完成: 486笔(含0笔平手离场)
2026-05-01 23:35:54.042 | INFO     | DuckDB     | DuckDB | 所有核心表结构初始化完成 (含热点板块)
2026-05-01 23:35:54.042 | INFO     | DuckDB     | DuckDB 核心就绪: E:\1target\p9_project\quant-platform\data\meta\meta.db
2026-05-01 23:35:54.048 | INFO     | Backtest   | [回测 1/5] 筛选回测目标股票...
2026-05-01 23:35:54.055 | INFO     | DuckDB     | get_stocks_filtered | 过滤结果: 1799 只 (index=['HS300', 'ZZ500', 'ZZA500', 'ZZ1000'], mv=[None,None]亿)
2026-05-01 23:35:54.057 | INFO     | Backtest   | [回测 2/5] 加载 1799 只股票的历史数据进行快速扫描...
2026-05-01 23:35:59.039 | INFO     | Backtest   | [回测 3/5] 计算策略信号 (基于日线信号库)...
2026-05-01 23:35:59.046 | INFO     | Screener   | 🧬 [Loader] 识别到类继承策略: MA5AngleOriginalStrategy
2026-05-01 23:36:03.235 | INFO     | Backtest   | [回测 4/5] 处理 188 条信号，执行精细分钟线仿真...
2026-05-01 23:36:03.235 | INFO     | Backtest   | [回测 4/5] 模拟第 1/188 笔交易: 深科技...
2026-05-01 23:36:03.515 | INFO     | Backtest   | [回测 4/5] 模拟第 11/188 笔交易: 北方铜业...
2026-05-01 23:36:03.891 | INFO     | Backtest   | [回测 4/5] 模拟第 21/188 笔交易: 航天科技...
2026-05-01 23:36:04.237 | INFO     | Backtest   | [回测 4/5] 模拟第 31/188 笔交易: 双鹭药业...
2026-05-01 23:36:04.598 | INFO     | Backtest   | [回测 4/5] 模拟第 41/188 笔交易: 汉钟精机...
2026-05-01 23:36:04.851 | INFO     | Backtest   | [回测 4/5] 模拟第 51/188 笔交易: 海峡股份...
2026-05-01 23:36:05.100 | INFO     | Backtest   | [回测 4/5] 模拟第 61/188 笔交易: 天山铝业...
2026-05-01 23:36:05.393 | INFO     | Backtest   | [回测 4/5] 模拟第 71/188 笔交易: 美亚光电...
2026-05-01 23:36:05.661 | INFO     | Backtest   | [回测 4/5] 模拟第 81/188 笔交易: 网宿科技...
2026-05-01 23:36:05.920 | INFO     | Backtest   | [回测 4/5] 模拟第 91/188 笔交易: 光环新网...
2026-05-01 23:36:06.208 | INFO     | Backtest   | [回测 4/5] 模拟第 101/188 笔交易: 铜冠铜箔...
2026-05-01 23:36:06.497 | INFO     | Backtest   | [回测 4/5] 模拟第 111/188 笔交易: 圆通速递...
2026-05-01 23:36:06.811 | INFO     | Backtest   | [回测 4/5] 模拟第 121/188 笔交易: 中天科技...
2026-05-01 23:36:07.056 | INFO     | Backtest   | [回测 4/5] 模拟第 131/188 笔交易: 华谊集团...
2026-05-01 23:36:07.307 | INFO     | Backtest   | [回测 4/5] 模拟第 141/188 笔交易: 江苏金租...
2026-05-01 23:36:07.723 | INFO     | Backtest   | [回测 4/5] 模拟第 151/188 笔交易: 福元医药...
2026-05-01 23:36:08.096 | INFO     | Backtest   | [回测 4/5] 模拟第 161/188 笔交易: 金田股份...
2026-05-01 23:36:08.337 | INFO     | Backtest   | [回测 4/5] 模拟第 171/188 笔交易: 横店影视...
2026-05-01 23:36:08.690 | INFO     | Backtest   | [回测 4/5] 模拟第 181/188 笔交易: 洛阳钼业...
2026-05-01 23:36:08.903 | INFO     | Backtest   | [回测 5/5] 回测任务完成: 188笔(含0笔平手离场)
2026-05-01 23:36:08.964 | INFO     | Backtest   | [回测 1/5] 筛选回测目标股票...
2026-05-01 23:36:08.975 | INFO     | Backtest   | [回测 2/5] 加载 5010 只股票的历史数据进行快速扫描...
2026-05-01 23:36:22.297 | INFO     | Backtest   | [回测 3/5] 计算策略信号 (基于日线信号库)...
2026-05-01 23:36:22.303 | INFO     | Screener   | 🧬 [Loader] 识别到类继承策略: MA5AngleOriginalStrategy
2026-05-01 23:36:33.917 | INFO     | Backtest   | [回测 4/5] 处理 625 条信号，执行精细分钟线仿真...
2026-05-01 23:36:33.919 | INFO     | Backtest   | [回测 4/5] 模拟第 1/625 笔交易: 全新好...
2026-05-01 23:36:34.305 | INFO     | Backtest   | [回测 4/5] 模拟第 11/625 笔交易: 顺钠股份...
2026-05-01 23:36:34.642 | INFO     | Backtest   | [回测 4/5] 模拟第 21/625 笔交易: 锦龙股份...
2026-05-01 23:36:35.021 | INFO     | Backtest   | [回测 4/5] 模拟第 31/625 笔交易: 德展健康...
2026-05-01 23:36:35.333 | INFO     | Backtest   | [回测 4/5] 模拟第 41/625 笔交易: 新乡化纤...
2026-05-01 23:36:35.643 | INFO     | Backtest   | [回测 4/5] 模拟第 51/625 笔交易: 联合精密...
2026-05-01 23:36:36.075 | INFO     | Backtest   | [回测 4/5] 模拟第 61/625 笔交易: 兔宝宝...
2026-05-01 23:36:36.472 | INFO     | Backtest   | [回测 4/5] 模拟第 71/625 笔交易: 电投能源...
2026-05-01 23:36:36.788 | INFO     | Backtest   | [回测 4/5] 模拟第 81/625 笔交易: 证通电子...
2026-05-01 23:36:37.121 | INFO     | Backtest   | [回测 4/5] 模拟第 91/625 笔交易: 海陆重工...
2026-05-01 23:36:37.511 | INFO     | Backtest   | [回测 4/5] 模拟第 101/625 笔交易: 东方新能...
2026-05-01 23:36:37.843 | INFO     | Backtest   | [回测 4/5] 模拟第 111/625 笔交易: 亚太药业...
2026-05-01 23:36:38.107 | INFO     | Backtest   | [回测 4/5] 模拟第 121/625 笔交易: 誉衡药业...
2026-05-01 23:36:38.428 | INFO     | Backtest   | [回测 4/5] 模拟第 131/625 笔交易: 蓝丰生化...
2026-05-01 23:36:38.846 | INFO     | Backtest   | [回测 4/5] 模拟第 141/625 笔交易: 惠博普...
2026-05-01 23:36:39.141 | INFO     | Backtest   | [回测 4/5] 模拟第 151/625 笔交易: 朗姿股份...
2026-05-01 23:36:39.417 | INFO     | Backtest   | [回测 4/5] 模拟第 161/625 笔交易: 良信股份...
2026-05-01 23:36:39.730 | INFO     | Backtest   | [回测 4/5] 模拟第 171/625 笔交易: 通宇通讯...
2026-05-01 23:36:40.074 | INFO     | Backtest   | [回测 4/5] 模拟第 181/625 笔交易: 道道全...
2026-05-01 23:36:40.376 | INFO     | Backtest   | [回测 4/5] 模拟第 191/625 笔交易: 青农商行...
2026-05-01 23:36:40.708 | INFO     | Backtest   | [回测 4/5] 模拟第 201/625 笔交易: 天海防务...
2026-05-01 23:36:41.076 | INFO     | Backtest   | [回测 4/5] 模拟第 211/625 笔交易: 金利华电...
2026-05-01 23:36:41.416 | INFO     | Backtest   | [回测 4/5] 模拟第 221/625 笔交易: 科德教育...
2026-05-01 23:36:41.674 | INFO     | Backtest   | [回测 4/5] 模拟第 231/625 笔交易: 通光线缆...
2026-05-01 23:36:41.895 | INFO     | Backtest   | [回测 4/5] 模拟第 241/625 笔交易: 硕贝德...
2026-05-01 23:36:42.138 | INFO     | Backtest   | [回测 4/5] 模拟第 251/625 笔交易: 全信股份...
2026-05-01 23:36:42.402 | INFO     | Backtest   | [回测 4/5] 模拟第 261/625 笔交易: 高澜股份...
2026-05-01 23:36:42.696 | INFO     | Backtest   | [回测 4/5] 模拟第 271/625 笔交易: 筑博设计...
2026-05-01 23:36:43.018 | INFO     | Backtest   | [回测 4/5] 模拟第 281/625 笔交易: 光莆股份...
2026-05-01 23:36:43.249 | INFO     | Backtest   | [回测 4/5] 模拟第 291/625 笔交易: 大烨智能...
2026-05-01 23:36:43.558 | INFO     | Backtest   | [回测 4/5] 模拟第 301/625 笔交易: 安达维尔...
2026-05-01 23:36:43.892 | INFO     | Backtest   | [回测 4/5] 模拟第 311/625 笔交易: 震安科技...
2026-05-01 23:36:44.214 | INFO     | Backtest   | [回测 4/5] 模拟第 321/625 笔交易: 金春股份...
2026-05-01 23:36:44.675 | INFO     | Backtest   | [回测 4/5] 模拟第 331/625 笔交易: 崧盛股份...
2026-05-01 23:36:45.034 | INFO     | Backtest   | [回测 4/5] 模拟第 341/625 笔交易: 万凯新材...
2026-05-01 23:36:45.320 | INFO     | Backtest   | [回测 4/5] 模拟第 351/625 笔交易: 九鼎投资...
2026-05-01 23:36:45.728 | INFO     | Backtest   | [回测 4/5] 模拟第 361/625 笔交易: 浙江东日...
2026-05-01 23:36:46.063 | INFO     | Backtest   | [回测 4/5] 模拟第 371/625 笔交易: 南山铝业...
2026-05-01 23:36:46.301 | INFO     | Backtest   | [回测 4/5] 模拟第 381/625 笔交易: 大恒科技...
2026-05-01 23:36:46.599 | INFO     | Backtest   | [回测 4/5] 模拟第 391/625 笔交易: 国旅联合...
2026-05-01 23:36:46.944 | INFO     | Backtest   | [回测 4/5] 模拟第 401/625 笔交易: 风神股份...
2026-05-01 23:36:47.222 | INFO     | Backtest   | [回测 4/5] 模拟第 411/625 笔交易: 山煤国际...
2026-05-01 23:36:47.523 | INFO     | Backtest   | [回测 4/5] 模拟第 421/625 笔交易: 奥瑞德...
2026-05-01 23:36:47.870 | INFO     | Backtest   | [回测 4/5] 模拟第 431/625 笔交易: 宁波海运...
2026-05-01 23:36:48.113 | INFO     | Backtest   | [回测 4/5] 模拟第 441/625 笔交易: 江苏金租...
2026-05-01 23:36:48.555 | INFO     | Backtest   | [回测 4/5] 模拟第 451/625 笔交易: 南京银行...
2026-05-01 23:36:48.972 | INFO     | Backtest   | [回测 4/5] 模拟第 461/625 笔交易: 白银有色...
2026-05-01 23:36:49.322 | INFO     | Backtest   | [回测 4/5] 模拟第 471/625 笔交易: 会稽山...
2026-05-01 23:36:49.628 | INFO     | Backtest   | [回测 4/5] 模拟第 481/625 笔交易: 紫金矿业...
2026-05-01 23:36:49.919 | INFO     | Backtest   | [回测 4/5] 模拟第 491/625 笔交易: 正裕工业...
2026-05-01 23:36:50.272 | INFO     | Backtest   | [回测 4/5] 模拟第 501/625 笔交易: 望变电气...
2026-05-01 23:36:50.564 | INFO     | Backtest   | [回测 4/5] 模拟第 511/625 笔交易: 恒兴新材...
2026-05-01 23:36:50.849 | INFO     | Backtest   | [回测 4/5] 模拟第 521/625 笔交易: 九洲药业...
2026-05-01 23:36:51.281 | INFO     | Backtest   | [回测 4/5] 模拟第 531/625 笔交易: 中曼石油...
2026-05-01 23:36:51.558 | INFO     | Backtest   | [回测 4/5] 模拟第 541/625 笔交易: 宁波高发...
2026-05-01 23:36:51.888 | INFO     | Backtest   | [回测 4/5] 模拟第 551/625 笔交易: 嘉友国际...
2026-05-01 23:36:52.164 | INFO     | Backtest   | [回测 4/5] 模拟第 561/625 笔交易: 三孚股份...
2026-05-01 23:36:52.462 | INFO     | Backtest   | [回测 4/5] 模拟第 571/625 笔交易: 咸亨国际...
2026-05-01 23:36:52.783 | INFO     | Backtest   | [回测 4/5] 模拟第 581/625 笔交易: 李子园...
2026-05-01 23:36:53.045 | INFO     | Backtest   | [回测 4/5] 模拟第 591/625 笔交易: 京源环保...
2026-05-01 23:36:53.287 | INFO     | Backtest   | [回测 4/5] 模拟第 601/625 笔交易: 恒誉环保...
2026-05-01 23:36:53.590 | INFO     | Backtest   | [回测 4/5] 模拟第 611/625 笔交易: 科捷智能...
2026-05-01 23:36:53.943 | INFO     | Backtest   | [回测 4/5] 模拟第 621/625 笔交易: 罗普特...
2026-05-01 23:36:54.082 | INFO     | Backtest   | [回测 5/5] 回测任务完成: 592笔(含0笔平手离场)
2026-05-01 23:36:54.306 | INFO     | Backtest   | [回测 1/5] 筛选回测目标股票...
2026-05-01 23:36:54.321 | INFO     | Backtest   | [回测 2/5] 加载 5010 只股票的历史数据进行快速扫描...
2026-05-01 23:37:07.317 | INFO     | Backtest   | [回测 3/5] 计算策略信号 (基于日线信号库)...
2026-05-01 23:37:07.323 | INFO     | Screener   | 🧬 [Loader] 识别到类继承策略: MA5AngleOriginalStrategy
2026-05-01 23:37:19.014 | INFO     | Backtest   | [回测 3/5] 上证红盘过滤: 625 → 467 条信号
2026-05-01 23:37:19.014 | INFO     | Backtest   | [回测 4/5] 处理 467 条信号，执行精细分钟线仿真...
2026-05-01 23:37:19.015 | INFO     | Backtest   | [回测 4/5] 模拟第 1/467 笔交易: 全新好...
2026-05-01 23:37:19.441 | INFO     | Backtest   | [回测 4/5] 模拟第 11/467 笔交易: 英力特...
2026-05-01 23:37:19.865 | INFO     | Backtest   | [回测 4/5] 模拟第 21/467 笔交易: 鲁西化工...
2026-05-01 23:37:20.175 | INFO     | Backtest   | [回测 4/5] 模拟第 31/467 笔交易: 天保基建...
2026-05-01 23:37:20.523 | INFO     | Backtest   | [回测 4/5] 模拟第 41/467 笔交易: 京新药业...
2026-05-01 23:37:20.987 | INFO     | Backtest   | [回测 4/5] 模拟第 51/467 笔交易: 电投能源...
2026-05-01 23:37:21.335 | INFO     | Backtest   | [回测 4/5] 模拟第 61/467 笔交易: 安妮股份...
2026-05-01 23:37:21.665 | INFO     | Backtest   | [回测 4/5] 模拟第 71/467 笔交易: 众生药业...
2026-05-01 23:37:21.968 | INFO     | Backtest   | [回测 4/5] 模拟第 81/467 笔交易: 誉衡药业...
2026-05-01 23:37:22.313 | INFO     | Backtest   | [回测 4/5] 模拟第 91/467 笔交易: 天山铝业...
2026-05-01 23:37:22.649 | INFO     | Backtest   | [回测 4/5] 模拟第 101/467 笔交易: 中京电子...
2026-05-01 23:37:22.923 | INFO     | Backtest   | [回测 4/5] 模拟第 111/467 笔交易: 福建金森...
2026-05-01 23:37:23.221 | INFO     | Backtest   | [回测 4/5] 模拟第 121/467 笔交易: 永和智控...
2026-05-01 23:37:23.546 | INFO     | Backtest   | [回测 4/5] 模拟第 131/467 笔交易: 华夏航空...
2026-05-01 23:37:23.864 | INFO     | Backtest   | [回测 4/5] 模拟第 141/467 笔交易: 乐普医疗...
2026-05-01 23:37:24.296 | INFO     | Backtest   | [回测 4/5] 模拟第 151/467 笔交易: 海新能科...
2026-05-01 23:37:24.614 | INFO     | Backtest   | [回测 4/5] 模拟第 161/467 笔交易: 瑞丰光电...
2026-05-01 23:37:24.902 | INFO     | Backtest   | [回测 4/5] 模拟第 171/467 笔交易: 裕兴股份...
2026-05-01 23:37:25.177 | INFO     | Backtest   | [回测 4/5] 模拟第 181/467 笔交易: 先导智能...
2026-05-01 23:37:25.471 | INFO     | Backtest   | [回测 4/5] 模拟第 191/467 笔交易: 幸福蓝海...
2026-05-01 23:37:25.762 | INFO     | Backtest   | [回测 4/5] 模拟第 201/467 笔交易: 雄塑科技...
2026-05-01 23:37:26.080 | INFO     | Backtest   | [回测 4/5] 模拟第 211/467 笔交易: 宇信科技...
2026-05-01 23:37:26.366 | INFO     | Backtest   | [回测 4/5] 模拟第 221/467 笔交易: 明阳电路...
2026-05-01 23:37:26.690 | INFO     | Backtest   | [回测 4/5] 模拟第 231/467 笔交易: 玉禾田...
2026-05-01 23:37:27.146 | INFO     | Backtest   | [回测 4/5] 模拟第 241/467 笔交易: 深水海纳...
2026-05-01 23:37:27.534 | INFO     | Backtest   | [回测 4/5] 模拟第 251/467 笔交易: 工大科雅...
2026-05-01 23:37:27.811 | INFO     | Backtest   | [回测 4/5] 模拟第 261/467 笔交易: 厦门象屿...
2026-05-01 23:37:28.252 | INFO     | Backtest   | [回测 4/5] 模拟第 271/467 笔交易: 浪莎股份...
2026-05-01 23:37:28.592 | INFO     | Backtest   | [回测 4/5] 模拟第 281/467 笔交易: 阳光照明...
2026-05-01 23:37:28.892 | INFO     | Backtest   | [回测 4/5] 模拟第 291/467 笔交易: 西藏珠峰...
2026-05-01 23:37:29.279 | INFO     | Backtest   | [回测 4/5] 模拟第 301/467 笔交易: 华光环能...
2026-05-01 23:37:29.571 | INFO     | Backtest   | [回测 4/5] 模拟第 311/467 笔交易: 氯碱化工...
2026-05-01 23:37:30.010 | INFO     | Backtest   | [回测 4/5] 模拟第 321/467 笔交易: 西藏城投...
2026-05-01 23:37:30.265 | INFO     | Backtest   | [回测 4/5] 模拟第 331/467 笔交易: 郴电国际...
2026-05-01 23:37:30.628 | INFO     | Backtest   | [回测 4/5] 模拟第 341/467 笔交易: 北京银行...
2026-05-01 23:37:30.977 | INFO     | Backtest   | [回测 4/5] 模拟第 351/467 笔交易: 明阳智能...
2026-05-01 23:37:31.284 | INFO     | Backtest   | [回测 4/5] 模拟第 361/467 笔交易: 永吉股份...
2026-05-01 23:37:31.692 | INFO     | Backtest   | [回测 4/5] 模拟第 371/467 笔交易: 网达软件...
2026-05-01 23:37:31.982 | INFO     | Backtest   | [回测 4/5] 模拟第 381/467 笔交易: 迪生力...
2026-05-01 23:37:32.354 | INFO     | Backtest   | [回测 4/5] 模拟第 391/467 笔交易: 金麒麟...
2026-05-01 23:37:32.726 | INFO     | Backtest   | [回测 4/5] 模拟第 401/467 笔交易: 歌力思...
2026-05-01 23:37:33.035 | INFO     | Backtest   | [回测 4/5] 模拟第 411/467 笔交易: 铁流股份...
2026-05-01 23:37:33.319 | INFO     | Backtest   | [回测 4/5] 模拟第 421/467 笔交易: 世茂能源...
2026-05-01 23:37:33.682 | INFO     | Backtest   | [回测 4/5] 模拟第 431/467 笔交易: 李子园...
2026-05-01 23:37:33.934 | INFO     | Backtest   | [回测 4/5] 模拟第 441/467 笔交易: 阿拉丁...
2026-05-01 23:37:34.240 | INFO     | Backtest   | [回测 4/5] 模拟第 451/467 笔交易: 盟科药业-U...
2026-05-01 23:37:34.547 | INFO     | Backtest   | [回测 4/5] 模拟第 461/467 笔交易: 明冠新材...
2026-05-01 23:37:34.811 | INFO     | Backtest   | [回测 5/5] 回测任务完成: 443笔(含0笔平手离场)
2026-05-01 23:43:44.906 | INFO     | DuckDB     | DuckDB | 所有核心表结构初始化完成 (含热点板块)
2026-05-01 23:43:44.906 | INFO     | DuckDB     | DuckDB 核心就绪: E:\1target\p9_project\quant-platform\data\meta\meta.db
2026-05-01 23:43:44.912 | INFO     | Backtest   | [回测 1/5] 筛选回测目标股票...
2026-05-01 23:43:44.917 | INFO     | DuckDB     | get_stocks_filtered | 过滤结果: 1799 只 (index=['HS300', 'ZZ500', 'ZZA500', 'ZZ1000'], mv=[None,None]亿)
2026-05-01 23:43:44.920 | INFO     | Backtest   | [回测 2/5] 加载 1799 只股票的历史数据进行快速扫描...
2026-05-01 23:43:49.898 | INFO     | Backtest   | [回测 3/5] 计算策略信号 (基于日线信号库)...
2026-05-01 23:43:49.904 | INFO     | Screener   | 🧬 [Loader] 识别到类继承策略: MA5AngleOriginalStrategy
2026-05-01 23:43:54.087 | INFO     | Backtest   | [回测 4/5] 处理 188 条信号，执行精细分钟线仿真...
2026-05-01 23:43:54.087 | INFO     | Backtest   | [回测 4/5] 模拟第 1/188 笔交易: 深科技...
2026-05-01 23:43:54.376 | INFO     | Backtest   | [回测 4/5] 模拟第 11/188 笔交易: 北方铜业...
2026-05-01 23:43:54.733 | INFO     | Backtest   | [回测 4/5] 模拟第 21/188 笔交易: 航天科技...
2026-05-01 23:43:55.072 | INFO     | Backtest   | [回测 4/5] 模拟第 31/188 笔交易: 双鹭药业...
2026-05-01 23:43:55.419 | INFO     | Backtest   | [回测 4/5] 模拟第 41/188 笔交易: 汉钟精机...
2026-05-01 23:43:55.673 | INFO     | Backtest   | [回测 4/5] 模拟第 51/188 笔交易: 海峡股份...
2026-05-01 23:43:55.927 | INFO     | Backtest   | [回测 4/5] 模拟第 61/188 笔交易: 天山铝业...
2026-05-01 23:43:56.228 | INFO     | Backtest   | [回测 4/5] 模拟第 71/188 笔交易: 美亚光电...
2026-05-01 23:43:56.500 | INFO     | Backtest   | [回测 4/5] 模拟第 81/188 笔交易: 网宿科技...
2026-05-01 23:43:56.771 | INFO     | Backtest   | [回测 4/5] 模拟第 91/188 笔交易: 光环新网...
2026-05-01 23:43:57.069 | INFO     | Backtest   | [回测 4/5] 模拟第 101/188 笔交易: 铜冠铜箔...
2026-05-01 23:43:57.366 | INFO     | Backtest   | [回测 4/5] 模拟第 111/188 笔交易: 圆通速递...
2026-05-01 23:43:57.687 | INFO     | Backtest   | [回测 4/5] 模拟第 121/188 笔交易: 中天科技...
2026-05-01 23:43:57.941 | INFO     | Backtest   | [回测 4/5] 模拟第 131/188 笔交易: 华谊集团...
2026-05-01 23:43:58.198 | INFO     | Backtest   | [回测 4/5] 模拟第 141/188 笔交易: 江苏金租...
2026-05-01 23:43:58.620 | INFO     | Backtest   | [回测 4/5] 模拟第 151/188 笔交易: 福元医药...
2026-05-01 23:43:58.989 | INFO     | Backtest   | [回测 4/5] 模拟第 161/188 笔交易: 金田股份...
2026-05-01 23:43:59.224 | INFO     | Backtest   | [回测 4/5] 模拟第 171/188 笔交易: 横店影视...
2026-05-01 23:43:59.565 | INFO     | Backtest   | [回测 4/5] 模拟第 181/188 笔交易: 洛阳钼业...
2026-05-01 23:43:59.766 | INFO     | Backtest   | [回测 5/5] 回测任务完成: 182笔(含0笔平手离场)
2026-05-01 23:43:59.823 | INFO     | Backtest   | [回测 1/5] 筛选回测目标股票...
2026-05-01 23:43:59.834 | INFO     | Backtest   | [回测 2/5] 加载 5010 只股票的历史数据进行快速扫描...
2026-05-01 23:44:13.116 | INFO     | Backtest   | [回测 3/5] 计算策略信号 (基于日线信号库)...
2026-05-01 23:44:13.121 | INFO     | Screener   | 🧬 [Loader] 识别到类继承策略: MA5AngleOriginalStrategy
2026-05-01 23:44:24.763 | INFO     | Backtest   | [回测 4/5] 处理 625 条信号，执行精细分钟线仿真...
2026-05-01 23:44:24.765 | INFO     | Backtest   | [回测 4/5] 模拟第 1/625 笔交易: 全新好...
2026-05-01 23:44:25.147 | INFO     | Backtest   | [回测 4/5] 模拟第 11/625 笔交易: 顺钠股份...
2026-05-01 23:44:25.490 | INFO     | Backtest   | [回测 4/5] 模拟第 21/625 笔交易: 锦龙股份...
2026-05-01 23:44:25.878 | INFO     | Backtest   | [回测 4/5] 模拟第 31/625 笔交易: 德展健康...
2026-05-01 23:44:26.195 | INFO     | Backtest   | [回测 4/5] 模拟第 41/625 笔交易: 新乡化纤...
2026-05-01 23:44:26.506 | INFO     | Backtest   | [回测 4/5] 模拟第 51/625 笔交易: 联合精密...
2026-05-01 23:44:26.945 | INFO     | Backtest   | [回测 4/5] 模拟第 61/625 笔交易: 兔宝宝...
2026-05-01 23:44:27.349 | INFO     | Backtest   | [回测 4/5] 模拟第 71/625 笔交易: 电投能源...
2026-05-01 23:44:27.671 | INFO     | Backtest   | [回测 4/5] 模拟第 81/625 笔交易: 证通电子...
2026-05-01 23:44:28.016 | INFO     | Backtest   | [回测 4/5] 模拟第 91/625 笔交易: 海陆重工...
2026-05-01 23:44:28.412 | INFO     | Backtest   | [回测 4/5] 模拟第 101/625 笔交易: 东方新能...
2026-05-01 23:44:28.753 | INFO     | Backtest   | [回测 4/5] 模拟第 111/625 笔交易: 亚太药业...
2026-05-01 23:44:29.020 | INFO     | Backtest   | [回测 4/5] 模拟第 121/625 笔交易: 誉衡药业...
2026-05-01 23:44:29.354 | INFO     | Backtest   | [回测 4/5] 模拟第 131/625 笔交易: 蓝丰生化...
2026-05-01 23:44:29.774 | INFO     | Backtest   | [回测 4/5] 模拟第 141/625 笔交易: 惠博普...
2026-05-01 23:44:30.058 | INFO     | Backtest   | [回测 4/5] 模拟第 151/625 笔交易: 朗姿股份...
2026-05-01 23:44:30.319 | INFO     | Backtest   | [回测 4/5] 模拟第 161/625 笔交易: 良信股份...
2026-05-01 23:44:30.629 | INFO     | Backtest   | [回测 4/5] 模拟第 171/625 笔交易: 通宇通讯...
2026-05-01 23:44:30.966 | INFO     | Backtest   | [回测 4/5] 模拟第 181/625 笔交易: 道道全...
2026-05-01 23:44:31.264 | INFO     | Backtest   | [回测 4/5] 模拟第 191/625 笔交易: 青农商行...
2026-05-01 23:44:31.601 | INFO     | Backtest   | [回测 4/5] 模拟第 201/625 笔交易: 天海防务...
2026-05-01 23:44:31.981 | INFO     | Backtest   | [回测 4/5] 模拟第 211/625 笔交易: 金利华电...
2026-05-01 23:44:32.342 | INFO     | Backtest   | [回测 4/5] 模拟第 221/625 笔交易: 科德教育...
2026-05-01 23:44:32.622 | INFO     | Backtest   | [回测 4/5] 模拟第 231/625 笔交易: 通光线缆...
2026-05-01 23:44:32.868 | INFO     | Backtest   | [回测 4/5] 模拟第 241/625 笔交易: 硕贝德...
2026-05-01 23:44:33.140 | INFO     | Backtest   | [回测 4/5] 模拟第 251/625 笔交易: 全信股份...
2026-05-01 23:44:33.414 | INFO     | Backtest   | [回测 4/5] 模拟第 261/625 笔交易: 高澜股份...
2026-05-01 23:44:33.740 | INFO     | Backtest   | [回测 4/5] 模拟第 271/625 笔交易: 筑博设计...
2026-05-01 23:44:34.080 | INFO     | Backtest   | [回测 4/5] 模拟第 281/625 笔交易: 光莆股份...
2026-05-01 23:44:34.341 | INFO     | Backtest   | [回测 4/5] 模拟第 291/625 笔交易: 大烨智能...
2026-05-01 23:44:34.661 | INFO     | Backtest   | [回测 4/5] 模拟第 301/625 笔交易: 安达维尔...
2026-05-01 23:44:34.987 | INFO     | Backtest   | [回测 4/5] 模拟第 311/625 笔交易: 震安科技...
2026-05-01 23:44:35.309 | INFO     | Backtest   | [回测 4/5] 模拟第 321/625 笔交易: 金春股份...
2026-05-01 23:44:35.773 | INFO     | Backtest   | [回测 4/5] 模拟第 331/625 笔交易: 崧盛股份...
2026-05-01 23:44:36.146 | INFO     | Backtest   | [回测 4/5] 模拟第 341/625 笔交易: 万凯新材...
2026-05-01 23:44:36.449 | INFO     | Backtest   | [回测 4/5] 模拟第 351/625 笔交易: 九鼎投资...
2026-05-01 23:44:36.860 | INFO     | Backtest   | [回测 4/5] 模拟第 361/625 笔交易: 浙江东日...
2026-05-01 23:44:37.220 | INFO     | Backtest   | [回测 4/5] 模拟第 371/625 笔交易: 南山铝业...
2026-05-01 23:44:37.482 | INFO     | Backtest   | [回测 4/5] 模拟第 381/625 笔交易: 大恒科技...
2026-05-01 23:44:37.801 | INFO     | Backtest   | [回测 4/5] 模拟第 391/625 笔交易: 国旅联合...
2026-05-01 23:44:38.175 | INFO     | Backtest   | [回测 4/5] 模拟第 401/625 笔交易: 风神股份...
2026-05-01 23:44:38.469 | INFO     | Backtest   | [回测 4/5] 模拟第 411/625 笔交易: 山煤国际...
2026-05-01 23:44:38.791 | INFO     | Backtest   | [回测 4/5] 模拟第 421/625 笔交易: 奥瑞德...
2026-05-01 23:44:39.146 | INFO     | Backtest   | [回测 4/5] 模拟第 431/625 笔交易: 宁波海运...
2026-05-01 23:44:39.403 | INFO     | Backtest   | [回测 4/5] 模拟第 441/625 笔交易: 江苏金租...
2026-05-01 23:44:39.863 | INFO     | Backtest   | [回测 4/5] 模拟第 451/625 笔交易: 南京银行...
2026-05-01 23:44:40.276 | INFO     | Backtest   | [回测 4/5] 模拟第 461/625 笔交易: 白银有色...
2026-05-01 23:44:40.631 | INFO     | Backtest   | [回测 4/5] 模拟第 471/625 笔交易: 会稽山...
2026-05-01 23:44:40.949 | INFO     | Backtest   | [回测 4/5] 模拟第 481/625 笔交易: 紫金矿业...
2026-05-01 23:44:41.256 | INFO     | Backtest   | [回测 4/5] 模拟第 491/625 笔交易: 正裕工业...
2026-05-01 23:44:41.624 | INFO     | Backtest   | [回测 4/5] 模拟第 501/625 笔交易: 望变电气...
2026-05-01 23:44:41.931 | INFO     | Backtest   | [回测 4/5] 模拟第 511/625 笔交易: 恒兴新材...
2026-05-01 23:44:42.237 | INFO     | Backtest   | [回测 4/5] 模拟第 521/625 笔交易: 九洲药业...
2026-05-01 23:44:42.708 | INFO     | Backtest   | [回测 4/5] 模拟第 531/625 笔交易: 中曼石油...
2026-05-01 23:44:43.010 | INFO     | Backtest   | [回测 4/5] 模拟第 541/625 笔交易: 宁波高发...
2026-05-01 23:44:43.351 | INFO     | Backtest   | [回测 4/5] 模拟第 551/625 笔交易: 嘉友国际...
2026-05-01 23:44:43.641 | INFO     | Backtest   | [回测 4/5] 模拟第 561/625 笔交易: 三孚股份...
2026-05-01 23:44:43.950 | INFO     | Backtest   | [回测 4/5] 模拟第 571/625 笔交易: 咸亨国际...
2026-05-01 23:44:44.289 | INFO     | Backtest   | [回测 4/5] 模拟第 581/625 笔交易: 李子园...
2026-05-01 23:44:44.552 | INFO     | Backtest   | [回测 4/5] 模拟第 591/625 笔交易: 京源环保...
2026-05-01 23:44:44.807 | INFO     | Backtest   | [回测 4/5] 模拟第 601/625 笔交易: 恒誉环保...
2026-05-01 23:44:45.125 | INFO     | Backtest   | [回测 4/5] 模拟第 611/625 笔交易: 科捷智能...
2026-05-01 23:44:45.474 | INFO     | Backtest   | [回测 4/5] 模拟第 621/625 笔交易: 罗普特...
2026-05-01 23:44:45.614 | INFO     | Backtest   | [回测 5/5] 回测任务完成: 585笔(含0笔平手离场)
2026-05-01 23:44:45.833 | INFO     | Backtest   | [回测 1/5] 筛选回测目标股票...
2026-05-01 23:44:45.849 | INFO     | Backtest   | [回测 2/5] 加载 5010 只股票的历史数据进行快速扫描...
2026-05-01 23:44:59.084 | INFO     | Backtest   | [回测 3/5] 计算策略信号 (基于日线信号库)...
2026-05-01 23:44:59.090 | INFO     | Screener   | 🧬 [Loader] 识别到类继承策略: MA5AngleOriginalStrategy
2026-05-01 23:45:11.230 | INFO     | Backtest   | [回测 3/5] 上证红盘过滤: 625 → 467 条信号
2026-05-01 23:45:11.230 | INFO     | Backtest   | [回测 4/5] 处理 467 条信号，执行精细分钟线仿真...
2026-05-01 23:45:11.232 | INFO     | Backtest   | [回测 4/5] 模拟第 1/467 笔交易: 全新好...
2026-05-01 23:45:11.639 | INFO     | Backtest   | [回测 4/5] 模拟第 11/467 笔交易: 英力特...
2026-05-01 23:45:12.068 | INFO     | Backtest   | [回测 4/5] 模拟第 21/467 笔交易: 鲁西化工...
2026-05-01 23:45:12.386 | INFO     | Backtest   | [回测 4/5] 模拟第 31/467 笔交易: 天保基建...
2026-05-01 23:45:12.744 | INFO     | Backtest   | [回测 4/5] 模拟第 41/467 笔交易: 京新药业...
2026-05-01 23:45:13.216 | INFO     | Backtest   | [回测 4/5] 模拟第 51/467 笔交易: 电投能源...
2026-05-01 23:45:13.579 | INFO     | Backtest   | [回测 4/5] 模拟第 61/467 笔交易: 安妮股份...
2026-05-01 23:45:13.926 | INFO     | Backtest   | [回测 4/5] 模拟第 71/467 笔交易: 众生药业...
2026-05-01 23:45:14.245 | INFO     | Backtest   | [回测 4/5] 模拟第 81/467 笔交易: 誉衡药业...
2026-05-01 23:45:14.606 | INFO     | Backtest   | [回测 4/5] 模拟第 91/467 笔交易: 天山铝业...
2026-05-01 23:45:14.944 | INFO     | Backtest   | [回测 4/5] 模拟第 101/467 笔交易: 中京电子...
2026-05-01 23:45:15.217 | INFO     | Backtest   | [回测 4/5] 模拟第 111/467 笔交易: 福建金森...
2026-05-01 23:45:15.521 | INFO     | Backtest   | [回测 4/5] 模拟第 121/467 笔交易: 永和智控...
2026-05-01 23:45:15.856 | INFO     | Backtest   | [回测 4/5] 模拟第 131/467 笔交易: 华夏航空...
2026-05-01 23:45:16.168 | INFO     | Backtest   | [回测 4/5] 模拟第 141/467 笔交易: 乐普医疗...
2026-05-01 23:45:16.589 | INFO     | Backtest   | [回测 4/5] 模拟第 151/467 笔交易: 海新能科...
2026-05-01 23:45:16.902 | INFO     | Backtest   | [回测 4/5] 模拟第 161/467 笔交易: 瑞丰光电...
2026-05-01 23:45:17.187 | INFO     | Backtest   | [回测 4/5] 模拟第 171/467 笔交易: 裕兴股份...
2026-05-01 23:45:17.474 | INFO     | Backtest   | [回测 4/5] 模拟第 181/467 笔交易: 先导智能...
2026-05-01 23:45:17.778 | INFO     | Backtest   | [回测 4/5] 模拟第 191/467 笔交易: 幸福蓝海...
2026-05-01 23:45:18.077 | INFO     | Backtest   | [回测 4/5] 模拟第 201/467 笔交易: 雄塑科技...
2026-05-01 23:45:18.396 | INFO     | Backtest   | [回测 4/5] 模拟第 211/467 笔交易: 宇信科技...
2026-05-01 23:45:18.674 | INFO     | Backtest   | [回测 4/5] 模拟第 221/467 笔交易: 明阳电路...
2026-05-01 23:45:18.986 | INFO     | Backtest   | [回测 4/5] 模拟第 231/467 笔交易: 玉禾田...
2026-05-01 23:45:19.430 | INFO     | Backtest   | [回测 4/5] 模拟第 241/467 笔交易: 深水海纳...
2026-05-01 23:45:19.814 | INFO     | Backtest   | [回测 4/5] 模拟第 251/467 笔交易: 工大科雅...
2026-05-01 23:45:20.100 | INFO     | Backtest   | [回测 4/5] 模拟第 261/467 笔交易: 厦门象屿...
2026-05-01 23:45:20.544 | INFO     | Backtest   | [回测 4/5] 模拟第 271/467 笔交易: 浪莎股份...
2026-05-01 23:45:20.887 | INFO     | Backtest   | [回测 4/5] 模拟第 281/467 笔交易: 阳光照明...
2026-05-01 23:45:21.179 | INFO     | Backtest   | [回测 4/5] 模拟第 291/467 笔交易: 西藏珠峰...
2026-05-01 23:45:21.550 | INFO     | Backtest   | [回测 4/5] 模拟第 301/467 笔交易: 华光环能...
2026-05-01 23:45:21.846 | INFO     | Backtest   | [回测 4/5] 模拟第 311/467 笔交易: 氯碱化工...
2026-05-01 23:45:22.286 | INFO     | Backtest   | [回测 4/5] 模拟第 321/467 笔交易: 西藏城投...
2026-05-01 23:45:22.546 | INFO     | Backtest   | [回测 4/5] 模拟第 331/467 笔交易: 郴电国际...
2026-05-01 23:45:22.904 | INFO     | Backtest   | [回测 4/5] 模拟第 341/467 笔交易: 北京银行...
2026-05-01 23:45:23.245 | INFO     | Backtest   | [回测 4/5] 模拟第 351/467 笔交易: 明阳智能...
2026-05-01 23:45:23.552 | INFO     | Backtest   | [回测 4/5] 模拟第 361/467 笔交易: 永吉股份...
2026-05-01 23:45:23.965 | INFO     | Backtest   | [回测 4/5] 模拟第 371/467 笔交易: 网达软件...
2026-05-01 23:45:24.270 | INFO     | Backtest   | [回测 4/5] 模拟第 381/467 笔交易: 迪生力...
2026-05-01 23:45:24.668 | INFO     | Backtest   | [回测 4/5] 模拟第 391/467 笔交易: 金麒麟...
2026-05-01 23:45:25.060 | INFO     | Backtest   | [回测 4/5] 模拟第 401/467 笔交易: 歌力思...
2026-05-01 23:45:25.387 | INFO     | Backtest   | [回测 4/5] 模拟第 411/467 笔交易: 铁流股份...
2026-05-01 23:45:25.686 | INFO     | Backtest   | [回测 4/5] 模拟第 421/467 笔交易: 世茂能源...
2026-05-01 23:45:26.061 | INFO     | Backtest   | [回测 4/5] 模拟第 431/467 笔交易: 李子园...
2026-05-01 23:45:26.319 | INFO     | Backtest   | [回测 4/5] 模拟第 441/467 笔交易: 阿拉丁...
2026-05-01 23:45:26.619 | INFO     | Backtest   | [回测 4/5] 模拟第 451/467 笔交易: 盟科药业-U...
2026-05-01 23:45:26.938 | INFO     | Backtest   | [回测 4/5] 模拟第 461/467 笔交易: 明冠新材...
2026-05-01 23:45:27.199 | INFO     | Backtest   | [回测 5/5] 回测任务完成: 426笔(含0笔平手离场)
2026-05-01 23:47:09.132 | INFO     | DuckDB     | DuckDB | 所有核心表结构初始化完成 (含热点板块)
2026-05-01 23:47:09.132 | INFO     | DuckDB     | DuckDB 核心就绪: E:\1target\p9_project\quant-platform\data\meta\meta.db
2026-05-01 23:47:09.137 | INFO     | Backtest   | [回测 1/5] 筛选回测目标股票...
2026-05-01 23:47:09.143 | INFO     | DuckDB     | get_stocks_filtered | 过滤结果: 1799 只 (index=['HS300', 'ZZ500', 'ZZA500', 'ZZ1000'], mv=[None,None]亿)
2026-05-01 23:47:09.145 | INFO     | Backtest   | [回测 2/5] 加载 1799 只股票的历史数据进行快速扫描...
2026-05-01 23:47:14.176 | INFO     | Backtest   | [回测 3/5] 计算策略信号 (基于日线信号库)...
2026-05-01 23:47:14.182 | INFO     | Screener   | 🧬 [Loader] 识别到类继承策略: MA5AngleOriginalStrategy
2026-05-01 23:47:18.400 | INFO     | Backtest   | [回测 4/5] 处理 188 条信号，执行精细分钟线仿真...
2026-05-01 23:47:18.401 | INFO     | Backtest   | [回测 4/5] 模拟第 1/188 笔交易: 深科技...
2026-05-01 23:47:18.683 | INFO     | Backtest   | [回测 4/5] 模拟第 11/188 笔交易: 北方铜业...
2026-05-01 23:47:19.035 | INFO     | Backtest   | [回测 4/5] 模拟第 21/188 笔交易: 航天科技...
2026-05-01 23:47:19.363 | INFO     | Backtest   | [回测 4/5] 模拟第 31/188 笔交易: 双鹭药业...
2026-05-01 23:47:19.711 | INFO     | Backtest   | [回测 4/5] 模拟第 41/188 笔交易: 汉钟精机...
2026-05-01 23:47:19.961 | INFO     | Backtest   | [回测 4/5] 模拟第 51/188 笔交易: 海峡股份...
2026-05-01 23:47:20.207 | INFO     | Backtest   | [回测 4/5] 模拟第 61/188 笔交易: 天山铝业...
2026-05-01 23:47:20.513 | INFO     | Backtest   | [回测 4/5] 模拟第 71/188 笔交易: 美亚光电...
2026-05-01 23:47:20.777 | INFO     | Backtest   | [回测 4/5] 模拟第 81/188 笔交易: 网宿科技...
2026-05-01 23:47:21.033 | INFO     | Backtest   | [回测 4/5] 模拟第 91/188 笔交易: 光环新网...
2026-05-01 23:47:21.325 | INFO     | Backtest   | [回测 4/5] 模拟第 101/188 笔交易: 铜冠铜箔...
2026-05-01 23:47:21.607 | INFO     | Backtest   | [回测 4/5] 模拟第 111/188 笔交易: 圆通速递...
2026-05-01 23:47:21.925 | INFO     | Backtest   | [回测 4/5] 模拟第 121/188 笔交易: 中天科技...
2026-05-01 23:47:22.162 | INFO     | Backtest   | [回测 4/5] 模拟第 131/188 笔交易: 华谊集团...
2026-05-01 23:47:22.414 | INFO     | Backtest   | [回测 4/5] 模拟第 141/188 笔交易: 江苏金租...
2026-05-01 23:47:22.846 | INFO     | Backtest   | [回测 4/5] 模拟第 151/188 笔交易: 福元医药...
2026-05-01 23:47:23.221 | INFO     | Backtest   | [回测 4/5] 模拟第 161/188 笔交易: 金田股份...
2026-05-01 23:47:23.455 | INFO     | Backtest   | [回测 4/5] 模拟第 171/188 笔交易: 横店影视...
2026-05-01 23:47:23.792 | INFO     | Backtest   | [回测 4/5] 模拟第 181/188 笔交易: 洛阳钼业...
2026-05-01 23:47:23.993 | INFO     | Backtest   | [回测 5/5] 回测任务完成: 182笔(含0笔平手离场)
2026-05-01 23:47:24.052 | INFO     | Backtest   | [回测 1/5] 筛选回测目标股票...
2026-05-01 23:47:24.062 | INFO     | Backtest   | [回测 2/5] 加载 5010 只股票的历史数据进行快速扫描...
2026-05-01 23:47:37.316 | INFO     | Backtest   | [回测 3/5] 计算策略信号 (基于日线信号库)...
2026-05-01 23:47:37.322 | INFO     | Screener   | 🧬 [Loader] 识别到类继承策略: MA5AngleOriginalStrategy
2026-05-01 23:47:48.968 | INFO     | Backtest   | [回测 4/5] 处理 625 条信号，执行精细分钟线仿真...
2026-05-01 23:47:48.970 | INFO     | Backtest   | [回测 4/5] 模拟第 1/625 笔交易: 全新好...
2026-05-01 23:47:49.325 | INFO     | Backtest   | [回测 4/5] 模拟第 11/625 笔交易: 顺钠股份...
2026-05-01 23:47:49.645 | INFO     | Backtest   | [回测 4/5] 模拟第 21/625 笔交易: 锦龙股份...
2026-05-01 23:47:50.007 | INFO     | Backtest   | [回测 4/5] 模拟第 31/625 笔交易: 德展健康...
2026-05-01 23:47:50.298 | INFO     | Backtest   | [回测 4/5] 模拟第 41/625 笔交易: 新乡化纤...
2026-05-01 23:47:50.589 | INFO     | Backtest   | [回测 4/5] 模拟第 51/625 笔交易: 联合精密...
2026-05-01 23:47:50.996 | INFO     | Backtest   | [回测 4/5] 模拟第 61/625 笔交易: 兔宝宝...
2026-05-01 23:47:51.376 | INFO     | Backtest   | [回测 4/5] 模拟第 71/625 笔交易: 电投能源...
2026-05-01 23:47:51.667 | INFO     | Backtest   | [回测 4/5] 模拟第 81/625 笔交易: 证通电子...
2026-05-01 23:47:51.980 | INFO     | Backtest   | [回测 4/5] 模拟第 91/625 笔交易: 海陆重工...
2026-05-01 23:47:52.350 | INFO     | Backtest   | [回测 4/5] 模拟第 101/625 笔交易: 东方新能...
2026-05-01 23:47:52.684 | INFO     | Backtest   | [回测 4/5] 模拟第 111/625 笔交易: 亚太药业...
2026-05-01 23:47:52.949 | INFO     | Backtest   | [回测 4/5] 模拟第 121/625 笔交易: 誉衡药业...
2026-05-01 23:47:53.276 | INFO     | Backtest   | [回测 4/5] 模拟第 131/625 笔交易: 蓝丰生化...
2026-05-01 23:47:53.674 | INFO     | Backtest   | [回测 4/5] 模拟第 141/625 笔交易: 惠博普...
2026-05-01 23:47:53.939 | INFO     | Backtest   | [回测 4/5] 模拟第 151/625 笔交易: 朗姿股份...
2026-05-01 23:47:54.180 | INFO     | Backtest   | [回测 4/5] 模拟第 161/625 笔交易: 良信股份...
2026-05-01 23:47:54.474 | INFO     | Backtest   | [回测 4/5] 模拟第 171/625 笔交易: 通宇通讯...
2026-05-01 23:47:54.795 | INFO     | Backtest   | [回测 4/5] 模拟第 181/625 笔交易: 道道全...
2026-05-01 23:47:55.077 | INFO     | Backtest   | [回测 4/5] 模拟第 191/625 笔交易: 青农商行...
2026-05-01 23:47:55.396 | INFO     | Backtest   | [回测 4/5] 模拟第 201/625 笔交易: 天海防务...
2026-05-01 23:47:55.758 | INFO     | Backtest   | [回测 4/5] 模拟第 211/625 笔交易: 金利华电...
2026-05-01 23:47:56.089 | INFO     | Backtest   | [回测 4/5] 模拟第 221/625 笔交易: 科德教育...
2026-05-01 23:47:56.341 | INFO     | Backtest   | [回测 4/5] 模拟第 231/625 笔交易: 通光线缆...
2026-05-01 23:47:56.565 | INFO     | Backtest   | [回测 4/5] 模拟第 241/625 笔交易: 硕贝德...
2026-05-01 23:47:56.808 | INFO     | Backtest   | [回测 4/5] 模拟第 251/625 笔交易: 全信股份...
2026-05-01 23:47:57.063 | INFO     | Backtest   | [回测 4/5] 模拟第 261/625 笔交易: 高澜股份...
2026-05-01 23:47:57.358 | INFO     | Backtest   | [回测 4/5] 模拟第 271/625 笔交易: 筑博设计...
2026-05-01 23:47:57.681 | INFO     | Backtest   | [回测 4/5] 模拟第 281/625 笔交易: 光莆股份...
2026-05-01 23:47:57.926 | INFO     | Backtest   | [回测 4/5] 模拟第 291/625 笔交易: 大烨智能...
2026-05-01 23:47:58.232 | INFO     | Backtest   | [回测 4/5] 模拟第 301/625 笔交易: 安达维尔...
2026-05-01 23:47:58.547 | INFO     | Backtest   | [回测 4/5] 模拟第 311/625 笔交易: 震安科技...
2026-05-01 23:47:58.844 | INFO     | Backtest   | [回测 4/5] 模拟第 321/625 笔交易: 金春股份...
2026-05-01 23:47:59.281 | INFO     | Backtest   | [回测 4/5] 模拟第 331/625 笔交易: 崧盛股份...
2026-05-01 23:47:59.636 | INFO     | Backtest   | [回测 4/5] 模拟第 341/625 笔交易: 万凯新材...
2026-05-01 23:47:59.916 | INFO     | Backtest   | [回测 4/5] 模拟第 351/625 笔交易: 九鼎投资...
2026-05-01 23:48:00.306 | INFO     | Backtest   | [回测 4/5] 模拟第 361/625 笔交易: 浙江东日...
2026-05-01 23:48:00.638 | INFO     | Backtest   | [回测 4/5] 模拟第 371/625 笔交易: 南山铝业...
2026-05-01 23:48:00.869 | INFO     | Backtest   | [回测 4/5] 模拟第 381/625 笔交易: 大恒科技...
2026-05-01 23:48:01.160 | INFO     | Backtest   | [回测 4/5] 模拟第 391/625 笔交易: 国旅联合...
2026-05-01 23:48:01.502 | INFO     | Backtest   | [回测 4/5] 模拟第 401/625 笔交易: 风神股份...
2026-05-01 23:48:01.774 | INFO     | Backtest   | [回测 4/5] 模拟第 411/625 笔交易: 山煤国际...
2026-05-01 23:48:02.068 | INFO     | Backtest   | [回测 4/5] 模拟第 421/625 笔交易: 奥瑞德...
2026-05-01 23:48:02.415 | INFO     | Backtest   | [回测 4/5] 模拟第 431/625 笔交易: 宁波海运...
2026-05-01 23:48:02.659 | INFO     | Backtest   | [回测 4/5] 模拟第 441/625 笔交易: 江苏金租...
2026-05-01 23:48:03.114 | INFO     | Backtest   | [回测 4/5] 模拟第 451/625 笔交易: 南京银行...
2026-05-01 23:48:03.509 | INFO     | Backtest   | [回测 4/5] 模拟第 461/625 笔交易: 白银有色...
2026-05-01 23:48:03.854 | INFO     | Backtest   | [回测 4/5] 模拟第 471/625 笔交易: 会稽山...
2026-05-01 23:48:04.146 | INFO     | Backtest   | [回测 4/5] 模拟第 481/625 笔交易: 紫金矿业...
2026-05-01 23:48:04.431 | INFO     | Backtest   | [回测 4/5] 模拟第 491/625 笔交易: 正裕工业...
2026-05-01 23:48:04.782 | INFO     | Backtest   | [回测 4/5] 模拟第 501/625 笔交易: 望变电气...
2026-05-01 23:48:05.067 | INFO     | Backtest   | [回测 4/5] 模拟第 511/625 笔交易: 恒兴新材...
2026-05-01 23:48:05.343 | INFO     | Backtest   | [回测 4/5] 模拟第 521/625 笔交易: 九洲药业...
2026-05-01 23:48:05.771 | INFO     | Backtest   | [回测 4/5] 模拟第 531/625 笔交易: 中曼石油...
2026-05-01 23:48:06.043 | INFO     | Backtest   | [回测 4/5] 模拟第 541/625 笔交易: 宁波高发...
2026-05-01 23:48:06.365 | INFO     | Backtest   | [回测 4/5] 模拟第 551/625 笔交易: 嘉友国际...
2026-05-01 23:48:06.638 | INFO     | Backtest   | [回测 4/5] 模拟第 561/625 笔交易: 三孚股份...
2026-05-01 23:48:06.925 | INFO     | Backtest   | [回测 4/5] 模拟第 571/625 笔交易: 咸亨国际...
2026-05-01 23:48:07.242 | INFO     | Backtest   | [回测 4/5] 模拟第 581/625 笔交易: 李子园...
2026-05-01 23:48:07.492 | INFO     | Backtest   | [回测 4/5] 模拟第 591/625 笔交易: 京源环保...
2026-05-01 23:48:07.743 | INFO     | Backtest   | [回测 4/5] 模拟第 601/625 笔交易: 恒誉环保...
2026-05-01 23:48:08.064 | INFO     | Backtest   | [回测 4/5] 模拟第 611/625 笔交易: 科捷智能...
2026-05-01 23:48:08.401 | INFO     | Backtest   | [回测 4/5] 模拟第 621/625 笔交易: 罗普特...
2026-05-01 23:48:08.535 | INFO     | Backtest   | [回测 5/5] 回测任务完成: 585笔(含0笔平手离场)
2026-05-01 23:48:08.747 | INFO     | Backtest   | [回测 1/5] 筛选回测目标股票...
2026-05-01 23:48:08.762 | INFO     | Backtest   | [回测 2/5] 加载 5010 只股票的历史数据进行快速扫描...
2026-05-01 23:48:21.835 | INFO     | Backtest   | [回测 3/5] 计算策略信号 (基于日线信号库)...
2026-05-01 23:48:21.841 | INFO     | Screener   | 🧬 [Loader] 识别到类继承策略: MA5AngleOriginalStrategy
2026-05-01 23:48:33.555 | INFO     | Backtest   | [回测 3/5] 上证红盘过滤: 625 → 467 条信号
2026-05-01 23:48:33.555 | INFO     | Backtest   | [回测 4/5] 处理 467 条信号，执行精细分钟线仿真...
2026-05-01 23:48:33.556 | INFO     | Backtest   | [回测 4/5] 模拟第 1/467 笔交易: 全新好...
2026-05-01 23:48:33.942 | INFO     | Backtest   | [回测 4/5] 模拟第 11/467 笔交易: 英力特...
2026-05-01 23:48:34.329 | INFO     | Backtest   | [回测 4/5] 模拟第 21/467 笔交易: 鲁西化工...
2026-05-01 23:48:34.613 | INFO     | Backtest   | [回测 4/5] 模拟第 31/467 笔交易: 天保基建...
2026-05-01 23:48:34.932 | INFO     | Backtest   | [回测 4/5] 模拟第 41/467 笔交易: 京新药业...
2026-05-01 23:48:35.372 | INFO     | Backtest   | [回测 4/5] 模拟第 51/467 笔交易: 电投能源...
2026-05-01 23:48:35.700 | INFO     | Backtest   | [回测 4/5] 模拟第 61/467 笔交易: 安妮股份...
2026-05-01 23:48:36.033 | INFO     | Backtest   | [回测 4/5] 模拟第 71/467 笔交易: 众生药业...
2026-05-01 23:48:36.326 | INFO     | Backtest   | [回测 4/5] 模拟第 81/467 笔交易: 誉衡药业...
2026-05-01 23:48:36.659 | INFO     | Backtest   | [回测 4/5] 模拟第 91/467 笔交易: 天山铝业...
2026-05-01 23:48:36.964 | INFO     | Backtest   | [回测 4/5] 模拟第 101/467 笔交易: 中京电子...
2026-05-01 23:48:37.222 | INFO     | Backtest   | [回测 4/5] 模拟第 111/467 笔交易: 福建金森...
2026-05-01 23:48:37.506 | INFO     | Backtest   | [回测 4/5] 模拟第 121/467 笔交易: 永和智控...
2026-05-01 23:48:37.832 | INFO     | Backtest   | [回测 4/5] 模拟第 131/467 笔交易: 华夏航空...
2026-05-01 23:48:38.133 | INFO     | Backtest   | [回测 4/5] 模拟第 141/467 笔交易: 乐普医疗...
2026-05-01 23:48:38.535 | INFO     | Backtest   | [回测 4/5] 模拟第 151/467 笔交易: 海新能科...
2026-05-01 23:48:38.823 | INFO     | Backtest   | [回测 4/5] 模拟第 161/467 笔交易: 瑞丰光电...
2026-05-01 23:48:39.081 | INFO     | Backtest   | [回测 4/5] 模拟第 171/467 笔交易: 裕兴股份...
2026-05-01 23:48:39.334 | INFO     | Backtest   | [回测 4/5] 模拟第 181/467 笔交易: 先导智能...
2026-05-01 23:48:39.598 | INFO     | Backtest   | [回测 4/5] 模拟第 191/467 笔交易: 幸福蓝海...
2026-05-01 23:48:39.857 | INFO     | Backtest   | [回测 4/5] 模拟第 201/467 笔交易: 雄塑科技...
2026-05-01 23:48:40.139 | INFO     | Backtest   | [回测 4/5] 模拟第 211/467 笔交易: 宇信科技...
2026-05-01 23:48:40.397 | INFO     | Backtest   | [回测 4/5] 模拟第 221/467 笔交易: 明阳电路...
2026-05-01 23:48:40.680 | INFO     | Backtest   | [回测 4/5] 模拟第 231/467 笔交易: 玉禾田...
2026-05-01 23:48:41.102 | INFO     | Backtest   | [回测 4/5] 模拟第 241/467 笔交易: 深水海纳...
2026-05-01 23:48:41.469 | INFO     | Backtest   | [回测 4/5] 模拟第 251/467 笔交易: 工大科雅...
2026-05-01 23:48:41.720 | INFO     | Backtest   | [回测 4/5] 模拟第 261/467 笔交易: 厦门象屿...
2026-05-01 23:48:42.133 | INFO     | Backtest   | [回测 4/5] 模拟第 271/467 笔交易: 浪莎股份...
2026-05-01 23:48:42.448 | INFO     | Backtest   | [回测 4/5] 模拟第 281/467 笔交易: 阳光照明...
2026-05-01 23:48:42.727 | INFO     | Backtest   | [回测 4/5] 模拟第 291/467 笔交易: 西藏珠峰...
2026-05-01 23:48:43.094 | INFO     | Backtest   | [回测 4/5] 模拟第 301/467 笔交易: 华光环能...
2026-05-01 23:48:43.358 | INFO     | Backtest   | [回测 4/5] 模拟第 311/467 笔交易: 氯碱化工...
2026-05-01 23:48:43.776 | INFO     | Backtest   | [回测 4/5] 模拟第 321/467 笔交易: 西藏城投...
2026-05-01 23:48:44.006 | INFO     | Backtest   | [回测 4/5] 模拟第 331/467 笔交易: 郴电国际...
2026-05-01 23:48:44.336 | INFO     | Backtest   | [回测 4/5] 模拟第 341/467 笔交易: 北京银行...
2026-05-01 23:48:44.654 | INFO     | Backtest   | [回测 4/5] 模拟第 351/467 笔交易: 明阳智能...
2026-05-01 23:48:44.927 | INFO     | Backtest   | [回测 4/5] 模拟第 361/467 笔交易: 永吉股份...
2026-05-01 23:48:45.314 | INFO     | Backtest   | [回测 4/5] 模拟第 371/467 笔交易: 网达软件...
2026-05-01 23:48:45.596 | INFO     | Backtest   | [回测 4/5] 模拟第 381/467 笔交易: 迪生力...
2026-05-01 23:48:45.962 | INFO     | Backtest   | [回测 4/5] 模拟第 391/467 笔交易: 金麒麟...
2026-05-01 23:48:46.320 | INFO     | Backtest   | [回测 4/5] 模拟第 401/467 笔交易: 歌力思...
2026-05-01 23:48:46.625 | INFO     | Backtest   | [回测 4/5] 模拟第 411/467 笔交易: 铁流股份...
2026-05-01 23:48:46.900 | INFO     | Backtest   | [回测 4/5] 模拟第 421/467 笔交易: 世茂能源...
2026-05-01 23:48:47.254 | INFO     | Backtest   | [回测 4/5] 模拟第 431/467 笔交易: 李子园...
2026-05-01 23:48:47.493 | INFO     | Backtest   | [回测 4/5] 模拟第 441/467 笔交易: 阿拉丁...
2026-05-01 23:48:47.790 | INFO     | Backtest   | [回测 4/5] 模拟第 451/467 笔交易: 盟科药业-U...
2026-05-01 23:48:48.100 | INFO     | Backtest   | [回测 4/5] 模拟第 461/467 笔交易: 明冠新材...
2026-05-01 23:48:48.353 | INFO     | Backtest   | [回测 5/5] 回测任务完成: 426笔(含0笔平手离场)
2026-05-01 23:49:12.120 | INFO     | DuckDB     | DuckDB | 所有核心表结构初始化完成 (含热点板块)
2026-05-01 23:49:12.121 | INFO     | DuckDB     | DuckDB 核心就绪: E:\1target\p9_project\quant-platform\data\meta\meta.db
2026-05-01 23:49:12.127 | INFO     | Backtest   | [回测 1/5] 筛选回测目标股票...
2026-05-01 23:49:12.136 | INFO     | Backtest   | [回测 2/5] 加载 5010 只股票的历史数据进行快速扫描...
2026-05-01 23:49:25.755 | INFO     | Backtest   | [回测 3/5] 计算策略信号 (基于日线信号库)...
2026-05-01 23:49:25.764 | INFO     | Screener   | 🧬 [Loader] 识别到类继承策略: MA5AngleOriginalStrategy
2026-05-01 23:49:37.295 | INFO     | Backtest   | [回测 4/5] 处理 625 条信号，执行精细分钟线仿真...
2026-05-01 23:49:37.296 | INFO     | Backtest   | [回测 4/5] 模拟第 1/625 笔交易: 全新好...
2026-05-01 23:49:37.619 | INFO     | Backtest   | [回测 4/5] 模拟第 11/625 笔交易: 顺钠股份...
2026-05-01 23:49:37.944 | INFO     | Backtest   | [回测 4/5] 模拟第 21/625 笔交易: 锦龙股份...
2026-05-01 23:49:38.286 | INFO     | Backtest   | [回测 4/5] 模拟第 31/625 笔交易: 德展健康...
2026-05-01 23:49:38.588 | INFO     | Backtest   | [回测 4/5] 模拟第 41/625 笔交易: 新乡化纤...
2026-05-01 23:49:38.872 | INFO     | Backtest   | [回测 4/5] 模拟第 51/625 笔交易: 联合精密...
2026-05-01 23:49:39.191 | INFO     | Backtest   | [回测 4/5] 模拟第 61/625 笔交易: 兔宝宝...
2026-05-01 23:49:39.504 | INFO     | Backtest   | [回测 4/5] 模拟第 71/625 笔交易: 电投能源...
2026-05-01 23:49:39.786 | INFO     | Backtest   | [回测 4/5] 模拟第 81/625 笔交易: 证通电子...
2026-05-01 23:49:40.080 | INFO     | Backtest   | [回测 4/5] 模拟第 91/625 笔交易: 海陆重工...
2026-05-01 23:49:40.383 | INFO     | Backtest   | [回测 4/5] 模拟第 101/625 笔交易: 东方新能...
2026-05-01 23:49:40.714 | INFO     | Backtest   | [回测 4/5] 模拟第 111/625 笔交易: 亚太药业...
2026-05-01 23:49:40.966 | INFO     | Backtest   | [回测 4/5] 模拟第 121/625 笔交易: 誉衡药业...
2026-05-01 23:49:41.285 | INFO     | Backtest   | [回测 4/5] 模拟第 131/625 笔交易: 蓝丰生化...
2026-05-01 23:49:41.617 | INFO     | Backtest   | [回测 4/5] 模拟第 141/625 笔交易: 惠博普...
2026-05-01 23:49:41.882 | INFO     | Backtest   | [回测 4/5] 模拟第 151/625 笔交易: 朗姿股份...
2026-05-01 23:49:42.109 | INFO     | Backtest   | [回测 4/5] 模拟第 161/625 笔交易: 良信股份...
2026-05-01 23:49:42.389 | INFO     | Backtest   | [回测 4/5] 模拟第 171/625 笔交易: 通宇通讯...
2026-05-01 23:49:42.697 | INFO     | Backtest   | [回测 4/5] 模拟第 181/625 笔交易: 道道全...
2026-05-01 23:49:43.001 | INFO     | Backtest   | [回测 4/5] 模拟第 191/625 笔交易: 青农商行...
2026-05-01 23:49:43.308 | INFO     | Backtest   | [回测 4/5] 模拟第 201/625 笔交易: 天海防务...
2026-05-01 23:49:43.601 | INFO     | Backtest   | [回测 4/5] 模拟第 211/625 笔交易: 金利华电...
2026-05-01 23:49:43.880 | INFO     | Backtest   | [回测 4/5] 模拟第 221/625 笔交易: 科德教育...
2026-05-01 23:49:44.133 | INFO     | Backtest   | [回测 4/5] 模拟第 231/625 笔交易: 通光线缆...
2026-05-01 23:49:44.356 | INFO     | Backtest   | [回测 4/5] 模拟第 241/625 笔交易: 硕贝德...
2026-05-01 23:49:44.619 | INFO     | Backtest   | [回测 4/5] 模拟第 251/625 笔交易: 全信股份...
2026-05-01 23:49:44.871 | INFO     | Backtest   | [回测 4/5] 模拟第 261/625 笔交易: 高澜股份...
2026-05-01 23:49:45.135 | INFO     | Backtest   | [回测 4/5] 模拟第 271/625 笔交易: 筑博设计...
2026-05-01 23:49:45.415 | INFO     | Backtest   | [回测 4/5] 模拟第 281/625 笔交易: 光莆股份...
2026-05-01 23:49:45.641 | INFO     | Backtest   | [回测 4/5] 模拟第 291/625 笔交易: 大烨智能...
2026-05-01 23:49:45.913 | INFO     | Backtest   | [回测 4/5] 模拟第 301/625 笔交易: 安达维尔...
2026-05-01 23:49:46.176 | INFO     | Backtest   | [回测 4/5] 模拟第 311/625 笔交易: 震安科技...
2026-05-01 23:49:46.483 | INFO     | Backtest   | [回测 4/5] 模拟第 321/625 笔交易: 金春股份...
2026-05-01 23:49:46.856 | INFO     | Backtest   | [回测 4/5] 模拟第 331/625 笔交易: 崧盛股份...
2026-05-01 23:49:47.171 | INFO     | Backtest   | [回测 4/5] 模拟第 341/625 笔交易: 万凯新材...
2026-05-01 23:49:47.438 | INFO     | Backtest   | [回测 4/5] 模拟第 351/625 笔交易: 九鼎投资...
2026-05-01 23:49:47.747 | INFO     | Backtest   | [回测 4/5] 模拟第 361/625 笔交易: 浙江东日...
2026-05-01 23:49:48.056 | INFO     | Backtest   | [回测 4/5] 模拟第 371/625 笔交易: 南山铝业...
2026-05-01 23:49:48.308 | INFO     | Backtest   | [回测 4/5] 模拟第 381/625 笔交易: 大恒科技...
2026-05-01 23:49:48.603 | INFO     | Backtest   | [回测 4/5] 模拟第 391/625 笔交易: 国旅联合...
2026-05-01 23:49:48.934 | INFO     | Backtest   | [回测 4/5] 模拟第 401/625 笔交易: 风神股份...
2026-05-01 23:49:49.206 | INFO     | Backtest   | [回测 4/5] 模拟第 411/625 笔交易: 山煤国际...
2026-05-01 23:49:49.467 | INFO     | Backtest   | [回测 4/5] 模拟第 421/625 笔交易: 奥瑞德...
2026-05-01 23:49:49.757 | INFO     | Backtest   | [回测 4/5] 模拟第 431/625 笔交易: 宁波海运...
2026-05-01 23:49:49.976 | INFO     | Backtest   | [回测 4/5] 模拟第 441/625 笔交易: 江苏金租...
2026-05-01 23:49:50.251 | INFO     | Backtest   | [回测 4/5] 模拟第 451/625 笔交易: 南京银行...
2026-05-01 23:49:50.563 | INFO     | Backtest   | [回测 4/5] 模拟第 461/625 笔交易: 白银有色...
2026-05-01 23:49:50.826 | INFO     | Backtest   | [回测 4/5] 模拟第 471/625 笔交易: 会稽山...
2026-05-01 23:49:51.104 | INFO     | Backtest   | [回测 4/5] 模拟第 481/625 笔交易: 紫金矿业...
2026-05-01 23:49:51.392 | INFO     | Backtest   | [回测 4/5] 模拟第 491/625 笔交易: 正裕工业...
2026-05-01 23:49:51.644 | INFO     | Backtest   | [回测 4/5] 模拟第 501/625 笔交易: 望变电气...
2026-05-01 23:49:51.908 | INFO     | Backtest   | [回测 4/5] 模拟第 511/625 笔交易: 恒兴新材...
2026-05-01 23:49:52.188 | INFO     | Backtest   | [回测 4/5] 模拟第 521/625 笔交易: 九洲药业...
2026-05-01 23:49:52.496 | INFO     | Backtest   | [回测 4/5] 模拟第 531/625 笔交易: 中曼石油...
2026-05-01 23:49:52.786 | INFO     | Backtest   | [回测 4/5] 模拟第 541/625 笔交易: 宁波高发...
2026-05-01 23:49:53.084 | INFO     | Backtest   | [回测 4/5] 模拟第 551/625 笔交易: 嘉友国际...
2026-05-01 23:49:53.342 | INFO     | Backtest   | [回测 4/5] 模拟第 561/625 笔交易: 三孚股份...
2026-05-01 23:49:53.637 | INFO     | Backtest   | [回测 4/5] 模拟第 571/625 笔交易: 咸亨国际...
2026-05-01 23:49:53.921 | INFO     | Backtest   | [回测 4/5] 模拟第 581/625 笔交易: 李子园...
2026-05-01 23:49:54.169 | INFO     | Backtest   | [回测 4/5] 模拟第 591/625 笔交易: 京源环保...
2026-05-01 23:49:54.399 | INFO     | Backtest   | [回测 4/5] 模拟第 601/625 笔交易: 恒誉环保...
2026-05-01 23:49:54.678 | INFO     | Backtest   | [回测 4/5] 模拟第 611/625 笔交易: 科捷智能...
2026-05-01 23:49:54.935 | INFO     | Backtest   | [回测 4/5] 模拟第 621/625 笔交易: 罗普特...
2026-05-01 23:49:55.063 | INFO     | Backtest   | [回测 5/5] 回测任务完成: 546笔(含0笔平手离场)
2026-05-01 23:51:01.229 | INFO     | DuckDB     | DuckDB | 所有核心表结构初始化完成 (含热点板块)
2026-05-01 23:51:01.230 | INFO     | DuckDB     | DuckDB 核心就绪: E:\1target\p9_project\quant-platform\data\meta\meta.db
2026-05-01 23:51:01.235 | INFO     | Backtest   | [回测 1/5] 筛选回测目标股票...
2026-05-01 23:51:01.241 | INFO     | DuckDB     | get_stocks_filtered | 过滤结果: 1799 只 (index=['HS300', 'ZZ500', 'ZZA500', 'ZZ1000'], mv=[None,None]亿)
2026-05-01 23:51:01.243 | INFO     | Backtest   | [回测 2/5] 加载 1799 只股票的历史数据进行快速扫描...
2026-05-01 23:51:06.217 | INFO     | Backtest   | [回测 3/5] 计算策略信号 (基于日线信号库)...
2026-05-01 23:51:06.221 | INFO     | Screener   | 🧬 [Loader] 识别到类继承策略: MA5AngleOriginalStrategy
2026-05-01 23:51:10.368 | INFO     | Backtest   | [回测 4/5] 处理 188 条信号，执行精细分钟线仿真...
2026-05-01 23:51:10.369 | INFO     | Backtest   | [回测 4/5] 模拟第 1/188 笔交易: 深科技...
2026-05-01 23:51:10.654 | INFO     | Backtest   | [回测 4/5] 模拟第 11/188 笔交易: 北方铜业...
2026-05-01 23:51:11.010 | INFO     | Backtest   | [回测 4/5] 模拟第 21/188 笔交易: 航天科技...
2026-05-01 23:51:11.342 | INFO     | Backtest   | [回测 4/5] 模拟第 31/188 笔交易: 双鹭药业...
2026-05-01 23:51:11.699 | INFO     | Backtest   | [回测 4/5] 模拟第 41/188 笔交易: 汉钟精机...
2026-05-01 23:51:11.954 | INFO     | Backtest   | [回测 4/5] 模拟第 51/188 笔交易: 海峡股份...
2026-05-01 23:51:12.205 | INFO     | Backtest   | [回测 4/5] 模拟第 61/188 笔交易: 天山铝业...
2026-05-01 23:51:12.501 | INFO     | Backtest   | [回测 4/5] 模拟第 71/188 笔交易: 美亚光电...
2026-05-01 23:51:12.760 | INFO     | Backtest   | [回测 4/5] 模拟第 81/188 笔交易: 网宿科技...
2026-05-01 23:51:13.028 | INFO     | Backtest   | [回测 4/5] 模拟第 91/188 笔交易: 光环新网...
2026-05-01 23:51:13.326 | INFO     | Backtest   | [回测 4/5] 模拟第 101/188 笔交易: 铜冠铜箔...
2026-05-01 23:51:13.615 | INFO     | Backtest   | [回测 4/5] 模拟第 111/188 笔交易: 圆通速递...
2026-05-01 23:51:13.925 | INFO     | Backtest   | [回测 4/5] 模拟第 121/188 笔交易: 中天科技...
2026-05-01 23:51:14.171 | INFO     | Backtest   | [回测 4/5] 模拟第 131/188 笔交易: 华谊集团...
2026-05-01 23:51:14.422 | INFO     | Backtest   | [回测 4/5] 模拟第 141/188 笔交易: 江苏金租...
2026-05-01 23:51:14.836 | INFO     | Backtest   | [回测 4/5] 模拟第 151/188 笔交易: 福元医药...
2026-05-01 23:51:15.206 | INFO     | Backtest   | [回测 4/5] 模拟第 161/188 笔交易: 金田股份...
2026-05-01 23:51:15.444 | INFO     | Backtest   | [回测 4/5] 模拟第 171/188 笔交易: 横店影视...
2026-05-01 23:51:15.789 | INFO     | Backtest   | [回测 4/5] 模拟第 181/188 笔交易: 洛阳钼业...
2026-05-01 23:51:15.993 | INFO     | Backtest   | [回测 5/5] 回测任务完成: 182笔(含0笔平手离场)
2026-05-01 23:51:16.049 | INFO     | Backtest   | [回测 1/5] 筛选回测目标股票...
2026-05-01 23:51:16.060 | INFO     | Backtest   | [回测 2/5] 加载 5010 只股票的历史数据进行快速扫描...
2026-05-01 23:51:29.259 | INFO     | Backtest   | [回测 3/5] 计算策略信号 (基于日线信号库)...
2026-05-01 23:51:29.265 | INFO     | Screener   | 🧬 [Loader] 识别到类继承策略: MA5AngleOriginalStrategy
2026-05-01 23:51:40.691 | INFO     | Backtest   | [回测 4/5] 处理 625 条信号，执行精细分钟线仿真...
2026-05-01 23:51:40.692 | INFO     | Backtest   | [回测 4/5] 模拟第 1/625 笔交易: 全新好...
2026-05-01 23:51:41.054 | INFO     | Backtest   | [回测 4/5] 模拟第 11/625 笔交易: 顺钠股份...
2026-05-01 23:51:41.370 | INFO     | Backtest   | [回测 4/5] 模拟第 21/625 笔交易: 锦龙股份...
2026-05-01 23:51:41.743 | INFO     | Backtest   | [回测 4/5] 模拟第 31/625 笔交易: 德展健康...
2026-05-01 23:51:42.029 | INFO     | Backtest   | [回测 4/5] 模拟第 41/625 笔交易: 新乡化纤...
2026-05-01 23:51:42.313 | INFO     | Backtest   | [回测 4/5] 模拟第 51/625 笔交易: 联合精密...
2026-05-01 23:51:42.724 | INFO     | Backtest   | [回测 4/5] 模拟第 61/625 笔交易: 兔宝宝...
2026-05-01 23:51:43.102 | INFO     | Backtest   | [回测 4/5] 模拟第 71/625 笔交易: 电投能源...
2026-05-01 23:51:43.411 | INFO     | Backtest   | [回测 4/5] 模拟第 81/625 笔交易: 证通电子...
2026-05-01 23:51:43.731 | INFO     | Backtest   | [回测 4/5] 模拟第 91/625 笔交易: 海陆重工...
2026-05-01 23:51:44.103 | INFO     | Backtest   | [回测 4/5] 模拟第 101/625 笔交易: 东方新能...
2026-05-01 23:51:44.422 | INFO     | Backtest   | [回测 4/5] 模拟第 111/625 笔交易: 亚太药业...
2026-05-01 23:51:44.674 | INFO     | Backtest   | [回测 4/5] 模拟第 121/625 笔交易: 誉衡药业...
2026-05-01 23:51:44.988 | INFO     | Backtest   | [回测 4/5] 模拟第 131/625 笔交易: 蓝丰生化...
2026-05-01 23:51:45.385 | INFO     | Backtest   | [回测 4/5] 模拟第 141/625 笔交易: 惠博普...
2026-05-01 23:51:45.638 | INFO     | Backtest   | [回测 4/5] 模拟第 151/625 笔交易: 朗姿股份...
2026-05-01 23:51:45.890 | INFO     | Backtest   | [回测 4/5] 模拟第 161/625 笔交易: 良信股份...
2026-05-01 23:51:46.180 | INFO     | Backtest   | [回测 4/5] 模拟第 171/625 笔交易: 通宇通讯...
2026-05-01 23:51:46.492 | INFO     | Backtest   | [回测 4/5] 模拟第 181/625 笔交易: 道道全...
2026-05-01 23:51:46.774 | INFO     | Backtest   | [回测 4/5] 模拟第 191/625 笔交易: 青农商行...
2026-05-01 23:51:47.083 | INFO     | Backtest   | [回测 4/5] 模拟第 201/625 笔交易: 天海防务...
2026-05-01 23:51:47.440 | INFO     | Backtest   | [回测 4/5] 模拟第 211/625 笔交易: 金利华电...
2026-05-01 23:51:47.770 | INFO     | Backtest   | [回测 4/5] 模拟第 221/625 笔交易: 科德教育...
2026-05-01 23:51:48.035 | INFO     | Backtest   | [回测 4/5] 模拟第 231/625 笔交易: 通光线缆...
2026-05-01 23:51:48.274 | INFO     | Backtest   | [回测 4/5] 模拟第 241/625 笔交易: 硕贝德...
2026-05-01 23:51:48.524 | INFO     | Backtest   | [回测 4/5] 模拟第 251/625 笔交易: 全信股份...
2026-05-01 23:51:48.783 | INFO     | Backtest   | [回测 4/5] 模拟第 261/625 笔交易: 高澜股份...
2026-05-01 23:51:49.074 | INFO     | Backtest   | [回测 4/5] 模拟第 271/625 笔交易: 筑博设计...
2026-05-01 23:51:49.385 | INFO     | Backtest   | [回测 4/5] 模拟第 281/625 笔交易: 光莆股份...
2026-05-01 23:51:49.616 | INFO     | Backtest   | [回测 4/5] 模拟第 291/625 笔交易: 大烨智能...
2026-05-01 23:51:49.915 | INFO     | Backtest   | [回测 4/5] 模拟第 301/625 笔交易: 安达维尔...
2026-05-01 23:51:50.222 | INFO     | Backtest   | [回测 4/5] 模拟第 311/625 笔交易: 震安科技...
2026-05-01 23:51:50.522 | INFO     | Backtest   | [回测 4/5] 模拟第 321/625 笔交易: 金春股份...
2026-05-01 23:51:50.959 | INFO     | Backtest   | [回测 4/5] 模拟第 331/625 笔交易: 崧盛股份...
2026-05-01 23:51:51.315 | INFO     | Backtest   | [回测 4/5] 模拟第 341/625 笔交易: 万凯新材...
2026-05-01 23:51:51.599 | INFO     | Backtest   | [回测 4/5] 模拟第 351/625 笔交易: 九鼎投资...
2026-05-01 23:51:51.992 | INFO     | Backtest   | [回测 4/5] 模拟第 361/625 笔交易: 浙江东日...
2026-05-01 23:51:52.329 | INFO     | Backtest   | [回测 4/5] 模拟第 371/625 笔交易: 南山铝业...
2026-05-01 23:51:52.565 | INFO     | Backtest   | [回测 4/5] 模拟第 381/625 笔交易: 大恒科技...
2026-05-01 23:51:52.853 | INFO     | Backtest   | [回测 4/5] 模拟第 391/625 笔交易: 国旅联合...
2026-05-01 23:51:53.206 | INFO     | Backtest   | [回测 4/5] 模拟第 401/625 笔交易: 风神股份...
2026-05-01 23:51:53.492 | INFO     | Backtest   | [回测 4/5] 模拟第 411/625 笔交易: 山煤国际...
2026-05-01 23:51:53.798 | INFO     | Backtest   | [回测 4/5] 模拟第 421/625 笔交易: 奥瑞德...
2026-05-01 23:51:54.160 | INFO     | Backtest   | [回测 4/5] 模拟第 431/625 笔交易: 宁波海运...
2026-05-01 23:51:54.408 | INFO     | Backtest   | [回测 4/5] 模拟第 441/625 笔交易: 江苏金租...
2026-05-01 23:51:54.846 | INFO     | Backtest   | [回测 4/5] 模拟第 451/625 笔交易: 南京银行...
2026-05-01 23:51:55.233 | INFO     | Backtest   | [回测 4/5] 模拟第 461/625 笔交易: 白银有色...
2026-05-01 23:51:55.576 | INFO     | Backtest   | [回测 4/5] 模拟第 471/625 笔交易: 会稽山...
2026-05-01 23:51:55.868 | INFO     | Backtest   | [回测 4/5] 模拟第 481/625 笔交易: 紫金矿业...
2026-05-01 23:51:56.153 | INFO     | Backtest   | [回测 4/5] 模拟第 491/625 笔交易: 正裕工业...
2026-05-01 23:51:56.487 | INFO     | Backtest   | [回测 4/5] 模拟第 501/625 笔交易: 望变电气...
2026-05-01 23:51:56.772 | INFO     | Backtest   | [回测 4/5] 模拟第 511/625 笔交易: 恒兴新材...
2026-05-01 23:51:57.055 | INFO     | Backtest   | [回测 4/5] 模拟第 521/625 笔交易: 九洲药业...
2026-05-01 23:51:57.483 | INFO     | Backtest   | [回测 4/5] 模拟第 531/625 笔交易: 中曼石油...
2026-05-01 23:51:57.763 | INFO     | Backtest   | [回测 4/5] 模拟第 541/625 笔交易: 宁波高发...
2026-05-01 23:51:58.104 | INFO     | Backtest   | [回测 4/5] 模拟第 551/625 笔交易: 嘉友国际...
2026-05-01 23:51:58.402 | INFO     | Backtest   | [回测 4/5] 模拟第 561/625 笔交易: 三孚股份...
2026-05-01 23:51:58.708 | INFO     | Backtest   | [回测 4/5] 模拟第 571/625 笔交易: 咸亨国际...
2026-05-01 23:51:59.034 | INFO     | Backtest   | [回测 4/5] 模拟第 581/625 笔交易: 李子园...
2026-05-01 23:51:59.288 | INFO     | Backtest   | [回测 4/5] 模拟第 591/625 笔交易: 京源环保...
2026-05-01 23:51:59.535 | INFO     | Backtest   | [回测 4/5] 模拟第 601/625 笔交易: 恒誉环保...
2026-05-01 23:51:59.837 | INFO     | Backtest   | [回测 4/5] 模拟第 611/625 笔交易: 科捷智能...
2026-05-01 23:52:00.168 | INFO     | Backtest   | [回测 4/5] 模拟第 621/625 笔交易: 罗普特...
2026-05-01 23:52:00.301 | INFO     | Backtest   | [回测 5/5] 回测任务完成: 422笔(含0笔平手离场)
2026-05-01 23:52:00.516 | INFO     | Backtest   | [回测 1/5] 筛选回测目标股票...
2026-05-01 23:52:00.530 | INFO     | Backtest   | [回测 2/5] 加载 5010 只股票的历史数据进行快速扫描...
2026-05-01 23:52:13.647 | INFO     | Backtest   | [回测 3/5] 计算策略信号 (基于日线信号库)...
2026-05-01 23:52:13.653 | INFO     | Screener   | 🧬 [Loader] 识别到类继承策略: MA5AngleOriginalStrategy
2026-05-01 23:52:25.136 | INFO     | Backtest   | [回测 3/5] 上证红盘过滤: 625 → 467 条信号
2026-05-01 23:52:25.136 | INFO     | Backtest   | [回测 4/5] 处理 467 条信号，执行精细分钟线仿真...
2026-05-01 23:52:25.137 | INFO     | Backtest   | [回测 4/5] 模拟第 1/467 笔交易: 全新好...
2026-05-01 23:52:25.507 | INFO     | Backtest   | [回测 4/5] 模拟第 11/467 笔交易: 英力特...
2026-05-01 23:52:25.897 | INFO     | Backtest   | [回测 4/5] 模拟第 21/467 笔交易: 鲁西化工...
2026-05-01 23:52:26.169 | INFO     | Backtest   | [回测 4/5] 模拟第 31/467 笔交易: 天保基建...
2026-05-01 23:52:26.501 | INFO     | Backtest   | [回测 4/5] 模拟第 41/467 笔交易: 京新药业...
2026-05-01 23:52:26.927 | INFO     | Backtest   | [回测 4/5] 模拟第 51/467 笔交易: 电投能源...
2026-05-01 23:52:27.265 | INFO     | Backtest   | [回测 4/5] 模拟第 61/467 笔交易: 安妮股份...
2026-05-01 23:52:27.579 | INFO     | Backtest   | [回测 4/5] 模拟第 71/467 笔交易: 众生药业...
2026-05-01 23:52:27.892 | INFO     | Backtest   | [回测 4/5] 模拟第 81/467 笔交易: 誉衡药业...
2026-05-01 23:52:28.245 | INFO     | Backtest   | [回测 4/5] 模拟第 91/467 笔交易: 天山铝业...
2026-05-01 23:52:28.586 | INFO     | Backtest   | [回测 4/5] 模拟第 101/467 笔交易: 中京电子...
2026-05-01 23:52:28.848 | INFO     | Backtest   | [回测 4/5] 模拟第 111/467 笔交易: 福建金森...
2026-05-01 23:52:29.120 | INFO     | Backtest   | [回测 4/5] 模拟第 121/467 笔交易: 永和智控...
2026-05-01 23:52:29.436 | INFO     | Backtest   | [回测 4/5] 模拟第 131/467 笔交易: 华夏航空...
2026-05-01 23:52:29.777 | INFO     | Backtest   | [回测 4/5] 模拟第 141/467 笔交易: 乐普医疗...
2026-05-01 23:52:30.218 | INFO     | Backtest   | [回测 4/5] 模拟第 151/467 笔交易: 海新能科...
2026-05-01 23:52:30.518 | INFO     | Backtest   | [回测 4/5] 模拟第 161/467 笔交易: 瑞丰光电...
2026-05-01 23:52:30.840 | INFO     | Backtest   | [回测 4/5] 模拟第 171/467 笔交易: 裕兴股份...
2026-05-01 23:52:31.126 | INFO     | Backtest   | [回测 4/5] 模拟第 181/467 笔交易: 先导智能...
2026-05-01 23:52:31.420 | INFO     | Backtest   | [回测 4/5] 模拟第 191/467 笔交易: 幸福蓝海...
2026-05-01 23:52:31.700 | INFO     | Backtest   | [回测 4/5] 模拟第 201/467 笔交易: 雄塑科技...
2026-05-01 23:52:32.002 | INFO     | Backtest   | [回测 4/5] 模拟第 211/467 笔交易: 宇信科技...
2026-05-01 23:52:32.268 | INFO     | Backtest   | [回测 4/5] 模拟第 221/467 笔交易: 明阳电路...
2026-05-01 23:52:32.581 | INFO     | Backtest   | [回测 4/5] 模拟第 231/467 笔交易: 玉禾田...
2026-05-01 23:52:33.020 | INFO     | Backtest   | [回测 4/5] 模拟第 241/467 笔交易: 深水海纳...
2026-05-01 23:52:33.403 | INFO     | Backtest   | [回测 4/5] 模拟第 251/467 笔交易: 工大科雅...
2026-05-01 23:52:33.666 | INFO     | Backtest   | [回测 4/5] 模拟第 261/467 笔交易: 厦门象屿...
2026-05-01 23:52:34.099 | INFO     | Backtest   | [回测 4/5] 模拟第 271/467 笔交易: 浪莎股份...
2026-05-01 23:52:34.433 | INFO     | Backtest   | [回测 4/5] 模拟第 281/467 笔交易: 阳光照明...
2026-05-01 23:52:34.711 | INFO     | Backtest   | [回测 4/5] 模拟第 291/467 笔交易: 西藏珠峰...
2026-05-01 23:52:35.074 | INFO     | Backtest   | [回测 4/5] 模拟第 301/467 笔交易: 华光环能...
2026-05-01 23:52:35.352 | INFO     | Backtest   | [回测 4/5] 模拟第 311/467 笔交易: 氯碱化工...
2026-05-01 23:52:35.775 | INFO     | Backtest   | [回测 4/5] 模拟第 321/467 笔交易: 西藏城投...
2026-05-01 23:52:36.018 | INFO     | Backtest   | [回测 4/5] 模拟第 331/467 笔交易: 郴电国际...
2026-05-01 23:52:36.350 | INFO     | Backtest   | [回测 4/5] 模拟第 341/467 笔交易: 北京银行...
2026-05-01 23:52:36.679 | INFO     | Backtest   | [回测 4/5] 模拟第 351/467 笔交易: 明阳智能...
2026-05-01 23:52:36.952 | INFO     | Backtest   | [回测 4/5] 模拟第 361/467 笔交易: 永吉股份...
2026-05-01 23:52:37.354 | INFO     | Backtest   | [回测 4/5] 模拟第 371/467 笔交易: 网达软件...
2026-05-01 23:52:37.638 | INFO     | Backtest   | [回测 4/5] 模拟第 381/467 笔交易: 迪生力...
2026-05-01 23:52:38.031 | INFO     | Backtest   | [回测 4/5] 模拟第 391/467 笔交易: 金麒麟...
2026-05-01 23:52:38.401 | INFO     | Backtest   | [回测 4/5] 模拟第 401/467 笔交易: 歌力思...
2026-05-01 23:52:38.747 | INFO     | Backtest   | [回测 4/5] 模拟第 411/467 笔交易: 铁流股份...
2026-05-01 23:52:39.036 | INFO     | Backtest   | [回测 4/5] 模拟第 421/467 笔交易: 世茂能源...
2026-05-01 23:52:39.400 | INFO     | Backtest   | [回测 4/5] 模拟第 431/467 笔交易: 李子园...
2026-05-01 23:52:39.634 | INFO     | Backtest   | [回测 4/5] 模拟第 441/467 笔交易: 阿拉丁...
2026-05-01 23:52:39.929 | INFO     | Backtest   | [回测 4/5] 模拟第 451/467 笔交易: 盟科药业-U...
2026-05-01 23:52:40.226 | INFO     | Backtest   | [回测 4/5] 模拟第 461/467 笔交易: 明冠新材...
2026-05-01 23:52:40.485 | INFO     | Backtest   | [回测 5/5] 回测任务完成: 368笔(含0笔平手离场)
2026-05-01 23:57:19.648 | INFO     | DuckDB     | DuckDB | 所有核心表结构初始化完成 (含热点板块)
2026-05-01 23:57:19.648 | INFO     | DuckDB     | DuckDB 核心就绪: E:\1target\p9_project\quant-platform\data\meta\meta.db
2026-05-01 23:57:19.654 | INFO     | Backtest   | [回测 1/5] 筛选回测目标股票...
2026-05-01 23:57:19.659 | INFO     | DuckDB     | get_stocks_filtered | 过滤结果: 1799 只 (index=['HS300', 'ZZ500', 'ZZA500', 'ZZ1000'], mv=[None,None]亿)
2026-05-01 23:57:19.662 | INFO     | Backtest   | [回测 2/5] 加载 1799 只股票的历史数据进行快速扫描...
2026-05-01 23:57:24.936 | INFO     | Backtest   | [回测 3/5] 计算策略信号 (基于日线信号库)...
2026-05-01 23:57:24.942 | INFO     | Screener   | 🧬 [Loader] 识别到类继承策略: MA5AngleOriginalStrategy
2026-05-01 23:57:29.235 | INFO     | Backtest   | [回测 4/5] 处理 194 条信号，执行精细分钟线仿真...
2026-05-01 23:57:29.236 | INFO     | Backtest   | [回测 4/5] 模拟第 1/194 笔交易: 深科技...
2026-05-01 23:57:29.552 | INFO     | Backtest   | [回测 4/5] 模拟第 11/194 笔交易: 北方铜业...
2026-05-01 23:57:29.904 | INFO     | Backtest   | [回测 4/5] 模拟第 21/194 笔交易: 航天科技...
2026-05-01 23:57:30.265 | INFO     | Backtest   | [回测 4/5] 模拟第 31/194 笔交易: 双鹭药业...
2026-05-01 23:57:30.645 | INFO     | Backtest   | [回测 4/5] 模拟第 41/194 笔交易: 汉钟精机...
2026-05-01 23:57:30.971 | INFO     | Backtest   | [回测 4/5] 模拟第 51/194 笔交易: 众生药业...
2026-05-01 23:57:31.222 | INFO     | Backtest   | [回测 4/5] 模拟第 61/194 笔交易: 恺英网络...
2026-05-01 23:57:31.531 | INFO     | Backtest   | [回测 4/5] 模拟第 71/194 笔交易: 利君股份...
2026-05-01 23:57:31.845 | INFO     | Backtest   | [回测 4/5] 模拟第 81/194 笔交易: 网宿科技...
2026-05-01 23:57:32.133 | INFO     | Backtest   | [回测 4/5] 模拟第 91/194 笔交易: 利亚德...
2026-05-01 23:57:32.374 | INFO     | Backtest   | [回测 4/5] 模拟第 101/194 笔交易: 天宇股份...
2026-05-01 23:57:32.700 | INFO     | Backtest   | [回测 4/5] 模拟第 111/194 笔交易: 生物股份...
2026-05-01 23:57:33.058 | INFO     | Backtest   | [回测 4/5] 模拟第 121/194 笔交易: 华光环能...
2026-05-01 23:57:33.292 | INFO     | Backtest   | [回测 4/5] 模拟第 131/194 笔交易: 中孚实业...
2026-05-01 23:57:33.570 | INFO     | Backtest   | [回测 4/5] 模拟第 141/194 笔交易: 西藏城投...
2026-05-01 23:57:33.977 | INFO     | Backtest   | [回测 4/5] 模拟第 151/194 笔交易: XD宝丰能...
2026-05-01 23:57:34.337 | INFO     | Backtest   | [回测 4/5] 模拟第 161/194 笔交易: 骆驼股份...
2026-05-01 23:57:34.645 | INFO     | Backtest   | [回测 4/5] 模拟第 171/194 笔交易: 晶科科技...
2026-05-01 23:57:35.020 | INFO     | Backtest   | [回测 4/5] 模拟第 181/194 笔交易: 九洲药业...
2026-05-01 23:57:35.353 | INFO     | Backtest   | [回测 4/5] 模拟第 191/194 笔交易: 信科移动-U...
2026-05-01 23:57:35.471 | INFO     | Backtest   | [回测 5/5] 回测任务完成: 188笔(含0笔平手离场)
2026-05-01 23:57:35.545 | INFO     | Backtest   | [回测 1/5] 筛选回测目标股票...
2026-05-01 23:57:35.556 | INFO     | Backtest   | [回测 2/5] 加载 5010 只股票的历史数据进行快速扫描...
2026-05-01 23:57:49.860 | INFO     | Backtest   | [回测 3/5] 计算策略信号 (基于日线信号库)...
2026-05-01 23:57:49.865 | INFO     | Screener   | 🧬 [Loader] 识别到类继承策略: MA5AngleOriginalStrategy
2026-05-01 23:58:01.120 | INFO     | Backtest   | [回测 4/5] 处理 658 条信号，执行精细分钟线仿真...
2026-05-01 23:58:01.121 | INFO     | Backtest   | [回测 4/5] 模拟第 1/658 笔交易: 全新好...
2026-05-01 23:58:01.491 | INFO     | Backtest   | [回测 4/5] 模拟第 11/658 笔交易: 新金路...
2026-05-01 23:58:01.820 | INFO     | Backtest   | [回测 4/5] 模拟第 21/658 笔交易: 金岭矿业...
2026-05-01 23:58:02.252 | INFO     | Backtest   | [回测 4/5] 模拟第 31/658 笔交易: 山高环能...
2026-05-01 23:58:02.571 | INFO     | Backtest   | [回测 4/5] 模拟第 41/658 笔交易: 神火股份...
2026-05-01 23:58:02.873 | INFO     | Backtest   | [回测 4/5] 模拟第 51/658 笔交易: 华瓷股份...
2026-05-01 23:58:03.314 | INFO     | Backtest   | [回测 4/5] 模拟第 61/658 笔交易: 山东威达...
2026-05-01 23:58:03.723 | INFO     | Backtest   | [回测 4/5] 模拟第 71/658 笔交易: 沧州明珠...
2026-05-01 23:58:04.041 | INFO     | Backtest   | [回测 4/5] 模拟第 81/658 笔交易: 游族网络...
2026-05-01 23:58:04.329 | INFO     | Backtest   | [回测 4/5] 模拟第 91/658 笔交易: 北化股份...
2026-05-01 23:58:04.684 | INFO     | Backtest   | [回测 4/5] 模拟第 101/658 笔交易: 亚太股份...
2026-05-01 23:58:05.012 | INFO     | Backtest   | [回测 4/5] 模拟第 111/658 笔交易: 慈文传媒...
2026-05-01 23:58:05.329 | INFO     | Backtest   | [回测 4/5] 模拟第 121/658 笔交易: 梦洁股份...
2026-05-01 23:58:05.583 | INFO     | Backtest   | [回测 4/5] 模拟第 131/658 笔交易: 江苏神通...
2026-05-01 23:58:05.883 | INFO     | Backtest   | [回测 4/5] 模拟第 141/658 笔交易: 蓝丰生化...
2026-05-01 23:58:06.264 | INFO     | Backtest   | [回测 4/5] 模拟第 151/658 笔交易: 东方铁塔...
2026-05-01 23:58:06.549 | INFO     | Backtest   | [回测 4/5] 模拟第 161/658 笔交易: 日上集团...
2026-05-01 23:58:06.777 | INFO     | Backtest   | [回测 4/5] 模拟第 171/658 笔交易: 利君股份...
2026-05-01 23:58:07.084 | INFO     | Backtest   | [回测 4/5] 模拟第 181/658 笔交易: 海洋王...
2026-05-01 23:58:07.377 | INFO     | Backtest   | [回测 4/5] 模拟第 191/658 笔交易: 易明医药...
2026-05-01 23:58:07.667 | INFO     | Backtest   | [回测 4/5] 模拟第 201/658 笔交易: 天奥电子...
2026-05-01 23:58:08.006 | INFO     | Backtest   | [回测 4/5] 模拟第 211/658 笔交易: 海象新材...
2026-05-01 23:58:08.363 | INFO     | Backtest   | [回测 4/5] 模拟第 221/658 笔交易: 九洲集团...
2026-05-01 23:58:08.656 | INFO     | Backtest   | [回测 4/5] 模拟第 231/658 笔交易: 世纪瑞尔...
2026-05-01 23:58:08.964 | INFO     | Backtest   | [回测 4/5] 模拟第 241/658 笔交易: 方直科技...
2026-05-01 23:58:09.239 | INFO     | Backtest   | [回测 4/5] 模拟第 251/658 笔交易: 国瓷材料...
2026-05-01 23:58:09.529 | INFO     | Backtest   | [回测 4/5] 模拟第 261/658 笔交易: 易事特...
2026-05-01 23:58:09.780 | INFO     | Backtest   | [回测 4/5] 模拟第 271/658 笔交易: 航天智装...
2026-05-01 23:58:10.056 | INFO     | Backtest   | [回测 4/5] 模拟第 281/658 笔交易: 海顺新材...
2026-05-01 23:58:10.458 | INFO     | Backtest   | [回测 4/5] 模拟第 291/658 笔交易: 筑博设计...
2026-05-01 23:58:10.729 | INFO     | Backtest   | [回测 4/5] 模拟第 301/658 笔交易: 晨化股份...
2026-05-01 23:58:11.027 | INFO     | Backtest   | [回测 4/5] 模拟第 311/658 笔交易: 延江股份...
2026-05-01 23:58:11.308 | INFO     | Backtest   | [回测 4/5] 模拟第 321/658 笔交易: 万隆光电...
2026-05-01 23:58:11.611 | INFO     | Backtest   | [回测 4/5] 模拟第 331/658 笔交易: 震安科技...
2026-05-01 23:58:11.919 | INFO     | Backtest   | [回测 4/5] 模拟第 341/658 笔交易: 美畅股份...
2026-05-01 23:58:12.371 | INFO     | Backtest   | [回测 4/5] 模拟第 351/658 笔交易: 华绿生物...
2026-05-01 23:58:12.862 | INFO     | Backtest   | [回测 4/5] 模拟第 361/658 笔交易: 严牌股份...
2026-05-01 23:58:13.139 | INFO     | Backtest   | [回测 4/5] 模拟第 371/658 笔交易: 中远通...
2026-05-01 23:58:13.550 | INFO     | Backtest   | [回测 4/5] 模拟第 381/658 笔交易: 特变电工...
2026-05-01 23:58:13.956 | INFO     | Backtest   | [回测 4/5] 模拟第 391/658 笔交易: 莲花控股...
2026-05-01 23:58:14.214 | INFO     | Backtest   | [回测 4/5] 模拟第 401/658 笔交易: 国电南自...
2026-05-01 23:58:14.569 | INFO     | Backtest   | [回测 4/5] 模拟第 411/658 笔交易: 西藏天路...
2026-05-01 23:58:14.883 | INFO     | Backtest   | [回测 4/5] 模拟第 421/658 笔交易: 华胜天成...
2026-05-01 23:58:15.189 | INFO     | Backtest   | [回测 4/5] 模拟第 431/658 笔交易: 贵航股份...
2026-05-01 23:58:15.425 | INFO     | Backtest   | [回测 4/5] 模拟第 441/658 笔交易: 氯碱化工...
2026-05-01 23:58:15.798 | INFO     | Backtest   | [回测 4/5] 模拟第 451/658 笔交易: 金牛化工...
2026-05-01 23:58:16.048 | INFO     | Backtest   | [回测 4/5] 模拟第 461/658 笔交易: 厦工股份...
2026-05-01 23:58:16.556 | INFO     | Backtest   | [回测 4/5] 模拟第 471/658 笔交易: 渤海汽车...
2026-05-01 23:58:16.926 | INFO     | Backtest   | [回测 4/5] 模拟第 481/658 笔交易: 中信金属...
2026-05-01 23:58:17.390 | INFO     | Backtest   | [回测 4/5] 模拟第 491/658 笔交易: 百隆东方...
2026-05-01 23:58:17.694 | INFO     | Backtest   | [回测 4/5] 模拟第 501/658 笔交易: 明阳智能...
2026-05-01 23:58:18.015 | INFO     | Backtest   | [回测 4/5] 模拟第 511/658 笔交易: 亚普股份...
2026-05-01 23:58:18.380 | INFO     | Backtest   | [回测 4/5] 模拟第 521/658 笔交易: 共进股份...
2026-05-01 23:58:18.643 | INFO     | Backtest   | [回测 4/5] 模拟第 531/658 笔交易: 望变电气...
2026-05-01 23:58:18.942 | INFO     | Backtest   | [回测 4/5] 模拟第 541/658 笔交易: 上海雅仕...
2026-05-01 23:58:19.273 | INFO     | Backtest   | [回测 4/5] 模拟第 551/658 笔交易: 勘设股份...
2026-05-01 23:58:19.775 | INFO     | Backtest   | [回测 4/5] 模拟第 561/658 笔交易: 中曼石油...
2026-05-01 23:58:20.064 | INFO     | Backtest   | [回测 4/5] 模拟第 571/658 笔交易: 宁波高发...
2026-05-01 23:58:20.433 | INFO     | Backtest   | [回测 4/5] 模拟第 581/658 笔交易: 嘉友国际...
2026-05-01 23:58:20.752 | INFO     | Backtest   | [回测 4/5] 模拟第 591/658 笔交易: 三孚股份...
2026-05-01 23:58:21.070 | INFO     | Backtest   | [回测 4/5] 模拟第 601/658 笔交易: 咸亨国际...
2026-05-01 23:58:21.422 | INFO     | Backtest   | [回测 4/5] 模拟第 611/658 笔交易: 园林股份...
2026-05-01 23:58:21.649 | INFO     | Backtest   | [回测 4/5] 模拟第 621/658 笔交易: 德林海...
2026-05-01 23:58:21.884 | INFO     | Backtest   | [回测 4/5] 模拟第 631/658 笔交易: 统联精密...
2026-05-01 23:58:22.188 | INFO     | Backtest   | [回测 4/5] 模拟第 641/658 笔交易: 信科移动-U...
2026-05-01 23:58:22.461 | INFO     | Backtest   | [回测 4/5] 模拟第 651/658 笔交易: 上纬新材...
2026-05-01 23:58:22.753 | INFO     | Backtest   | [回测 5/5] 回测任务完成: 437笔(含0笔平手离场)
2026-05-01 23:58:22.982 | INFO     | Backtest   | [回测 1/5] 筛选回测目标股票...
2026-05-01 23:58:22.998 | INFO     | Backtest   | [回测 2/5] 加载 5010 只股票的历史数据进行快速扫描...
2026-05-01 23:58:36.150 | INFO     | Backtest   | [回测 3/5] 计算策略信号 (基于日线信号库)...
2026-05-01 23:58:36.156 | INFO     | Screener   | 🧬 [Loader] 识别到类继承策略: MA5AngleOriginalStrategy
2026-05-01 23:58:47.260 | INFO     | Backtest   | [回测 3/5] 上证红盘过滤: 658 → 491 条信号
2026-05-01 23:58:47.260 | INFO     | Backtest   | [回测 4/5] 处理 491 条信号，执行精细分钟线仿真...
2026-05-01 23:58:47.261 | INFO     | Backtest   | [回测 4/5] 模拟第 1/491 笔交易: 全新好...
2026-05-01 23:58:47.651 | INFO     | Backtest   | [回测 4/5] 模拟第 11/491 笔交易: 青岛双星...
2026-05-01 23:58:48.061 | INFO     | Backtest   | [回测 4/5] 模拟第 21/491 笔交易: 山高环能...
2026-05-01 23:58:48.347 | INFO     | Backtest   | [回测 4/5] 模拟第 31/491 笔交易: 广济药业...
2026-05-01 23:58:48.751 | INFO     | Backtest   | [回测 4/5] 模拟第 41/491 笔交易: 百通能源...
2026-05-01 23:58:49.166 | INFO     | Backtest   | [回测 4/5] 模拟第 51/491 笔交易: 沧州明珠...
2026-05-01 23:58:49.480 | INFO     | Backtest   | [回测 4/5] 模拟第 61/491 笔交易: 九鼎新材...
2026-05-01 23:58:49.818 | INFO     | Backtest   | [回测 4/5] 模拟第 71/491 笔交易: 华明装备...
2026-05-01 23:58:50.185 | INFO     | Backtest   | [回测 4/5] 模拟第 81/491 笔交易: 北京利尔...
2026-05-01 23:58:50.462 | INFO     | Backtest   | [回测 4/5] 模拟第 91/491 笔交易: 长高电新...
2026-05-01 23:58:50.783 | INFO     | Backtest   | [回测 4/5] 模拟第 101/491 笔交易: 金杯电工...
2026-05-01 23:58:51.080 | INFO     | Backtest   | [回测 4/5] 模拟第 111/491 笔交易: 中京电子...
2026-05-01 23:58:51.335 | INFO     | Backtest   | [回测 4/5] 模拟第 121/491 笔交易: 福建金森...
2026-05-01 23:58:51.616 | INFO     | Backtest   | [回测 4/5] 模拟第 131/491 笔交易: 通宇通讯...
2026-05-01 23:58:51.941 | INFO     | Backtest   | [回测 4/5] 模拟第 141/491 笔交易: 联诚精密...
2026-05-01 23:58:52.254 | INFO     | Backtest   | [回测 4/5] 模拟第 151/491 笔交易: 同兴科技...
2026-05-01 23:58:52.617 | INFO     | Backtest   | [回测 4/5] 模拟第 161/491 笔交易: 安诺其...
2026-05-01 23:58:52.941 | INFO     | Backtest   | [回测 4/5] 模拟第 171/491 笔交易: 行云科技...
2026-05-01 23:58:53.234 | INFO     | Backtest   | [回测 4/5] 模拟第 181/491 笔交易: 海峡创新...
2026-05-01 23:58:53.519 | INFO     | Backtest   | [回测 4/5] 模拟第 191/491 笔交易: 富临精工...
2026-05-01 23:58:53.769 | INFO     | Backtest   | [回测 4/5] 模拟第 201/491 笔交易: 高澜股份...
2026-05-01 23:58:54.066 | INFO     | Backtest   | [回测 4/5] 模拟第 211/491 笔交易: 安车检测...
2026-05-01 23:58:54.389 | INFO     | Backtest   | [回测 4/5] 模拟第 221/491 笔交易: 杭州园林...
2026-05-01 23:58:54.650 | INFO     | Backtest   | [回测 4/5] 模拟第 231/491 笔交易: 岱勒新材...
2026-05-01 23:58:54.908 | INFO     | Backtest   | [回测 4/5] 模拟第 241/491 笔交易: 震安科技...
2026-05-01 23:58:55.229 | INFO     | Backtest   | [回测 4/5] 模拟第 251/491 笔交易: 金春股份...
2026-05-01 23:58:55.655 | INFO     | Backtest   | [回测 4/5] 模拟第 261/491 笔交易: 崧盛股份...
2026-05-01 23:58:55.989 | INFO     | Backtest   | [回测 4/5] 模拟第 271/491 笔交易: 铜冠铜箔...
2026-05-01 23:58:56.254 | INFO     | Backtest   | [回测 4/5] 模拟第 281/491 笔交易: 五矿发展...
2026-05-01 23:58:56.663 | INFO     | Backtest   | [回测 4/5] 模拟第 291/491 笔交易: 长春一东...
2026-05-01 23:58:56.960 | INFO     | Backtest   | [回测 4/5] 模拟第 301/491 笔交易: 国电南自...
2026-05-01 23:58:57.257 | INFO     | Backtest   | [回测 4/5] 模拟第 311/491 笔交易: 浙江龙盛...
2026-05-01 23:58:57.616 | INFO     | Backtest   | [回测 4/5] 模拟第 321/491 笔交易: 晋西车轴...
2026-05-01 23:58:57.901 | INFO     | Backtest   | [回测 4/5] 模拟第 331/491 笔交易: 华谊集团...
2026-05-01 23:58:58.329 | INFO     | Backtest   | [回测 4/5] 模拟第 341/491 笔交易: 西藏城投...
2026-05-01 23:58:58.629 | INFO     | Backtest   | [回测 4/5] 模拟第 351/491 笔交易: 内蒙一机...
2026-05-01 23:58:58.958 | INFO     | Backtest   | [回测 4/5] 模拟第 361/491 笔交易: 中国国航...
2026-05-01 23:58:59.292 | INFO     | Backtest   | [回测 4/5] 模拟第 371/491 笔交易: 会稽山...
2026-05-01 23:58:59.589 | INFO     | Backtest   | [回测 4/5] 模拟第 381/491 笔交易: 科林电气...
2026-05-01 23:58:59.970 | INFO     | Backtest   | [回测 4/5] 模拟第 391/491 笔交易: 汇通集团...
2026-05-01 23:59:00.247 | INFO     | Backtest   | [回测 4/5] 模拟第 401/491 笔交易: 迪生力...
2026-05-01 23:59:00.586 | INFO     | Backtest   | [回测 4/5] 模拟第 411/491 笔交易: 司太立...
2026-05-01 23:59:00.972 | INFO     | Backtest   | [回测 4/5] 模拟第 421/491 笔交易: 泰晶科技...
2026-05-01 23:59:01.272 | INFO     | Backtest   | [回测 4/5] 模拟第 431/491 笔交易: 鼎胜新材...
2026-05-01 23:59:01.560 | INFO     | Backtest   | [回测 4/5] 模拟第 441/491 笔交易: 康德莱...
2026-05-01 23:59:01.896 | INFO     | Backtest   | [回测 4/5] 模拟第 451/491 笔交易: 德才股份...
2026-05-01 23:59:02.168 | INFO     | Backtest   | [回测 4/5] 模拟第 461/491 笔交易: 德林海...
2026-05-01 23:59:02.423 | INFO     | Backtest   | [回测 4/5] 模拟第 471/491 笔交易: 恒誉环保...
2026-05-01 23:59:02.745 | INFO     | Backtest   | [回测 4/5] 模拟第 481/491 笔交易: 芯联集成-U...
2026-05-01 23:59:03.103 | INFO     | Backtest   | [回测 4/5] 模拟第 491/491 笔交易: 同益中...
2026-05-01 23:59:03.125 | INFO     | Backtest   | [回测 5/5] 回测任务完成: 381笔(含0笔平手离场)
