2026-04-30 01:24:45.305 | INFO     | DuckDB     | DuckDB | 所有核心表结构初始化完成 (含热点板块)
2026-04-30 01:24:45.305 | INFO     | DuckDB     | DuckDB 核心就绪: E:\1target\p9_project\quant-platform\scripts\..\data\meta\meta.db
2026-04-30 01:30:44.528 | INFO     | DuckDB     | DuckDB | 所有核心表结构初始化完成 (含热点板块)
2026-04-30 01:30:44.529 | INFO     | DuckDB     | DuckDB 核心就绪: E:\1target\p9_project\quant-platform\scripts\..\data\meta\meta.db
2026-04-30 01:34:39.291 | WARNING  | DuckDB     | DuckDB | 数据库占用中，准备重试... (1/5)
2026-04-30 01:34:39.890 | WARNING  | DuckDB     | DuckDB | 数据库占用中，准备重试... (2/5)
2026-04-30 01:34:40.492 | WARNING  | DuckDB     | DuckDB | 数据库占用中，准备重试... (3/5)
2026-04-30 01:34:41.229 | WARNING  | DuckDB     | DuckDB | 数据库占用中，准备重试... (4/5)
2026-04-30 01:34:41.968 | ERROR    | DuckDB     | DuckDB | 无法连接到数据库: IO Error: Cannot open file "E:\1target\p9_project\quant-platform\data\meta\meta.db": 另一个程序正在使用此文件，进程无法访问。

File is already open in 
C:\Python314\python.exe (PID 16484)
2026-04-30 01:34:41.969 | ERROR    | DuckDB     | DuckDB | 初始化表结构失败: IO Error: Cannot open file "E:\1target\p9_project\quant-platform\data\meta\meta.db": 另一个程序正在使用此文件，进程无法访问。

File is already open in 
C:\Python314\python.exe (PID 16484)
2026-04-30 01:36:00.978 | WARNING  | DuckDB     | DuckDB | 数据库占用中，准备重试... (1/5)
2026-04-30 01:36:01.577 | WARNING  | DuckDB     | DuckDB | 数据库占用中，准备重试... (2/5)
2026-04-30 01:36:02.173 | WARNING  | DuckDB     | DuckDB | 数据库占用中，准备重试... (3/5)
2026-04-30 01:36:02.770 | WARNING  | DuckDB     | DuckDB | 数据库占用中，准备重试... (4/5)
2026-04-30 01:36:03.367 | ERROR    | DuckDB     | DuckDB | 无法连接到数据库: IO Error: Cannot open file "E:\1target\p9_project\quant-platform\data\meta\meta.db": 另一个程序正在使用此文件，进程无法访问。

File is already open in 
C:\Python314\python.exe (PID 16484)
2026-04-30 01:36:03.367 | ERROR    | DuckDB     | DuckDB | 初始化表结构失败: IO Error: Cannot open file "E:\1target\p9_project\quant-platform\data\meta\meta.db": 另一个程序正在使用此文件，进程无法访问。

File is already open in 
C:\Python314\python.exe (PID 16484)
2026-04-30 01:37:05.272 | WARNING  | DuckDB     | DuckDB | 数据库占用中，准备重试... (1/5)
2026-04-30 01:37:05.862 | WARNING  | DuckDB     | DuckDB | 数据库占用中，准备重试... (2/5)
2026-04-30 01:37:06.464 | WARNING  | DuckDB     | DuckDB | 数据库占用中，准备重试... (3/5)
2026-04-30 01:37:07.057 | WARNING  | DuckDB     | DuckDB | 数据库占用中，准备重试... (4/5)
2026-04-30 01:37:07.657 | ERROR    | DuckDB     | DuckDB | 无法连接到数据库: IO Error: Cannot open file "E:\1target\p9_project\quant-platform\data\meta\meta.db": 另一个程序正在使用此文件，进程无法访问。

File is already open in 
C:\Python314\python.exe (PID 16484)
2026-04-30 01:37:07.658 | ERROR    | DuckDB     | DuckDB | 初始化表结构失败: IO Error: Cannot open file "E:\1target\p9_project\quant-platform\data\meta\meta.db": 另一个程序正在使用此文件，进程无法访问。

File is already open in 
C:\Python314\python.exe (PID 16484)
2026-04-30 01:37:32.483 | WARNING  | DuckDB     | DuckDB | 数据库占用中，准备重试... (1/5)
2026-04-30 01:37:33.077 | WARNING  | DuckDB     | DuckDB | 数据库占用中，准备重试... (2/5)
2026-04-30 01:37:33.670 | WARNING  | DuckDB     | DuckDB | 数据库占用中，准备重试... (3/5)
2026-04-30 01:37:34.298 | WARNING  | DuckDB     | DuckDB | 数据库占用中，准备重试... (4/5)
2026-04-30 01:37:35.047 | ERROR    | DuckDB     | DuckDB | 无法连接到数据库: IO Error: Cannot open file "E:\1target\p9_project\quant-platform\data\meta\meta.db": 另一个程序正在使用此文件，进程无法访问。

File is already open in 
C:\Python314\python.exe (PID 16484)
2026-04-30 01:37:35.048 | ERROR    | DuckDB     | DuckDB | 初始化表结构失败: IO Error: Cannot open file "E:\1target\p9_project\quant-platform\data\meta\meta.db": 另一个程序正在使用此文件，进程无法访问。

File is already open in 
C:\Python314\python.exe (PID 16484)
2026-04-30 02:09:46.695 | INFO     | DuckDB     | DuckDB | 所有核心表结构初始化完成 (含热点板块)
2026-04-30 02:09:46.696 | INFO     | DuckDB     | DuckDB 核心就绪: E:\1target\p9_project\quant-platform\scripts\..\data\meta\meta.db
2026-04-30 02:17:15.954 | WARNING  | DuckDB     | DuckDB | 数据库占用中，准备重试... (1/5)
2026-04-30 02:17:16.184 | WARNING  | DuckDB     | DuckDB | 数据库占用中，准备重试... (1/5)
2026-04-30 02:17:16.223 | WARNING  | DuckDB     | DuckDB | 数据库占用中，准备重试... (1/5)
2026-04-30 02:17:16.227 | WARNING  | DuckDB     | DuckDB | 数据库占用中，准备重试... (1/5)
2026-04-30 02:17:16.257 | WARNING  | DuckDB     | DuckDB | 数据库占用中，准备重试... (1/5)
2026-04-30 02:17:16.272 | WARNING  | DuckDB     | DuckDB | 数据库占用中，准备重试... (1/5)
2026-04-30 02:17:16.756 | WARNING  | DuckDB     | DuckDB | 数据库占用中，准备重试... (1/5)
2026-04-30 02:17:16.761 | WARNING  | DuckDB     | DuckDB | 数据库占用中，准备重试... (2/5)
2026-04-30 02:17:16.815 | WARNING  | DuckDB     | DuckDB | 数据库占用中，准备重试... (1/5)
2026-04-30 02:17:16.817 | WARNING  | DuckDB     | DuckDB | 数据库占用中，准备重试... (1/5)
2026-04-30 02:17:16.843 | WARNING  | DuckDB     | DuckDB | 数据库占用中，准备重试... (1/5)
2026-04-30 02:17:16.847 | WARNING  | DuckDB     | DuckDB | 数据库占用中，准备重试... (1/5)
2026-04-30 02:17:16.885 | WARNING  | DuckDB     | DuckDB | 数据库占用中，准备重试... (1/5)
2026-04-30 02:17:16.893 | WARNING  | DuckDB     | DuckDB | 数据库占用中，准备重试... (1/5)
2026-04-30 02:17:16.902 | WARNING  | DuckDB     | DuckDB | 数据库占用中，准备重试... (1/5)
2026-04-30 02:17:16.908 | WARNING  | DuckDB     | DuckDB | 数据库占用中，准备重试... (1/5)
2026-04-30 02:17:16.912 | WARNING  | DuckDB     | DuckDB | 数据库占用中，准备重试... (1/5)
2026-04-30 02:17:16.919 | WARNING  | DuckDB     | DuckDB | 数据库占用中，准备重试... (1/5)
2026-04-30 02:17:16.923 | WARNING  | DuckDB     | DuckDB | 数据库占用中，准备重试... (1/5)
2026-04-30 02:17:16.923 | WARNING  | DuckDB     | DuckDB | 数据库占用中，准备重试... (1/5)
2026-04-30 02:17:16.947 | WARNING  | DuckDB     | DuckDB | 数据库占用中，准备重试... (1/5)
2026-04-30 02:17:16.970 | WARNING  | DuckDB     | DuckDB | 数据库占用中，准备重试... (1/5)
2026-04-30 02:17:16.987 | WARNING  | DuckDB     | DuckDB | 数据库占用中，准备重试... (1/5)
2026-04-30 02:17:17.014 | WARNING  | DuckDB     | DuckDB | 数据库占用中，准备重试... (2/5)
2026-04-30 02:17:17.014 | WARNING  | DuckDB     | DuckDB | 数据库占用中，准备重试... (2/5)
2026-04-30 02:17:17.014 | WARNING  | DuckDB     | DuckDB | 数据库占用中，准备重试... (2/5)
2026-04-30 02:17:17.015 | WARNING  | DuckDB     | DuckDB | 数据库占用中，准备重试... (2/5)
2026-04-30 02:17:17.028 | WARNING  | DuckDB     | DuckDB | 数据库占用中，准备重试... (2/5)
2026-04-30 02:17:17.176 | WARNING  | DuckDB     | DuckDB | 数据库占用中，准备重试... (1/5)
2026-04-30 02:17:17.212 | WARNING  | DuckDB     | DuckDB | 数据库占用中，准备重试... (1/5)
2026-04-30 02:17:17.223 | WARNING  | DuckDB     | DuckDB | 数据库占用中，准备重试... (1/5)
2026-04-30 02:17:17.225 | WARNING  | DuckDB     | DuckDB | 数据库占用中，准备重试... (1/5)
2026-04-30 02:17:17.238 | WARNING  | DuckDB     | DuckDB | 数据库占用中，准备重试... (1/5)
2026-04-30 02:17:17.259 | WARNING  | DuckDB     | DuckDB | 数据库占用中，准备重试... (1/5)
2026-04-30 02:17:17.268 | WARNING  | DuckDB     | DuckDB | 数据库占用中，准备重试... (1/5)
2026-04-30 02:17:17.275 | WARNING  | DuckDB     | DuckDB | 数据库占用中，准备重试... (1/5)
2026-04-30 02:17:17.275 | WARNING  | DuckDB     | DuckDB | 数据库占用中，准备重试... (1/5)
2026-04-30 02:17:17.564 | WARNING  | DuckDB     | DuckDB | 数据库占用中，准备重试... (3/5)
2026-04-30 02:17:17.569 | WARNING  | DuckDB     | DuckDB | 数据库占用中，准备重试... (2/5)
2026-04-30 02:17:17.781 | WARNING  | DuckDB     | DuckDB | 数据库占用中，准备重试... (2/5)
2026-04-30 02:17:17.813 | WARNING  | DuckDB     | DuckDB | 数据库占用中，准备重试... (2/5)
2026-04-30 02:17:17.849 | WARNING  | DuckDB     | DuckDB | 数据库占用中，准备重试... (2/5)
2026-04-30 02:17:17.857 | WARNING  | DuckDB     | DuckDB | 数据库占用中，准备重试... (2/5)
2026-04-30 02:17:17.867 | WARNING  | DuckDB     | DuckDB | 数据库占用中，准备重试... (2/5)
2026-04-30 02:17:17.872 | WARNING  | DuckDB     | DuckDB | 数据库占用中，准备重试... (2/5)
2026-04-30 02:17:17.872 | WARNING  | DuckDB     | DuckDB | 数据库占用中，准备重试... (2/5)
2026-04-30 02:17:17.878 | WARNING  | DuckDB     | DuckDB | 数据库占用中，准备重试... (2/5)
2026-04-30 02:17:17.879 | WARNING  | DuckDB     | DuckDB | 数据库占用中，准备重试... (2/5)
2026-04-30 02:17:17.897 | WARNING  | DuckDB     | DuckDB | 数据库占用中，准备重试... (2/5)
2026-04-30 02:17:17.897 | WARNING  | DuckDB     | DuckDB | 数据库占用中，准备重试... (2/5)
2026-04-30 02:17:17.918 | WARNING  | DuckDB     | DuckDB | 数据库占用中，准备重试... (2/5)
2026-04-30 02:17:17.989 | WARNING  | DuckDB     | DuckDB | 数据库占用中，准备重试... (2/5)
2026-04-30 02:17:18.045 | WARNING  | DuckDB     | DuckDB | 数据库占用中，准备重试... (3/5)
2026-04-30 02:17:18.055 | WARNING  | DuckDB     | DuckDB | 数据库占用中，准备重试... (3/5)
2026-04-30 02:17:18.063 | WARNING  | DuckDB     | DuckDB | 数据库占用中，准备重试... (3/5)
2026-04-30 02:17:18.073 | WARNING  | DuckDB     | DuckDB | 数据库占用中，准备重试... (2/5)
2026-04-30 02:17:18.093 | WARNING  | DuckDB     | DuckDB | 数据库占用中，准备重试... (3/5)
2026-04-30 02:17:18.115 | WARNING  | DuckDB     | DuckDB | 数据库占用中，准备重试... (3/5)
2026-04-30 02:17:18.174 | WARNING  | DuckDB     | DuckDB | 数据库占用中，准备重试... (2/5)
2026-04-30 02:17:18.231 | WARNING  | DuckDB     | DuckDB | 数据库占用中，准备重试... (2/5)
2026-04-30 02:17:18.232 | WARNING  | DuckDB     | DuckDB | 数据库占用中，准备重试... (2/5)
2026-04-30 02:17:18.242 | WARNING  | DuckDB     | DuckDB | 数据库占用中，准备重试... (3/5)
2026-04-30 02:17:18.243 | WARNING  | DuckDB     | DuckDB | 数据库占用中，准备重试... (2/5)
2026-04-30 02:17:18.254 | WARNING  | DuckDB     | DuckDB | 数据库占用中，准备重试... (2/5)
2026-04-30 02:17:18.255 | WARNING  | DuckDB     | DuckDB | 数据库占用中，准备重试... (4/5)
2026-04-30 02:17:18.292 | WARNING  | DuckDB     | DuckDB | 数据库占用中，准备重试... (2/5)
2026-04-30 02:17:18.292 | WARNING  | DuckDB     | DuckDB | 数据库占用中，准备重试... (2/5)
2026-04-30 02:17:18.324 | WARNING  | DuckDB     | DuckDB | 数据库占用中，准备重试... (2/5)
2026-04-30 02:17:18.329 | WARNING  | DuckDB     | DuckDB | 数据库占用中，准备重试... (2/5)
2026-04-30 02:17:18.374 | WARNING  | DuckDB     | DuckDB | 数据库占用中，准备重试... (3/5)
2026-04-30 02:17:18.375 | WARNING  | DuckDB     | DuckDB | 数据库占用中，准备重试... (3/5)
2026-04-30 02:17:18.381 | WARNING  | DuckDB     | DuckDB | 数据库占用中，准备重试... (3/5)
2026-04-30 02:17:18.381 | WARNING  | DuckDB     | DuckDB | 数据库占用中，准备重试... (3/5)
2026-04-30 02:17:18.400 | WARNING  | DuckDB     | DuckDB | 数据库占用中，准备重试... (3/5)
2026-04-30 02:17:18.401 | WARNING  | DuckDB     | DuckDB | 数据库占用中，准备重试... (3/5)
2026-04-30 02:17:18.420 | WARNING  | DuckDB     | DuckDB | 数据库占用中，准备重试... (3/5)
2026-04-30 02:17:18.492 | WARNING  | DuckDB     | DuckDB | 数据库占用中，准备重试... (3/5)
2026-04-30 02:17:18.526 | WARNING  | DuckDB     | DuckDB | 数据库占用中，准备重试... (3/5)
2026-04-30 02:17:18.526 | WARNING  | DuckDB     | DuckDB | 数据库占用中，准备重试... (3/5)
2026-04-30 02:17:18.545 | WARNING  | DuckDB     | DuckDB | 数据库占用中，准备重试... (3/5)
2026-04-30 02:17:18.565 | WARNING  | DuckDB     | DuckDB | 数据库占用中，准备重试... (4/5)
2026-04-30 02:17:18.575 | WARNING  | DuckDB     | DuckDB | 数据库占用中，准备重试... (3/5)
2026-04-30 02:17:18.581 | WARNING  | DuckDB     | DuckDB | 数据库占用中，准备重试... (3/5)
2026-04-30 02:17:18.617 | WARNING  | DuckDB     | DuckDB | 数据库占用中，准备重试... (4/5)
2026-04-30 02:17:18.676 | WARNING  | DuckDB     | DuckDB | 数据库占用中，准备重试... (3/5)
2026-04-30 02:17:18.711 | WARNING  | DuckDB     | DuckDB | 数据库占用中，准备重试... (4/5)
2026-04-30 02:17:18.736 | WARNING  | DuckDB     | DuckDB | 数据库占用中，准备重试... (3/5)
2026-04-30 02:17:18.745 | WARNING  | DuckDB     | DuckDB | 数据库占用中，准备重试... (3/5)
2026-04-30 02:17:18.746 | WARNING  | DuckDB     | DuckDB | 数据库占用中，准备重试... (4/5)
2026-04-30 02:17:18.752 | WARNING  | DuckDB     | DuckDB | 数据库占用中，准备重试... (3/5)
2026-04-30 02:17:18.756 | WARNING  | DuckDB     | DuckDB | 数据库占用中，准备重试... (3/5)
2026-04-30 02:17:18.757 | ERROR    | DuckDB     | DuckDB | 无法连接到数据库: IO Error: Cannot open file "E:\1target\p9_project\quant-platform\data\meta\meta.db": 另一个程序正在使用此文件，进程无法访问。

2026-04-30 02:17:18.757 | ERROR    | DuckDB     | DuckDB | 初始化表结构失败: IO Error: Cannot open file "E:\1target\p9_project\quant-platform\data\meta\meta.db": 另一个程序正在使用此文件，进程无法访问。

2026-04-30 02:17:18.776 | WARNING  | DuckDB     | DuckDB | 数据库占用中，准备重试... (3/5)
2026-04-30 02:17:18.795 | WARNING  | DuckDB     | DuckDB | 数据库占用中，准备重试... (3/5)
2026-04-30 02:17:18.795 | WARNING  | DuckDB     | DuckDB | 数据库占用中，准备重试... (3/5)
2026-04-30 02:17:18.826 | WARNING  | DuckDB     | DuckDB | 数据库占用中，准备重试... (3/5)
2026-04-30 02:17:18.831 | WARNING  | DuckDB     | DuckDB | 数据库占用中，准备重试... (3/5)
2026-04-30 02:18:37.316 | INFO     | DuckDB     | DuckDB | 所有核心表结构初始化完成 (含热点板块)
2026-04-30 02:18:37.317 | INFO     | DuckDB     | DuckDB 核心就绪: E:\1target\p9_project\quant-platform\scripts\..\data\meta\meta.db
2026-04-30 02:26:35.105 | WARNING  | DuckDB     | DuckDB | 数据库占用中，准备重试... (1/5)
2026-04-30 02:26:35.701 | WARNING  | DuckDB     | DuckDB | 数据库占用中，准备重试... (2/5)
2026-04-30 02:26:36.294 | WARNING  | DuckDB     | DuckDB | 数据库占用中，准备重试... (3/5)
2026-04-30 02:26:36.888 | WARNING  | DuckDB     | DuckDB | 数据库占用中，准备重试... (4/5)
2026-04-30 02:26:37.480 | ERROR    | DuckDB     | DuckDB | 无法连接到数据库: IO Error: Cannot open file "E:\1target\p9_project\quant-platform\data\meta\meta.db": 另一个程序正在使用此文件，进程无法访问。

File is already open in 
C:\Python314\python.exe (PID 6532)
2026-04-30 02:26:37.480 | ERROR    | DuckDB     | DuckDB | 初始化表结构失败: IO Error: Cannot open file "E:\1target\p9_project\quant-platform\data\meta\meta.db": 另一个程序正在使用此文件，进程无法访问。

File is already open in 
C:\Python314\python.exe (PID 6532)
2026-04-30 02:49:07.072 | INFO     | DuckDB     | DuckDB | 所有核心表结构初始化完成 (含热点板块)
2026-04-30 02:49:07.073 | INFO     | DuckDB     | DuckDB 核心就绪: E:\1target\p9_project\quant-platform\scripts\..\data\meta\meta.db
2026-04-30 03:16:36.084 | INFO     | DuckDB     | DuckDB | 所有核心表结构初始化完成 (含热点板块)
2026-04-30 03:16:36.084 | INFO     | DuckDB     | DuckDB 核心就绪: E:\1target\p9_project\quant-platform\data\meta\meta.db
2026-04-30 03:16:36.084 | INFO     | StrategyFactory | 同步本地策略目录...
2026-04-30 03:17:51.345 | INFO     | DuckDB     | DuckDB | 所有核心表结构初始化完成 (含热点板块)
2026-04-30 03:17:51.345 | INFO     | DuckDB     | DuckDB 核心就绪: E:\1target\p9_project\quant-platform\scripts\..\data\meta\meta.db
2026-04-30 03:23:22.145 | WARNING  | DuckDB     | DuckDB | 数据库占用中，准备重试... (1/5)
2026-04-30 03:23:22.742 | WARNING  | DuckDB     | DuckDB | 数据库占用中，准备重试... (2/5)
2026-04-30 03:23:23.341 | WARNING  | DuckDB     | DuckDB | 数据库占用中，准备重试... (3/5)
2026-04-30 03:23:23.936 | WARNING  | DuckDB     | DuckDB | 数据库占用中，准备重试... (4/5)
2026-04-30 03:23:24.529 | ERROR    | DuckDB     | DuckDB | 无法连接到数据库: IO Error: Cannot open file "E:\1target\p9_project\quant-platform\data\meta\meta.db": 另一个程序正在使用此文件，进程无法访问。

File is already open in 
C:\Python314\python.exe (PID 31252)
2026-04-30 03:23:24.538 | ERROR    | DuckDB     | DuckDB | 初始化表结构失败: IO Error: Cannot open file "E:\1target\p9_project\quant-platform\data\meta\meta.db": 另一个程序正在使用此文件，进程无法访问。

File is already open in 
C:\Python314\python.exe (PID 31252)
2026-04-30 03:26:00.790 | INFO     | DuckDB     | DuckDB | 所有核心表结构初始化完成 (含热点板块)
2026-04-30 03:26:00.790 | INFO     | DuckDB     | DuckDB 核心就绪: E:\1target\p9_project\quant-platform\scripts\..\data\meta\meta.db
2026-04-30 03:26:06.429 | WARNING  | DuckDB     | DuckDB | 数据库占用中，准备重试... (1/5)
2026-04-30 03:26:07.025 | WARNING  | DuckDB     | DuckDB | 数据库占用中，准备重试... (2/5)
2026-04-30 03:26:07.629 | WARNING  | DuckDB     | DuckDB | 数据库占用中，准备重试... (3/5)
2026-04-30 03:26:08.226 | WARNING  | DuckDB     | DuckDB | 数据库占用中，准备重试... (4/5)
2026-04-30 03:26:08.831 | ERROR    | DuckDB     | DuckDB | 无法连接到数据库: IO Error: Cannot open file "E:\1target\p9_project\quant-platform\data\meta\meta.db": 另一个程序正在使用此文件，进程无法访问。

File is already open in 
C:\Python314\python.exe (PID 6500)
2026-04-30 03:26:08.840 | ERROR    | DuckDB     | DuckDB | 初始化表结构失败: IO Error: Cannot open file "E:\1target\p9_project\quant-platform\data\meta\meta.db": 另一个程序正在使用此文件，进程无法访问。

File is already open in 
C:\Python314\python.exe (PID 6500)
2026-04-30 03:31:41.848 | INFO     | DuckDB     | DuckDB | 所有核心表结构初始化完成 (含热点板块)
2026-04-30 03:31:41.848 | INFO     | DuckDB     | DuckDB 核心就绪: E:\1target\p9_project\quant-platform\scripts\..\data\meta\meta.db
2026-04-30 03:39:35.866 | INFO     | DuckDB     | DuckDB | 所有核心表结构初始化完成 (含热点板块)
2026-04-30 03:39:35.866 | INFO     | DuckDB     | DuckDB 核心就绪: E:\1target\p9_project\quant-platform\scripts\..\data\meta\meta.db
2026-04-30 03:47:12.510 | INFO     | DuckDB     | DuckDB | 所有核心表结构初始化完成 (含热点板块)
2026-04-30 03:47:12.510 | INFO     | DuckDB     | DuckDB 核心就绪: E:\1target\p9_project\quant-platform\scripts\..\data\meta\meta.db
2026-04-30 03:47:21.359 | INFO     | DuckDB     | DuckDB | 所有核心表结构初始化完成 (含热点板块)
2026-04-30 03:47:21.359 | INFO     | DuckDB     | DuckDB 核心就绪: E:\1target\p9_project\quant-platform\scripts\..\data\meta\meta.db
2026-04-30 03:55:02.162 | INFO     | DuckDB     | DuckDB | 所有核心表结构初始化完成 (含热点板块)
2026-04-30 03:55:02.162 | INFO     | DuckDB     | DuckDB 核心就绪: E:\1target\p9_project\quant-platform\scripts\..\data\meta\meta.db
2026-04-30 04:46:19.845 | INFO     | DuckDB     | DuckDB | 所有核心表结构初始化完成 (含热点板块)
2026-04-30 04:46:19.845 | INFO     | DuckDB     | DuckDB 核心就绪: E:\1target\p9_project\quant-platform\data\meta\meta.db
2026-04-30 04:46:29.172 | INFO     | DuckDB     | DuckDB | 所有核心表结构初始化完成 (含热点板块)
2026-04-30 04:46:29.172 | INFO     | DuckDB     | DuckDB 核心就绪: E:\1target\p9_project\quant-platform\data\meta\meta.db
2026-04-30 04:46:29.174 | INFO     | Screener   | 🔍 [Engine] run_scan 开始执行: break20, 频率: daily
2026-04-30 04:46:29.174 | INFO     | Screener   | [1/10] 加载股票元数据...
2026-04-30 04:46:29.179 | INFO     | Screener   | [3/10] 启动并行引擎 (32 核心) 加载并扫描 5512 只股票...
2026-04-30 04:46:29.182 | INFO     | Screener   | 📡 [Loader] 识别到桥接函数: break20.generate_signals()
2026-04-30 04:46:30.022 | INFO     | Screener   | 成功预加载大盘基准数据: 000905.SH (242 行)
2026-04-30 04:46:30.022 | INFO     | Screener   | [4/10] 正在进行全市场 RPS 动量预预算...
2026-04-30 04:46:41.698 | INFO     | Screener   | 成功构建全市场对比池 (用于 RPS): 1263452 条记录
2026-04-30 04:46:58.070 | INFO     | DuckDB     | DuckDB | 所有核心表结构初始化完成 (含热点板块)
2026-04-30 04:46:58.070 | INFO     | DuckDB     | DuckDB 核心就绪: E:\1target\p9_project\quant-platform\data\meta\meta.db
2026-04-30 04:46:58.072 | INFO     | Screener   | 🔍 [Engine] run_scan 开始执行: break20, 频率: daily
2026-04-30 04:46:58.072 | INFO     | Screener   | [1/10] 加载股票元数据...
2026-04-30 04:46:58.077 | INFO     | Screener   | [3/10] 启动并行引擎 (32 核心) 加载并扫描 5512 只股票...
2026-04-30 04:46:58.081 | INFO     | Screener   | 📡 [Loader] 识别到桥接函数: break20.generate_signals()
2026-04-30 04:46:58.109 | INFO     | Screener   | 成功预加载大盘基准数据: 000905.SH (242 行)
2026-04-30 04:46:58.109 | INFO     | Screener   | [4/10] 正在进行全市场 RPS 动量预预算...
2026-04-30 04:47:09.942 | INFO     | Screener   | 成功构建全市场对比池 (用于 RPS): 1263452 条记录
2026-04-30 04:47:09.943 | INFO     | Screener   | [4.5/10] ⚡ QMT 极速行情引擎激活中：拉取当日最新真实验证切片(含夜盘离线快照)...
2026-04-30 04:47:12.966 | INFO     | Screener   | 成功获取 5202 只股票实时快照进行策略缝合
2026-04-30 04:47:12.966 | INFO     | Screener   | [5/37] 串行任务区块 1/32 计算中...
2026-04-30 04:47:13.664 | INFO     | Screener   | [6/37] 串行任务区块 2/32 计算中...
2026-04-30 04:47:14.340 | INFO     | Screener   | [7/37] 串行任务区块 3/32 计算中...
2026-04-30 04:47:14.998 | INFO     | Screener   | [8/37] 串行任务区块 4/32 计算中...
2026-04-30 04:47:15.653 | INFO     | Screener   | [9/37] 串行任务区块 5/32 计算中...
2026-04-30 04:47:16.309 | INFO     | Screener   | [10/37] 串行任务区块 6/32 计算中...
2026-04-30 04:47:16.964 | INFO     | Screener   | [11/37] 串行任务区块 7/32 计算中...
2026-04-30 04:47:17.636 | INFO     | Screener   | [12/37] 串行任务区块 8/32 计算中...
2026-04-30 04:47:18.332 | INFO     | Screener   | [13/37] 串行任务区块 9/32 计算中...
2026-04-30 04:47:18.948 | INFO     | Screener   | [14/37] 串行任务区块 10/32 计算中...
2026-04-30 04:47:19.582 | INFO     | Screener   | [15/37] 串行任务区块 11/32 计算中...
2026-04-30 04:47:20.210 | INFO     | Screener   | [16/37] 串行任务区块 12/32 计算中...
2026-04-30 04:47:20.852 | INFO     | Screener   | [17/37] 串行任务区块 13/32 计算中...
2026-04-30 04:47:21.545 | INFO     | Screener   | [18/37] 串行任务区块 14/32 计算中...
2026-04-30 04:47:22.179 | INFO     | Screener   | [19/37] 串行任务区块 15/32 计算中...
2026-04-30 04:47:22.846 | INFO     | Screener   | [20/37] 串行任务区块 16/32 计算中...
2026-04-30 04:47:23.422 | INFO     | Screener   | [21/37] 串行任务区块 17/32 计算中...
2026-04-30 04:47:24.073 | INFO     | Screener   | [22/37] 串行任务区块 18/32 计算中...
2026-04-30 04:47:24.702 | INFO     | Screener   | [23/37] 串行任务区块 19/32 计算中...
2026-04-30 04:47:25.361 | INFO     | Screener   | [24/37] 串行任务区块 20/32 计算中...
2026-04-30 04:47:25.999 | INFO     | Screener   | [25/37] 串行任务区块 21/32 计算中...
2026-04-30 04:47:26.649 | INFO     | Screener   | [26/37] 串行任务区块 22/32 计算中...
2026-04-30 04:47:27.287 | INFO     | Screener   | [27/37] 串行任务区块 23/32 计算中...
2026-04-30 04:47:27.965 | INFO     | Screener   | [28/37] 串行任务区块 24/32 计算中...
2026-04-30 04:47:28.549 | INFO     | Screener   | [29/37] 串行任务区块 25/32 计算中...
2026-04-30 04:47:29.208 | INFO     | Screener   | [30/37] 串行任务区块 26/32 计算中...
2026-04-30 04:47:29.814 | INFO     | Screener   | [31/37] 串行任务区块 27/32 计算中...
2026-04-30 04:47:30.423 | INFO     | Screener   | [32/37] 串行任务区块 28/32 计算中...
2026-04-30 04:47:31.014 | INFO     | Screener   | [33/37] 串行任务区块 29/32 计算中...
2026-04-30 04:47:31.642 | INFO     | Screener   | [34/37] 串行任务区块 30/32 计算中...
2026-04-30 04:47:32.211 | INFO     | Screener   | [35/37] 串行任务区块 31/32 计算中...
2026-04-30 04:47:32.819 | INFO     | Screener   | [36/37] 串行任务区块 32/32 计算中...
2026-04-30 08:34:21.402 | INFO     | DuckDB     | DuckDB | 所有核心表结构初始化完成 (含热点板块)
2026-04-30 08:34:21.402 | INFO     | DuckDB     | DuckDB 核心就绪: E:\1target\p9_project\quant-platform\data\meta\meta.db
2026-04-30 08:34:21.404 | INFO     | Screener   | 🔍 [Engine] run_scan 开始执行: break20, 频率: daily
2026-04-30 08:34:21.404 | INFO     | Screener   | [1/10] 加载股票元数据...
2026-04-30 08:34:21.409 | INFO     | Screener   | [3/10] 启动并行引擎 (32 核心) 加载并扫描 5512 只股票...
2026-04-30 08:34:21.414 | INFO     | Screener   | 📡 [Loader] 识别到桥接函数: break20.generate_signals()
2026-04-30 08:34:21.452 | INFO     | Screener   | 成功预加载大盘基准数据: 000905.SH (242 行)
2026-04-30 08:34:21.452 | INFO     | Screener   | [4/10] 正在进行全市场 RPS 动量预预算...
2026-04-30 08:34:35.887 | INFO     | Screener   | 成功构建全市场对比池 (用于 RPS): 1263452 条记录
2026-04-30 08:34:35.887 | INFO     | Screener   | [4.5/10] ⚡ QMT 极速行情引擎激活中：拉取当日最新真实验证切片(含夜盘离线快照)...
2026-04-30 08:34:36.675 | INFO     | Screener   | 成功获取 2314 只股票实时快照进行策略缝合
2026-04-30 08:34:36.675 | INFO     | Screener   | [5/37] 并行计算 32 个区块 (32 进程)...
2026-04-30 08:34:37.897 | WARNING  | DuckDB     | DuckDB | 数据库占用中，准备重试... (1/5)
2026-04-30 08:34:38.256 | WARNING  | DuckDB     | DuckDB | 数据库占用中，准备重试... (1/5)
2026-04-30 08:34:38.521 | WARNING  | DuckDB     | DuckDB | 数据库占用中，准备重试... (2/5)
2026-04-30 08:34:38.685 | WARNING  | DuckDB     | DuckDB | 数据库占用中，准备重试... (1/5)
2026-04-30 08:34:38.881 | WARNING  | DuckDB     | DuckDB | 数据库占用中，准备重试... (2/5)
2026-04-30 08:34:39.095 | WARNING  | DuckDB     | DuckDB | 数据库占用中，准备重试... (1/5)
2026-04-30 08:34:39.212 | WARNING  | DuckDB     | DuckDB | 数据库占用中，准备重试... (3/5)
2026-04-30 08:34:39.301 | WARNING  | DuckDB     | DuckDB | 数据库占用中，准备重试... (2/5)
2026-04-30 08:34:39.574 | WARNING  | DuckDB     | DuckDB | 数据库占用中，准备重试... (3/5)
2026-04-30 08:34:39.575 | WARNING  | DuckDB     | DuckDB | 数据库占用中，准备重试... (1/5)
2026-04-30 08:34:39.725 | WARNING  | DuckDB     | DuckDB | 数据库占用中，准备重试... (2/5)
2026-04-30 08:34:39.847 | WARNING  | DuckDB     | DuckDB | 数据库占用中，准备重试... (4/5)
2026-04-30 08:34:39.911 | WARNING  | DuckDB     | DuckDB | 数据库占用中，准备重试... (1/5)
2026-04-30 08:34:40.025 | WARNING  | DuckDB     | DuckDB | 数据库占用中，准备重试... (3/5)
2026-04-30 08:34:40.369 | WARNING  | DuckDB     | DuckDB | 数据库占用中，准备重试... (2/5)
2026-04-30 08:34:40.604 | WARNING  | DuckDB     | DuckDB | 数据库占用中，准备重试... (3/5)
2026-04-30 08:34:40.605 | WARNING  | DuckDB     | DuckDB | 数据库占用中，准备重试... (1/5)
2026-04-30 08:34:40.613 | WARNING  | DuckDB     | DuckDB | 数据库占用中，准备重试... (2/5)
2026-04-30 08:34:40.619 | ERROR    | DuckDB     | DuckDB | 无法连接到数据库: IO Error: Cannot open file "E:\1target\p9_project\quant-platform\data\meta\meta.db": 另一个程序正在使用此文件，进程无法访问。

2026-04-30 08:34:40.620 | ERROR    | DuckDB     | DuckDB | 初始化表结构失败: IO Error: Cannot open file "E:\1target\p9_project\quant-platform\data\meta\meta.db": 另一个程序正在使用此文件，进程无法访问。

2026-04-30 08:34:40.661 | WARNING  | DuckDB     | DuckDB | 数据库占用中，准备重试... (4/5)
2026-04-30 08:34:40.830 | WARNING  | DuckDB     | DuckDB | 数据库占用中，准备重试... (1/5)
2026-04-30 08:35:28.432 | INFO     | DuckDB     | DuckDB | 所有核心表结构初始化完成 (含热点板块)
2026-04-30 08:35:28.432 | INFO     | DuckDB     | DuckDB 核心就绪: E:\1target\p9_project\quant-platform\data\meta\meta.db
2026-04-30 08:35:28.434 | INFO     | Screener   | 🔍 [Engine] run_scan 开始执行: break20, 频率: daily
2026-04-30 08:35:28.434 | INFO     | Screener   | [1/10] 加载股票元数据...
2026-04-30 08:35:28.439 | INFO     | Screener   | [3/10] 启动并行引擎 (32 核心) 加载并扫描 5512 只股票...
2026-04-30 08:35:28.444 | INFO     | Screener   | 📡 [Loader] 识别到桥接函数: break20.generate_signals()
2026-04-30 08:35:28.476 | INFO     | Screener   | 成功预加载大盘基准数据: 000905.SH (242 行)
2026-04-30 08:35:28.477 | INFO     | Screener   | ⏩ 当前策略 [break20] 无需全市场数据，启用极速扫描流...
2026-04-30 08:35:28.477 | INFO     | Screener   | [4.5/10] ⚡ QMT 极速行情引擎激活中：拉取当日最新真实验证切片(含夜盘离线快照)...
2026-04-30 08:35:29.141 | INFO     | Screener   | 成功获取 2314 只股票实时快照进行策略缝合
2026-04-30 08:35:29.141 | INFO     | Screener   | [5/37] 并行计算 32 个区块 (32 进程)...
2026-04-30 08:35:31.438 | WARNING  | DuckDB     | DuckDB | 数据库占用中，准备重试... (1/5)
2026-04-30 08:35:31.490 | WARNING  | DuckDB     | DuckDB | 数据库占用中，准备重试... (1/5)
2026-04-30 08:35:31.506 | WARNING  | DuckDB     | DuckDB | 数据库占用中，准备重试... (1/5)
2026-04-30 08:35:31.516 | WARNING  | DuckDB     | DuckDB | 数据库占用中，准备重试... (1/5)
2026-04-30 08:35:31.531 | WARNING  | DuckDB     | DuckDB | 数据库占用中，准备重试... (1/5)
2026-04-30 08:35:31.623 | WARNING  | DuckDB     | DuckDB | 数据库占用中，准备重试... (1/5)
2026-04-30 08:35:31.705 | WARNING  | DuckDB     | DuckDB | 数据库占用中，准备重试... (1/5)
2026-04-30 08:35:31.723 | WARNING  | DuckDB     | DuckDB | 数据库占用中，准备重试... (1/5)
2026-04-30 08:35:31.838 | WARNING  | DuckDB     | DuckDB | 数据库占用中，准备重试... (1/5)
2026-04-30 08:35:31.918 | WARNING  | DuckDB     | DuckDB | 数据库占用中，准备重试... (1/5)
2026-04-30 08:35:31.924 | WARNING  | DuckDB     | DuckDB | 数据库占用中，准备重试... (1/5)
2026-04-30 08:35:31.974 | WARNING  | DuckDB     | DuckDB | 数据库占用中，准备重试... (1/5)
2026-04-30 08:35:32.005 | WARNING  | DuckDB     | DuckDB | 数据库占用中，准备重试... (1/5)
2026-04-30 08:35:32.061 | WARNING  | DuckDB     | DuckDB | 数据库占用中，准备重试... (1/5)
2026-04-30 08:35:32.061 | WARNING  | DuckDB     | DuckDB | 数据库占用中，准备重试... (1/5)
2026-04-30 08:35:32.064 | WARNING  | DuckDB     | DuckDB | 数据库占用中，准备重试... (1/5)
2026-04-30 08:35:32.071 | WARNING  | DuckDB     | DuckDB | 数据库占用中，准备重试... (1/5)
2026-04-30 08:35:32.079 | WARNING  | DuckDB     | DuckDB | 数据库占用中，准备重试... (1/5)
2026-04-30 08:35:32.084 | WARNING  | DuckDB     | DuckDB | 数据库占用中，准备重试... (1/5)
2026-04-30 08:35:32.091 | WARNING  | DuckDB     | DuckDB | 数据库占用中，准备重试... (1/5)
2026-04-30 08:35:32.112 | WARNING  | DuckDB     | DuckDB | 数据库占用中，准备重试... (1/5)
2026-04-30 08:35:32.121 | WARNING  | DuckDB     | DuckDB | 数据库占用中，准备重试... (1/5)
2026-04-30 08:35:32.124 | WARNING  | DuckDB     | DuckDB | 数据库占用中，准备重试... (1/5)
2026-04-30 08:35:32.125 | WARNING  | DuckDB     | DuckDB | 数据库占用中，准备重试... (1/5)
2026-04-30 08:35:32.133 | WARNING  | DuckDB     | DuckDB | 数据库占用中，准备重试... (2/5)
2026-04-30 08:35:32.136 | WARNING  | DuckDB     | DuckDB | 数据库占用中，准备重试... (1/5)
2026-04-30 08:35:32.207 | WARNING  | DuckDB     | DuckDB | 数据库占用中，准备重试... (1/5)
2026-04-30 08:35:32.294 | WARNING  | DuckDB     | DuckDB | 数据库占用中，准备重试... (2/5)
2026-04-30 08:35:32.296 | WARNING  | DuckDB     | DuckDB | 数据库占用中，准备重试... (1/5)
2026-04-30 08:35:32.307 | WARNING  | DuckDB     | DuckDB | 数据库占用中，准备重试... (1/5)
2026-04-30 08:35:32.308 | WARNING  | DuckDB     | DuckDB | 数据库占用中，准备重试... (1/5)
2026-04-30 08:35:32.325 | WARNING  | DuckDB     | DuckDB | 数据库占用中，准备重试... (2/5)
2026-04-30 08:35:32.347 | WARNING  | DuckDB     | DuckDB | 数据库占用中，准备重试... (2/5)
2026-04-30 08:35:32.357 | WARNING  | DuckDB     | DuckDB | 数据库占用中，准备重试... (2/5)
2026-04-30 08:35:32.360 | WARNING  | DuckDB     | DuckDB | 数据库占用中，准备重试... (1/5)
2026-04-30 08:35:32.360 | WARNING  | DuckDB     | DuckDB | 数据库占用中，准备重试... (1/5)
2026-04-30 08:35:32.380 | WARNING  | DuckDB     | DuckDB | 数据库占用中，准备重试... (2/5)
2026-04-30 08:35:32.392 | WARNING  | DuckDB     | DuckDB | 数据库占用中，准备重试... (2/5)
2026-04-30 08:35:32.413 | WARNING  | DuckDB     | DuckDB | 数据库占用中，准备重试... (2/5)
2026-04-30 08:35:32.483 | WARNING  | DuckDB     | DuckDB | 数据库占用中，准备重试... (2/5)
2026-04-30 08:35:32.565 | WARNING  | DuckDB     | DuckDB | 数据库占用中，准备重试... (2/5)
2026-04-30 08:35:32.582 | WARNING  | DuckDB     | DuckDB | 数据库占用中，准备重试... (2/5)
2026-04-30 08:35:32.878 | WARNING  | DuckDB     | DuckDB | 数据库占用中，准备重试... (2/5)
2026-04-30 08:35:32.932 | WARNING  | DuckDB     | DuckDB | 数据库占用中，准备重试... (2/5)
2026-04-30 08:35:32.933 | WARNING  | DuckDB     | DuckDB | 数据库占用中，准备重试... (3/5)
2026-04-30 08:35:32.945 | WARNING  | DuckDB     | DuckDB | 数据库占用中，准备重试... (2/5)
2026-04-30 08:35:33.087 | WARNING  | DuckDB     | DuckDB | 数据库占用中，准备重试... (3/5)
2026-04-30 08:35:33.170 | WARNING  | DuckDB     | DuckDB | 数据库占用中，准备重试... (3/5)
2026-04-30 08:35:33.223 | WARNING  | DuckDB     | DuckDB | 数据库占用中，准备重试... (3/5)
2026-04-30 08:35:33.233 | WARNING  | DuckDB     | DuckDB | 数据库占用中，准备重试... (2/5)
2026-04-30 08:35:33.249 | WARNING  | DuckDB     | DuckDB | 数据库占用中，准备重试... (2/5)
2026-04-30 08:35:33.256 | WARNING  | DuckDB     | DuckDB | 数据库占用中，准备重试... (2/5)
2026-04-30 08:35:33.302 | WARNING  | DuckDB     | DuckDB | 数据库占用中，准备重试... (2/5)
2026-04-30 08:35:33.324 | WARNING  | DuckDB     | DuckDB | 数据库占用中，准备重试... (2/5)
2026-04-30 08:35:33.324 | WARNING  | DuckDB     | DuckDB | 数据库占用中，准备重试... (3/5)
2026-04-30 08:35:33.324 | WARNING  | DuckDB     | DuckDB | 数据库占用中，准备重试... (2/5)
2026-04-30 08:35:33.337 | WARNING  | DuckDB     | DuckDB | 数据库占用中，准备重试... (2/5)
2026-04-30 08:35:33.375 | WARNING  | DuckDB     | DuckDB | 数据库占用中，准备重试... (2/5)
2026-04-30 08:35:33.375 | WARNING  | DuckDB     | DuckDB | 数据库占用中，准备重试... (2/5)
2026-04-30 08:35:33.388 | WARNING  | DuckDB     | DuckDB | 数据库占用中，准备重试... (2/5)
2026-04-30 08:35:33.388 | WARNING  | DuckDB     | DuckDB | 数据库占用中，准备重试... (2/5)
2026-04-30 08:35:33.402 | WARNING  | DuckDB     | DuckDB | 数据库占用中，准备重试... (2/5)
2026-04-30 08:35:33.436 | WARNING  | DuckDB     | DuckDB | 数据库占用中，准备重试... (3/5)
2026-04-30 08:35:33.437 | WARNING  | DuckDB     | DuckDB | 数据库占用中，准备重试... (4/5)
2026-04-30 08:35:33.448 | WARNING  | DuckDB     | DuckDB | 数据库占用中，准备重试... (3/5)
2026-04-30 08:35:33.535 | WARNING  | DuckDB     | DuckDB | 数据库占用中，准备重试... (3/5)
2026-04-30 08:35:33.537 | WARNING  | DuckDB     | DuckDB | 数据库占用中，准备重试... (3/5)
2026-04-30 08:35:33.618 | WARNING  | DuckDB     | DuckDB | 数据库占用中，准备重试... (2/5)
2026-04-30 08:35:33.629 | WARNING  | DuckDB     | DuckDB | 数据库占用中，准备重试... (2/5)
2026-04-30 08:35:33.641 | WARNING  | DuckDB     | DuckDB | 数据库占用中，准备重试... (2/5)
2026-04-30 08:35:33.644 | WARNING  | DuckDB     | DuckDB | 数据库占用中，准备重试... (2/5)
2026-04-30 08:35:33.644 | WARNING  | DuckDB     | DuckDB | 数据库占用中，准备重试... (2/5)
2026-04-30 08:35:33.644 | WARNING  | DuckDB     | DuckDB | 数据库占用中，准备重试... (3/5)
2026-04-30 08:35:33.653 | WARNING  | DuckDB     | DuckDB | 数据库占用中，准备重试... (3/5)
2026-04-30 08:35:33.653 | WARNING  | DuckDB     | DuckDB | 数据库占用中，准备重试... (2/5)
2026-04-30 08:35:33.686 | WARNING  | DuckDB     | DuckDB | 数据库占用中，准备重试... (3/5)
2026-04-30 08:35:33.736 | WARNING  | DuckDB     | DuckDB | 数据库占用中，准备重试... (4/5)
2026-04-30 08:35:33.751 | WARNING  | DuckDB     | DuckDB | 数据库占用中，准备重试... (3/5)
2026-04-30 08:35:33.759 | WARNING  | DuckDB     | DuckDB | 数据库占用中，准备重试... (3/5)
2026-04-30 08:35:33.804 | WARNING  | DuckDB     | DuckDB | 数据库占用中，准备重试... (3/5)
2026-04-30 08:35:33.822 | WARNING  | DuckDB     | DuckDB | 数据库占用中，准备重试... (4/5)
2026-04-30 08:35:33.826 | WARNING  | DuckDB     | DuckDB | 数据库占用中，准备重试... (3/5)
2026-04-30 08:35:33.827 | WARNING  | DuckDB     | DuckDB | 数据库占用中，准备重试... (4/5)
2026-04-30 08:35:33.828 | WARNING  | DuckDB     | DuckDB | 数据库占用中，准备重试... (3/5)
2026-04-30 08:35:33.839 | WARNING  | DuckDB     | DuckDB | 数据库占用中，准备重试... (4/5)
2026-04-30 08:35:33.840 | WARNING  | DuckDB     | DuckDB | 数据库占用中，准备重试... (3/5)
2026-04-30 08:35:33.877 | WARNING  | DuckDB     | DuckDB | 数据库占用中，准备重试... (3/5)
2026-04-30 08:35:33.878 | WARNING  | DuckDB     | DuckDB | 数据库占用中，准备重试... (3/5)
2026-04-30 08:35:33.890 | WARNING  | DuckDB     | DuckDB | 数据库占用中，准备重试... (3/5)
2026-04-30 08:35:33.891 | WARNING  | DuckDB     | DuckDB | 数据库占用中，准备重试... (3/5)
2026-04-30 08:35:33.904 | WARNING  | DuckDB     | DuckDB | 数据库占用中，准备重试... (3/5)
2026-04-30 08:35:33.908 | WARNING  | DuckDB     | DuckDB | 数据库占用中，准备重试... (4/5)
2026-04-30 08:35:33.914 | WARNING  | DuckDB     | DuckDB | 数据库占用中，准备重试... (3/5)
2026-04-30 08:35:33.950 | WARNING  | DuckDB     | DuckDB | 数据库占用中，准备重试... (4/5)
2026-04-30 08:35:34.037 | WARNING  | DuckDB     | DuckDB | 数据库占用中，准备重试... (4/5)
2026-04-30 08:35:34.039 | WARNING  | DuckDB     | DuckDB | 数据库占用中，准备重试... (4/5)
2026-04-30 08:35:34.120 | WARNING  | DuckDB     | DuckDB | 数据库占用中，准备重试... (3/5)
2026-04-30 08:35:34.132 | WARNING  | DuckDB     | DuckDB | 数据库占用中，准备重试... (3/5)
2026-04-30 08:35:34.144 | WARNING  | DuckDB     | DuckDB | 数据库占用中，准备重试... (3/5)
2026-04-30 08:35:34.146 | WARNING  | DuckDB     | DuckDB | 数据库占用中，准备重试... (4/5)
2026-04-30 08:35:34.146 | WARNING  | DuckDB     | DuckDB | 数据库占用中，准备重试... (3/5)
2026-04-30 08:35:34.147 | WARNING  | DuckDB     | DuckDB | 数据库占用中，准备重试... (3/5)
2026-04-30 08:35:34.148 | WARNING  | DuckDB     | DuckDB | 数据库占用中，准备重试... (4/5)
2026-04-30 08:35:34.148 | ERROR    | DuckDB     | DuckDB | 无法连接到数据库: IO Error: Cannot open file "E:\1target\p9_project\quant-platform\data\meta\meta.db": 另一个程序正在使用此文件，进程无法访问。

File is already open in 
C:\Python314\python.exe (PID 47580)
C:\Python314\python.exe (PID 29800)
2026-04-30 08:35:34.148 | ERROR    | DuckDB     | DuckDB | 初始化表结构失败: IO Error: Cannot open file "E:\1target\p9_project\quant-platform\data\meta\meta.db": 另一个程序正在使用此文件，进程无法访问。

File is already open in 
C:\Python314\python.exe (PID 47580)
C:\Python314\python.exe (PID 29800)
2026-04-30 08:35:34.157 | WARNING  | DuckDB     | DuckDB | 数据库占用中，准备重试... (4/5)
2026-04-30 08:35:34.189 | WARNING  | DuckDB     | DuckDB | 数据库占用中，准备重试... (4/5)
2026-04-30 08:35:34.248 | ERROR    | Screener   | 区块 1 计算失败: A process in the process pool was terminated abruptly while the future was running or pending.
2026-04-30 08:35:34.248 | INFO     | Screener   | [1/32] 区块 1 完成
2026-04-30 08:35:34.249 | ERROR    | Screener   | 区块 2 计算失败: A process in the process pool was terminated abruptly while the future was running or pending.
2026-04-30 08:35:34.249 | INFO     | Screener   | [2/32] 区块 2 完成
2026-04-30 08:35:34.249 | ERROR    | Screener   | 区块 3 计算失败: A process in the process pool was terminated abruptly while the future was running or pending.
2026-04-30 08:35:34.249 | INFO     | Screener   | [3/32] 区块 3 完成
2026-04-30 08:35:34.250 | ERROR    | Screener   | 区块 4 计算失败: A process in the process pool was terminated abruptly while the future was running or pending.
2026-04-30 08:35:34.250 | INFO     | Screener   | [4/32] 区块 4 完成
2026-04-30 08:35:34.250 | ERROR    | Screener   | 区块 5 计算失败: A process in the process pool was terminated abruptly while the future was running or pending.
2026-04-30 08:35:34.250 | INFO     | Screener   | [5/32] 区块 5 完成
2026-04-30 08:35:34.250 | ERROR    | Screener   | 区块 6 计算失败: A process in the process pool was terminated abruptly while the future was running or pending.
2026-04-30 08:35:34.250 | INFO     | Screener   | [6/32] 区块 6 完成
2026-04-30 08:35:34.250 | ERROR    | Screener   | 区块 7 计算失败: A process in the process pool was terminated abruptly while the future was running or pending.
2026-04-30 08:35:34.250 | INFO     | Screener   | [7/32] 区块 7 完成
2026-04-30 08:35:34.251 | ERROR    | Screener   | 区块 8 计算失败: A process in the process pool was terminated abruptly while the future was running or pending.
2026-04-30 08:35:34.251 | INFO     | Screener   | [8/32] 区块 8 完成
2026-04-30 08:35:34.251 | ERROR    | Screener   | 区块 9 计算失败: A process in the process pool was terminated abruptly while the future was running or pending.
2026-04-30 08:35:34.251 | INFO     | Screener   | [9/32] 区块 9 完成
2026-04-30 08:35:34.251 | ERROR    | Screener   | 区块 10 计算失败: A process in the process pool was terminated abruptly while the future was running or pending.
2026-04-30 08:35:34.251 | INFO     | Screener   | [10/32] 区块 10 完成
2026-04-30 08:35:34.251 | ERROR    | Screener   | 区块 11 计算失败: A process in the process pool was terminated abruptly while the future was running or pending.
2026-04-30 08:35:34.251 | INFO     | Screener   | [11/32] 区块 11 完成
2026-04-30 08:35:34.251 | ERROR    | Screener   | 区块 12 计算失败: A process in the process pool was terminated abruptly while the future was running or pending.
2026-04-30 08:35:34.251 | INFO     | Screener   | [12/32] 区块 12 完成
2026-04-30 08:35:34.252 | ERROR    | Screener   | 区块 13 计算失败: A process in the process pool was terminated abruptly while the future was running or pending.
2026-04-30 08:35:34.252 | INFO     | Screener   | [13/32] 区块 13 完成
2026-04-30 08:35:34.252 | ERROR    | Screener   | 区块 14 计算失败: A process in the process pool was terminated abruptly while the future was running or pending.
2026-04-30 08:35:34.252 | INFO     | Screener   | [14/32] 区块 14 完成
2026-04-30 08:35:34.253 | ERROR    | Screener   | 区块 15 计算失败: A process in the process pool was terminated abruptly while the future was running or pending.
2026-04-30 08:35:34.253 | INFO     | Screener   | [15/32] 区块 15 完成
2026-04-30 08:35:34.253 | ERROR    | Screener   | 区块 16 计算失败: A process in the process pool was terminated abruptly while the future was running or pending.
2026-04-30 08:35:34.253 | INFO     | Screener   | [16/32] 区块 16 完成
2026-04-30 08:35:34.253 | ERROR    | Screener   | 区块 17 计算失败: A process in the process pool was terminated abruptly while the future was running or pending.
2026-04-30 08:35:34.254 | INFO     | Screener   | [17/32] 区块 17 完成
2026-04-30 08:35:34.254 | ERROR    | Screener   | 区块 18 计算失败: A process in the process pool was terminated abruptly while the future was running or pending.
2026-04-30 08:35:34.254 | INFO     | Screener   | [18/32] 区块 18 完成
2026-04-30 08:35:34.254 | ERROR    | Screener   | 区块 19 计算失败: A process in the process pool was terminated abruptly while the future was running or pending.
2026-04-30 08:35:34.255 | INFO     | Screener   | [19/32] 区块 19 完成
2026-04-30 08:35:34.255 | ERROR    | Screener   | 区块 20 计算失败: A process in the process pool was terminated abruptly while the future was running or pending.
2026-04-30 08:35:34.255 | INFO     | Screener   | [20/32] 区块 20 完成
2026-04-30 08:35:34.255 | ERROR    | Screener   | 区块 21 计算失败: A process in the process pool was terminated abruptly while the future was running or pending.
2026-04-30 08:35:34.255 | INFO     | Screener   | [21/32] 区块 21 完成
2026-04-30 08:35:34.255 | ERROR    | Screener   | 区块 22 计算失败: A process in the process pool was terminated abruptly while the future was running or pending.
2026-04-30 08:35:34.255 | INFO     | Screener   | [22/32] 区块 22 完成
2026-04-30 08:35:34.255 | ERROR    | Screener   | 区块 23 计算失败: A process in the process pool was terminated abruptly while the future was running or pending.
2026-04-30 08:35:34.256 | INFO     | Screener   | [23/32] 区块 23 完成
2026-04-30 08:35:34.256 | ERROR    | Screener   | 区块 24 计算失败: A process in the process pool was terminated abruptly while the future was running or pending.
2026-04-30 08:35:34.256 | INFO     | Screener   | [24/32] 区块 24 完成
2026-04-30 08:35:34.256 | ERROR    | Screener   | 区块 25 计算失败: A process in the process pool was terminated abruptly while the future was running or pending.
2026-04-30 08:35:34.256 | INFO     | Screener   | [25/32] 区块 25 完成
2026-04-30 08:35:34.256 | ERROR    | Screener   | 区块 26 计算失败: A process in the process pool was terminated abruptly while the future was running or pending.
2026-04-30 08:35:34.257 | INFO     | Screener   | [26/32] 区块 26 完成
2026-04-30 08:35:34.257 | ERROR    | Screener   | 区块 27 计算失败: A process in the process pool was terminated abruptly while the future was running or pending.
2026-04-30 08:35:34.257 | INFO     | Screener   | [27/32] 区块 27 完成
2026-04-30 08:35:34.257 | ERROR    | Screener   | 区块 28 计算失败: A process in the process pool was terminated abruptly while the future was running or pending.
2026-04-30 08:35:34.257 | INFO     | Screener   | [28/32] 区块 28 完成
2026-04-30 08:35:34.258 | ERROR    | Screener   | 区块 29 计算失败: A process in the process pool was terminated abruptly while the future was running or pending.
2026-04-30 08:35:34.258 | INFO     | Screener   | [29/32] 区块 29 完成
2026-04-30 08:35:34.258 | ERROR    | Screener   | 区块 30 计算失败: A process in the process pool was terminated abruptly while the future was running or pending.
2026-04-30 08:35:34.258 | INFO     | Screener   | [30/32] 区块 30 完成
2026-04-30 08:35:34.258 | ERROR    | Screener   | 区块 31 计算失败: A process in the process pool was terminated abruptly while the future was running or pending.
2026-04-30 08:35:34.258 | INFO     | Screener   | [31/32] 区块 31 完成
2026-04-30 08:35:34.258 | ERROR    | Screener   | 区块 32 计算失败: A process in the process pool was terminated abruptly while the future was running or pending.
2026-04-30 08:35:34.258 | INFO     | Screener   | [32/32] 区块 32 完成
2026-04-30 08:36:02.758 | INFO     | DuckDB     | DuckDB | 所有核心表结构初始化完成 (含热点板块)
2026-04-30 08:36:02.758 | INFO     | DuckDB     | DuckDB 核心就绪: E:\1target\p9_project\quant-platform\data\meta\meta.db
2026-04-30 08:36:02.760 | INFO     | Screener   | 🔍 [Engine] run_scan 开始执行: break20, 频率: daily
2026-04-30 08:36:02.760 | INFO     | Screener   | [1/10] 加载股票元数据...
2026-04-30 08:36:02.764 | INFO     | Screener   | [3/10] 启动并行引擎 (32 核心) 加载并扫描 5512 只股票...
2026-04-30 08:36:02.769 | INFO     | Screener   | 📡 [Loader] 识别到桥接函数: break20.generate_signals()
2026-04-30 08:36:02.798 | INFO     | Screener   | 成功预加载大盘基准数据: 000905.SH (242 行)
2026-04-30 08:36:02.798 | INFO     | Screener   | ⏩ 当前策略 [break20] 无需全市场数据，启用极速扫描流...
2026-04-30 08:36:02.798 | INFO     | Screener   | [4.5/10] ⚡ QMT 极速行情引擎激活中：拉取当日最新真实验证切片(含夜盘离线快照)...
2026-04-30 08:36:03.486 | INFO     | Screener   | 成功获取 2314 只股票实时快照进行策略缝合
2026-04-30 08:36:03.486 | INFO     | Screener   | [5/13] 并行计算 8 个区块 (8 进程)...
2026-04-30 08:36:04.563 | WARNING  | DuckDB     | DuckDB | 数据库占用中，准备重试... (1/5)
2026-04-30 08:36:04.569 | WARNING  | DuckDB     | DuckDB | 数据库占用中，准备重试... (1/5)
2026-04-30 08:36:04.569 | WARNING  | DuckDB     | DuckDB | 数据库占用中，准备重试... (1/5)
2026-04-30 08:36:04.578 | WARNING  | DuckDB     | DuckDB | 数据库占用中，准备重试... (1/5)
2026-04-30 08:36:04.587 | WARNING  | DuckDB     | DuckDB | 数据库占用中，准备重试... (1/5)
2026-04-30 08:36:04.587 | WARNING  | DuckDB     | DuckDB | 数据库占用中，准备重试... (1/5)
2026-04-30 08:36:04.593 | WARNING  | DuckDB     | DuckDB | 数据库占用中，准备重试... (1/5)
2026-04-30 08:36:04.594 | WARNING  | DuckDB     | DuckDB | 数据库占用中，准备重试... (1/5)
2026-04-30 08:36:05.372 | WARNING  | DuckDB     | DuckDB | 数据库占用中，准备重试... (2/5)
2026-04-30 08:36:05.379 | WARNING  | DuckDB     | DuckDB | 数据库占用中，准备重试... (2/5)
2026-04-30 08:36:05.383 | WARNING  | DuckDB     | DuckDB | 数据库占用中，准备重试... (2/5)
2026-04-30 08:36:05.383 | WARNING  | DuckDB     | DuckDB | 数据库占用中，准备重试... (2/5)
2026-04-30 08:36:05.383 | WARNING  | DuckDB     | DuckDB | 数据库占用中，准备重试... (2/5)
2026-04-30 08:36:05.388 | WARNING  | DuckDB     | DuckDB | 数据库占用中，准备重试... (2/5)
2026-04-30 08:36:05.388 | WARNING  | DuckDB     | DuckDB | 数据库占用中，准备重试... (2/5)
2026-04-30 08:36:05.389 | WARNING  | DuckDB     | DuckDB | 数据库占用中，准备重试... (2/5)
2026-04-30 08:36:06.227 | WARNING  | DuckDB     | DuckDB | 数据库占用中，准备重试... (3/5)
2026-04-30 08:36:06.265 | WARNING  | DuckDB     | DuckDB | 数据库占用中，准备重试... (3/5)
2026-04-30 08:36:06.276 | WARNING  | DuckDB     | DuckDB | 数据库占用中，准备重试... (3/5)
2026-04-30 08:36:06.276 | WARNING  | DuckDB     | DuckDB | 数据库占用中，准备重试... (3/5)
2026-04-30 08:36:06.276 | WARNING  | DuckDB     | DuckDB | 数据库占用中，准备重试... (3/5)
2026-04-30 08:36:06.276 | WARNING  | DuckDB     | DuckDB | 数据库占用中，准备重试... (3/5)
2026-04-30 08:36:06.276 | WARNING  | DuckDB     | DuckDB | 数据库占用中，准备重试... (3/5)
2026-04-30 08:36:06.276 | WARNING  | DuckDB     | DuckDB | 数据库占用中，准备重试... (3/5)
2026-04-30 08:36:06.956 | WARNING  | DuckDB     | DuckDB | 数据库占用中，准备重试... (4/5)
2026-04-30 08:36:07.076 | WARNING  | DuckDB     | DuckDB | 数据库占用中，准备重试... (4/5)
2026-04-30 08:36:07.112 | WARNING  | DuckDB     | DuckDB | 数据库占用中，准备重试... (4/5)
2026-04-30 08:36:07.121 | WARNING  | DuckDB     | DuckDB | 数据库占用中，准备重试... (4/5)
2026-04-30 08:36:07.156 | WARNING  | DuckDB     | DuckDB | 数据库占用中，准备重试... (4/5)
2026-04-30 08:36:07.165 | WARNING  | DuckDB     | DuckDB | 数据库占用中，准备重试... (4/5)
2026-04-30 08:36:07.165 | WARNING  | DuckDB     | DuckDB | 数据库占用中，准备重试... (4/5)
2026-04-30 08:36:07.166 | WARNING  | DuckDB     | DuckDB | 数据库占用中，准备重试... (4/5)
2026-04-30 08:36:07.559 | ERROR    | DuckDB     | DuckDB | 无法连接到数据库: IO Error: Cannot open file "E:\1target\p9_project\quant-platform\data\meta\meta.db": 另一个程序正在使用此文件，进程无法访问。

File is already open in 
C:\Python314\python.exe (PID 31756)
2026-04-30 08:36:07.559 | ERROR    | DuckDB     | DuckDB | 初始化表结构失败: IO Error: Cannot open file "E:\1target\p9_project\quant-platform\data\meta\meta.db": 另一个程序正在使用此文件，进程无法访问。

File is already open in 
C:\Python314\python.exe (PID 31756)
2026-04-30 08:36:07.643 | ERROR    | Screener   | 区块 1 计算失败: A process in the process pool was terminated abruptly while the future was running or pending.
2026-04-30 08:36:07.643 | INFO     | Screener   | [1/8] 区块 1 完成
2026-04-30 08:36:07.643 | ERROR    | Screener   | 区块 2 计算失败: A process in the process pool was terminated abruptly while the future was running or pending.
2026-04-30 08:36:07.643 | INFO     | Screener   | [2/8] 区块 2 完成
2026-04-30 08:36:07.643 | ERROR    | Screener   | 区块 3 计算失败: A process in the process pool was terminated abruptly while the future was running or pending.
2026-04-30 08:36:07.643 | INFO     | Screener   | [3/8] 区块 3 完成
2026-04-30 08:36:07.643 | ERROR    | Screener   | 区块 4 计算失败: A process in the process pool was terminated abruptly while the future was running or pending.
2026-04-30 08:36:07.643 | INFO     | Screener   | [4/8] 区块 4 完成
2026-04-30 08:36:07.643 | ERROR    | Screener   | 区块 5 计算失败: A process in the process pool was terminated abruptly while the future was running or pending.
2026-04-30 08:36:07.643 | INFO     | Screener   | [5/8] 区块 5 完成
2026-04-30 08:36:07.643 | ERROR    | Screener   | 区块 6 计算失败: A process in the process pool was terminated abruptly while the future was running or pending.
2026-04-30 08:36:07.643 | INFO     | Screener   | [6/8] 区块 6 完成
2026-04-30 08:36:07.644 | ERROR    | Screener   | 区块 7 计算失败: A process in the process pool was terminated abruptly while the future was running or pending.
2026-04-30 08:36:07.644 | INFO     | Screener   | [7/8] 区块 7 完成
2026-04-30 08:36:07.644 | ERROR    | Screener   | 区块 8 计算失败: A process in the process pool was terminated abruptly while the future was running or pending.
2026-04-30 08:36:07.644 | INFO     | Screener   | [8/8] 区块 8 完成
2026-04-30 08:36:21.627 | INFO     | DuckDB     | DuckDB | 所有核心表结构初始化完成 (含热点板块)
2026-04-30 08:36:21.627 | INFO     | DuckDB     | DuckDB 核心就绪: E:\1target\p9_project\quant-platform\data\meta\meta.db
2026-04-30 08:37:02.926 | INFO     | DuckDB     | DuckDB | 所有核心表结构初始化完成 (含热点板块)
2026-04-30 08:37:02.927 | INFO     | DuckDB     | DuckDB 核心就绪: E:\1target\p9_project\quant-platform\data\meta\meta.db
2026-04-30 08:37:02.928 | INFO     | Screener   | 🔍 [Engine] run_scan 开始执行: break20, 频率: daily
2026-04-30 08:37:02.928 | INFO     | Screener   | [1/10] 加载股票元数据...
2026-04-30 08:37:02.933 | INFO     | Screener   | [3/10] 启动并行引擎 (32 核心) 加载并扫描 5512 只股票...
2026-04-30 08:37:02.938 | INFO     | Screener   | 📡 [Loader] 识别到桥接函数: break20.generate_signals()
2026-04-30 08:37:02.969 | INFO     | Screener   | 成功预加载大盘基准数据: 000905.SH (242 行)
2026-04-30 08:37:02.969 | INFO     | Screener   | ⏩ 当前策略 [break20] 无需全市场数据，启用极速扫描流...
2026-04-30 08:37:02.969 | INFO     | Screener   | [4.5/10] ⚡ QMT 极速行情引擎激活中：拉取当日最新真实验证切片(含夜盘离线快照)...
2026-04-30 08:37:03.699 | INFO     | Screener   | 成功获取 2314 只股票实时快照进行策略缝合
2026-04-30 08:37:03.699 | INFO     | Screener   | [5/13] 并行计算 8 个区块 (8 线程)...
2026-04-30 08:37:16.472 | INFO     | Screener   | [1/8] 区块 6 完成
2026-04-30 08:37:17.745 | INFO     | Screener   | [2/8] 区块 4 完成
2026-04-30 08:37:18.090 | INFO     | Screener   | [3/8] 区块 5 完成
2026-04-30 08:37:18.280 | INFO     | Screener   | [4/8] 区块 3 完成
2026-04-30 08:37:18.884 | INFO     | Screener   | [5/8] 区块 8 完成
2026-04-30 08:37:19.205 | INFO     | Screener   | [6/8] 区块 1 完成
2026-04-30 08:37:19.344 | INFO     | Screener   | [7/8] 区块 2 完成
2026-04-30 08:37:19.417 | INFO     | Screener   | [8/8] 区块 7 完成
2026-04-30 08:40:14.627 | INFO     | DuckDB     | DuckDB | 所有核心表结构初始化完成 (含热点板块)
2026-04-30 08:40:14.627 | INFO     | DuckDB     | DuckDB 核心就绪: E:\1target\p9_project\quant-platform\data\meta\meta.db
2026-04-30 08:40:14.629 | INFO     | Screener   | 🔍 [Engine] run_scan 开始执行: break20, 频率: daily
2026-04-30 08:40:14.629 | INFO     | Screener   | [1/10] 加载股票元数据...
2026-04-30 08:40:14.633 | INFO     | Screener   | [3/10] 启动并行引擎 (32 核心) 加载并扫描 5512 只股票...
2026-04-30 08:40:14.637 | INFO     | Screener   | 📡 [Loader] 识别到桥接函数: break20.generate_signals()
2026-04-30 08:40:14.669 | INFO     | Screener   | 成功预加载大盘基准数据: 000905.SH (242 行)
2026-04-30 08:40:14.669 | INFO     | Screener   | ⏩ 当前策略 [break20] 无需全市场数据，启用极速扫描流...
2026-04-30 08:40:14.669 | INFO     | Screener   | [4.5/10] QMT 极速行情引擎激活中：拉取当日最新真实验证切片...
2026-04-30 08:40:16.107 | INFO     | Screener   | 成功获取 5202 只股票实时快照进行策略缝合
2026-04-30 08:40:16.107 | INFO     | Screener   | [5/13] DuckDB 批量加载 5512 只股票数据...
2026-04-30 08:40:28.443 | INFO     | Screener   | 批量加载完成: 1261279 条记录
2026-04-30 08:40:28.665 | INFO     | Screener   | [6/13] 并行计算 8 个区块 (8 线程)...
2026-04-30 08:40:33.460 | INFO     | Screener   | [1/8] 区块 5 完成
2026-04-30 08:40:33.462 | INFO     | Screener   | [2/8] 区块 1 完成
2026-04-30 08:40:33.465 | INFO     | Screener   | [3/8] 区块 3 完成
2026-04-30 08:40:33.465 | INFO     | Screener   | [4/8] 区块 2 完成
2026-04-30 08:40:33.465 | INFO     | Screener   | [5/8] 区块 4 完成
2026-04-30 08:40:34.063 | INFO     | Screener   | [6/8] 区块 6 完成
2026-04-30 08:40:34.438 | INFO     | Screener   | [7/8] 区块 7 完成
2026-04-30 08:40:34.594 | INFO     | Screener   | [8/8] 区块 8 完成
2026-04-30 08:42:46.099 | INFO     | DuckDB     | DuckDB | 所有核心表结构初始化完成 (含热点板块)
2026-04-30 08:42:46.100 | INFO     | DuckDB     | DuckDB 核心就绪: E:\1target\p9_project\quant-platform\data\meta\meta.db
2026-04-30 08:42:46.101 | INFO     | Screener   | 🔍 [Engine] run_scan 开始执行: break20, 频率: daily
2026-04-30 08:42:46.102 | INFO     | Screener   | [1/10] 加载股票元数据...
2026-04-30 08:42:46.106 | INFO     | Screener   | [3/10] 启动并行引擎 (32 核心) 加载并扫描 5512 只股票...
2026-04-30 08:42:46.110 | INFO     | Screener   | 📡 [Loader] 识别到桥接函数: break20.generate_signals()
2026-04-30 08:42:46.140 | INFO     | Screener   | 成功预加载大盘基准数据: 000905.SH (242 行)
2026-04-30 08:42:46.141 | INFO     | Screener   | ⏩ 当前策略 [break20] 无需全市场数据，启用极速扫描流...
2026-04-30 08:42:46.141 | INFO     | Screener   | [4.5/10] QMT 极速行情引擎激活中：拉取当日最新真实验证切片...
2026-04-30 08:42:47.597 | INFO     | Screener   | 成功获取 5202 只股票实时快照进行策略缝合
2026-04-30 08:42:47.598 | INFO     | Screener   | [5/13] 并行计算 8 个区块 (8 线程)...
2026-04-30 08:42:59.386 | INFO     | Screener   | [1/8] 区块 1 完成
2026-04-30 08:43:01.245 | INFO     | Screener   | [2/8] 区块 4 完成
2026-04-30 08:43:01.393 | INFO     | Screener   | [3/8] 区块 3 完成
2026-04-30 08:43:02.167 | INFO     | Screener   | [4/8] 区块 6 完成
2026-04-30 08:43:02.593 | INFO     | Screener   | [5/8] 区块 8 完成
2026-04-30 08:43:02.704 | INFO     | Screener   | [6/8] 区块 2 完成
2026-04-30 08:43:02.961 | INFO     | Screener   | [7/8] 区块 7 完成
2026-04-30 08:43:03.012 | INFO     | Screener   | [8/8] 区块 5 完成
2026-04-30 08:50:32.514 | INFO     | DuckDB     | DuckDB | 所有核心表结构初始化完成 (含热点板块)
2026-04-30 08:50:32.516 | INFO     | DuckDB     | DuckDB 核心就绪: E:\1target\p9_project\quant-platform\data\meta\meta.db
2026-04-30 08:50:35.359 | INFO     | API-Server | P9 Quant Platform Background Tasks Startup...
2026-04-30 08:50:35.373 | INFO     | CronScheduler | CronScheduler | 每日数据收割机被安排在每个工作日的 08:30 执行。
2026-04-30 08:50:35.375 | INFO     | CronScheduler | CronScheduler | 每日数据收割机被安排在每个工作日的 17:30 执行。
2026-04-30 08:50:35.376 | INFO     | CronScheduler | CronScheduler | Redis→DuckDB 收割机已安排在每个工作日 15:30 执行。
2026-04-30 08:50:35.378 | INFO     | CronScheduler | CronScheduler | 概念数据同步已安排在每日 09:00 执行。
2026-04-30 08:50:35.380 | INFO     | CronScheduler | CronScheduler | 板块热度重算已安排在每个交易日 5 分钟/次。
2026-04-30 08:50:35.382 | INFO     | CronScheduler | CronScheduler | 收盘热度终版快照已安排在 15:30 执行。
2026-04-30 08:50:35.383 | INFO     | CronScheduler | CronScheduler | 自动调度服务(APScheduler) 已启动。
2026-04-30 08:50:40.405 | INFO     | ParquetPipeline | ParquetPipeline | Fetching daily k-lines from 20260420 to 20260430...
2026-04-30 08:50:40.565 | INFO     | ParquetPipeline | ParquetPipeline | Pulling market for 20260430...
2026-04-30 08:50:40.693 | INFO     | ParquetPipeline | ParquetPipeline | Pulling market for 20260429...
2026-04-30 08:50:41.702 | INFO     | ParquetPipeline | ParquetPipeline | Pulling market for 20260428...
2026-04-30 08:50:42.648 | INFO     | ParquetPipeline | ParquetPipeline | Pulling market for 20260427...
2026-04-30 08:50:44.021 | INFO     | ParquetPipeline | ParquetPipeline | Pulling market for 20260424...
2026-04-30 08:50:45.050 | INFO     | ParquetPipeline | ParquetPipeline | Pulling market for 20260423...
2026-04-30 08:50:46.419 | INFO     | ParquetPipeline | ParquetPipeline | Pulling market for 20260422...
2026-04-30 08:50:47.398 | INFO     | ParquetPipeline | ParquetPipeline | Pulling market for 20260421...
2026-04-30 08:50:48.774 | INFO     | ParquetPipeline | ParquetPipeline | Pulling market for 20260420...
2026-04-30 08:50:49.701 | INFO     | ParquetPipeline | ParquetPipeline | Writing 5509 stocks to Parquet...
2026-04-30 08:51:54.129 | INFO     | LLMAdvisor | LLMAdvisor | 已连接 DeepSeek (deepseek-v4-pro)
2026-04-30 08:51:54.138 | INFO     | AIOptimizer | 🔄 [Phase 1] 加载日线数据 + 生成策略信号（此步骤只需执行一次）...
2026-04-30 08:54:23.007 | INFO     | AIOptimizer |   读取 Parquet 完成：5202 只股票 / 0 只缺失 / 1,368,052 条记录
2026-04-30 08:54:25.588 | INFO     | Screener   | 🧬 [Loader] 识别到类继承策略: MA5AngleOriginalStrategy
2026-04-30 08:54:57.242 | INFO     | AIOptimizer | ⏳ [Phase 1.5] 正在预加载 627 只信号股票的 5 分钟线（以加速后期搜索）...
2026-04-30 08:55:15.877 | INFO     | AIOptimizer | ✅ [Phase 1] 完成：5202 日线/ 627 分钟线/ 628 信号已缓存
2026-04-30 08:55:16.382 | INFO     | AIOptimizer | 🌐 计算历史市场状态标签 (Regime)...
2026-04-30 08:55:16.399 | INFO     | RegimeDetector | Regime | 使用 沪深300（125 条，中位值 4651 点）
2026-04-30 08:55:16.418 | INFO     | RegimeDetector | Regime | 生成完毕 19 条标签 | 分布: {'熊市-低波': 10, '牛市-低波': 9}
2026-04-30 08:55:16.426 | INFO     | AIOptimizer | 🤖 [Phase 2] LLM 冷启动：读策略代码设计搜索空间...
2026-04-30 08:55:16.428 | INFO     | LLMAdvisor | LLMAdvisor | Call① 开始：冷启动搜索空间设计...
2026-04-30 08:55:17.833 | INFO     | DuckDB     | DuckDB | 创建虚拟视图成功: kline_daily_view -> E:/1target/p9_project/quant-platform/data/parquet/daily/*.parquet
2026-04-30 08:55:17.835 | INFO     | ParquetPipeline | ParquetPipeline | Daily K-lines fully synced.
2026-04-30 08:56:50.306 | WARNING  | LLMAdvisor | LLMAdvisor | API 调用异常: Request timed out.
2026-04-30 08:56:50.307 | INFO     | LLMAdvisor | LLMAdvisor | Call① 完成 (93.9s)
2026-04-30 08:56:50.307 | WARNING  | LLMAdvisor | LLMAdvisor | Call① 无响应，使用默认空间
2026-04-30 08:56:50.307 | INFO     | AIOptimizer | ✅ [Phase 2] 搜索空间已确定（11 个参数）
2026-04-30 08:56:50.308 | INFO     | AIOptimizer | 🔍 [Phase 3] 探索期：12 组拉丁超立方采样...
2026-04-30 08:57:54.749 | INFO     | AIOptimizer |   探索 01/12 | score=-0.005 | 平盈率=-0.46% | 胜率=16.7%
2026-04-30 08:59:22.179 | INFO     | AIOptimizer |   探索 02/12 | score=-0.004 | 平盈率=-0.37% | 胜率=36.6%
2026-04-30 09:00:00.012 | INFO     | CronScheduler | CronScheduler | [概念同步] 开始同步 Tushare 概念数据...
2026-04-30 09:00:00.031 | INFO     | CronScheduler | CronScheduler | [热度计算] 开始刷新板块热度...
2026-04-30 09:00:00.767 | INFO     | ConceptSync | concept: 获取到 879 个概念分类
2026-04-30 09:01:03.133 | INFO     | HeatCalc   | 加载了 5523 只股票的最近日线数据
2026-04-30 09:01:18.709 | INFO     | AIOptimizer |   探索 03/12 | score=-0.006 | 平盈率=-0.57% | 胜率=42.2%
2026-04-30 09:03:09.589 | INFO     | AIOptimizer |   探索 04/12 | score=-0.001 | 平盈率=-0.13% | 胜率=36.5%
2026-04-30 09:03:17.233 | INFO     | HeatCalc   | 热度计算完成: 873 概念, 110 板块
2026-04-30 09:03:48.550 | ERROR    | RedisManager | Redis 连接失败 (localhost:6379): Error 10061 connecting to localhost:6379. 由于目标计算机积极拒绝，无法连接。.
2026-04-30 09:04:34.737 | INFO     | CronScheduler | CronScheduler | [热度计算] 完成: {'concepts_processed': 873, 'sectors_processed': 110, 'trade_date': '2026-04-30'}
2026-04-30 09:04:45.841 | INFO     | AIOptimizer |   探索 05/12 | score=-0.003 | 平盈率=-0.25% | 胜率=39.8%
2026-04-30 09:05:00.211 | INFO     | CronScheduler | CronScheduler | [热度计算] 开始刷新板块热度...
2026-04-30 09:06:19.176 | INFO     | HeatCalc   | 加载了 5523 只股票的最近日线数据
2026-04-30 09:06:28.949 | INFO     | AIOptimizer |   探索 06/12 | score=-0.006 | 平盈率=-0.56% | 胜率=39.5%
2026-04-30 09:08:14.375 | INFO     | AIOptimizer |   探索 07/12 | score=-0.004 | 平盈率=-0.40% | 胜率=23.9%
2026-04-30 09:08:52.188 | INFO     | HeatCalc   | 热度计算完成: 873 概念, 110 板块
2026-04-30 09:09:41.566 | INFO     | CronScheduler | CronScheduler | [热度计算] 完成: {'concepts_processed': 873, 'sectors_processed': 110, 'trade_date': '2026-04-30'}
2026-04-30 09:09:58.139 | INFO     | AIOptimizer |   探索 08/12 | score=-0.004 | 平盈率=-0.34% | 胜率=40.0%
2026-04-30 09:10:00.014 | INFO     | CronScheduler | CronScheduler | [热度计算] 开始刷新板块热度...
2026-04-30 09:11:14.371 | INFO     | HeatCalc   | 加载了 5523 只股票的最近日线数据
2026-04-30 09:12:03.122 | INFO     | AIOptimizer |   探索 09/12 | score=-0.003 | 平盈率=-0.24% | 胜率=39.5%
2026-04-30 09:13:32.580 | INFO     | AIOptimizer |   探索 10/12 | score=-0.005 | 平盈率=-0.47% | 胜率=39.0%
2026-04-30 09:14:12.805 | INFO     | HeatCalc   | 热度计算完成: 873 概念, 110 板块
2026-04-30 09:14:58.736 | INFO     | CronScheduler | CronScheduler | [热度计算] 完成: {'concepts_processed': 873, 'sectors_processed': 110, 'trade_date': '2026-04-30'}
2026-04-30 09:15:00.027 | INFO     | CronScheduler | CronScheduler | [热度计算] 开始刷新板块热度...
2026-04-30 09:15:09.013 | INFO     | AIOptimizer |   探索 11/12 | score=-0.004 | 平盈率=-0.36% | 胜率=47.0%
2026-04-30 09:16:47.092 | INFO     | HeatCalc   | 加载了 5523 只股票的最近日线数据
2026-04-30 09:17:06.048 | INFO     | AIOptimizer |   探索 12/12 | score=-0.005 | 平盈率=-0.46% | 胜率=37.1%
2026-04-30 09:17:33.023 | INFO     | HeatCalc   | 热度计算完成: 109 概念, 110 板块
2026-04-30 09:18:26.444 | INFO     | CronScheduler | CronScheduler | [热度计算] 完成: {'concepts_processed': 109, 'sectors_processed': 110, 'trade_date': '2026-04-30'}
2026-04-30 09:20:00.050 | INFO     | CronScheduler | CronScheduler | [热度计算] 开始刷新板块热度...
2026-04-30 09:21:51.352 | INFO     | HeatCalc   | 加载了 5523 只股票的最近日线数据
2026-04-30 09:22:51.562 | INFO     | HeatCalc   | 热度计算完成: 186 概念, 110 板块
2026-04-30 09:23:34.266 | INFO     | CronScheduler | CronScheduler | [热度计算] 完成: {'concepts_processed': 186, 'sectors_processed': 110, 'trade_date': '2026-04-30'}
2026-04-30 09:25:00.039 | INFO     | CronScheduler | CronScheduler | [热度计算] 开始刷新板块热度...
2026-04-30 09:26:24.875 | INFO     | HeatCalc   | 加载了 5523 只股票的最近日线数据
2026-04-30 09:27:55.562 | INFO     | HeatCalc   | 热度计算完成: 353 概念, 110 板块
2026-04-30 09:28:42.266 | INFO     | CronScheduler | CronScheduler | [热度计算] 完成: {'concepts_processed': 353, 'sectors_processed': 110, 'trade_date': '2026-04-30'}
2026-04-30 09:30:00.054 | INFO     | CronScheduler | CronScheduler | [热度计算] 开始刷新板块热度...
2026-04-30 09:31:36.716 | INFO     | HeatCalc   | 加载了 5523 只股票的最近日线数据
2026-04-30 09:33:31.689 | INFO     | HeatCalc   | 热度计算完成: 440 概念, 110 板块
2026-04-30 09:34:24.958 | INFO     | CronScheduler | CronScheduler | [热度计算] 完成: {'concepts_processed': 440, 'sectors_processed': 110, 'trade_date': '2026-04-30'}
2026-04-30 09:35:00.043 | INFO     | CronScheduler | CronScheduler | [热度计算] 开始刷新板块热度...
2026-04-30 09:36:17.777 | INFO     | HeatCalc   | 加载了 5523 只股票的最近日线数据
2026-04-30 09:36:49.637 | INFO     | AIOptimizer | 📊 市场状态分析：{'未知': {'count': 2172, 'avg_pnl': -0.453, 'win_rate': 18.4, 'max_pnl': 4.898, 'min_pnl': -7.547}, '熊市-低波': {'count': 2832, 'avg_pnl': 0.035, 'win_rate': 47.3, 'max_pnl': 21.262, 'min_pnl': -9.414}, '牛市-低波': {'count': 2532, 'avg_pnl': -0.794, 'win_rate': 39.9, 'max_pnl': 21.262, 'min_pnl': -9.414}}
2026-04-30 09:36:49.637 | INFO     | AIOptimizer | 🤖 [Phase 4] LLM 分析探索结果，收窄搜索空间...
2026-04-30 09:36:49.646 | INFO     | LLMAdvisor | LLMAdvisor | Call② 开始：探索结果分析...
2026-04-30 09:37:37.451 | INFO     | HeatCalc   | 热度计算完成: 543 概念, 110 板块
2026-04-30 09:38:21.741 | WARNING  | LLMAdvisor | LLMAdvisor | API 调用异常: Request timed out.
2026-04-30 09:38:21.741 | INFO     | LLMAdvisor | LLMAdvisor | Call② 完成 (92.1s)
2026-04-30 09:38:21.741 | INFO     | AIOptimizer | ✅ [Phase 4] 精化完成
2026-04-30 09:38:22.108 | INFO     | AIOptimizer | 🤖 [Phase 5] 贝叶斯精化：50 次 Optuna 探索...
2026-04-30 09:38:25.517 | INFO     | CronScheduler | CronScheduler | [热度计算] 完成: {'concepts_processed': 543, 'sectors_processed': 110, 'trade_date': '2026-04-30'}
2026-04-30 09:39:30.762 | INFO     | AIOptimizer |   Optuna 01/50 | 当前最优平盈率: -0.39%
2026-04-30 09:40:00.013 | INFO     | CronScheduler | CronScheduler | [热度计算] 开始刷新板块热度...
2026-04-30 09:41:41.776 | INFO     | HeatCalc   | 加载了 5523 只股票的最近日线数据
2026-04-30 09:44:38.266 | INFO     | HeatCalc   | 热度计算完成: 735 概念, 110 板块
2026-04-30 09:45:27.045 | INFO     | CronScheduler | CronScheduler | [热度计算] 完成: {'concepts_processed': 735, 'sectors_processed': 110, 'trade_date': '2026-04-30'}
2026-04-30 09:45:57.736 | INFO     | ConceptSync | concept: 写入 34444 条概念映射到 DuckDB
2026-04-30 09:45:57.855 | INFO     | ConceptSync | 标准概念同步完成: 873 概念, 34444 映射
2026-04-30 09:45:57.885 | INFO     | CronScheduler | CronScheduler | [概念同步] 完成: 873 概念, 34444 映射
2026-04-30 09:50:00.180 | INFO     | CronScheduler | CronScheduler | [热度计算] 开始刷新板块热度...
2026-04-30 09:51:23.478 | INFO     | HeatCalc   | 加载了 5523 只股票的最近日线数据
2026-04-30 09:53:59.816 | INFO     | AIOptimizer |   Optuna 10/50 | 当前最优平盈率: -0.27%
2026-04-30 09:54:27.718 | INFO     | HeatCalc   | 热度计算完成: 873 概念, 110 板块
2026-04-30 09:55:19.849 | INFO     | CronScheduler | CronScheduler | [热度计算] 完成: {'concepts_processed': 873, 'sectors_processed': 110, 'trade_date': '2026-04-30'}
2026-04-30 10:00:00.039 | INFO     | CronScheduler | CronScheduler | [热度计算] 开始刷新板块热度...
2026-04-30 10:01:26.443 | INFO     | HeatCalc   | 加载了 5523 只股票的最近日线数据
2026-04-30 10:04:27.997 | INFO     | HeatCalc   | 热度计算完成: 873 概念, 110 板块
2026-04-30 10:05:19.272 | INFO     | CronScheduler | CronScheduler | [热度计算] 完成: {'concepts_processed': 873, 'sectors_processed': 110, 'trade_date': '2026-04-30'}
2026-04-30 10:09:03.777 | INFO     | DuckDB     | DuckDB | 所有核心表结构初始化完成 (含热点板块)
2026-04-30 10:09:03.778 | INFO     | DuckDB     | DuckDB 核心就绪: E:\1target\p9_project\quant-platform\data\meta\meta.db
2026-04-30 10:09:05.847 | INFO     | API-Server | P9 Quant Platform Background Tasks Startup...
2026-04-30 10:09:05.856 | INFO     | CronScheduler | CronScheduler | 每日数据收割机被安排在每个工作日的 08:30 执行。
2026-04-30 10:09:05.857 | INFO     | CronScheduler | CronScheduler | 每日数据收割机被安排在每个工作日的 17:30 执行。
2026-04-30 10:09:05.859 | INFO     | CronScheduler | CronScheduler | Redis→DuckDB 收割机已安排在每个工作日 15:30 执行。
2026-04-30 10:09:05.860 | INFO     | CronScheduler | CronScheduler | 概念数据同步已安排在每日 09:00 执行。
2026-04-30 10:09:05.861 | INFO     | CronScheduler | CronScheduler | 板块热度重算已安排在每个交易日 5 分钟/次。
2026-04-30 10:09:05.863 | INFO     | CronScheduler | CronScheduler | 收盘热度终版快照已安排在 15:30 执行。
2026-04-30 10:09:05.863 | INFO     | CronScheduler | CronScheduler | 自动调度服务(APScheduler) 已启动。
2026-04-30 10:09:10.880 | INFO     | ParquetPipeline | ParquetPipeline | Fetching daily k-lines from 20260420 to 20260430...
2026-04-30 10:09:11.013 | INFO     | ParquetPipeline | ParquetPipeline | Pulling market for 20260430...
2026-04-30 10:09:11.163 | INFO     | ParquetPipeline | ParquetPipeline | Pulling market for 20260429...
2026-04-30 10:09:12.180 | INFO     | ParquetPipeline | ParquetPipeline | Pulling market for 20260428...
2026-04-30 10:09:13.409 | INFO     | ParquetPipeline | ParquetPipeline | Pulling market for 20260427...
2026-04-30 10:09:14.365 | INFO     | ParquetPipeline | ParquetPipeline | Pulling market for 20260424...
2026-04-30 10:09:15.366 | INFO     | ParquetPipeline | ParquetPipeline | Pulling market for 20260423...
2026-04-30 10:09:16.671 | INFO     | ParquetPipeline | ParquetPipeline | Pulling market for 20260422...
2026-04-30 10:09:17.655 | INFO     | ParquetPipeline | ParquetPipeline | Pulling market for 20260421...
2026-04-30 10:09:19.029 | INFO     | ParquetPipeline | ParquetPipeline | Pulling market for 20260420...
2026-04-30 10:09:19.982 | INFO     | ParquetPipeline | ParquetPipeline | Writing 5509 stocks to Parquet...
2026-04-30 10:10:00.013 | INFO     | CronScheduler | CronScheduler | [热度计算] 开始刷新板块热度...
2026-04-30 10:10:37.821 | INFO     | HeatCalc   | 加载了 5523 只股票的最近日线数据
2026-04-30 10:11:23.933 | INFO     | HeatCalc   | 热度计算完成: 873 概念, 110 板块
2026-04-30 10:11:46.276 | ERROR    | RedisManager | Redis 连接失败 (localhost:6379): Error 10061 connecting to localhost:6379. 由于目标计算机积极拒绝，无法连接。.
2026-04-30 10:12:36.919 | INFO     | CronScheduler | CronScheduler | [热度计算] 完成: {'concepts_processed': 873, 'sectors_processed': 110, 'trade_date': '2026-04-30'}
2026-04-30 10:13:46.625 | INFO     | DuckDB     | DuckDB | 创建虚拟视图成功: kline_daily_view -> E:/1target/p9_project/quant-platform/data/parquet/daily/*.parquet
2026-04-30 10:13:46.627 | INFO     | ParquetPipeline | ParquetPipeline | Daily K-lines fully synced.
2026-04-30 10:15:00.016 | INFO     | CronScheduler | CronScheduler | [热度计算] 开始刷新板块热度...
2026-04-30 10:15:39.731 | INFO     | HeatCalc   | 加载了 5523 只股票的最近日线数据
2026-04-30 10:16:28.352 | INFO     | HeatCalc   | 热度计算完成: 873 概念, 110 板块
2026-04-30 10:17:15.514 | INFO     | CronScheduler | CronScheduler | [热度计算] 完成: {'concepts_processed': 873, 'sectors_processed': 110, 'trade_date': '2026-04-30'}
2026-04-30 10:20:00.003 | INFO     | CronScheduler | CronScheduler | [热度计算] 开始刷新板块热度...
2026-04-30 10:20:45.364 | INFO     | HeatCalc   | 加载了 5523 只股票的最近日线数据
2026-04-30 10:21:37.904 | INFO     | HeatCalc   | 热度计算完成: 873 概念, 110 板块
2026-04-30 10:22:25.567 | INFO     | CronScheduler | CronScheduler | [热度计算] 完成: {'concepts_processed': 873, 'sectors_processed': 110, 'trade_date': '2026-04-30'}
2026-04-30 10:25:00.014 | INFO     | CronScheduler | CronScheduler | [热度计算] 开始刷新板块热度...
2026-04-30 10:25:48.224 | INFO     | HeatCalc   | 加载了 5523 只股票的最近日线数据
2026-04-30 10:26:44.433 | INFO     | HeatCalc   | 热度计算完成: 873 概念, 110 板块
2026-04-30 10:27:30.435 | INFO     | CronScheduler | CronScheduler | [热度计算] 完成: {'concepts_processed': 873, 'sectors_processed': 110, 'trade_date': '2026-04-30'}
2026-04-30 10:30:00.011 | INFO     | CronScheduler | CronScheduler | [热度计算] 开始刷新板块热度...
2026-04-30 10:30:47.727 | INFO     | HeatCalc   | 加载了 5523 只股票的最近日线数据
2026-04-30 10:31:43.819 | INFO     | HeatCalc   | 热度计算完成: 873 概念, 110 板块
2026-04-30 10:32:37.495 | INFO     | CronScheduler | CronScheduler | [热度计算] 完成: {'concepts_processed': 873, 'sectors_processed': 110, 'trade_date': '2026-04-30'}
2026-04-30 10:35:00.012 | INFO     | CronScheduler | CronScheduler | [热度计算] 开始刷新板块热度...
2026-04-30 10:35:47.404 | INFO     | HeatCalc   | 加载了 5523 只股票的最近日线数据
2026-04-30 10:36:47.269 | INFO     | HeatCalc   | 热度计算完成: 873 概念, 110 板块
2026-04-30 10:37:32.329 | INFO     | CronScheduler | CronScheduler | [热度计算] 完成: {'concepts_processed': 873, 'sectors_processed': 110, 'trade_date': '2026-04-30'}
2026-04-30 10:40:00.002 | INFO     | CronScheduler | CronScheduler | [热度计算] 开始刷新板块热度...
2026-04-30 10:40:47.387 | INFO     | HeatCalc   | 加载了 5523 只股票的最近日线数据
2026-04-30 10:41:45.333 | INFO     | HeatCalc   | 热度计算完成: 873 概念, 110 板块
2026-04-30 10:42:34.856 | INFO     | CronScheduler | CronScheduler | [热度计算] 完成: {'concepts_processed': 873, 'sectors_processed': 110, 'trade_date': '2026-04-30'}
2026-04-30 10:45:00.007 | INFO     | CronScheduler | CronScheduler | [热度计算] 开始刷新板块热度...
2026-04-30 10:45:49.867 | INFO     | HeatCalc   | 加载了 5523 只股票的最近日线数据
2026-04-30 10:46:51.989 | INFO     | HeatCalc   | 热度计算完成: 873 概念, 110 板块
2026-04-30 10:47:36.430 | INFO     | CronScheduler | CronScheduler | [热度计算] 完成: {'concepts_processed': 873, 'sectors_processed': 110, 'trade_date': '2026-04-30'}
2026-04-30 10:50:00.007 | INFO     | CronScheduler | CronScheduler | [热度计算] 开始刷新板块热度...
2026-04-30 10:50:47.439 | INFO     | HeatCalc   | 加载了 5523 只股票的最近日线数据
2026-04-30 10:51:45.951 | INFO     | HeatCalc   | 热度计算完成: 873 概念, 110 板块
2026-04-30 10:52:36.350 | INFO     | CronScheduler | CronScheduler | [热度计算] 完成: {'concepts_processed': 873, 'sectors_processed': 110, 'trade_date': '2026-04-30'}
2026-04-30 10:52:42.556 | INFO     | LLMAdvisor | LLMAdvisor | 已连接 DeepSeek (deepseek-v4-pro)
2026-04-30 10:52:42.558 | INFO     | AIOptimizer | 🔄 [Phase 1] 加载日线数据 + 生成策略信号（此步骤只需执行一次）...
2026-04-30 10:54:12.631 | INFO     | AIOptimizer |   读取 Parquet 完成：5202 只股票 / 0 只缺失 / 1,659,364 条记录
2026-04-30 10:54:15.718 | INFO     | Screener   | 🧬 [Loader] 识别到类继承策略: MA5AngleOriginalStrategy
2026-04-30 10:54:35.452 | INFO     | AIOptimizer | ⏳ [Phase 1.5] 正在预加载 3684 只信号股票的 5 分钟线（以加速后期搜索）...
2026-04-30 10:55:00.004 | INFO     | CronScheduler | CronScheduler | [热度计算] 开始刷新板块热度...
2026-04-30 10:55:57.012 | INFO     | HeatCalc   | 加载了 5523 只股票的最近日线数据
2026-04-30 10:56:17.363 | INFO     | AIOptimizer | ✅ [Phase 1] 完成：5202 日线/ 3684 分钟线/ 9012 信号已缓存
2026-04-30 10:56:21.398 | INFO     | AIOptimizer | 🌐 计算历史市场状态标签 (Regime)...
2026-04-30 10:56:21.450 | INFO     | RegimeDetector | Regime | 使用 沪深300（423 条，中位值 3991 点）
2026-04-30 10:56:21.497 | INFO     | RegimeDetector | Regime | 生成完毕 316 条标签 | 分布: {'熊市-高波': 20, '牛市-低波': 214, '熊市-低波': 82}
2026-04-30 10:56:21.498 | INFO     | AIOptimizer | 🤖 [Phase 2] LLM 冷启动：读策略代码设计搜索空间...
2026-04-30 10:56:21.505 | INFO     | LLMAdvisor | LLMAdvisor | Call① 开始：冷启动搜索空间设计...
2026-04-30 10:56:43.603 | INFO     | LLMAdvisor | LLMAdvisor | Call① 完成 (22.1s)
2026-04-30 10:56:43.604 | INFO     | LLMAdvisor | LLMAdvisor | Call① 成功：12 个参数范围已设计
2026-04-30 10:56:43.604 | INFO     | AIOptimizer | ✅ [Phase 2] 搜索空间已确定（12 个参数）
2026-04-30 10:56:43.604 | INFO     | AIOptimizer | 🔍 [Phase 3] 探索期：12 组拉丁超立方采样...
2026-04-30 10:57:42.132 | INFO     | HeatCalc   | 热度计算完成: 873 概念, 110 板块
2026-04-30 10:58:33.178 | INFO     | CronScheduler | CronScheduler | [热度计算] 完成: {'concepts_processed': 873, 'sectors_processed': 110, 'trade_date': '2026-04-30'}
2026-04-30 11:00:00.179 | INFO     | CronScheduler | CronScheduler | [热度计算] 开始刷新板块热度...
2026-04-30 11:01:33.973 | INFO     | HeatCalc   | 加载了 5523 只股票的最近日线数据
2026-04-30 11:04:31.116 | INFO     | HeatCalc   | 热度计算完成: 873 概念, 110 板块
2026-04-30 11:05:16.874 | INFO     | CronScheduler | CronScheduler | [热度计算] 完成: {'concepts_processed': 873, 'sectors_processed': 110, 'trade_date': '2026-04-30'}
2026-04-30 11:10:00.020 | INFO     | CronScheduler | CronScheduler | [热度计算] 开始刷新板块热度...
2026-04-30 11:11:25.236 | INFO     | HeatCalc   | 加载了 5523 只股票的最近日线数据
2026-04-30 11:14:23.080 | INFO     | HeatCalc   | 热度计算完成: 873 概念, 110 板块
2026-04-30 11:15:09.643 | INFO     | CronScheduler | CronScheduler | [热度计算] 完成: {'concepts_processed': 873, 'sectors_processed': 110, 'trade_date': '2026-04-30'}
2026-04-30 11:20:00.171 | INFO     | CronScheduler | CronScheduler | [热度计算] 开始刷新板块热度...
2026-04-30 11:21:30.750 | INFO     | HeatCalc   | 加载了 5523 只股票的最近日线数据
2026-04-30 11:24:36.739 | INFO     | HeatCalc   | 热度计算完成: 873 概念, 110 板块
2026-04-30 11:25:21.359 | INFO     | CronScheduler | CronScheduler | [热度计算] 完成: {'concepts_processed': 873, 'sectors_processed': 110, 'trade_date': '2026-04-30'}
2026-04-30 11:30:00.072 | INFO     | CronScheduler | CronScheduler | [热度计算] 开始刷新板块热度...
2026-04-30 11:31:49.285 | INFO     | HeatCalc   | 加载了 5523 只股票的最近日线数据
2026-04-30 11:35:12.349 | INFO     | HeatCalc   | 热度计算完成: 873 概念, 110 板块
2026-04-30 11:36:00.080 | INFO     | CronScheduler | CronScheduler | [热度计算] 完成: {'concepts_processed': 873, 'sectors_processed': 110, 'trade_date': '2026-04-30'}
2026-04-30 11:36:42.837 | INFO     | AIOptimizer |   探索 01/12 | score=0.017 | 平盈率=+1.56% | 胜率=52.9% | PF=1.62
2026-04-30 11:40:00.021 | INFO     | CronScheduler | CronScheduler | [热度计算] 开始刷新板块热度...
2026-04-30 11:41:45.950 | INFO     | HeatCalc   | 加载了 5523 只股票的最近日线数据
2026-04-30 11:45:06.562 | INFO     | HeatCalc   | 热度计算完成: 873 概念, 110 板块
2026-04-30 11:45:55.065 | INFO     | CronScheduler | CronScheduler | [热度计算] 完成: {'concepts_processed': 873, 'sectors_processed': 110, 'trade_date': '2026-04-30'}
2026-04-30 11:50:00.169 | INFO     | CronScheduler | CronScheduler | [热度计算] 开始刷新板块热度...
2026-04-30 11:51:47.281 | INFO     | HeatCalc   | 加载了 5523 只股票的最近日线数据
2026-04-30 11:55:07.987 | INFO     | HeatCalc   | 热度计算完成: 873 概念, 110 板块
2026-04-30 11:55:58.817 | INFO     | CronScheduler | CronScheduler | [热度计算] 完成: {'concepts_processed': 873, 'sectors_processed': 110, 'trade_date': '2026-04-30'}
2026-04-30 12:00:00.073 | INFO     | CronScheduler | CronScheduler | [热度计算] 开始刷新板块热度...
2026-04-30 12:01:57.848 | INFO     | HeatCalc   | 加载了 5523 只股票的最近日线数据
2026-04-30 12:05:27.025 | INFO     | HeatCalc   | 热度计算完成: 873 概念, 110 板块
2026-04-30 12:06:14.036 | INFO     | CronScheduler | CronScheduler | [热度计算] 完成: {'concepts_processed': 873, 'sectors_processed': 110, 'trade_date': '2026-04-30'}
2026-04-30 12:10:00.179 | INFO     | CronScheduler | CronScheduler | [热度计算] 开始刷新板块热度...
2026-04-30 12:11:44.718 | INFO     | HeatCalc   | 加载了 5523 只股票的最近日线数据
2026-04-30 12:15:12.416 | INFO     | HeatCalc   | 热度计算完成: 873 概念, 110 板块
2026-04-30 12:16:02.950 | INFO     | CronScheduler | CronScheduler | [热度计算] 完成: {'concepts_processed': 873, 'sectors_processed': 110, 'trade_date': '2026-04-30'}
2026-04-30 12:20:00.134 | INFO     | CronScheduler | CronScheduler | [热度计算] 开始刷新板块热度...
2026-04-30 12:21:47.409 | INFO     | DuckDB     | DuckDB | 所有核心表结构初始化完成 (含热点板块)
2026-04-30 12:21:47.410 | INFO     | DuckDB     | DuckDB 核心就绪: e:\1target\p9_project\quant-platform\data\meta\meta.db
2026-04-30 12:21:47.926 | INFO     | API-Server | P9 Quant Platform Background Tasks Startup...
2026-04-30 12:21:47.929 | INFO     | CronScheduler | CronScheduler | 每日数据收割机被安排在每个工作日的 08:30 执行。
2026-04-30 12:21:47.930 | INFO     | CronScheduler | CronScheduler | 每日数据收割机被安排在每个工作日的 17:30 执行。
2026-04-30 12:21:47.930 | INFO     | CronScheduler | CronScheduler | Redis→DuckDB 收割机已安排在每个工作日 15:30 执行。
2026-04-30 12:21:47.931 | INFO     | CronScheduler | CronScheduler | 概念数据同步已安排在每日 09:00 执行。
2026-04-30 12:21:47.931 | INFO     | CronScheduler | CronScheduler | 板块热度重算已安排在每个交易日 5 分钟/次。
2026-04-30 12:21:47.932 | INFO     | CronScheduler | CronScheduler | 收盘热度终版快照已安排在 15:30 执行。
2026-04-30 12:21:47.932 | INFO     | CronScheduler | CronScheduler | 自动调度服务(APScheduler) 已启动。
2026-04-30 12:21:52.938 | INFO     | ParquetPipeline | ParquetPipeline | Fetching daily k-lines from 20260420 to 20260430...
2026-04-30 12:21:53.091 | INFO     | ParquetPipeline | ParquetPipeline | Pulling market for 20260430...
2026-04-30 12:21:53.214 | INFO     | ParquetPipeline | ParquetPipeline | Pulling market for 20260429...
2026-04-30 12:21:54.052 | INFO     | ParquetPipeline | ParquetPipeline | Pulling market for 20260428...
2026-04-30 12:21:54.850 | INFO     | ParquetPipeline | ParquetPipeline | Pulling market for 20260427...
2026-04-30 12:21:55.782 | INFO     | ParquetPipeline | ParquetPipeline | Pulling market for 20260424...
2026-04-30 12:21:56.630 | INFO     | ParquetPipeline | ParquetPipeline | Pulling market for 20260423...
2026-04-30 12:21:57.564 | INFO     | ParquetPipeline | ParquetPipeline | Pulling market for 20260422...
2026-04-30 12:21:58.410 | INFO     | ParquetPipeline | ParquetPipeline | Pulling market for 20260421...
2026-04-30 12:21:59.395 | INFO     | ParquetPipeline | ParquetPipeline | Pulling market for 20260420...
2026-04-30 12:22:00.210 | INFO     | ParquetPipeline | ParquetPipeline | Writing 5509 stocks to Parquet...
2026-04-30 12:22:47.998 | INFO     | DuckDB     | DuckDB | 创建虚拟视图成功: kline_daily_view -> e:/1target/p9_project/quant-platform/data/parquet/daily/*.parquet
2026-04-30 12:22:47.999 | INFO     | ParquetPipeline | ParquetPipeline | Daily K-lines fully synced.
2026-04-30 12:23:58.750 | INFO     | DuckDB     | DuckDB | 所有核心表结构初始化完成 (含热点板块)
2026-04-30 12:23:58.750 | INFO     | DuckDB     | DuckDB 核心就绪: E:\1target\p9_project\quant-platform\data\meta\meta.db
2026-04-30 12:23:59.251 | INFO     | API-Server | P9 Quant Platform Background Tasks Startup...
2026-04-30 12:23:59.253 | INFO     | CronScheduler | CronScheduler | 每日数据收割机被安排在每个工作日的 08:30 执行。
2026-04-30 12:23:59.254 | INFO     | CronScheduler | CronScheduler | 每日数据收割机被安排在每个工作日的 17:30 执行。
2026-04-30 12:23:59.254 | INFO     | CronScheduler | CronScheduler | Redis→DuckDB 收割机已安排在每个工作日 15:30 执行。
2026-04-30 12:23:59.254 | INFO     | CronScheduler | CronScheduler | 概念数据同步已安排在每日 09:00 执行。
2026-04-30 12:23:59.255 | INFO     | CronScheduler | CronScheduler | 板块热度重算已安排在每个交易日 5 分钟/次。
2026-04-30 12:23:59.255 | INFO     | CronScheduler | CronScheduler | 收盘热度终版快照已安排在 15:30 执行。
2026-04-30 12:23:59.255 | INFO     | CronScheduler | CronScheduler | 自动调度服务(APScheduler) 已启动。
2026-04-30 12:24:04.275 | INFO     | ParquetPipeline | ParquetPipeline | Fetching daily k-lines from 20260420 to 20260430...
2026-04-30 12:24:04.415 | INFO     | ParquetPipeline | ParquetPipeline | Pulling market for 20260430...
2026-04-30 12:24:04.555 | INFO     | ParquetPipeline | ParquetPipeline | Pulling market for 20260429...
2026-04-30 12:24:05.522 | INFO     | ParquetPipeline | ParquetPipeline | Pulling market for 20260428...
2026-04-30 12:24:06.719 | INFO     | ParquetPipeline | ParquetPipeline | Pulling market for 20260427...
2026-04-30 12:24:07.679 | INFO     | ParquetPipeline | ParquetPipeline | Pulling market for 20260424...
2026-04-30 12:24:08.678 | INFO     | ParquetPipeline | ParquetPipeline | Pulling market for 20260423...
2026-04-30 12:24:10.057 | INFO     | ParquetPipeline | ParquetPipeline | Pulling market for 20260422...
2026-04-30 12:24:11.012 | INFO     | ParquetPipeline | ParquetPipeline | Pulling market for 20260421...
2026-04-30 12:24:12.451 | INFO     | ParquetPipeline | ParquetPipeline | Pulling market for 20260420...
2026-04-30 12:24:13.383 | INFO     | ParquetPipeline | ParquetPipeline | Writing 5509 stocks to Parquet...
2026-04-30 12:24:24.371 | INFO     | LLMAdvisor | LLMAdvisor | 已连接 DeepSeek (deepseek-v4-pro)
2026-04-30 12:24:24.372 | INFO     | AIOptimizer | 🔄 [Phase 1] 加载日线数据 + 生成策略信号（此步骤只需执行一次）...
2026-04-30 12:25:00.007 | INFO     | CronScheduler | CronScheduler | [热度计算] 开始刷新板块热度...
2026-04-30 12:25:30.861 | INFO     | HeatCalc   | 加载了 5523 只股票的最近日线数据
2026-04-30 12:26:21.263 | INFO     | HeatCalc   | 热度计算完成: 873 概念, 110 板块
2026-04-30 12:26:46.106 | ERROR    | RedisManager | Redis 连接失败 (localhost:6379): Error 10061 connecting to localhost:6379. 由于目标计算机积极拒绝，无法连接。.
2026-04-30 12:27:16.386 | INFO     | AIOptimizer |   读取 Parquet 完成：5201 只股票 / 1 只缺失 / 1,659,045 条记录
2026-04-30 12:27:19.433 | INFO     | Screener   | 🧬 [Loader] 识别到类继承策略: MA5AngleOriginalStrategy
2026-04-30 12:27:28.841 | INFO     | CronScheduler | CronScheduler | [热度计算] 完成: {'concepts_processed': 873, 'sectors_processed': 110, 'trade_date': '2026-04-30'}
2026-04-30 12:27:51.463 | INFO     | AIOptimizer | ✅ [Phase 1] 完成：5201 只日线 / 9010 信号已缓存（日线 numpy 快速仿真就绪）
2026-04-30 12:27:53.622 | INFO     | AIOptimizer | 🌐 计算历史市场状态标签 (Regime)...
2026-04-30 12:27:53.666 | INFO     | RegimeDetector | Regime | 使用 沪深300（423 条，中位值 3991 点）
2026-04-30 12:27:53.729 | INFO     | RegimeDetector | Regime | 生成完毕 316 条标签 | 分布: {'牛市-低波': 214, '熊市-高波': 20, '熊市-低波': 82}
2026-04-30 12:27:53.732 | INFO     | AIOptimizer | 🤖 [Phase 2] LLM 冷启动：读策略代码设计搜索空间...
2026-04-30 12:27:53.735 | INFO     | LLMAdvisor | LLMAdvisor | Call① 开始：冷启动搜索空间设计...
2026-04-30 12:28:17.479 | INFO     | LLMAdvisor | LLMAdvisor | Call① 完成 (23.7s)
2026-04-30 12:28:17.480 | INFO     | LLMAdvisor | LLMAdvisor | Call① 成功：12 个参数范围已设计
2026-04-30 12:28:17.480 | INFO     | AIOptimizer | ✅ [Phase 2] 搜索空间已确定（12 个参数）
2026-04-30 12:28:17.481 | INFO     | AIOptimizer | 🔍 [Phase 3] 探索期：12 组拉丁超立方采样...
2026-04-30 12:30:00.135 | INFO     | CronScheduler | CronScheduler | [热度计算] 开始刷新板块热度...
2026-04-30 12:30:04.053 | ERROR    | DuckDB     | DuckDB | 批量加载 K 线失败: IO Error: Could not read file "E:\1target\p9_project\quant-platform\data\parquet\daily\601059.parquet" (error in ReadFile(location: 70205, nr_bytes: 18519)): 已到文件结尾。


LINE 3:             FROM read_parquet('E:\1target\p9_project\quant-platform\data...
                         ^
2026-04-30 12:30:04.059 | WARNING  | HeatCalc   | 无日线数据可用于热度计算
2026-04-30 12:30:51.694 | INFO     | CronScheduler | CronScheduler | [热度计算] 完成: {'concepts_processed': 0, 'sectors_processed': 0, 'trade_date': '2026-04-30', 'error': '无日线数据'}
2026-04-30 12:34:36.419 | INFO     | DuckDB     | DuckDB | 所有核心表结构初始化完成 (含热点板块)
2026-04-30 12:34:36.419 | INFO     | DuckDB     | DuckDB 核心就绪: e:\1target\p9_project\quant-platform\data\meta\meta.db
2026-04-30 12:34:36.900 | INFO     | API-Server | P9 Quant Platform Background Tasks Startup...
2026-04-30 12:34:36.903 | INFO     | CronScheduler | CronScheduler | 每日数据收割机被安排在每个工作日的 08:30 执行。
2026-04-30 12:34:36.903 | INFO     | CronScheduler | CronScheduler | 每日数据收割机被安排在每个工作日的 17:30 执行。
2026-04-30 12:34:36.904 | INFO     | CronScheduler | CronScheduler | Redis→DuckDB 收割机已安排在每个工作日 15:30 执行。
2026-04-30 12:34:36.904 | INFO     | CronScheduler | CronScheduler | 概念数据同步已安排在每日 09:00 执行。
2026-04-30 12:34:36.904 | INFO     | CronScheduler | CronScheduler | 板块热度重算已安排在每个交易日 5 分钟/次。
2026-04-30 12:34:36.905 | INFO     | CronScheduler | CronScheduler | 收盘热度终版快照已安排在 15:30 执行。
2026-04-30 12:34:36.905 | INFO     | CronScheduler | CronScheduler | 自动调度服务(APScheduler) 已启动。
2026-04-30 12:34:41.919 | INFO     | ParquetPipeline | ParquetPipeline | Fetching daily k-lines from 20260420 to 20260430...
2026-04-30 12:34:42.071 | INFO     | ParquetPipeline | ParquetPipeline | Pulling market for 20260430...
2026-04-30 12:34:42.209 | INFO     | ParquetPipeline | ParquetPipeline | Pulling market for 20260429...
2026-04-30 12:34:43.091 | INFO     | ParquetPipeline | ParquetPipeline | Pulling market for 20260428...
2026-04-30 12:34:43.924 | INFO     | ParquetPipeline | ParquetPipeline | Pulling market for 20260427...
2026-04-30 12:34:44.858 | INFO     | ParquetPipeline | ParquetPipeline | Pulling market for 20260424...
2026-04-30 12:34:45.678 | INFO     | ParquetPipeline | ParquetPipeline | Pulling market for 20260423...
2026-04-30 12:34:46.574 | INFO     | ParquetPipeline | ParquetPipeline | Pulling market for 20260422...
2026-04-30 12:34:47.431 | INFO     | ParquetPipeline | ParquetPipeline | Pulling market for 20260421...
2026-04-30 12:34:48.547 | INFO     | ParquetPipeline | ParquetPipeline | Pulling market for 20260420...
2026-04-30 12:34:49.407 | INFO     | ParquetPipeline | ParquetPipeline | Writing 5509 stocks to Parquet...
2026-04-30 12:35:00.000 | INFO     | CronScheduler | CronScheduler | [热度计算] 开始刷新板块热度...
2026-04-30 12:35:00.938 | ERROR    | DuckDB     | DuckDB | 批量加载 K 线失败: Invalid Input Error: No magic bytes found at end of file 'e:\1target\p9_project\quant-platform\data\parquet\daily\601969.parquet'

LINE 3:             FROM read_parquet('e:\1target\p9_project\quant-platform\data...
                         ^
2026-04-30 12:35:00.939 | WARNING  | HeatCalc   | 无日线数据可用于热度计算
2026-04-30 12:35:25.578 | ERROR    | RedisManager | Redis 连接失败 (localhost:6379): Error 10061 connecting to localhost:6379. 由于目标计算机积极拒绝，无法连接。.
2026-04-30 12:35:36.317 | ERROR    | ParquetPipeline | ParquetPipeline | Sync failed: Could not open Parquet input source '<Buffer>': Parquet magic bytes not found in footer. Either the file is corrupted or this is not a parquet file.
2026-04-30 12:36:06.507 | INFO     | CronScheduler | CronScheduler | [热度计算] 完成: {'concepts_processed': 0, 'sectors_processed': 0, 'trade_date': '2026-04-30', 'error': '无日线数据'}
2026-04-30 12:40:00.015 | INFO     | CronScheduler | CronScheduler | [热度计算] 开始刷新板块热度...
2026-04-30 12:40:01.628 | ERROR    | DuckDB     | DuckDB | 批量加载 K 线失败: Invalid Input Error: No magic bytes found at end of file 'e:\1target\p9_project\quant-platform\data\parquet\daily\601969.parquet'

LINE 3:             FROM read_parquet('e:\1target\p9_project\quant-platform\data...
                         ^
2026-04-30 12:40:01.630 | WARNING  | HeatCalc   | 无日线数据可用于热度计算
2026-04-30 12:40:50.703 | INFO     | CronScheduler | CronScheduler | [热度计算] 完成: {'concepts_processed': 0, 'sectors_processed': 0, 'trade_date': '2026-04-30', 'error': '无日线数据'}
2026-04-30 12:45:00.009 | INFO     | CronScheduler | CronScheduler | [热度计算] 开始刷新板块热度...
2026-04-30 12:45:00.518 | ERROR    | DuckDB     | DuckDB | 批量加载 K 线失败: Invalid Input Error: No magic bytes found at end of file 'e:\1target\p9_project\quant-platform\data\parquet\daily\601969.parquet'

LINE 3:             FROM read_parquet('e:\1target\p9_project\quant-platform\data...
                         ^
2026-04-30 12:45:00.520 | WARNING  | HeatCalc   | 无日线数据可用于热度计算
2026-04-30 12:45:46.709 | INFO     | CronScheduler | CronScheduler | [热度计算] 完成: {'concepts_processed': 0, 'sectors_processed': 0, 'trade_date': '2026-04-30', 'error': '无日线数据'}
2026-04-30 12:47:04.940 | INFO     | LLMAdvisor | LLMAdvisor | 已连接 DeepSeek (deepseek-v4-pro)
2026-04-30 12:47:04.941 | INFO     | AIOptimizer | 🔄 [Phase 1] 加载日线数据 + 生成策略信号（此步骤只需执行一次）...
2026-04-30 12:47:27.141 | INFO     | AIOptimizer |   读取 Parquet 完成：5201 只股票 / 1 只缺失 / 1,659,045 条记录
2026-04-30 12:47:27.849 | INFO     | Screener   | 🧬 [Loader] 识别到类继承策略: MA5AngleOriginalStrategy
2026-04-30 12:47:31.893 | INFO     | AIOptimizer | ✅ [Phase 1] 完成：5201 只日线 / 9008 信号已缓存
2026-04-30 12:47:31.895 | INFO     | AIOptimizer | 🔧 预建 numpy 快速仿真索引...
2026-04-30 12:47:32.343 | INFO     | AIOptimizer |   索引就绪：5199 只股票 / 9008 信号
2026-04-30 12:47:32.647 | INFO     | AIOptimizer | 🌐 计算历史市场状态标签 (Regime)...
2026-04-30 12:47:32.654 | INFO     | RegimeDetector | Regime | 使用 沪深300（423 条，中位值 3991 点）
2026-04-30 12:47:32.663 | INFO     | RegimeDetector | Regime | 生成完毕 316 条标签 | 分布: {'牛市-低波': 214, '熊市-高波': 20, '熊市-低波': 82}
2026-04-30 12:47:32.663 | INFO     | AIOptimizer | 🤖 [Phase 2] LLM 冷启动：读策略代码设计搜索空间...
2026-04-30 12:47:32.665 | INFO     | LLMAdvisor | LLMAdvisor | Call① 开始：冷启动搜索空间设计...
2026-04-30 12:47:58.384 | INFO     | LLMAdvisor | LLMAdvisor | Call① 完成 (25.7s)
2026-04-30 12:47:58.384 | INFO     | LLMAdvisor | LLMAdvisor | Call① 成功：12 个参数范围已设计
2026-04-30 12:47:58.386 | INFO     | AIOptimizer | ✅ [Phase 2] 搜索空间已确定（12 个参数）
2026-04-30 12:47:58.387 | INFO     | AIOptimizer | 🔍 [Phase 3] 探索期：12 组拉丁超立方采样...
2026-04-30 12:47:58.514 | INFO     | AIOptimizer |   探索 01/12 | score=0.021 | 平盈率=+1.89% | 胜率=38.0% | PF=1.54
2026-04-30 12:47:58.608 | INFO     | AIOptimizer |   探索 02/12 | score=0.014 | 平盈率=+1.28% | 胜率=39.2% | PF=1.49
2026-04-30 12:47:58.730 | INFO     | AIOptimizer |   探索 03/12 | score=0.024 | 平盈率=+1.99% | 胜率=49.1% | PF=1.61
2026-04-30 12:47:58.860 | INFO     | AIOptimizer |   探索 04/12 | score=0.024 | 平盈率=+2.19% | 胜率=48.6% | PF=1.60
2026-04-30 12:47:58.981 | INFO     | AIOptimizer |   探索 05/12 | score=0.021 | 平盈率=+1.81% | 胜率=47.1% | PF=1.59
2026-04-30 12:47:59.073 | INFO     | AIOptimizer |   探索 06/12 | score=0.014 | 平盈率=+1.31% | 胜率=43.0% | PF=1.50
2026-04-30 12:47:59.214 | INFO     | AIOptimizer |   探索 07/12 | score=0.023 | 平盈率=+2.14% | 胜率=54.6% | PF=1.60
2026-04-30 12:47:59.313 | INFO     | AIOptimizer |   探索 08/12 | score=0.015 | 平盈率=+1.34% | 胜率=50.7% | PF=1.52
2026-04-30 12:47:59.421 | INFO     | AIOptimizer |   探索 09/12 | score=0.017 | 平盈率=+1.63% | 胜率=34.2% | PF=1.55
2026-04-30 12:47:59.548 | INFO     | AIOptimizer |   探索 10/12 | score=0.021 | 平盈率=+1.89% | 胜率=47.1% | PF=1.55
2026-04-30 12:47:59.652 | INFO     | AIOptimizer |   探索 11/12 | score=0.019 | 平盈率=+1.58% | 胜率=51.3% | PF=1.55
2026-04-30 12:47:59.752 | INFO     | AIOptimizer |   探索 12/12 | score=0.017 | 平盈率=+1.51% | 胜率=40.7% | PF=1.54
2026-04-30 12:48:01.038 | INFO     | AIOptimizer | 📊 市场状态分析：{'未知': {'count': 103080, 'avg_pnl': 1.712, 'win_rate': 45.3, 'max_pnl': 44.837, 'min_pnl': -36.019}}
2026-04-30 12:48:01.038 | INFO     | AIOptimizer | 🤖 [Phase 4] LLM 分析探索结果，收窄搜索空间...
2026-04-30 12:48:01.039 | INFO     | LLMAdvisor | LLMAdvisor | Call② 开始：探索结果分析...
2026-04-30 12:48:28.351 | INFO     | LLMAdvisor | LLMAdvisor | Call② 完成 (27.3s)
2026-04-30 12:48:28.352 | INFO     | AIOptimizer | ✅ [Phase 4] 精化完成
2026-04-30 12:48:28.393 | INFO     | AIOptimizer | 🤖 [Phase 5] 贝叶斯精化：50 次 Optuna 探索...
2026-04-30 12:48:28.532 | INFO     | AIOptimizer |   Optuna 01/50 | 当前最优平盈率: +2.09%
2026-04-30 12:48:29.485 | INFO     | AIOptimizer |   Optuna 10/50 | 当前最优平盈率: +2.09%
2026-04-30 12:48:30.722 | INFO     | AIOptimizer |   Optuna 20/50 | 当前最优平盈率: +2.09%
2026-04-30 12:48:31.980 | INFO     | AIOptimizer |   Optuna 30/50 | 当前最优平盈率: +2.13%
2026-04-30 12:48:33.312 | INFO     | AIOptimizer |   Optuna 40/50 | 当前最优平盈率: +2.13%
2026-04-30 12:48:34.616 | INFO     | AIOptimizer |   Optuna 50/50 | 当前最优平盈率: +2.13%
2026-04-30 12:48:34.618 | INFO     | AIOptimizer | 🏆 最优平盈率: +2.12% (score=0.025)
2026-04-30 12:48:34.618 | INFO     | AIOptimizer | 📊 [Phase 6] Walk-Forward 验证（3 折）...
2026-04-30 12:48:34.869 | INFO     | AIOptimizer |   WFO #1: WFE=1.00 ✅ 稳健 | IS=+2.12% OOS=+2.12%
2026-04-30 12:48:35.105 | INFO     | AIOptimizer |   WFO #2: WFE=1.00 ✅ 稳健 | IS=+2.09% OOS=+2.09%
2026-04-30 12:48:35.359 | INFO     | AIOptimizer |   WFO #3: WFE=1.00 ✅ 稳健 | IS=+2.13% OOS=+2.13%
2026-04-30 12:48:35.598 | INFO     | AIOptimizer |   WFO #4: WFE=1.00 ✅ 稳健 | IS=+2.04% OOS=+2.04%
2026-04-30 12:48:35.833 | INFO     | AIOptimizer |   WFO #5: WFE=1.00 ✅ 稳健 | IS=+2.03% OOS=+2.03%
2026-04-30 12:48:35.958 | INFO     | AIOptimizer | 🤖 [Phase 7] 生成 LLM 最终分析报告...
2026-04-30 12:48:35.958 | INFO     | LLMAdvisor | LLMAdvisor | Call③ 开始：生成最终分析报告...
2026-04-30 12:49:02.353 | INFO     | LLMAdvisor | LLMAdvisor | Call③ 完成 (26.4s)
2026-04-30 12:49:02.355 | INFO     | AIOptimizer | ✅ 分析报告已生成
2026-04-30 12:49:02.355 | INFO     | AIOptimizer | 🎉 AI 回测优化完成！共 62 次探索，最优平盈率 +2.12%
2026-04-30 12:49:02.379 | INFO     | API-Backtest | AI 回测历史已保存 (id=7)
2026-04-30 12:50:00.005 | INFO     | CronScheduler | CronScheduler | [热度计算] 开始刷新板块热度...
2026-04-30 12:50:00.399 | ERROR    | DuckDB     | DuckDB | 批量加载 K 线失败: Invalid Input Error: No magic bytes found at end of file 'e:\1target\p9_project\quant-platform\data\parquet\daily\601969.parquet'

LINE 3:             FROM read_parquet('e:\1target\p9_project\quant-platform\data...
                         ^
2026-04-30 12:50:00.400 | WARNING  | HeatCalc   | 无日线数据可用于热度计算
2026-04-30 12:50:43.320 | INFO     | CronScheduler | CronScheduler | [热度计算] 完成: {'concepts_processed': 0, 'sectors_processed': 0, 'trade_date': '2026-04-30', 'error': '无日线数据'}
2026-04-30 12:55:00.008 | INFO     | CronScheduler | CronScheduler | [热度计算] 开始刷新板块热度...
2026-04-30 12:55:00.381 | ERROR    | DuckDB     | DuckDB | 批量加载 K 线失败: Invalid Input Error: No magic bytes found at end of file 'e:\1target\p9_project\quant-platform\data\parquet\daily\601969.parquet'

LINE 3:             FROM read_parquet('e:\1target\p9_project\quant-platform\data...
                         ^
2026-04-30 12:55:00.382 | WARNING  | HeatCalc   | 无日线数据可用于热度计算
2026-04-30 12:55:49.436 | INFO     | CronScheduler | CronScheduler | [热度计算] 完成: {'concepts_processed': 0, 'sectors_processed': 0, 'trade_date': '2026-04-30', 'error': '无日线数据'}
2026-04-30 13:00:00.002 | INFO     | CronScheduler | CronScheduler | [热度计算] 开始刷新板块热度...
2026-04-30 13:00:00.381 | ERROR    | DuckDB     | DuckDB | 批量加载 K 线失败: Invalid Input Error: No magic bytes found at end of file 'e:\1target\p9_project\quant-platform\data\parquet\daily\601969.parquet'

LINE 3:             FROM read_parquet('e:\1target\p9_project\quant-platform\data...
                         ^
2026-04-30 13:00:00.382 | WARNING  | HeatCalc   | 无日线数据可用于热度计算
2026-04-30 13:00:46.031 | INFO     | CronScheduler | CronScheduler | [热度计算] 完成: {'concepts_processed': 0, 'sectors_processed': 0, 'trade_date': '2026-04-30', 'error': '无日线数据'}
2026-04-30 13:05:00.002 | INFO     | CronScheduler | CronScheduler | [热度计算] 开始刷新板块热度...
2026-04-30 13:05:01.520 | ERROR    | DuckDB     | DuckDB | 批量加载 K 线失败: Invalid Input Error: No magic bytes found at end of file 'e:\1target\p9_project\quant-platform\data\parquet\daily\601969.parquet'

LINE 3:             FROM read_parquet('e:\1target\p9_project\quant-platform\data...
                         ^
2026-04-30 13:05:01.522 | WARNING  | HeatCalc   | 无日线数据可用于热度计算
2026-04-30 13:05:47.330 | INFO     | CronScheduler | CronScheduler | [热度计算] 完成: {'concepts_processed': 0, 'sectors_processed': 0, 'trade_date': '2026-04-30', 'error': '无日线数据'}
2026-04-30 13:10:00.007 | INFO     | CronScheduler | CronScheduler | [热度计算] 开始刷新板块热度...
2026-04-30 13:10:00.344 | ERROR    | DuckDB     | DuckDB | 批量加载 K 线失败: Invalid Input Error: No magic bytes found at end of file 'e:\1target\p9_project\quant-platform\data\parquet\daily\601969.parquet'

LINE 3:             FROM read_parquet('e:\1target\p9_project\quant-platform\data...
                         ^
2026-04-30 13:10:00.345 | WARNING  | HeatCalc   | 无日线数据可用于热度计算
2026-04-30 13:10:41.328 | INFO     | CronScheduler | CronScheduler | [热度计算] 完成: {'concepts_processed': 0, 'sectors_processed': 0, 'trade_date': '2026-04-30', 'error': '无日线数据'}
2026-04-30 13:15:00.015 | INFO     | CronScheduler | CronScheduler | [热度计算] 开始刷新板块热度...
2026-04-30 13:15:00.386 | ERROR    | DuckDB     | DuckDB | 批量加载 K 线失败: Invalid Input Error: No magic bytes found at end of file 'e:\1target\p9_project\quant-platform\data\parquet\daily\601969.parquet'

LINE 3:             FROM read_parquet('e:\1target\p9_project\quant-platform\data...
                         ^
2026-04-30 13:15:00.388 | WARNING  | HeatCalc   | 无日线数据可用于热度计算
2026-04-30 13:15:47.533 | INFO     | CronScheduler | CronScheduler | [热度计算] 完成: {'concepts_processed': 0, 'sectors_processed': 0, 'trade_date': '2026-04-30', 'error': '无日线数据'}
2026-04-30 13:20:00.010 | INFO     | CronScheduler | CronScheduler | [热度计算] 开始刷新板块热度...
2026-04-30 13:20:00.403 | ERROR    | DuckDB     | DuckDB | 批量加载 K 线失败: Invalid Input Error: No magic bytes found at end of file 'e:\1target\p9_project\quant-platform\data\parquet\daily\601969.parquet'

LINE 3:             FROM read_parquet('e:\1target\p9_project\quant-platform\data...
                         ^
2026-04-30 13:20:00.404 | WARNING  | HeatCalc   | 无日线数据可用于热度计算
2026-04-30 13:20:44.168 | INFO     | CronScheduler | CronScheduler | [热度计算] 完成: {'concepts_processed': 0, 'sectors_processed': 0, 'trade_date': '2026-04-30', 'error': '无日线数据'}
2026-04-30 13:24:33.994 | INFO     | DuckDB     | DuckDB | 所有核心表结构初始化完成 (含热点板块)
2026-04-30 13:24:33.995 | INFO     | DuckDB     | DuckDB 核心就绪: e:\1target\p9_project\quant-platform\data\meta\meta.db
2026-04-30 13:24:35.194 | INFO     | API-Server | P9 Quant Platform Background Tasks Startup...
2026-04-30 13:24:35.201 | INFO     | CronScheduler | CronScheduler | 每日数据收割机被安排在每个工作日的 08:30 执行。
2026-04-30 13:24:35.202 | INFO     | CronScheduler | CronScheduler | 每日数据收割机被安排在每个工作日的 17:30 执行。
2026-04-30 13:24:35.206 | INFO     | CronScheduler | CronScheduler | Redis→DuckDB 收割机已安排在每个工作日 15:30 执行。
2026-04-30 13:24:35.206 | INFO     | CronScheduler | CronScheduler | 概念数据同步已安排在每日 09:00 执行。
2026-04-30 13:24:35.209 | INFO     | CronScheduler | CronScheduler | 板块热度重算已安排在每个交易日 5 分钟/次。
2026-04-30 13:24:35.210 | INFO     | CronScheduler | CronScheduler | 收盘热度终版快照已安排在 15:30 执行。
2026-04-30 13:24:35.212 | INFO     | CronScheduler | CronScheduler | 自动调度服务(APScheduler) 已启动。
2026-04-30 13:24:40.225 | INFO     | ParquetPipeline | ParquetPipeline | Fetching daily k-lines from 20260420 to 20260430...
2026-04-30 13:24:40.390 | INFO     | ParquetPipeline | ParquetPipeline | Pulling market for 20260430...
2026-04-30 13:24:40.523 | INFO     | ParquetPipeline | ParquetPipeline | Pulling market for 20260429...
2026-04-30 13:24:41.319 | INFO     | ParquetPipeline | ParquetPipeline | Pulling market for 20260428...
2026-04-30 13:24:42.117 | INFO     | ParquetPipeline | ParquetPipeline | Pulling market for 20260427...
2026-04-30 13:24:43.050 | INFO     | ParquetPipeline | ParquetPipeline | Pulling market for 20260424...
2026-04-30 13:24:43.935 | INFO     | ParquetPipeline | ParquetPipeline | Pulling market for 20260423...
2026-04-30 13:24:44.938 | INFO     | ParquetPipeline | ParquetPipeline | Pulling market for 20260422...
2026-04-30 13:24:45.925 | INFO     | ParquetPipeline | ParquetPipeline | Pulling market for 20260421...
2026-04-30 13:24:47.075 | INFO     | ParquetPipeline | ParquetPipeline | Pulling market for 20260420...
2026-04-30 13:24:48.018 | INFO     | ParquetPipeline | ParquetPipeline | Writing 5509 stocks to Parquet...
2026-04-30 13:25:00.007 | INFO     | CronScheduler | CronScheduler | [热度计算] 开始刷新板块热度...
2026-04-30 13:25:00.810 | ERROR    | DuckDB     | DuckDB | 批量加载 K 线失败: Invalid Input Error: No magic bytes found at end of file 'e:\1target\p9_project\quant-platform\data\parquet\daily\601969.parquet'

LINE 3:             FROM read_parquet('e:\1target\p9_project\quant-platform\data...
                         ^
2026-04-30 13:25:00.814 | WARNING  | HeatCalc   | 无日线数据可用于热度计算
2026-04-30 13:25:22.712 | ERROR    | RedisManager | Redis 连接失败 (localhost:6379): Error 10061 connecting to localhost:6379. 由于目标计算机积极拒绝，无法连接。.
2026-04-30 13:25:23.738 | ERROR    | ParquetPipeline | ParquetPipeline | Sync failed: Could not open Parquet input source '<Buffer>': Parquet magic bytes not found in footer. Either the file is corrupted or this is not a parquet file.
2026-04-30 13:25:44.859 | INFO     | DuckDB     | DuckDB | 所有核心表结构初始化完成 (含热点板块)
2026-04-30 13:25:44.859 | INFO     | DuckDB     | DuckDB 核心就绪: E:\1target\p9_project\quant-platform\data\meta\meta.db
2026-04-30 13:25:45.383 | INFO     | API-Server | P9 Quant Platform Background Tasks Startup...
2026-04-30 13:25:45.385 | INFO     | CronScheduler | CronScheduler | 每日数据收割机被安排在每个工作日的 08:30 执行。
2026-04-30 13:25:45.386 | INFO     | CronScheduler | CronScheduler | 每日数据收割机被安排在每个工作日的 17:30 执行。
2026-04-30 13:25:45.386 | INFO     | CronScheduler | CronScheduler | Redis→DuckDB 收割机已安排在每个工作日 15:30 执行。
2026-04-30 13:25:45.386 | INFO     | CronScheduler | CronScheduler | 概念数据同步已安排在每日 09:00 执行。
2026-04-30 13:25:45.387 | INFO     | CronScheduler | CronScheduler | 板块热度重算已安排在每个交易日 5 分钟/次。
2026-04-30 13:25:45.388 | INFO     | CronScheduler | CronScheduler | 收盘热度终版快照已安排在 15:30 执行。
2026-04-30 13:25:45.388 | INFO     | CronScheduler | CronScheduler | 自动调度服务(APScheduler) 已启动。
2026-04-30 13:25:50.398 | INFO     | ParquetPipeline | ParquetPipeline | Fetching daily k-lines from 20260420 to 20260430...
2026-04-30 13:25:50.620 | INFO     | ParquetPipeline | ParquetPipeline | Pulling market for 20260430...
2026-04-30 13:25:50.776 | INFO     | ParquetPipeline | ParquetPipeline | Pulling market for 20260429...
2026-04-30 13:25:51.814 | INFO     | ParquetPipeline | ParquetPipeline | Pulling market for 20260428...
2026-04-30 13:25:53.005 | INFO     | ParquetPipeline | ParquetPipeline | Pulling market for 20260427...
2026-04-30 13:25:53.939 | INFO     | ParquetPipeline | ParquetPipeline | Pulling market for 20260424...
2026-04-30 13:25:54.889 | INFO     | ParquetPipeline | ParquetPipeline | Pulling market for 20260423...
2026-04-30 13:25:56.252 | INFO     | ParquetPipeline | ParquetPipeline | Pulling market for 20260422...
2026-04-30 13:25:57.236 | INFO     | ParquetPipeline | ParquetPipeline | Pulling market for 20260421...
2026-04-30 13:25:58.682 | INFO     | ParquetPipeline | ParquetPipeline | Pulling market for 20260420...
2026-04-30 13:25:59.652 | INFO     | ParquetPipeline | ParquetPipeline | Writing 5509 stocks to Parquet...
2026-04-30 13:26:08.856 | INFO     | LLMAdvisor | LLMAdvisor | 已连接 DeepSeek (deepseek-v4-pro)
2026-04-30 13:26:08.860 | INFO     | AIOptimizer | 🔄 [Phase 1] 加载日线数据 + 生成策略信号（此步骤只需执行一次）...
2026-04-30 13:29:02.679 | INFO     | AIOptimizer |   读取 Parquet 完成：5201 只股票 / 1 只缺失 / 1,659,045 条记录
2026-04-30 13:29:05.258 | ERROR    | ParquetPipeline | ParquetPipeline | Sync failed: Could not open Parquet input source '<Buffer>': Parquet magic bytes not found in footer. Either the file is corrupted or this is not a parquet file.
2026-04-30 13:29:06.058 | INFO     | Screener   | 🧬 [Loader] 识别到类继承策略: MA5AngleOriginalStrategy
2026-04-30 13:29:26.630 | INFO     | AIOptimizer | ✅ [Phase 1] 完成：5201 只日线 / 9008 信号已缓存
2026-04-30 13:29:26.631 | INFO     | AIOptimizer | 🔧 预建 numpy 快速仿真索引...
2026-04-30 13:29:28.842 | INFO     | AIOptimizer |   索引就绪：5199 只股票 / 9008 信号
2026-04-30 13:29:29.132 | INFO     | AIOptimizer | 🌐 计算历史市场状态标签 (Regime)...
2026-04-30 13:29:29.161 | INFO     | RegimeDetector | Regime | 使用 沪深300（423 条，中位值 3991 点）
2026-04-30 13:29:29.215 | INFO     | RegimeDetector | Regime | 生成完毕 316 条标签 | 分布: {'熊市-高波': 20, '熊市-低波': 82, '牛市-低波': 214}
2026-04-30 13:29:29.215 | INFO     | AIOptimizer | 🤖 [Phase 2] LLM 冷启动：读策略代码设计搜索空间...
2026-04-30 13:29:29.219 | INFO     | LLMAdvisor | LLMAdvisor | Call① 开始：冷启动搜索空间设计...
2026-04-30 13:29:41.483 | INFO     | DuckDB     | DuckDB | 所有核心表结构初始化完成 (含热点板块)
2026-04-30 13:29:41.484 | INFO     | DuckDB     | DuckDB 核心就绪: e:\1target\p9_project\quant-platform\data\meta\meta.db
2026-04-30 13:29:42.014 | INFO     | API-Server | P9 Quant Platform Background Tasks Startup...
2026-04-30 13:29:42.017 | INFO     | CronScheduler | CronScheduler | 每日数据收割机被安排在每个工作日的 08:30 执行。
2026-04-30 13:29:42.018 | INFO     | CronScheduler | CronScheduler | 每日数据收割机被安排在每个工作日的 17:30 执行。
2026-04-30 13:29:42.018 | INFO     | CronScheduler | CronScheduler | Redis→DuckDB 收割机已安排在每个工作日 15:30 执行。
2026-04-30 13:29:42.019 | INFO     | CronScheduler | CronScheduler | 概念数据同步已安排在每日 09:00 执行。
2026-04-30 13:29:42.019 | INFO     | CronScheduler | CronScheduler | 板块热度重算已安排在每个交易日 5 分钟/次。
2026-04-30 13:29:42.019 | INFO     | CronScheduler | CronScheduler | 收盘热度终版快照已安排在 15:30 执行。
2026-04-30 13:29:42.020 | INFO     | CronScheduler | CronScheduler | 自动调度服务(APScheduler) 已启动。
2026-04-30 13:29:47.030 | INFO     | ParquetPipeline | ParquetPipeline | Fetching daily k-lines from 20260420 to 20260430...
2026-04-30 13:29:47.183 | INFO     | ParquetPipeline | ParquetPipeline | Pulling market for 20260430...
2026-04-30 13:29:47.307 | INFO     | ParquetPipeline | ParquetPipeline | Pulling market for 20260429...
2026-04-30 13:29:48.137 | INFO     | ParquetPipeline | ParquetPipeline | Pulling market for 20260428...
2026-04-30 13:29:48.926 | INFO     | ParquetPipeline | ParquetPipeline | Pulling market for 20260427...
2026-04-30 13:29:49.824 | INFO     | ParquetPipeline | ParquetPipeline | Pulling market for 20260424...
2026-04-30 13:29:50.639 | INFO     | ParquetPipeline | ParquetPipeline | Pulling market for 20260423...
2026-04-30 13:29:51.624 | INFO     | ParquetPipeline | ParquetPipeline | Pulling market for 20260422...
2026-04-30 13:29:52.439 | INFO     | ParquetPipeline | ParquetPipeline | Pulling market for 20260421...
2026-04-30 13:29:53.413 | INFO     | ParquetPipeline | ParquetPipeline | Pulling market for 20260420...
2026-04-30 13:29:54.664 | INFO     | ParquetPipeline | ParquetPipeline | Writing 5509 stocks to Parquet...
2026-04-30 13:30:00.013 | INFO     | CronScheduler | CronScheduler | [热度计算] 开始刷新板块热度...
2026-04-30 13:30:01.028 | ERROR    | DuckDB     | DuckDB | 批量加载 K 线失败: Invalid Input Error: No magic bytes found at end of file 'e:\1target\p9_project\quant-platform\data\parquet\daily\601969.parquet'

LINE 3:             FROM read_parquet('e:\1target\p9_project\quant-platform\data...
                         ^
2026-04-30 13:30:01.029 | WARNING  | HeatCalc   | 无日线数据可用于热度计算
2026-04-30 13:30:27.512 | ERROR    | RedisManager | Redis 连接失败 (localhost:6379): Error 10061 connecting to localhost:6379. 由于目标计算机积极拒绝，无法连接。.
2026-04-30 13:30:31.681 | ERROR    | ParquetPipeline | ParquetPipeline | Sync failed: Could not open Parquet input source '<Buffer>': Parquet magic bytes not found in footer. Either the file is corrupted or this is not a parquet file.
2026-04-30 13:31:15.637 | INFO     | CronScheduler | CronScheduler | [热度计算] 完成: {'concepts_processed': 0, 'sectors_processed': 0, 'trade_date': '2026-04-30', 'error': '无日线数据'}
2026-04-30 13:32:42.870 | INFO     | DuckDB     | DuckDB | 所有核心表结构初始化完成 (含热点板块)
2026-04-30 13:32:42.870 | INFO     | DuckDB     | DuckDB 核心就绪: E:\1target\p9_project\quant-platform\data\meta\meta.db
2026-04-30 13:32:43.400 | INFO     | API-Server | P9 Quant Platform Background Tasks Startup...
2026-04-30 13:32:43.404 | INFO     | CronScheduler | CronScheduler | 每日数据收割机被安排在每个工作日的 08:30 执行。
2026-04-30 13:32:43.404 | INFO     | CronScheduler | CronScheduler | 每日数据收割机被安排在每个工作日的 17:30 执行。
2026-04-30 13:32:43.404 | INFO     | CronScheduler | CronScheduler | Redis→DuckDB 收割机已安排在每个工作日 15:30 执行。
2026-04-30 13:32:43.405 | INFO     | CronScheduler | CronScheduler | 概念数据同步已安排在每日 09:00 执行。
2026-04-30 13:32:43.405 | INFO     | CronScheduler | CronScheduler | 板块热度重算已安排在每个交易日 5 分钟/次。
2026-04-30 13:32:43.405 | INFO     | CronScheduler | CronScheduler | 收盘热度终版快照已安排在 15:30 执行。
2026-04-30 13:32:43.406 | INFO     | CronScheduler | CronScheduler | 自动调度服务(APScheduler) 已启动。
2026-04-30 13:32:48.428 | INFO     | ParquetPipeline | ParquetPipeline | Fetching daily k-lines from 20260420 to 20260430...
2026-04-30 13:32:48.608 | INFO     | ParquetPipeline | ParquetPipeline | Pulling market for 20260430...
2026-04-30 13:32:48.749 | INFO     | ParquetPipeline | ParquetPipeline | Pulling market for 20260429...
2026-04-30 13:32:49.833 | INFO     | ParquetPipeline | ParquetPipeline | Pulling market for 20260428...
2026-04-30 13:32:51.098 | INFO     | ParquetPipeline | ParquetPipeline | Pulling market for 20260427...
2026-04-30 13:32:52.113 | INFO     | ParquetPipeline | ParquetPipeline | Pulling market for 20260424...
2026-04-30 13:32:53.097 | INFO     | ParquetPipeline | ParquetPipeline | Pulling market for 20260423...
2026-04-30 13:32:54.490 | INFO     | ParquetPipeline | ParquetPipeline | Pulling market for 20260422...
2026-04-30 13:32:55.534 | INFO     | ParquetPipeline | ParquetPipeline | Pulling market for 20260421...
2026-04-30 13:32:57.009 | INFO     | ParquetPipeline | ParquetPipeline | Pulling market for 20260420...
2026-04-30 13:32:58.073 | INFO     | ParquetPipeline | ParquetPipeline | Writing 5509 stocks to Parquet...
2026-04-30 13:32:58.328 | INFO     | LLMAdvisor | LLMAdvisor | 已连接 DeepSeek (deepseek-v4-pro)
2026-04-30 13:32:58.344 | INFO     | AIOptimizer | 🔄 [Phase 1] 加载日线数据 + 生成策略信号（此步骤只需执行一次）...
2026-04-30 13:35:00.016 | INFO     | CronScheduler | CronScheduler | [热度计算] 开始刷新板块热度...
2026-04-30 13:35:01.846 | ERROR    | DuckDB     | DuckDB | 批量加载 K 线失败: Invalid Input Error: No magic bytes found at end of file 'E:\1target\p9_project\quant-platform\data\parquet\daily\601969.parquet'

LINE 3:             FROM read_parquet('E:\1target\p9_project\quant-platform\data...
                         ^
2026-04-30 13:35:01.849 | WARNING  | HeatCalc   | 无日线数据可用于热度计算
2026-04-30 13:35:29.533 | ERROR    | RedisManager | Redis 连接失败 (localhost:6379): Error 10061 connecting to localhost:6379. 由于目标计算机积极拒绝，无法连接。.
2026-04-30 13:35:38.865 | INFO     | AIOptimizer |   读取 Parquet 完成：5201 只股票 / 1 只缺失 / 1,659,045 条记录
2026-04-30 13:35:42.099 | INFO     | Screener   | 🧬 [Loader] 识别到类继承策略: MA5AngleOriginalStrategy
2026-04-30 13:36:13.082 | INFO     | CronScheduler | CronScheduler | [热度计算] 完成: {'concepts_processed': 0, 'sectors_processed': 0, 'trade_date': '2026-04-30', 'error': '无日线数据'}
2026-04-30 13:36:16.153 | INFO     | AIOptimizer | ✅ [Phase 1] 完成：5201 只日线 / 9008 信号已缓存
2026-04-30 13:36:16.157 | INFO     | AIOptimizer | 🔧 预建 numpy 快速仿真索引...
2026-04-30 13:36:18.697 | INFO     | AIOptimizer |   索引就绪：5199 只股票 / 9008 信号
2026-04-30 13:36:20.048 | INFO     | AIOptimizer | 🌐 计算历史市场状态标签 (Regime)...
2026-04-30 13:36:20.077 | INFO     | RegimeDetector | Regime | 使用 沪深300（423 条，中位值 3991 点）
2026-04-30 13:36:20.140 | INFO     | RegimeDetector | Regime | 生成完毕 316 条标签 | 分布: {'牛市-低波': 214, '熊市-低波': 82, '熊市-高波': 20}
2026-04-30 13:36:20.146 | INFO     | AIOptimizer | 🤖 [Phase 2] LLM 冷启动：读策略代码设计搜索空间...
2026-04-30 13:36:20.155 | INFO     | LLMAdvisor | LLMAdvisor | Call① 开始：冷启动搜索空间设计...
2026-04-30 13:36:42.962 | ERROR    | ParquetPipeline | ParquetPipeline | Sync failed: Could not open Parquet input source '<Buffer>': Parquet magic bytes not found in footer. Either the file is corrupted or this is not a parquet file.
2026-04-30 13:37:53.727 | WARNING  | LLMAdvisor | LLMAdvisor | API 调用异常: Request timed out.
2026-04-30 13:37:53.729 | INFO     | LLMAdvisor | LLMAdvisor | Call① 完成 (93.6s)
2026-04-30 13:37:53.730 | WARNING  | LLMAdvisor | LLMAdvisor | Call① 无响应，使用默认空间
2026-04-30 13:37:53.731 | INFO     | AIOptimizer | ✅ [Phase 2] 搜索空间已确定（12 个参数）
2026-04-30 13:37:53.731 | INFO     | AIOptimizer | 🔍 [Phase 3] 探索期：12 组拉丁超立方采样...
2026-04-30 13:37:54.147 | INFO     | AIOptimizer |   探索 01/12 | score=0.015 | 平盈率=+1.39% | 胜率=48.9% | PF=1.51
2026-04-30 13:37:54.625 | INFO     | AIOptimizer |   探索 02/12 | score=0.013 | 平盈率=+1.21% | 胜率=42.1% | PF=1.49
2026-04-30 13:37:55.051 | INFO     | AIOptimizer |   探索 03/12 | score=0.011 | 平盈率=+1.00% | 胜率=49.5% | PF=1.44
2026-04-30 13:37:55.481 | INFO     | AIOptimizer |   探索 04/12 | score=0.012 | 平盈率=+1.00% | 胜率=41.3% | PF=1.47
2026-04-30 13:37:55.993 | INFO     | AIOptimizer |   探索 05/12 | score=0.017 | 平盈率=+1.40% | 胜率=52.5% | PF=1.51
2026-04-30 13:37:56.442 | INFO     | AIOptimizer |   探索 06/12 | score=0.015 | 平盈率=+1.20% | 胜率=51.0% | PF=1.51
2026-04-30 13:37:56.915 | INFO     | AIOptimizer |   探索 07/12 | score=0.013 | 平盈率=+1.14% | 胜率=32.5% | PF=1.49
2026-04-30 13:37:57.454 | INFO     | AIOptimizer |   探索 08/12 | score=0.020 | 平盈率=+1.65% | 胜率=54.6% | PF=1.56
2026-04-30 13:37:57.967 | INFO     | AIOptimizer |   探索 09/12 | score=0.018 | 平盈率=+1.41% | 胜率=56.8% | PF=1.55
2026-04-30 13:37:58.543 | INFO     | AIOptimizer |   探索 10/12 | score=0.022 | 平盈率=+1.84% | 胜率=51.1% | PF=1.59
2026-04-30 13:37:59.072 | INFO     | AIOptimizer |   探索 11/12 | score=0.015 | 平盈率=+1.34% | 胜率=47.9% | PF=1.50
2026-04-30 13:37:59.576 | INFO     | AIOptimizer |   探索 12/12 | score=0.017 | 平盈率=+1.50% | 胜率=43.2% | PF=1.53
2026-04-30 13:38:05.211 | INFO     | AIOptimizer | 📊 市场状态分析：{'未知': {'count': 104120, 'avg_pnl': 1.338, 'win_rate': 47.6, 'max_pnl': 36.755, 'min_pnl': -36.019}}
2026-04-30 13:38:05.213 | INFO     | AIOptimizer | 🤖 [Phase 4] LLM 分析探索结果，收窄搜索空间...
2026-04-30 13:38:05.214 | INFO     | LLMAdvisor | LLMAdvisor | Call② 开始：探索结果分析...
2026-04-30 13:38:35.200 | INFO     | LLMAdvisor | LLMAdvisor | Call② 完成 (30.0s)
2026-04-30 13:38:35.200 | INFO     | AIOptimizer | ✅ [Phase 4] 精化完成
2026-04-30 13:38:35.465 | INFO     | AIOptimizer | 🤖 [Phase 5] 贝叶斯精化：50 次 Optuna 探索...
2026-04-30 13:38:35.954 | INFO     | AIOptimizer |   Optuna 01/50 | 当前最优平盈率: +1.41%
2026-04-30 13:38:40.466 | INFO     | AIOptimizer |   Optuna 10/50 | 当前最优平盈率: +1.85%
2026-04-30 13:38:46.191 | INFO     | AIOptimizer |   Optuna 20/50 | 当前最优平盈率: +1.85%
2026-04-30 13:38:51.899 | INFO     | AIOptimizer |   Optuna 30/50 | 当前最优平盈率: +1.85%
2026-04-30 13:38:57.835 | INFO     | AIOptimizer |   Optuna 40/50 | 当前最优平盈率: +1.87%
2026-04-30 13:39:04.094 | INFO     | AIOptimizer |   Optuna 50/50 | 当前最优平盈率: +1.94%
2026-04-30 13:39:04.099 | INFO     | AIOptimizer | 🏆 最优平盈率: +1.85% (score=0.024)
2026-04-30 13:39:04.101 | INFO     | AIOptimizer | 📊 [Phase 6] Walk-Forward 验证（3 折）...
2026-04-30 13:39:05.137 | INFO     | AIOptimizer |   WFO #1: WFE=1.00 ✅ 稳健 | IS=+1.85% OOS=+1.85%
2026-04-30 13:39:06.282 | INFO     | AIOptimizer |   WFO #2: WFE=1.00 ✅ 稳健 | IS=+1.87% OOS=+1.87%
2026-04-30 13:39:07.453 | INFO     | AIOptimizer |   WFO #3: WFE=1.00 ✅ 稳健 | IS=+1.93% OOS=+1.93%
2026-04-30 13:39:08.523 | INFO     | AIOptimizer |   WFO #4: WFE=1.00 ✅ 稳健 | IS=+1.76% OOS=+1.76%
2026-04-30 13:39:09.686 | INFO     | AIOptimizer |   WFO #5: WFE=1.00 ✅ 稳健 | IS=+1.90% OOS=+1.90%
2026-04-30 13:39:10.267 | INFO     | AIOptimizer | 🤖 [Phase 7] 生成 LLM 最终分析报告...
2026-04-30 13:39:10.269 | INFO     | LLMAdvisor | LLMAdvisor | Call③ 开始：生成最终分析报告...
2026-04-30 13:40:00.016 | INFO     | CronScheduler | CronScheduler | [热度计算] 开始刷新板块热度...
2026-04-30 13:40:02.301 | ERROR    | DuckDB     | DuckDB | 批量加载 K 线失败: Invalid Input Error: No magic bytes found at end of file 'E:\1target\p9_project\quant-platform\data\parquet\daily\601969.parquet'

LINE 3:             FROM read_parquet('E:\1target\p9_project\quant-platform\data...
                         ^
2026-04-30 13:40:02.303 | WARNING  | HeatCalc   | 无日线数据可用于热度计算
2026-04-30 13:40:42.365 | WARNING  | LLMAdvisor | LLMAdvisor | API 调用异常: Request timed out.
2026-04-30 13:40:42.366 | INFO     | LLMAdvisor | LLMAdvisor | Call③ 完成 (92.1s)
2026-04-30 13:40:42.366 | INFO     | AIOptimizer | ✅ 分析报告已生成
2026-04-30 13:40:42.366 | INFO     | AIOptimizer | 🎉 AI 回测优化完成！共 62 次探索，最优平盈率 +1.85%
2026-04-30 13:40:42.378 | INFO     | API-Backtest | AI 回测历史已保存 (id=8)
2026-04-30 13:40:45.138 | INFO     | CronScheduler | CronScheduler | [热度计算] 完成: {'concepts_processed': 0, 'sectors_processed': 0, 'trade_date': '2026-04-30', 'error': '无日线数据'}
2026-04-30 13:43:46.386 | INFO     | LLMAdvisor | LLMAdvisor | 已连接 DeepSeek (deepseek-v4-pro)
2026-04-30 13:43:46.615 | INFO     | AIOptimizer | 🔄 [Phase 1] 加载日线数据 + 生成策略信号（此步骤只需执行一次）...
2026-04-30 13:45:00.012 | INFO     | CronScheduler | CronScheduler | [热度计算] 开始刷新板块热度...
2026-04-30 13:45:01.799 | ERROR    | DuckDB     | DuckDB | 批量加载 K 线失败: Invalid Input Error: No magic bytes found at end of file 'E:\1target\p9_project\quant-platform\data\parquet\daily\601969.parquet'

LINE 3:             FROM read_parquet('E:\1target\p9_project\quant-platform\data...
                         ^
2026-04-30 13:45:01.800 | WARNING  | HeatCalc   | 无日线数据可用于热度计算
2026-04-30 13:45:06.569 | INFO     | AIOptimizer |   读取 Parquet 完成：5201 只股票 / 1 只缺失 / 1,659,045 条记录
2026-04-30 13:45:09.678 | INFO     | Screener   | 🧬 [Loader] 识别到类继承策略: MA5AngleOriginalStrategy
2026-04-30 13:45:30.027 | INFO     | AIOptimizer | ✅ [Phase 1] 完成：5201 只日线 / 9008 信号已缓存
2026-04-30 13:45:30.028 | INFO     | AIOptimizer | 🔧 预建 numpy 快速仿真索引...
2026-04-30 13:45:32.713 | INFO     | AIOptimizer |   索引就绪：5199 只股票 / 9008 信号
2026-04-30 13:45:34.027 | INFO     | AIOptimizer | 🌐 计算历史市场状态标签 (Regime)...
2026-04-30 13:45:34.050 | INFO     | RegimeDetector | Regime | 使用 沪深300（423 条，中位值 3991 点）
2026-04-30 13:45:34.103 | INFO     | RegimeDetector | Regime | 生成完毕 316 条标签 | 分布: {'牛市-低波': 214, '熊市-低波': 82, '熊市-高波': 20}
2026-04-30 13:45:34.105 | INFO     | AIOptimizer | 🤖 [Phase 2] LLM 冷启动：读策略代码设计搜索空间...
2026-04-30 13:45:34.107 | INFO     | LLMAdvisor | LLMAdvisor | Call① 开始：冷启动搜索空间设计...
2026-04-30 13:45:53.542 | INFO     | CronScheduler | CronScheduler | [热度计算] 完成: {'concepts_processed': 0, 'sectors_processed': 0, 'trade_date': '2026-04-30', 'error': '无日线数据'}
2026-04-30 13:47:06.126 | WARNING  | LLMAdvisor | LLMAdvisor | API 调用异常: Request timed out.
2026-04-30 13:47:06.127 | INFO     | LLMAdvisor | LLMAdvisor | Call① 完成 (92.0s)
2026-04-30 13:47:06.127 | WARNING  | LLMAdvisor | LLMAdvisor | Call① 无响应，使用默认空间
2026-04-30 13:47:06.128 | INFO     | AIOptimizer | ✅ [Phase 2] 搜索空间已确定（12 个参数）
2026-04-30 13:47:06.128 | INFO     | AIOptimizer | 🔍 [Phase 3] 探索期：20 组拉丁超立方采样...
2026-04-30 13:47:06.436 | INFO     | AIOptimizer |   探索 01/20 | score=0.014 | 平盈率=+1.14% | 胜率=51.4% | PF=1.50
2026-04-30 13:47:06.949 | INFO     | AIOptimizer |   探索 02/20 | score=0.016 | 平盈率=+1.37% | 胜率=51.4% | PF=1.51
2026-04-30 13:47:07.518 | INFO     | AIOptimizer |   探索 03/20 | score=0.021 | 平盈率=+1.81% | 胜率=52.8% | PF=1.57
2026-04-30 13:47:07.965 | INFO     | AIOptimizer |   探索 04/20 | score=0.013 | 平盈率=+1.09% | 胜率=38.9% | PF=1.48
2026-04-30 13:47:08.540 | INFO     | AIOptimizer |   探索 05/20 | score=0.021 | 平盈率=+1.78% | 胜率=52.6% | PF=1.58
2026-04-30 13:47:08.989 | INFO     | AIOptimizer |   探索 06/20 | score=0.017 | 平盈率=+1.39% | 胜率=52.9% | PF=1.55
2026-04-30 13:47:09.485 | INFO     | AIOptimizer |   探索 07/20 | score=0.013 | 平盈率=+1.24% | 胜率=47.4% | PF=1.48
2026-04-30 13:47:09.936 | INFO     | AIOptimizer |   探索 08/20 | score=0.012 | 平盈率=+1.06% | 胜率=44.8% | PF=1.48
2026-04-30 13:47:10.435 | INFO     | AIOptimizer |   探索 09/20 | score=0.016 | 平盈率=+1.35% | 胜率=56.2% | PF=1.52
2026-04-30 13:47:10.940 | INFO     | AIOptimizer |   探索 10/20 | score=0.016 | 平盈率=+1.48% | 胜率=42.4% | PF=1.52
2026-04-30 13:47:11.516 | INFO     | AIOptimizer |   探索 11/20 | score=0.022 | 平盈率=+1.72% | 胜率=51.1% | PF=1.57
2026-04-30 13:47:12.052 | INFO     | AIOptimizer |   探索 12/20 | score=0.019 | 平盈率=+1.62% | 胜率=55.2% | PF=1.57
2026-04-30 13:47:12.499 | INFO     | AIOptimizer |   探索 13/20 | score=0.013 | 平盈率=+1.15% | 胜率=39.5% | PF=1.48
2026-04-30 13:47:12.951 | INFO     | AIOptimizer |   探索 14/20 | score=0.013 | 平盈率=+1.16% | 胜率=40.4% | PF=1.48
2026-04-30 13:47:13.416 | INFO     | AIOptimizer |   探索 15/20 | score=0.017 | 平盈率=+1.40% | 胜率=54.0% | PF=1.54
2026-04-30 13:47:13.799 | INFO     | AIOptimizer |   探索 16/20 | score=0.009 | 平盈率=+0.79% | 胜率=40.0% | PF=1.40
2026-04-30 13:47:14.297 | INFO     | AIOptimizer |   探索 17/20 | score=0.014 | 平盈率=+1.35% | 胜率=47.8% | PF=1.49
2026-04-30 13:47:14.717 | INFO     | AIOptimizer |   探索 18/20 | score=0.012 | 平盈率=+0.98% | 胜率=48.9% | PF=1.43
2026-04-30 13:47:15.340 | INFO     | AIOptimizer |   探索 19/20 | score=0.024 | 平盈率=+1.91% | 胜率=52.6% | PF=1.60
2026-04-30 13:47:15.827 | INFO     | AIOptimizer |   探索 20/20 | score=0.014 | 平盈率=+1.32% | 胜率=43.7% | PF=1.51
2026-04-30 13:47:25.221 | INFO     | AIOptimizer | 📊 市场状态分析：{'未知': {'count': 173500, 'avg_pnl': 1.353, 'win_rate': 48.2, 'max_pnl': 39.664, 'min_pnl': -36.019}}
2026-04-30 13:47:25.222 | INFO     | AIOptimizer | 🤖 [Phase 4] LLM 分析探索结果，收窄搜索空间...
2026-04-30 13:47:25.224 | INFO     | LLMAdvisor | LLMAdvisor | Call② 开始：探索结果分析...
2026-04-30 13:47:55.391 | INFO     | LLMAdvisor | LLMAdvisor | Call② 完成 (30.2s)
2026-04-30 13:47:55.393 | INFO     | AIOptimizer | ✅ [Phase 4] 精化完成
2026-04-30 13:47:55.394 | INFO     | AIOptimizer | 🤖 [Phase 5] 贝叶斯精化：100 次 Optuna 探索...
2026-04-30 13:47:55.698 | INFO     | AIOptimizer |   Optuna 01/100 | 当前最优平盈率: +1.14%
2026-04-30 13:47:59.945 | INFO     | AIOptimizer |   Optuna 10/100 | 当前最优平盈率: +1.62%
2026-04-30 13:48:05.708 | INFO     | AIOptimizer |   Optuna 20/100 | 当前最优平盈率: +1.83%
2026-04-30 13:48:11.389 | INFO     | AIOptimizer |   Optuna 30/100 | 当前最优平盈率: +1.85%
2026-04-30 13:48:16.920 | INFO     | AIOptimizer |   Optuna 40/100 | 当前最优平盈率: +1.85%
2026-04-30 13:48:22.690 | INFO     | AIOptimizer |   Optuna 50/100 | 当前最优平盈率: +1.85%
2026-04-30 13:48:28.349 | INFO     | AIOptimizer |   Optuna 60/100 | 当前最优平盈率: +1.85%
2026-04-30 13:48:34.291 | INFO     | AIOptimizer |   Optuna 70/100 | 当前最优平盈率: +1.85%
2026-04-30 13:48:40.175 | INFO     | AIOptimizer |   Optuna 80/100 | 当前最优平盈率: +1.85%
2026-04-30 13:48:46.146 | INFO     | AIOptimizer |   Optuna 90/100 | 当前最优平盈率: +1.90%
2026-04-30 13:48:52.339 | INFO     | AIOptimizer |   Optuna 100/100 | 当前最优平盈率: +1.94%
2026-04-30 13:48:52.344 | INFO     | AIOptimizer | 🏆 最优平盈率: +1.91% (score=0.024)
2026-04-30 13:48:52.345 | INFO     | AIOptimizer | 📊 [Phase 6] Walk-Forward 验证（3 折）...
2026-04-30 13:48:53.442 | INFO     | AIOptimizer |   WFO #1: WFE=1.00 ✅ 稳健 | IS=+1.90% OOS=+1.90%
2026-04-30 13:48:54.488 | INFO     | AIOptimizer |   WFO #2: WFE=1.00 ✅ 稳健 | IS=+1.79% OOS=+1.79%
2026-04-30 13:48:55.628 | INFO     | AIOptimizer |   WFO #3: WFE=1.00 ✅ 稳健 | IS=+1.89% OOS=+1.89%
2026-04-30 13:48:56.781 | INFO     | AIOptimizer |   WFO #4: WFE=1.00 ✅ 稳健 | IS=+1.90% OOS=+1.90%
2026-04-30 13:48:57.916 | INFO     | AIOptimizer |   WFO #5: WFE=1.00 ✅ 稳健 | IS=+1.89% OOS=+1.89%
2026-04-30 13:48:58.456 | INFO     | AIOptimizer | 🤖 [Phase 7] 生成 LLM 最终分析报告...
2026-04-30 13:48:58.457 | INFO     | LLMAdvisor | LLMAdvisor | Call③ 开始：生成最终分析报告...
2026-04-30 13:49:26.673 | INFO     | LLMAdvisor | LLMAdvisor | Call③ 完成 (28.2s)
2026-04-30 13:49:26.673 | INFO     | AIOptimizer | ✅ 分析报告已生成
2026-04-30 13:49:26.674 | INFO     | AIOptimizer | 🎉 AI 回测优化完成！共 120 次探索，最优平盈率 +1.91%
2026-04-30 13:49:26.685 | INFO     | API-Backtest | AI 回测历史已保存 (id=9)
2026-04-30 13:50:00.016 | INFO     | CronScheduler | CronScheduler | [热度计算] 开始刷新板块热度...
2026-04-30 13:50:01.491 | ERROR    | DuckDB     | DuckDB | 批量加载 K 线失败: Invalid Input Error: No magic bytes found at end of file 'E:\1target\p9_project\quant-platform\data\parquet\daily\601969.parquet'

LINE 3:             FROM read_parquet('E:\1target\p9_project\quant-platform\data...
                         ^
2026-04-30 13:50:01.493 | WARNING  | HeatCalc   | 无日线数据可用于热度计算
2026-04-30 13:50:49.484 | INFO     | CronScheduler | CronScheduler | [热度计算] 完成: {'concepts_processed': 0, 'sectors_processed': 0, 'trade_date': '2026-04-30', 'error': '无日线数据'}
2026-04-30 13:55:00.015 | INFO     | CronScheduler | CronScheduler | [热度计算] 开始刷新板块热度...
2026-04-30 13:55:01.315 | ERROR    | DuckDB     | DuckDB | 批量加载 K 线失败: Invalid Input Error: No magic bytes found at end of file 'E:\1target\p9_project\quant-platform\data\parquet\daily\601969.parquet'

LINE 3:             FROM read_parquet('E:\1target\p9_project\quant-platform\data...
                         ^
2026-04-30 13:55:01.317 | WARNING  | HeatCalc   | 无日线数据可用于热度计算
2026-04-30 13:55:49.323 | INFO     | CronScheduler | CronScheduler | [热度计算] 完成: {'concepts_processed': 0, 'sectors_processed': 0, 'trade_date': '2026-04-30', 'error': '无日线数据'}
2026-04-30 13:56:41.595 | INFO     | DuckDB     | DuckDB | 所有核心表结构初始化完成 (含热点板块)
2026-04-30 13:56:41.595 | INFO     | DuckDB     | DuckDB 核心就绪: e:\1target\p9_project\quant-platform\data\meta\meta.db
2026-04-30 13:56:42.139 | INFO     | API-Server | P9 Quant Platform Background Tasks Startup...
2026-04-30 13:56:42.142 | INFO     | CronScheduler | CronScheduler | 每日数据收割机被安排在每个工作日的 08:30 执行。
2026-04-30 13:56:42.143 | INFO     | CronScheduler | CronScheduler | 每日数据收割机被安排在每个工作日的 17:30 执行。
2026-04-30 13:56:42.143 | INFO     | CronScheduler | CronScheduler | Redis→DuckDB 收割机已安排在每个工作日 15:30 执行。
2026-04-30 13:56:42.143 | INFO     | CronScheduler | CronScheduler | 概念数据同步已安排在每日 09:00 执行。
2026-04-30 13:56:42.144 | INFO     | CronScheduler | CronScheduler | 板块热度重算已安排在每个交易日 5 分钟/次。
2026-04-30 13:56:42.144 | INFO     | CronScheduler | CronScheduler | 收盘热度终版快照已安排在 15:30 执行。
2026-04-30 13:56:42.144 | INFO     | CronScheduler | CronScheduler | 自动调度服务(APScheduler) 已启动。
2026-04-30 13:56:47.158 | INFO     | ParquetPipeline | ParquetPipeline | Fetching daily k-lines from 20260420 to 20260430...
2026-04-30 13:56:47.312 | INFO     | ParquetPipeline | ParquetPipeline | Pulling market for 20260430...
2026-04-30 13:56:47.461 | INFO     | ParquetPipeline | ParquetPipeline | Pulling market for 20260429...
2026-04-30 13:56:48.331 | INFO     | ParquetPipeline | ParquetPipeline | Pulling market for 20260428...
2026-04-30 13:56:49.136 | INFO     | ParquetPipeline | ParquetPipeline | Pulling market for 20260427...
2026-04-30 13:56:50.053 | INFO     | ParquetPipeline | ParquetPipeline | Pulling market for 20260424...
2026-04-30 13:56:50.895 | INFO     | ParquetPipeline | ParquetPipeline | Pulling market for 20260423...
2026-04-30 13:56:51.842 | INFO     | ParquetPipeline | ParquetPipeline | Pulling market for 20260422...
2026-04-30 13:56:52.632 | INFO     | ParquetPipeline | ParquetPipeline | Pulling market for 20260421...
2026-04-30 13:56:53.588 | INFO     | ParquetPipeline | ParquetPipeline | Pulling market for 20260420...
2026-04-30 13:56:54.391 | INFO     | ParquetPipeline | ParquetPipeline | Writing 5509 stocks to Parquet...
2026-04-30 13:57:29.237 | ERROR    | ParquetPipeline | ParquetPipeline | Sync failed: Could not open Parquet input source '<Buffer>': Parquet magic bytes not found in footer. Either the file is corrupted or this is not a parquet file.
2026-04-30 14:00:22.213 | INFO     | LLMAdvisor | LLMAdvisor | 已连接 DeepSeek (deepseek-v4-pro)
2026-04-30 14:00:22.213 | INFO     | AIOptimizer | 🔄 [Phase 1] 加载日线数据 + 生成策略信号（此步骤只需执行一次）...
2026-04-30 14:01:26.935 | INFO     | AIOptimizer |   读取 Parquet 完成：5201 只股票 / 1 只缺失 / 1,659,045 条记录
2026-04-30 14:01:27.721 | INFO     | Screener   | 🧬 [Loader] 识别到类继承策略: MA5AngleOriginalStrategy
2026-04-30 14:01:32.367 | INFO     | AIOptimizer | ✅ [Phase 1] 完成：5201 只日线 / 9008 信号已缓存
2026-04-30 14:01:32.368 | INFO     | AIOptimizer | 🔧 预建 numpy 快速仿真索引...
2026-04-30 14:01:32.918 | INFO     | AIOptimizer |   索引就绪：5199 只股票 / 9008 信号
2026-04-30 14:01:33.028 | INFO     | AIOptimizer | 🌐 计算历史市场状态标签 (Regime)...
2026-04-30 14:01:33.037 | INFO     | RegimeDetector | Regime | 使用 沪深300（423 条，中位值 3991 点）
2026-04-30 14:01:33.049 | INFO     | RegimeDetector | Regime | 生成完毕 316 条标签 | 分布: {'熊市-低波': 82, '熊市-高波': 20, '牛市-低波': 214}
2026-04-30 14:01:33.050 | INFO     | AIOptimizer | 🤖 [Phase 2] LLM 冷启动：读策略代码设计搜索空间...
2026-04-30 14:01:33.052 | INFO     | LLMAdvisor | LLMAdvisor | Call① 开始：冷启动搜索空间设计...
2026-04-30 14:01:58.901 | INFO     | LLMAdvisor | LLMAdvisor | Call① 完成 (25.8s)
2026-04-30 14:01:58.904 | INFO     | LLMAdvisor | LLMAdvisor | Call① 成功：12 个参数范围已设计
2026-04-30 14:01:58.905 | INFO     | AIOptimizer | ✅ [Phase 2] 搜索空间已确定（12 个参数）
2026-04-30 14:01:58.905 | INFO     | AIOptimizer | 🔍 [Phase 3] 探索期：20 组拉丁超立方采样...
2026-04-30 14:01:59.017 | INFO     | AIOptimizer |   探索 01/20 | score=0.011 | 平盈率=+0.08% | 胜率=48.8% | PF=1.54
2026-04-30 14:01:59.187 | INFO     | AIOptimizer |   探索 02/20 | score=0.012 | 平盈率=+0.09% | 胜率=51.6% | PF=1.59
2026-04-30 14:01:59.347 | INFO     | AIOptimizer |   探索 03/20 | score=0.012 | 平盈率=+0.09% | 胜率=46.4% | PF=1.58
2026-04-30 14:01:59.464 | INFO     | AIOptimizer |   探索 04/20 | score=0.009 | 平盈率=+0.08% | 胜率=44.0% | PF=1.54
2026-04-30 14:01:59.589 | INFO     | AIOptimizer |   探索 05/20 | score=0.010 | 平盈率=+0.09% | 胜率=48.3% | PF=1.55
2026-04-30 14:01:59.718 | INFO     | AIOptimizer |   探索 06/20 | score=0.009 | 平盈率=+0.07% | 胜率=43.2% | PF=1.52
2026-04-30 14:01:59.863 | INFO     | AIOptimizer |   探索 07/20 | score=0.012 | 平盈率=+0.10% | 胜率=52.4% | PF=1.60
2026-04-30 14:02:00.021 | INFO     | AIOptimizer |   探索 08/20 | score=0.011 | 平盈率=+0.10% | 胜率=50.0% | PF=1.61
2026-04-30 14:02:00.140 | INFO     | AIOptimizer |   探索 09/20 | score=0.010 | 平盈率=+0.08% | 胜率=50.1% | PF=1.55
2026-04-30 14:02:00.250 | INFO     | AIOptimizer |   探索 10/20 | score=0.010 | 平盈率=+0.08% | 胜率=49.8% | PF=1.53
2026-04-30 14:02:00.384 | INFO     | AIOptimizer |   探索 11/20 | score=0.012 | 平盈率=+0.08% | 胜率=48.1% | PF=1.56
2026-04-30 14:02:00.493 | INFO     | AIOptimizer |   探索 12/20 | score=0.010 | 平盈率=+0.08% | 胜率=47.0% | PF=1.53
2026-04-30 14:02:00.624 | INFO     | AIOptimizer |   探索 13/20 | score=0.010 | 平盈率=+0.08% | 胜率=50.1% | PF=1.59
2026-04-30 14:02:00.760 | INFO     | AIOptimizer |   探索 14/20 | score=0.011 | 平盈率=+0.09% | 胜率=45.4% | PF=1.60
2026-04-30 14:02:00.878 | INFO     | AIOptimizer |   探索 15/20 | score=0.009 | 平盈率=+0.08% | 胜率=47.6% | PF=1.55
2026-04-30 14:02:01.015 | INFO     | AIOptimizer |   探索 16/20 | score=0.012 | 平盈率=+0.10% | 胜率=52.5% | PF=1.62
2026-04-30 14:02:01.131 | INFO     | AIOptimizer |   探索 17/20 | score=0.011 | 平盈率=+0.09% | 胜率=52.7% | PF=1.61
2026-04-30 14:02:01.282 | INFO     | AIOptimizer |   探索 18/20 | score=0.009 | 平盈率=+0.08% | 胜率=49.9% | PF=1.57
2026-04-30 14:02:01.405 | INFO     | AIOptimizer |   探索 19/20 | score=0.009 | 平盈率=+0.07% | 胜率=49.4% | PF=1.51
2026-04-30 14:02:01.518 | INFO     | AIOptimizer |   探索 20/20 | score=0.009 | 平盈率=+0.07% | 胜率=42.4% | PF=1.52
2026-04-30 14:02:03.997 | INFO     | AIOptimizer | 📊 市场状态分析：{'未知': {'count': 171613, 'avg_pnl': 0.084, 'win_rate': 48.5, 'max_pnl': 2.168, 'min_pnl': -1.801}}
2026-04-30 14:02:03.999 | INFO     | AIOptimizer | 🤖 [Phase 4] LLM 分析探索结果，收窄搜索空间...
2026-04-30 14:02:04.000 | INFO     | LLMAdvisor | LLMAdvisor | Call② 开始：探索结果分析...
2026-04-30 14:03:33.718 | INFO     | LLMAdvisor | LLMAdvisor | Call② 完成 (89.7s)
2026-04-30 14:03:33.719 | INFO     | AIOptimizer | ✅ [Phase 4] 精化完成
2026-04-30 14:03:33.855 | INFO     | AIOptimizer | 🤖 [Phase 5] 贝叶斯精化：100 次 Optuna 探索...
2026-04-30 14:03:34.011 | INFO     | AIOptimizer |   Optuna 01/100 | 当前最优平盈率: +0.09%
2026-04-30 14:03:35.241 | INFO     | AIOptimizer |   Optuna 10/100 | 当前最优平盈率: +0.09%
2026-04-30 14:03:36.672 | INFO     | AIOptimizer |   Optuna 20/100 | 当前最优平盈率: +0.10%
2026-04-30 14:03:38.210 | INFO     | AIOptimizer |   Optuna 30/100 | 当前最优平盈率: +0.10%
2026-04-30 14:03:39.746 | INFO     | AIOptimizer |   Optuna 40/100 | 当前最优平盈率: +0.10%
2026-04-30 14:03:41.219 | INFO     | AIOptimizer |   Optuna 50/100 | 当前最优平盈率: +0.10%
2026-04-30 14:03:42.709 | INFO     | AIOptimizer |   Optuna 60/100 | 当前最优平盈率: +0.10%
2026-04-30 14:03:44.213 | INFO     | AIOptimizer |   Optuna 70/100 | 当前最优平盈率: +0.10%
2026-04-30 14:03:45.839 | INFO     | AIOptimizer |   Optuna 80/100 | 当前最优平盈率: +0.10%
2026-04-30 14:03:47.435 | INFO     | AIOptimizer |   Optuna 90/100 | 当前最优平盈率: +0.10%
2026-04-30 14:03:49.060 | INFO     | AIOptimizer |   Optuna 100/100 | 当前最优平盈率: +0.10%
2026-04-30 14:03:49.061 | INFO     | AIOptimizer | 🏆 最优平盈率: +0.10% (score=0.013)
2026-04-30 14:03:49.062 | INFO     | AIOptimizer | 📊 [Phase 6] Walk-Forward 验证（3 折）...
2026-04-30 14:03:49.385 | INFO     | AIOptimizer |   WFO #1: WFE=1.00 ✅ 稳健 | IS=+0.09% OOS=+0.09%
2026-04-30 14:03:49.655 | INFO     | AIOptimizer |   WFO #2: WFE=1.00 ✅ 稳健 | IS=+0.09% OOS=+0.09%
2026-04-30 14:03:49.926 | INFO     | AIOptimizer |   WFO #3: WFE=1.00 ✅ 稳健 | IS=+0.10% OOS=+0.10%
2026-04-30 14:03:50.179 | INFO     | AIOptimizer |   WFO #4: WFE=1.00 ✅ 稳健 | IS=+0.09% OOS=+0.09%
2026-04-30 14:03:50.468 | INFO     | AIOptimizer |   WFO #5: WFE=1.00 ✅ 稳健 | IS=+0.09% OOS=+0.09%
2026-04-30 14:03:50.618 | INFO     | AIOptimizer | 🤖 [Phase 7] 生成 LLM 最终分析报告...
2026-04-30 14:03:50.620 | INFO     | LLMAdvisor | LLMAdvisor | Call③ 开始：生成最终分析报告...
2026-04-30 14:04:49.168 | INFO     | LLMAdvisor | LLMAdvisor | Call③ 完成 (58.5s)
2026-04-30 14:04:49.169 | INFO     | AIOptimizer | ✅ 分析报告已生成
2026-04-30 14:04:49.169 | INFO     | AIOptimizer | 🎉 AI 回测优化完成！共 120 次探索，最优平盈率 +0.10%
2026-04-30 14:04:49.189 | INFO     | API-Backtest | AI 回测历史已保存 (id=10)
2026-04-30 14:10:00.008 | INFO     | CronScheduler | CronScheduler | [热度计算] 开始刷新板块热度...
2026-04-30 14:10:00.400 | ERROR    | DuckDB     | DuckDB | 批量加载 K 线失败: Invalid Input Error: No magic bytes found at end of file 'e:\1target\p9_project\quant-platform\data\parquet\daily\601969.parquet'

LINE 3:             FROM read_parquet('e:\1target\p9_project\quant-platform\data...
                         ^
2026-04-30 14:10:00.404 | WARNING  | HeatCalc   | 无日线数据可用于热度计算
2026-04-30 14:10:20.972 | ERROR    | RedisManager | Redis 连接失败 (localhost:6379): Error 10061 connecting to localhost:6379. 由于目标计算机积极拒绝，无法连接。.
2026-04-30 14:11:14.967 | INFO     | CronScheduler | CronScheduler | [热度计算] 完成: {'concepts_processed': 0, 'sectors_processed': 0, 'trade_date': '2026-04-30', 'error': '无日线数据'}
2026-04-30 14:12:20.816 | INFO     | DuckDB     | DuckDB | 所有核心表结构初始化完成 (含热点板块)
2026-04-30 14:12:20.816 | INFO     | DuckDB     | DuckDB 核心就绪: e:\1target\p9_project\quant-platform\data\meta\meta.db
2026-04-30 14:12:21.343 | INFO     | API-Server | P9 Quant Platform Background Tasks Startup...
2026-04-30 14:12:21.346 | INFO     | CronScheduler | CronScheduler | 每日数据收割机被安排在每个工作日的 08:30 执行。
2026-04-30 14:12:21.347 | INFO     | CronScheduler | CronScheduler | 每日数据收割机被安排在每个工作日的 17:30 执行。
2026-04-30 14:12:21.347 | INFO     | CronScheduler | CronScheduler | Redis→DuckDB 收割机已安排在每个工作日 15:30 执行。
2026-04-30 14:12:21.347 | INFO     | CronScheduler | CronScheduler | 概念数据同步已安排在每日 09:00 执行。
2026-04-30 14:12:21.348 | INFO     | CronScheduler | CronScheduler | 板块热度重算已安排在每个交易日 5 分钟/次。
2026-04-30 14:12:21.348 | INFO     | CronScheduler | CronScheduler | 收盘热度终版快照已安排在 15:30 执行。
2026-04-30 14:12:21.348 | INFO     | CronScheduler | CronScheduler | 自动调度服务(APScheduler) 已启动。
2026-04-30 14:12:26.355 | INFO     | ParquetPipeline | ParquetPipeline | Fetching daily k-lines from 20260420 to 20260430...
2026-04-30 14:12:26.505 | INFO     | ParquetPipeline | ParquetPipeline | Pulling market for 20260430...
2026-04-30 14:12:26.661 | INFO     | ParquetPipeline | ParquetPipeline | Pulling market for 20260429...
2026-04-30 14:12:27.453 | INFO     | ParquetPipeline | ParquetPipeline | Pulling market for 20260428...
2026-04-30 14:12:28.261 | INFO     | ParquetPipeline | ParquetPipeline | Pulling market for 20260427...
2026-04-30 14:12:29.183 | INFO     | ParquetPipeline | ParquetPipeline | Pulling market for 20260424...
2026-04-30 14:12:30.038 | INFO     | ParquetPipeline | ParquetPipeline | Pulling market for 20260423...
2026-04-30 14:12:30.979 | INFO     | ParquetPipeline | ParquetPipeline | Pulling market for 20260422...
2026-04-30 14:12:31.822 | INFO     | ParquetPipeline | ParquetPipeline | Pulling market for 20260421...
2026-04-30 14:12:32.782 | INFO     | ParquetPipeline | ParquetPipeline | Pulling market for 20260420...
2026-04-30 14:12:33.630 | INFO     | ParquetPipeline | ParquetPipeline | Writing 5509 stocks to Parquet...
2026-04-30 14:13:04.631 | ERROR    | ParquetPipeline | ParquetPipeline | Sync failed: Could not open Parquet input source '<Buffer>': Parquet magic bytes not found in footer. Either the file is corrupted or this is not a parquet file.
2026-04-30 14:13:44.435 | INFO     | LLMAdvisor | LLMAdvisor | 已连接 DeepSeek (deepseek-v4-pro)
2026-04-30 14:13:44.436 | INFO     | AIOptimizer | 🔄 [Phase 1] 加载日线数据 + 生成策略信号（此步骤只需执行一次）...
2026-04-30 14:14:06.339 | INFO     | API-Backtest | AI 最优参数已应用: ['hard_stop_loss_pct=-7.624281731468728', 'breakeven_threshold_pct=6.003181603873229', 'breakeven_stop_pnl_pct=0.3303190251138431', 'trailing_activate_pct=12.815993000010291', 'trailing_drawdown_pct=6.470469192588956', 'time_exit_days=30.85490078321986', 'tp_plan=[8.641742194777175%/24.557750788635104%]']
2026-04-30 14:14:42.199 | INFO     | AIOptimizer |   读取 Parquet 完成：5201 只股票 / 1 只缺失 / 1,404,196 条记录
2026-04-30 14:14:42.796 | INFO     | AIOptimizer | ❌ [Phase 1] 数据准备失败: 未找到策略配置: MA5AngleOriginalStrategy (请确认已在工厂中保存并处于有效状态)
2026-04-30 14:14:42.799 | ERROR    | AIOptimizer | Traceback (most recent call last):
  File "e:\1target\p9_project\quant-platform\app\backtest\ai_optimizer.py", line 265, in _prepare_data
    strategy = load_strategy(strategy_name, params=strategy_params)
  File "e:\1target\p9_project\quant-platform\app\screener\engine.py", line 201, in load_strategy
    raise ValueError(f"未找到策略配置: {name} (请确认已在工厂中保存并处于有效状态)")
ValueError: 未找到策略配置: MA5AngleOriginalStrategy (请确认已在工厂中保存并处于有效状态)

2026-04-30 14:14:42.888 | INFO     | API-Backtest | AI 回测历史已保存 (id=11)
2026-04-30 14:18:15.065 | INFO     | LLMAdvisor | LLMAdvisor | 已连接 DeepSeek (deepseek-v4-pro)
2026-04-30 14:18:15.091 | INFO     | AIOptimizer | 🔄 [Phase 1] 加载日线数据 + 生成策略信号（此步骤只需执行一次）...
2026-04-30 14:18:31.718 | INFO     | AIOptimizer |   读取 Parquet 完成：5201 只股票 / 1 只缺失 / 1,404,196 条记录
2026-04-30 14:18:32.322 | INFO     | Screener   | 🧬 [Loader] 识别到类继承策略: MA5AngleOriginalStrategy
2026-04-30 14:18:36.024 | INFO     | AIOptimizer | ✅ [Phase 1] 完成：5201 只日线 / 755 信号已缓存
2026-04-30 14:18:36.024 | INFO     | AIOptimizer | 🔧 预建 numpy 快速仿真索引...
2026-04-30 14:18:36.388 | INFO     | AIOptimizer |   索引就绪：5199 只股票 / 755 信号
2026-04-30 14:18:36.468 | INFO     | AIOptimizer | 🌐 计算历史市场状态标签 (Regime)...
2026-04-30 14:18:36.473 | INFO     | RegimeDetector | Regime | 使用 沪深300（131 条，中位值 4646 点）
2026-04-30 14:18:36.477 | INFO     | RegimeDetector | Regime | 生成完毕 25 条标签 | 分布: {'熊市-低波': 16, '牛市-低波': 9}
2026-04-30 14:18:36.478 | INFO     | AIOptimizer | 🤖 [Phase 2] LLM 冷启动：读策略代码设计搜索空间...
2026-04-30 14:18:36.482 | INFO     | LLMAdvisor | LLMAdvisor | Call① 开始：冷启动搜索空间设计...
2026-04-30 14:19:35.763 | INFO     | LLMAdvisor | LLMAdvisor | Call① 完成 (59.3s)
2026-04-30 14:19:35.765 | INFO     | LLMAdvisor | LLMAdvisor | Call① 成功：12 个参数范围已设计
2026-04-30 14:19:35.765 | INFO     | AIOptimizer | ✅ [Phase 2] 搜索空间已确定（12 个参数）
2026-04-30 14:19:35.766 | INFO     | AIOptimizer | 🔍 [Phase 3] 探索期：12 组拉丁超立方采样...
2026-04-30 14:19:35.774 | INFO     | AIOptimizer |   探索 01/12 | score=0.245 | 平盈率=+0.24% | 胜率=45.6% | PF=1.09
2026-04-30 14:19:35.780 | INFO     | AIOptimizer |   探索 02/12 | score=-0.076 | 平盈率=-0.08% | 胜率=38.4% | PF=0.98
2026-04-30 14:19:35.787 | INFO     | AIOptimizer |   探索 03/12 | score=-0.116 | 平盈率=-0.12% | 胜率=49.8% | PF=0.96
2026-04-30 14:19:35.793 | INFO     | AIOptimizer |   探索 04/12 | score=-0.043 | 平盈率=-0.04% | 胜率=44.3% | PF=0.99
2026-04-30 14:19:35.798 | INFO     | AIOptimizer |   探索 05/12 | score=0.272 | 平盈率=+0.27% | 胜率=45.7% | PF=1.10
2026-04-30 14:19:35.804 | INFO     | AIOptimizer |   探索 06/12 | score=-0.028 | 平盈率=-0.03% | 胜率=35.7% | PF=0.99
2026-04-30 14:19:35.810 | INFO     | AIOptimizer |   探索 07/12 | score=-0.058 | 平盈率=-0.06% | 胜率=44.0% | PF=0.98
2026-04-30 14:19:35.815 | INFO     | AIOptimizer |   探索 08/12 | score=-0.044 | 平盈率=-0.04% | 胜率=38.7% | PF=0.99
2026-04-30 14:19:35.821 | INFO     | AIOptimizer |   探索 09/12 | score=0.256 | 平盈率=+0.26% | 胜率=44.3% | PF=1.10
2026-04-30 14:19:35.827 | INFO     | AIOptimizer |   探索 10/12 | score=-1.054 | 平盈率=-1.05% | 胜率=28.8% | PF=0.76
2026-04-30 14:19:35.833 | INFO     | AIOptimizer |   探索 11/12 | score=0.442 | 平盈率=+0.44% | 胜率=50.5% | PF=1.17
2026-04-30 14:19:35.838 | INFO     | AIOptimizer |   探索 12/12 | score=-0.437 | 平盈率=-0.44% | 胜率=34.6% | PF=0.89
2026-04-30 14:19:35.894 | INFO     | AIOptimizer | 📊 市场状态分析：{'未知': {'count': 5240, 'avg_pnl': -0.017, 'win_rate': 42.3, 'max_pnl': 28.002, 'min_pnl': -36.019}}
2026-04-30 14:19:35.894 | INFO     | AIOptimizer | 🤖 [Phase 4] LLM 分析探索结果，收窄搜索空间...
2026-04-30 14:19:35.895 | INFO     | LLMAdvisor | LLMAdvisor | Call② 开始：探索结果分析...
2026-04-30 14:20:00.008 | INFO     | CronScheduler | CronScheduler | [热度计算] 开始刷新板块热度...
2026-04-30 14:20:00.385 | ERROR    | DuckDB     | DuckDB | 批量加载 K 线失败: Invalid Input Error: No magic bytes found at end of file 'e:\1target\p9_project\quant-platform\data\parquet\daily\601969.parquet'

LINE 3:             FROM read_parquet('e:\1target\p9_project\quant-platform\data...
                         ^
2026-04-30 14:20:00.387 | WARNING  | HeatCalc   | 无日线数据可用于热度计算
2026-04-30 14:20:03.067 | INFO     | LLMAdvisor | LLMAdvisor | Call② 完成 (27.2s)
2026-04-30 14:20:03.069 | INFO     | AIOptimizer | ✅ [Phase 4] 精化完成
2026-04-30 14:20:03.122 | INFO     | AIOptimizer | 🤖 [Phase 5] 贝叶斯精化：50 次 Optuna 探索...
2026-04-30 14:20:03.129 | INFO     | AIOptimizer |   Optuna 01/50 | 当前最优平盈率: -0.73%
2026-04-30 14:20:03.180 | INFO     | AIOptimizer |   Optuna 10/50 | 当前最优平盈率: +0.39%
2026-04-30 14:20:03.296 | INFO     | AIOptimizer |   Optuna 20/50 | 当前最优平盈率: +0.53%
2026-04-30 14:20:03.413 | INFO     | AIOptimizer |   Optuna 30/50 | 当前最优平盈率: +0.57%
2026-04-30 14:20:03.541 | INFO     | AIOptimizer |   Optuna 40/50 | 当前最优平盈率: +0.57%
2026-04-30 14:20:03.654 | INFO     | AIOptimizer |   Optuna 50/50 | 当前最优平盈率: +0.57%
2026-04-30 14:20:03.656 | INFO     | AIOptimizer | 🏆 最优平盈率: +0.57% (score=0.572)
2026-04-30 14:20:03.656 | INFO     | AIOptimizer | 📊 [Phase 6] Walk-Forward 验证（3 折）...
2026-04-30 14:20:03.658 | INFO     | AIOptimizer | ⚠️ WFO | 回测区间仅 41 天，统计意义有限，跳过验证
2026-04-30 14:20:03.663 | INFO     | AIOptimizer | 🤖 [Phase 7] 生成 LLM 最终分析报告...
2026-04-30 14:20:03.664 | INFO     | LLMAdvisor | LLMAdvisor | Call③ 开始：生成最终分析报告...
2026-04-30 14:20:20.132 | ERROR    | RedisManager | Redis 连接失败 (localhost:6379): Error 10061 connecting to localhost:6379. 由于目标计算机积极拒绝，无法连接。.
2026-04-30 14:20:31.965 | INFO     | LLMAdvisor | LLMAdvisor | Call③ 完成 (28.3s)
2026-04-30 14:20:31.966 | INFO     | AIOptimizer | ✅ 分析报告已生成
2026-04-30 14:20:31.966 | INFO     | AIOptimizer | 🎉 AI 回测优化完成！共 62 次探索，最优平盈率 +0.57%
2026-04-30 14:20:31.971 | INFO     | API-Backtest | AI 回测历史已保存 (id=12)
2026-04-30 14:21:14.794 | INFO     | CronScheduler | CronScheduler | [热度计算] 完成: {'concepts_processed': 0, 'sectors_processed': 0, 'trade_date': '2026-04-30', 'error': '无日线数据'}
2026-04-30 14:22:15.095 | INFO     | LLMAdvisor | LLMAdvisor | 已连接 DeepSeek (deepseek-v4-pro)
2026-04-30 14:22:15.154 | INFO     | AIOptimizer | 🔄 [Phase 1] 加载日线数据 + 生成策略信号（此步骤只需执行一次）...
2026-04-30 14:22:34.870 | INFO     | AIOptimizer |   读取 Parquet 完成：5201 只股票 / 1 只缺失 / 1,659,045 条记录
2026-04-30 14:22:35.580 | INFO     | Screener   | 🧬 [Loader] 识别到类继承策略: MA5AngleOriginalStrategy
2026-04-30 14:22:39.719 | INFO     | AIOptimizer | ✅ [Phase 1] 完成：5201 只日线 / 9008 信号已缓存
2026-04-30 14:22:39.720 | INFO     | AIOptimizer | 🔧 预建 numpy 快速仿真索引...
2026-04-30 14:22:40.172 | INFO     | AIOptimizer |   索引就绪：5199 只股票 / 9008 信号
2026-04-30 14:22:40.522 | INFO     | AIOptimizer | 🌐 计算历史市场状态标签 (Regime)...
2026-04-30 14:22:40.529 | INFO     | RegimeDetector | Regime | 使用 沪深300（423 条，中位值 3991 点）
2026-04-30 14:22:40.538 | INFO     | RegimeDetector | Regime | 生成完毕 316 条标签 | 分布: {'熊市-高波': 20, '熊市-低波': 82, '牛市-低波': 214}
2026-04-30 14:22:40.539 | INFO     | AIOptimizer | 🤖 [Phase 2] LLM 冷启动：读策略代码设计搜索空间...
2026-04-30 14:22:40.542 | INFO     | LLMAdvisor | LLMAdvisor | Call① 开始：冷启动搜索空间设计...
2026-04-30 14:23:07.481 | INFO     | LLMAdvisor | LLMAdvisor | Call① 完成 (26.9s)
2026-04-30 14:23:07.482 | INFO     | LLMAdvisor | LLMAdvisor | Call① 成功：12 个参数范围已设计
2026-04-30 14:23:07.483 | INFO     | AIOptimizer | ✅ [Phase 2] 搜索空间已确定（12 个参数）
2026-04-30 14:23:07.485 | INFO     | AIOptimizer | 🔍 [Phase 3] 探索期：12 组拉丁超立方采样...
2026-04-30 14:23:07.595 | INFO     | AIOptimizer |   探索 01/12 | score=1.806 | 平盈率=+1.81% | 胜率=47.9% | PF=1.57
2026-04-30 14:23:07.694 | INFO     | AIOptimizer |   探索 02/12 | score=1.526 | 平盈率=+1.53% | 胜率=50.1% | PF=1.54
2026-04-30 14:23:07.785 | INFO     | AIOptimizer |   探索 03/12 | score=1.356 | 平盈率=+1.36% | 胜率=36.9% | PF=1.51
2026-04-30 14:23:07.905 | INFO     | AIOptimizer |   探索 04/12 | score=2.060 | 平盈率=+2.06% | 胜率=53.3% | PF=1.60
2026-04-30 14:23:08.004 | INFO     | AIOptimizer |   探索 05/12 | score=1.584 | 平盈率=+1.58% | 胜率=41.8% | PF=1.54
2026-04-30 14:23:08.096 | INFO     | AIOptimizer |   探索 06/12 | score=1.424 | 平盈率=+1.42% | 胜率=46.2% | PF=1.53
2026-04-30 14:23:08.222 | INFO     | AIOptimizer |   探索 07/12 | score=2.072 | 平盈率=+2.07% | 胜率=45.7% | PF=1.60
2026-04-30 14:23:08.321 | INFO     | AIOptimizer |   探索 08/12 | score=1.593 | 平盈率=+1.59% | 胜率=48.4% | PF=1.56
2026-04-30 14:23:08.446 | INFO     | AIOptimizer |   探索 09/12 | score=2.083 | 平盈率=+2.08% | 胜率=46.4% | PF=1.60
2026-04-30 14:23:08.539 | INFO     | AIOptimizer |   探索 10/12 | score=1.419 | 平盈率=+1.42% | 胜率=42.4% | PF=1.54
2026-04-30 14:23:08.642 | INFO     | AIOptimizer |   探索 11/12 | score=1.723 | 平盈率=+1.72% | 胜率=34.9% | PF=1.56
2026-04-30 14:23:08.734 | INFO     | AIOptimizer |   探索 12/12 | score=1.471 | 平盈率=+1.47% | 胜率=47.8% | PF=1.52
2026-04-30 14:23:09.959 | INFO     | AIOptimizer | 📊 市场状态分析：{'未知': {'count': 103159, 'avg_pnl': 1.675, 'win_rate': 45.1, 'max_pnl': 43.468, 'min_pnl': -36.019}}
2026-04-30 14:23:09.960 | INFO     | AIOptimizer | 🤖 [Phase 4] LLM 分析探索结果，收窄搜索空间...
2026-04-30 14:23:09.961 | INFO     | LLMAdvisor | LLMAdvisor | Call② 开始：探索结果分析...
2026-04-30 14:24:41.817 | WARNING  | LLMAdvisor | LLMAdvisor | API 调用异常: Request timed out.
2026-04-30 14:24:41.818 | INFO     | LLMAdvisor | LLMAdvisor | Call② 完成 (91.9s)
2026-04-30 14:24:41.818 | INFO     | AIOptimizer | ✅ [Phase 4] 精化完成
2026-04-30 14:24:41.819 | INFO     | AIOptimizer | 🤖 [Phase 5] 贝叶斯精化：50 次 Optuna 探索...
2026-04-30 14:24:41.910 | INFO     | AIOptimizer |   Optuna 01/50 | 当前最优平盈率: +1.38%
2026-04-30 14:24:42.839 | INFO     | AIOptimizer |   Optuna 10/50 | 当前最优平盈率: +1.89%
2026-04-30 14:24:44.132 | INFO     | AIOptimizer |   Optuna 20/50 | 当前最优平盈率: +2.31%
2026-04-30 14:24:45.386 | INFO     | AIOptimizer |   Optuna 30/50 | 当前最优平盈率: +2.36%
2026-04-30 14:24:46.644 | INFO     | AIOptimizer |   Optuna 40/50 | 当前最优平盈率: +2.36%
2026-04-30 14:24:47.936 | INFO     | AIOptimizer |   Optuna 50/50 | 当前最优平盈率: +2.36%
2026-04-30 14:24:47.938 | INFO     | AIOptimizer | 🏆 最优平盈率: +2.36% (score=2.357)
2026-04-30 14:24:47.939 | INFO     | AIOptimizer | 📊 [Phase 6] Walk-Forward 验证（3 折）...
2026-04-30 14:24:48.192 | INFO     | AIOptimizer |   WFO #1: WFE=1.00 ✅ 稳健 | IS=+2.36% OOS=+2.36%
2026-04-30 14:24:48.455 | INFO     | AIOptimizer |   WFO #2: WFE=1.00 ✅ 稳健 | IS=+2.31% OOS=+2.31%
2026-04-30 14:24:48.711 | INFO     | AIOptimizer |   WFO #3: WFE=1.00 ✅ 稳健 | IS=+2.31% OOS=+2.31%
2026-04-30 14:24:48.970 | INFO     | AIOptimizer |   WFO #4: WFE=1.00 ✅ 稳健 | IS=+2.31% OOS=+2.31%
2026-04-30 14:24:49.233 | INFO     | AIOptimizer |   WFO #5: WFE=1.00 ✅ 稳健 | IS=+2.30% OOS=+2.30%
2026-04-30 14:24:49.363 | INFO     | AIOptimizer | 🤖 [Phase 7] 生成 LLM 最终分析报告...
2026-04-30 14:24:49.364 | INFO     | LLMAdvisor | LLMAdvisor | Call③ 开始：生成最终分析报告...
2026-04-30 14:25:00.006 | INFO     | CronScheduler | CronScheduler | [热度计算] 开始刷新板块热度...
2026-04-30 14:25:00.453 | ERROR    | DuckDB     | DuckDB | 批量加载 K 线失败: Invalid Input Error: No magic bytes found at end of file 'e:\1target\p9_project\quant-platform\data\parquet\daily\601969.parquet'

LINE 3:             FROM read_parquet('e:\1target\p9_project\quant-platform\data...
                         ^
2026-04-30 14:25:00.454 | WARNING  | HeatCalc   | 无日线数据可用于热度计算
2026-04-30 14:25:48.576 | INFO     | CronScheduler | CronScheduler | [热度计算] 完成: {'concepts_processed': 0, 'sectors_processed': 0, 'trade_date': '2026-04-30', 'error': '无日线数据'}
2026-04-30 14:26:21.355 | WARNING  | LLMAdvisor | LLMAdvisor | API 调用异常: Request timed out.
2026-04-30 14:26:21.358 | INFO     | LLMAdvisor | LLMAdvisor | Call③ 完成 (92.0s)
2026-04-30 14:26:21.360 | INFO     | AIOptimizer | ✅ 分析报告已生成
2026-04-30 14:26:21.362 | INFO     | AIOptimizer | 🎉 AI 回测优化完成！共 62 次探索，最优平盈率 +2.36%
2026-04-30 14:26:21.374 | INFO     | API-Backtest | AI 回测历史已保存 (id=13)
2026-04-30 14:27:38.321 | WARNING  | DuckDB     | DuckDB | 数据库占用中，准备重试... (1/5)
2026-04-30 14:27:38.917 | WARNING  | DuckDB     | DuckDB | 数据库占用中，准备重试... (2/5)
2026-04-30 14:27:39.515 | WARNING  | DuckDB     | DuckDB | 数据库占用中，准备重试... (3/5)
2026-04-30 14:27:40.110 | WARNING  | DuckDB     | DuckDB | 数据库占用中，准备重试... (4/5)
2026-04-30 14:27:40.707 | ERROR    | DuckDB     | DuckDB | 无法连接到数据库: IO Error: Cannot open file "E:\1target\p9_project\quant-platform\data\meta\meta.db": 另一个程序正在使用此文件，进程无法访问。

File is already open in 
D:\Program Files\Python313\python.exe (PID 68088)
2026-04-30 14:27:40.707 | ERROR    | DuckDB     | DuckDB | 初始化表结构失败: IO Error: Cannot open file "E:\1target\p9_project\quant-platform\data\meta\meta.db": 另一个程序正在使用此文件，进程无法访问。

File is already open in 
D:\Program Files\Python313\python.exe (PID 68088)
2026-04-30 14:29:00.561 | WARNING  | DuckDB     | DuckDB | 数据库占用中，准备重试... (1/5)
2026-04-30 14:29:01.156 | WARNING  | DuckDB     | DuckDB | 数据库占用中，准备重试... (2/5)
2026-04-30 14:29:01.753 | WARNING  | DuckDB     | DuckDB | 数据库占用中，准备重试... (3/5)
2026-04-30 14:29:02.350 | WARNING  | DuckDB     | DuckDB | 数据库占用中，准备重试... (4/5)
2026-04-30 14:29:02.948 | ERROR    | DuckDB     | DuckDB | 无法连接到数据库: IO Error: Cannot open file "E:\1target\p9_project\quant-platform\data\meta\meta.db": 另一个程序正在使用此文件，进程无法访问。

File is already open in 
D:\Program Files\Python313\python.exe (PID 68088)
2026-04-30 14:29:02.957 | ERROR    | DuckDB     | DuckDB | 初始化表结构失败: IO Error: Cannot open file "E:\1target\p9_project\quant-platform\data\meta\meta.db": 另一个程序正在使用此文件，进程无法访问。

File is already open in 
D:\Program Files\Python313\python.exe (PID 68088)
2026-04-30 14:29:46.237 | INFO     | DuckDB     | DuckDB | 所有核心表结构初始化完成 (含热点板块)
2026-04-30 14:29:46.237 | INFO     | DuckDB     | DuckDB 核心就绪: E:\1target\p9_project\quant-platform\data\meta\meta.db
2026-04-30 14:29:46.807 | INFO     | API-Server | P9 Quant Platform Background Tasks Startup...
2026-04-30 14:29:46.811 | INFO     | CronScheduler | CronScheduler | 每日数据收割机被安排在每个工作日的 08:30 执行。
2026-04-30 14:29:46.812 | INFO     | CronScheduler | CronScheduler | 每日数据收割机被安排在每个工作日的 17:30 执行。
2026-04-30 14:29:46.813 | INFO     | CronScheduler | CronScheduler | Redis→DuckDB 收割机已安排在每个工作日 15:30 执行。
2026-04-30 14:29:46.813 | INFO     | CronScheduler | CronScheduler | 概念数据同步已安排在每日 09:00 执行。
2026-04-30 14:29:46.814 | INFO     | CronScheduler | CronScheduler | 板块热度重算已安排在每个交易日 5 分钟/次。
2026-04-30 14:29:46.815 | INFO     | CronScheduler | CronScheduler | 收盘热度终版快照已安排在 15:30 执行。
2026-04-30 14:29:46.815 | INFO     | CronScheduler | CronScheduler | 自动调度服务(APScheduler) 已启动。
2026-04-30 14:29:51.835 | INFO     | ParquetPipeline | ParquetPipeline | Fetching daily k-lines from 20260420 to 20260430...
2026-04-30 14:29:51.996 | INFO     | ParquetPipeline | ParquetPipeline | Pulling market for 20260430...
2026-04-30 14:29:52.105 | INFO     | ParquetPipeline | ParquetPipeline | Pulling market for 20260429...
2026-04-30 14:29:52.898 | INFO     | ParquetPipeline | ParquetPipeline | Pulling market for 20260428...
2026-04-30 14:29:53.679 | INFO     | ParquetPipeline | ParquetPipeline | Pulling market for 20260427...
2026-04-30 14:29:54.566 | INFO     | ParquetPipeline | ParquetPipeline | Pulling market for 20260424...
2026-04-30 14:29:55.335 | INFO     | ParquetPipeline | ParquetPipeline | Pulling market for 20260423...
2026-04-30 14:29:56.257 | INFO     | ParquetPipeline | ParquetPipeline | Pulling market for 20260422...
2026-04-30 14:29:57.044 | INFO     | ParquetPipeline | ParquetPipeline | Pulling market for 20260421...
2026-04-30 14:29:58.087 | INFO     | ParquetPipeline | ParquetPipeline | Pulling market for 20260420...
2026-04-30 14:29:59.030 | INFO     | ParquetPipeline | ParquetPipeline | Writing 5509 stocks to Parquet...
2026-04-30 14:30:00.067 | INFO     | CronScheduler | CronScheduler | [热度计算] 开始刷新板块热度...
2026-04-30 14:30:00.701 | ERROR    | DuckDB     | DuckDB | 批量加载 K 线失败: Invalid Input Error: No magic bytes found at end of file 'E:\1target\p9_project\quant-platform\data\parquet\daily\601969.parquet'

LINE 3:             FROM read_parquet('E:\1target\p9_project\quant-platform\data...
                         ^
2026-04-30 14:30:00.703 | WARNING  | HeatCalc   | 无日线数据可用于热度计算
2026-04-30 14:30:24.516 | ERROR    | RedisManager | Redis 连接失败 (localhost:6379): Error 10061 connecting to localhost:6379. 由于目标计算机积极拒绝，无法连接。.
2026-04-30 14:30:35.991 | ERROR    | ParquetPipeline | ParquetPipeline | Sync failed: Could not open Parquet input source '<Buffer>': Parquet magic bytes not found in footer. Either the file is corrupted or this is not a parquet file.
2026-04-30 14:30:47.454 | INFO     | DuckDB     | DuckDB | 所有核心表结构初始化完成 (含热点板块)
2026-04-30 14:30:47.455 | INFO     | DuckDB     | DuckDB 核心就绪: E:\1target\p9_project\quant-platform\data\meta\meta.db
2026-04-30 14:30:47.970 | INFO     | API-Server | P9 Quant Platform Background Tasks Startup...
2026-04-30 14:30:47.973 | INFO     | CronScheduler | CronScheduler | 每日数据收割机被安排在每个工作日的 08:30 执行。
2026-04-30 14:30:47.974 | INFO     | CronScheduler | CronScheduler | 每日数据收割机被安排在每个工作日的 17:30 执行。
2026-04-30 14:30:47.974 | INFO     | CronScheduler | CronScheduler | Redis→DuckDB 收割机已安排在每个工作日 15:30 执行。
2026-04-30 14:30:47.975 | INFO     | CronScheduler | CronScheduler | 概念数据同步已安排在每日 09:00 执行。
2026-04-30 14:30:47.975 | INFO     | CronScheduler | CronScheduler | 板块热度重算已安排在每个交易日 5 分钟/次。
2026-04-30 14:30:47.975 | INFO     | CronScheduler | CronScheduler | 收盘热度终版快照已安排在 15:30 执行。
2026-04-30 14:30:47.975 | INFO     | CronScheduler | CronScheduler | 自动调度服务(APScheduler) 已启动。
2026-04-30 14:30:52.984 | INFO     | ParquetPipeline | ParquetPipeline | Fetching daily k-lines from 20260420 to 20260430...
2026-04-30 14:30:53.118 | INFO     | ParquetPipeline | ParquetPipeline | Pulling market for 20260430...
2026-04-30 14:30:53.249 | INFO     | ParquetPipeline | ParquetPipeline | Pulling market for 20260429...
2026-04-30 14:30:54.091 | INFO     | ParquetPipeline | ParquetPipeline | Pulling market for 20260428...
2026-04-30 14:30:54.941 | INFO     | ParquetPipeline | ParquetPipeline | Pulling market for 20260427...
2026-04-30 14:30:55.816 | INFO     | ParquetPipeline | ParquetPipeline | Pulling market for 20260424...
2026-04-30 14:30:56.606 | INFO     | ParquetPipeline | ParquetPipeline | Pulling market for 20260423...
2026-04-30 14:30:57.474 | INFO     | ParquetPipeline | ParquetPipeline | Pulling market for 20260422...
2026-04-30 14:30:58.306 | INFO     | ParquetPipeline | ParquetPipeline | Pulling market for 20260421...
2026-04-30 14:30:59.281 | INFO     | ParquetPipeline | ParquetPipeline | Pulling market for 20260420...
2026-04-30 14:31:00.125 | INFO     | ParquetPipeline | ParquetPipeline | Writing 5509 stocks to Parquet...
2026-04-30 14:31:23.237 | WARNING  | DuckDB     | DuckDB | 数据库占用中，准备重试... (1/5)
2026-04-30 14:31:23.840 | WARNING  | DuckDB     | DuckDB | 数据库占用中，准备重试... (2/5)
2026-04-30 14:31:24.440 | WARNING  | DuckDB     | DuckDB | 数据库占用中，准备重试... (3/5)
2026-04-30 14:31:25.040 | WARNING  | DuckDB     | DuckDB | 数据库占用中，准备重试... (4/5)
2026-04-30 14:31:25.643 | ERROR    | DuckDB     | DuckDB | 无法连接到数据库: IO Error: Cannot open file "E:\1target\p9_project\quant-platform\data\meta\meta.db": 另一个程序正在使用此文件，进程无法访问。

File is already open in 
D:\Program Files\Python313\python.exe (PID 22952)
2026-04-30 14:31:25.643 | ERROR    | DuckDB     | DuckDB | 初始化表结构失败: IO Error: Cannot open file "E:\1target\p9_project\quant-platform\data\meta\meta.db": 另一个程序正在使用此文件，进程无法访问。

File is already open in 
D:\Program Files\Python313\python.exe (PID 22952)
2026-04-30 14:31:38.333 | INFO     | DuckDB     | DuckDB | 所有核心表结构初始化完成 (含热点板块)
2026-04-30 14:31:38.333 | INFO     | DuckDB     | DuckDB 核心就绪: E:\1target\p9_project\quant-platform\data\meta\meta.db
2026-04-30 14:31:51.325 | INFO     | DuckDB     | DuckDB | 所有核心表结构初始化完成 (含热点板块)
2026-04-30 14:31:51.325 | INFO     | DuckDB     | DuckDB 核心就绪: E:\1target\p9_project\quant-platform\data\meta\meta.db
2026-04-30 14:32:49.274 | INFO     | DuckDB     | DuckDB | 所有核心表结构初始化完成 (含热点板块)
2026-04-30 14:32:49.274 | INFO     | DuckDB     | DuckDB 核心就绪: E:\1target\p9_project\quant-platform\data\meta\meta.db
2026-04-30 14:34:12.534 | INFO     | DuckDB     | DuckDB | 所有核心表结构初始化完成 (含热点板块)
2026-04-30 14:34:12.534 | INFO     | DuckDB     | DuckDB 核心就绪: E:\1target\p9_project\quant-platform\data\meta\meta.db
2026-04-30 14:34:55.519 | INFO     | DuckDB     | DuckDB | 所有核心表结构初始化完成 (含热点板块)
2026-04-30 14:34:55.520 | INFO     | DuckDB     | DuckDB 核心就绪: E:\1target\p9_project\quant-platform\data\meta\meta.db
2026-04-30 15:05:40.625 | INFO     | DuckDB     | DuckDB | 所有核心表结构初始化完成 (含热点板块)
2026-04-30 15:05:40.625 | INFO     | DuckDB     | DuckDB 核心就绪: E:\1target\p9_project\quant-platform\data\meta\meta.db
2026-04-30 15:12:08.548 | INFO     | DuckDB     | DuckDB | 所有核心表结构初始化完成 (含热点板块)
2026-04-30 15:12:08.549 | INFO     | DuckDB     | DuckDB 核心就绪: E:\1target\p9_project\quant-platform\data\meta\meta.db
2026-04-30 15:12:09.083 | INFO     | API-Server | P9 Quant Platform Background Tasks Startup...
2026-04-30 15:12:09.086 | INFO     | CronScheduler | CronScheduler | 每日数据收割机被安排在每个工作日的 08:30 执行。
2026-04-30 15:12:09.087 | INFO     | CronScheduler | CronScheduler | 每日数据收割机被安排在每个工作日的 17:30 执行。
2026-04-30 15:12:09.087 | INFO     | CronScheduler | CronScheduler | Redis→DuckDB 收割机已安排在每个工作日 15:30 执行。
2026-04-30 15:12:09.088 | INFO     | CronScheduler | CronScheduler | 概念数据同步已安排在每日 09:00 执行。
2026-04-30 15:12:09.088 | INFO     | CronScheduler | CronScheduler | 板块热度重算已安排在每个交易日 5 分钟/次。
2026-04-30 15:12:09.088 | INFO     | CronScheduler | CronScheduler | 收盘热度终版快照已安排在 15:30 执行。
2026-04-30 15:12:09.088 | INFO     | CronScheduler | CronScheduler | 自动调度服务(APScheduler) 已启动。
2026-04-30 15:12:14.104 | INFO     | ParquetPipeline | ParquetPipeline | Fetching daily k-lines from 20260420 to 20260430...
2026-04-30 15:12:14.250 | INFO     | ParquetPipeline | ParquetPipeline | Pulling market for 20260430...
2026-04-30 15:12:14.380 | INFO     | ParquetPipeline | ParquetPipeline | Pulling market for 20260429...
2026-04-30 15:12:15.249 | INFO     | ParquetPipeline | ParquetPipeline | Pulling market for 20260428...
2026-04-30 15:12:16.080 | INFO     | ParquetPipeline | ParquetPipeline | Pulling market for 20260427...
2026-04-30 15:12:17.003 | INFO     | ParquetPipeline | ParquetPipeline | Pulling market for 20260424...
2026-04-30 15:12:17.764 | INFO     | ParquetPipeline | ParquetPipeline | Pulling market for 20260423...
2026-04-30 15:12:18.692 | INFO     | ParquetPipeline | ParquetPipeline | Pulling market for 20260422...
2026-04-30 15:12:19.505 | INFO     | ParquetPipeline | ParquetPipeline | Pulling market for 20260421...
2026-04-30 15:12:20.491 | INFO     | ParquetPipeline | ParquetPipeline | Pulling market for 20260420...
2026-04-30 15:12:21.320 | INFO     | ParquetPipeline | ParquetPipeline | Writing 5509 stocks to Parquet...
2026-04-30 15:13:26.983 | ERROR    | ParquetPipeline | ParquetPipeline | Sync failed: Could not open Parquet input source '<Buffer>': Parquet magic bytes not found in footer. Either the file is corrupted or this is not a parquet file.
2026-04-30 15:13:39.728 | WARNING  | DuckDB     | DuckDB | 数据库占用中，准备重试... (1/5)
2026-04-30 15:13:40.321 | WARNING  | DuckDB     | DuckDB | 数据库占用中，准备重试... (2/5)
2026-04-30 15:13:40.915 | WARNING  | DuckDB     | DuckDB | 数据库占用中，准备重试... (3/5)
2026-04-30 15:13:41.510 | WARNING  | DuckDB     | DuckDB | 数据库占用中，准备重试... (4/5)
2026-04-30 15:13:42.105 | ERROR    | DuckDB     | DuckDB | 无法连接到数据库: IO Error: Cannot open file "E:\1target\p9_project\quant-platform\data\meta\meta.db": 另一个程序正在使用此文件，进程无法访问。

File is already open in 
D:\Program Files\Python313\python.exe (PID 21168)
2026-04-30 15:13:42.105 | ERROR    | DuckDB     | DuckDB | 初始化表结构失败: IO Error: Cannot open file "E:\1target\p9_project\quant-platform\data\meta\meta.db": 另一个程序正在使用此文件，进程无法访问。

File is already open in 
D:\Program Files\Python313\python.exe (PID 21168)
2026-04-30 15:13:56.969 | INFO     | DuckDB     | DuckDB | 所有核心表结构初始化完成 (含热点板块)
2026-04-30 15:13:56.970 | INFO     | DuckDB     | DuckDB 核心就绪: E:\1target\p9_project\quant-platform\data\meta\meta.db
2026-04-30 15:13:57.496 | INFO     | API-Server | P9 Quant Platform Background Tasks Startup...
2026-04-30 15:13:57.500 | INFO     | CronScheduler | CronScheduler | 每日数据收割机被安排在每个工作日的 08:30 执行。
2026-04-30 15:13:57.500 | INFO     | CronScheduler | CronScheduler | 每日数据收割机被安排在每个工作日的 17:30 执行。
2026-04-30 15:13:57.501 | INFO     | CronScheduler | CronScheduler | Redis→DuckDB 收割机已安排在每个工作日 15:30 执行。
2026-04-30 15:13:57.501 | INFO     | CronScheduler | CronScheduler | 概念数据同步已安排在每日 09:00 执行。
2026-04-30 15:13:57.501 | INFO     | CronScheduler | CronScheduler | 板块热度重算已安排在每个交易日 5 分钟/次。
2026-04-30 15:13:57.502 | INFO     | CronScheduler | CronScheduler | 收盘热度终版快照已安排在 15:30 执行。
2026-04-30 15:13:57.502 | INFO     | CronScheduler | CronScheduler | 自动调度服务(APScheduler) 已启动。
2026-04-30 15:14:02.521 | INFO     | ParquetPipeline | ParquetPipeline | Fetching daily k-lines from 20260420 to 20260430...
2026-04-30 15:14:02.669 | INFO     | ParquetPipeline | ParquetPipeline | Pulling market for 20260430...
2026-04-30 15:14:02.780 | INFO     | ParquetPipeline | ParquetPipeline | Pulling market for 20260429...
2026-04-30 15:14:03.643 | INFO     | ParquetPipeline | ParquetPipeline | Pulling market for 20260428...
2026-04-30 15:14:04.457 | INFO     | ParquetPipeline | ParquetPipeline | Pulling market for 20260427...
2026-04-30 15:14:05.384 | INFO     | ParquetPipeline | ParquetPipeline | Pulling market for 20260424...
2026-04-30 15:14:06.251 | INFO     | ParquetPipeline | ParquetPipeline | Pulling market for 20260423...
2026-04-30 15:14:07.145 | INFO     | ParquetPipeline | ParquetPipeline | Pulling market for 20260422...
2026-04-30 15:14:07.929 | INFO     | ParquetPipeline | ParquetPipeline | Pulling market for 20260421...
2026-04-30 15:14:08.844 | INFO     | ParquetPipeline | ParquetPipeline | Pulling market for 20260420...
2026-04-30 15:14:09.660 | INFO     | ParquetPipeline | ParquetPipeline | Writing 5509 stocks to Parquet...
2026-04-30 15:15:13.427 | INFO     | DuckDB     | DuckDB | 所有核心表结构初始化完成 (含热点板块)
2026-04-30 15:15:13.427 | INFO     | DuckDB     | DuckDB 核心就绪: E:\1target\p9_project\quant-platform\data\meta\meta.db
2026-04-30 15:15:13.978 | INFO     | LLMAdvisor | LLMAdvisor | 已连接 DeepSeek (deepseek-v4-pro)
2026-04-30 15:15:13.979 | INFO     | AIOptimizer | 🔄 [Phase 1] 加载日线数据 + 生成策略信号（此步骤只需执行一次）...
2026-04-30 15:15:13.979 | ERROR    | AIOptimizer | AI 优化引擎崩溃: 'gbk' codec can't encode character '\U0001f504' in position 11: illegal multibyte sequence
2026-04-30 15:15:13.980 | ERROR    | AIOptimizer | Traceback (most recent call last):
  File "E:\1target\p9_project\quant-platform\app\backtest\ai_optimizer.py", line 710, in run
    ok = self._prepare_data(
        strategy_name, strategy_params, start, end,
        exchanges, sectors, index_filter, min_mv, max_mv, log_cb
    )
  File "E:\1target\p9_project\quant-platform\app\backtest\ai_optimizer.py", line 205, in _prepare_data
    log_cb("🔄 [Phase 1] 加载日线数据 + 生成策略信号（此步骤只需执行一次）...")
    ~~~~~~^^^^^^^^^^^^^^^^^^^^^^^^^^^^^^^^^^^^^^^^^^^^^^^^^^^^^^^^^^^^^^^^^^^^^
  File "E:\1target\p9_project\quant-platform\app\backtest\ai_optimizer.py", line 705, in log_cb
    log_callback(msg)
    ~~~~~~~~~~~~^^^^^
  File "E:\1target\p9_project\quant-platform\_run_backtest.py", line 47, in log_cb
    print(f"[{timestamp}] {msg}")
    ~~~~~^^^^^^^^^^^^^^^^^^^^^^^^
UnicodeEncodeError: 'gbk' codec can't encode character '\U0001f504' in position 11: illegal multibyte sequence

2026-04-30 15:15:34.989 | INFO     | DuckDB     | DuckDB | 所有核心表结构初始化完成 (含热点板块)
2026-04-30 15:15:34.990 | INFO     | DuckDB     | DuckDB 核心就绪: E:\1target\p9_project\quant-platform\data\meta\meta.db
2026-04-30 15:15:35.547 | INFO     | LLMAdvisor | LLMAdvisor | 已连接 DeepSeek (deepseek-v4-pro)
2026-04-30 15:15:35.547 | INFO     | AIOptimizer | 🔄 [Phase 1] 加载日线数据 + 生成策略信号（此步骤只需执行一次）...
2026-04-30 15:16:26.029 | INFO     | AIOptimizer |   读取 Parquet 完成：5201 只股票 / 1 只缺失 / 1,659,045 条记录
2026-04-30 15:16:26.721 | INFO     | Screener   | 🧬 [Loader] 识别到类继承策略: MA5AngleOriginalStrategy
2026-04-30 15:16:30.498 | INFO     | AIOptimizer | ✅ [Phase 1] 完成：5201 只日线 / 9008 信号已缓存
2026-04-30 15:16:30.498 | INFO     | AIOptimizer | 🔧 预建 numpy 快速仿真索引...
2026-04-30 15:16:30.916 | INFO     | AIOptimizer |   索引就绪：5199 只股票 / 9008 信号
2026-04-30 15:16:30.992 | INFO     | AIOptimizer | 🌐 计算历史市场状态标签 (Regime)...
2026-04-30 15:16:30.995 | INFO     | RegimeDetector | Regime | 使用 中证A500（386 条，中位值 4801 点）
2026-04-30 15:16:31.002 | INFO     | RegimeDetector | Regime | 生成完毕 319 条标签 | 分布: {'牛市-高波': 5, '牛市-低波': 221, '熊市-低波': 69, '熊市-高波': 24}
2026-04-30 15:16:31.002 | INFO     | AIOptimizer | 🤖 [Phase 2] LLM 冷启动：读策略代码设计搜索空间...
2026-04-30 15:16:31.003 | INFO     | LLMAdvisor | LLMAdvisor | Call① 开始：冷启动搜索空间设计...
2026-04-30 15:17:04.504 | INFO     | LLMAdvisor | LLMAdvisor | Call① 完成 (33.5s)
2026-04-30 15:17:04.504 | WARNING  | LLMAdvisor | LLMAdvisor | Call① JSON 解析失败，使用默认空间
2026-04-30 15:17:04.504 | INFO     | AIOptimizer | ✅ [Phase 2] 搜索空间已确定（12 个参数）
2026-04-30 15:17:04.504 | INFO     | AIOptimizer | 🔍 [Phase 3] 探索期：12 组拉丁超立方采样...
2026-04-30 15:17:04.690 | INFO     | AIOptimizer |   探索 01/12 | score=1.480 | 平盈率=+1.48% | 胜率=49.8% | PF=1.55
2026-04-30 15:17:04.842 | INFO     | AIOptimizer |   探索 02/12 | score=1.367 | 平盈率=+1.37% | 胜率=46.4% | PF=1.49
2026-04-30 15:17:04.978 | INFO     | AIOptimizer |   探索 03/12 | score=1.067 | 平盈率=+1.07% | 胜率=51.8% | PF=1.44
2026-04-30 15:17:05.112 | INFO     | AIOptimizer |   探索 04/12 | score=1.037 | 平盈率=+1.04% | 胜率=47.7% | PF=1.46
2026-04-30 15:17:05.268 | INFO     | AIOptimizer |   探索 05/12 | score=1.531 | 平盈率=+1.53% | 胜率=48.7% | PF=1.54
2026-04-30 15:17:05.415 | INFO     | AIOptimizer |   探索 06/12 | score=1.304 | 平盈率=+1.30% | 胜率=47.0% | PF=1.52
2026-04-30 15:17:05.549 | INFO     | AIOptimizer |   探索 07/12 | score=1.136 | 平盈率=+1.14% | 胜率=44.2% | PF=1.49
2026-04-30 15:17:05.694 | INFO     | AIOptimizer |   探索 08/12 | score=1.340 | 平盈率=+1.34% | 胜率=48.4% | PF=1.51
2026-04-30 15:17:05.844 | INFO     | AIOptimizer |   探索 09/12 | score=1.399 | 平盈率=+1.40% | 胜率=46.6% | PF=1.53
2026-04-30 15:17:06.011 | INFO     | AIOptimizer |   探索 10/12 | score=1.795 | 平盈率=+1.79% | 胜率=53.9% | PF=1.57
2026-04-30 15:17:06.167 | INFO     | AIOptimizer |   探索 11/12 | score=1.552 | 平盈率=+1.55% | 胜率=47.0% | PF=1.54
2026-04-30 15:17:06.298 | INFO     | AIOptimizer |   探索 12/12 | score=1.040 | 平盈率=+1.04% | 胜率=38.1% | PF=1.49
2026-04-30 15:17:08.041 | INFO     | AIOptimizer | 📊 市场状态分析：{'未知': {'count': 104170, 'avg_pnl': 1.336, 'win_rate': 47.4, 'max_pnl': 36.969, 'min_pnl': -36.019}}
2026-04-30 15:17:08.042 | INFO     | AIOptimizer | 🤖 [Phase 4] LLM 分析探索结果，收窄搜索空间...
2026-04-30 15:17:08.042 | INFO     | LLMAdvisor | LLMAdvisor | Call② 开始：探索结果分析...
2026-04-30 15:17:40.494 | INFO     | LLMAdvisor | LLMAdvisor | Call② 完成 (32.5s)
2026-04-30 15:17:40.494 | INFO     | AIOptimizer | ✅ [Phase 4] 精化完成
2026-04-30 15:17:40.583 | INFO     | AIOptimizer | 🤖 [Phase 5] 贝叶斯精化：50 次 Optuna 探索...
2026-04-30 15:17:40.720 | INFO     | AIOptimizer |   Optuna 01/50 | 当前最优平盈率: +1.09%
2026-04-30 15:17:42.031 | INFO     | AIOptimizer |   Optuna 10/50 | 当前最优平盈率: +1.71%
2026-04-30 15:17:43.709 | INFO     | AIOptimizer |   Optuna 20/50 | 当前最优平盈率: +1.82%
2026-04-30 15:17:45.369 | INFO     | AIOptimizer |   Optuna 30/50 | 当前最优平盈率: +1.86%
2026-04-30 15:17:47.088 | INFO     | AIOptimizer |   Optuna 40/50 | 当前最优平盈率: +1.97%
2026-04-30 15:17:48.810 | INFO     | AIOptimizer |   Optuna 50/50 | 当前最优平盈率: +1.97%
2026-04-30 15:17:48.810 | INFO     | AIOptimizer | 🏆 最优平盈率: +1.97% (score=1.972)
2026-04-30 15:17:48.811 | INFO     | AIOptimizer | 📊 [Phase 6] Walk-Forward 验证（anchored expanding window, 5 折, OOS≈69d, 初始IS≈207d）...
2026-04-30 15:17:48.933 | INFO     | AIOptimizer |   WFO #1.1: IS=+2.31% OOS=+2.06% (2025-07-27~2025-10-03, 68d, 1015笔)
2026-04-30 15:17:49.077 | INFO     | AIOptimizer |   WFO #1.2: IS=+2.63% OOS=-0.18% (2025-10-04~2025-12-11, 68d, 831笔)
2026-04-30 15:17:49.247 | INFO     | AIOptimizer |   WFO #1.3: IS=+2.22% OOS=+4.34% (2025-12-12~2026-02-18, 68d, 942笔)
2026-04-30 15:17:49.432 | INFO     | AIOptimizer |   WFO #1.4: IS=+2.45% OOS=-3.03% (2026-02-19~2026-04-28, 68d, 633笔)
2026-04-30 15:17:49.432 | INFO     | AIOptimizer |   WFO #1: WFE=0.33±1.18 ⚠️ 衰减 (4折 | IS=+2.40% OOS=+0.80%)
2026-04-30 15:17:49.553 | INFO     | AIOptimizer |   WFO #2.1: IS=+2.21% OOS=+2.23% (2025-07-27~2025-10-03, 68d, 1023笔)
2026-04-30 15:17:49.696 | INFO     | AIOptimizer |   WFO #2.2: IS=+2.49% OOS=-0.03% (2025-10-04~2025-12-11, 68d, 835笔)
2026-04-30 15:17:49.866 | INFO     | AIOptimizer |   WFO #2.3: IS=+2.10% OOS=+4.16% (2025-12-12~2026-02-18, 68d, 956笔)
2026-04-30 15:17:50.046 | INFO     | AIOptimizer |   WFO #2.4: IS=+2.32% OOS=-2.55% (2026-02-19~2026-04-28, 68d, 645笔)
2026-04-30 15:17:50.046 | INFO     | AIOptimizer |   WFO #2: WFE=0.42±1.15 ⚠️ 衰减 (4折 | IS=+2.28% OOS=+0.95%)
2026-04-30 15:17:50.167 | INFO     | AIOptimizer |   WFO #3.1: IS=+2.21% OOS=+2.16% (2025-07-27~2025-10-03, 68d, 1027笔)
2026-04-30 15:17:50.309 | INFO     | AIOptimizer |   WFO #3.2: IS=+2.49% OOS=-0.05% (2025-10-04~2025-12-11, 68d, 834笔)
2026-04-30 15:17:50.477 | INFO     | AIOptimizer |   WFO #3.3: IS=+2.11% OOS=+4.14% (2025-12-12~2026-02-18, 68d, 960笔)
2026-04-30 15:17:50.658 | INFO     | AIOptimizer |   WFO #3.4: IS=+2.33% OOS=-2.68% (2026-02-19~2026-04-28, 68d, 647笔)
2026-04-30 15:17:50.659 | INFO     | AIOptimizer |   WFO #3: WFE=0.39±1.16 ⚠️ 衰减 (4折 | IS=+2.28% OOS=+0.89%)
2026-04-30 15:17:50.783 | INFO     | AIOptimizer |   WFO #4.1: IS=+2.25% OOS=+2.06% (2025-07-27~2025-10-03, 68d, 1040笔)
2026-04-30 15:17:50.925 | INFO     | AIOptimizer |   WFO #4.2: IS=+2.47% OOS=+0.03% (2025-10-04~2025-12-11, 68d, 846笔)
2026-04-30 15:17:51.091 | INFO     | AIOptimizer |   WFO #4.3: IS=+2.11% OOS=+3.97% (2025-12-12~2026-02-18, 68d, 975笔)
2026-04-30 15:17:51.270 | INFO     | AIOptimizer |   WFO #4.4: IS=+2.31% OOS=-2.45% (2026-02-19~2026-04-28, 68d, 666笔)
2026-04-30 15:17:51.270 | INFO     | AIOptimizer |   WFO #4: WFE=0.40±1.09 ⚠️ 衰减 (4折 | IS=+2.28% OOS=+0.90%)
2026-04-30 15:17:51.393 | INFO     | AIOptimizer |   WFO #5.1: IS=+2.21% OOS=+2.20% (2025-07-27~2025-10-03, 68d, 1024笔)
2026-04-30 15:17:51.536 | INFO     | AIOptimizer |   WFO #5.2: IS=+2.49% OOS=-0.04% (2025-10-04~2025-12-11, 68d, 835笔)
2026-04-30 15:17:51.703 | INFO     | AIOptimizer |   WFO #5.3: IS=+2.10% OOS=+4.14% (2025-12-12~2026-02-18, 68d, 956笔)
2026-04-30 15:17:51.884 | INFO     | AIOptimizer |   WFO #5.4: IS=+2.32% OOS=-2.59% (2026-02-19~2026-04-28, 68d, 645笔)
2026-04-30 15:17:51.884 | INFO     | AIOptimizer |   WFO #5: WFE=0.41±1.15 ⚠️ 衰减 (4折 | IS=+2.28% OOS=+0.93%)
2026-04-30 15:17:52.061 | INFO     | AIOptimizer | 🤖 [Phase 7] 生成 LLM 最终分析报告...
2026-04-30 15:17:52.061 | INFO     | LLMAdvisor | LLMAdvisor | Call③ 开始：生成最终分析报告...
2026-04-30 15:18:14.213 | INFO     | LLMAdvisor | LLMAdvisor | Call③ 完成 (22.2s)
2026-04-30 15:18:14.213 | INFO     | AIOptimizer | ✅ 分析报告已生成
2026-04-30 15:18:14.213 | INFO     | AIOptimizer | 🎉 AI 回测优化完成！共 62 次探索，最优平盈率 +1.97%
2026-04-30 15:19:44.865 | INFO     | DuckDB     | DuckDB | 所有核心表结构初始化完成 (含热点板块)
2026-04-30 15:19:44.865 | INFO     | DuckDB     | DuckDB 核心就绪: E:\1target\p9_project\quant-platform\data\meta\meta.db
2026-04-30 15:19:45.399 | INFO     | LLMAdvisor | LLMAdvisor | 已连接 DeepSeek (deepseek-v4-pro)
2026-04-30 15:19:45.400 | INFO     | AIOptimizer | 🔄 [Phase 1] 加载日线数据 + 生成策略信号（此步骤只需执行一次）...
2026-04-30 15:20:02.057 | INFO     | AIOptimizer |   读取 Parquet 完成：5201 只股票 / 1 只缺失 / 1,659,045 条记录
2026-04-30 15:20:02.752 | INFO     | Screener   | 🧬 [Loader] 识别到类继承策略: MA5AngleOriginalStrategy
2026-04-30 15:20:06.531 | INFO     | AIOptimizer | ✅ [Phase 1] 完成：5201 只日线 / 9008 信号已缓存
2026-04-30 15:20:06.531 | INFO     | AIOptimizer | 🔧 预建 numpy 快速仿真索引...
2026-04-30 15:20:06.943 | INFO     | AIOptimizer |   索引就绪：5199 只股票 / 9008 信号
2026-04-30 15:20:07.018 | INFO     | AIOptimizer | 🌐 计算历史市场状态标签 (Regime)...
2026-04-30 15:20:07.022 | INFO     | RegimeDetector | Regime | 使用 中证A500（386 条，中位值 4801 点）
2026-04-30 15:20:07.028 | INFO     | RegimeDetector | Regime | 生成完毕 319 条标签 | 分布: {'牛市-高波': 5, '熊市-低波': 69, '牛市-低波': 221, '熊市-高波': 24}
2026-04-30 15:20:07.029 | INFO     | AIOptimizer | 🤖 [Phase 2] LLM 冷启动：读策略代码设计搜索空间...
2026-04-30 15:20:07.029 | INFO     | LLMAdvisor | LLMAdvisor | Call① 开始：冷启动搜索空间设计...
2026-04-30 15:20:35.931 | INFO     | LLMAdvisor | LLMAdvisor | Call① 完成 (28.9s)
2026-04-30 15:20:35.932 | INFO     | LLMAdvisor | LLMAdvisor | Call① 成功：12 个参数范围已设计
2026-04-30 15:20:35.932 | INFO     | AIOptimizer | ✅ [Phase 2] 搜索空间已确定（12 个参数）
2026-04-30 15:20:35.932 | INFO     | AIOptimizer | 🔍 [Phase 3] 探索期：12 组拉丁超立方采样...
2026-04-30 15:20:36.121 | INFO     | AIOptimizer |   探索 01/12 | score=1.563 | 平盈率=+1.56% | 胜率=51.9% | PF=1.58
2026-04-30 15:20:36.276 | INFO     | AIOptimizer |   探索 02/12 | score=1.579 | 平盈率=+1.58% | 胜率=47.2% | PF=1.55
2026-04-30 15:20:36.424 | INFO     | AIOptimizer |   探索 03/12 | score=1.378 | 平盈率=+1.38% | 胜率=44.3% | PF=1.52
2026-04-30 15:20:36.596 | INFO     | AIOptimizer |   探索 04/12 | score=1.853 | 平盈率=+1.85% | 胜率=51.5% | PF=1.56
2026-04-30 15:20:36.754 | INFO     | AIOptimizer |   探索 05/12 | score=1.518 | 平盈率=+1.52% | 胜率=46.5% | PF=1.55
2026-04-30 15:20:36.927 | INFO     | AIOptimizer |   探索 06/12 | score=1.944 | 平盈率=+1.94% | 胜率=51.2% | PF=1.61
2026-04-30 15:20:37.099 | INFO     | AIOptimizer |   探索 07/12 | score=1.845 | 平盈率=+1.84% | 胜率=43.8% | PF=1.58
2026-04-30 15:20:37.245 | INFO     | AIOptimizer |   探索 08/12 | score=1.369 | 平盈率=+1.37% | 胜率=51.5% | PF=1.54
2026-04-30 15:20:37.403 | INFO     | AIOptimizer |   探索 09/12 | score=1.502 | 平盈率=+1.50% | 胜率=42.3% | PF=1.52
2026-04-30 15:20:37.567 | INFO     | AIOptimizer |   探索 10/12 | score=1.618 | 平盈率=+1.62% | 胜率=48.2% | PF=1.55
2026-04-30 15:20:37.736 | INFO     | AIOptimizer |   探索 11/12 | score=1.743 | 平盈率=+1.74% | 胜率=49.5% | PF=1.57
2026-04-30 15:20:37.895 | INFO     | AIOptimizer |   探索 12/12 | score=1.476 | 平盈率=+1.48% | 胜率=40.4% | PF=1.51
2026-04-30 15:20:39.797 | INFO     | AIOptimizer | 📊 市场状态分析：{'牛市-低波': {'count': 74192, 'avg_pnl': 1.071, 'win_rate': 44.3, 'max_pnl': 43.544, 'min_pnl': -36.019}, '熊市-低波': {'count': 17990, 'avg_pnl': 3.104, 'win_rate': 54.1, 'max_pnl': 40.469, 'min_pnl': -26.582}, '熊市-高波': {'count': 10796, 'avg_pnl': 3.144, 'win_rate': 58.2, 'max_pnl': 38.996, 'min_pnl': -30.393}, '牛市-高波': {'count': 458, 'avg_pnl': -4.991, 'win_rate': 15.3, 'max_pnl': 23.63, 'min_pnl': -15.474}}
2026-04-30 15:20:39.797 | INFO     | AIOptimizer | 🤖 [Phase 4] LLM 分析探索结果，收窄搜索空间...
2026-04-30 15:20:39.797 | INFO     | LLMAdvisor | LLMAdvisor | Call② 开始：探索结果分析...
2026-04-30 15:21:11.039 | INFO     | LLMAdvisor | LLMAdvisor | Call② 完成 (31.2s)
2026-04-30 15:21:11.039 | INFO     | AIOptimizer | ✅ [Phase 4] 精化完成
2026-04-30 15:21:11.127 | INFO     | AIOptimizer | 🤖 [Phase 5] 贝叶斯精化：50 次 Optuna 探索...
2026-04-30 15:21:11.285 | INFO     | AIOptimizer |   Optuna 01/50 | 当前最优平盈率: +1.50%
2026-04-30 15:21:12.735 | INFO     | AIOptimizer |   Optuna 10/50 | 当前最优平盈率: +1.95%
2026-04-30 15:21:14.495 | INFO     | AIOptimizer |   Optuna 20/50 | 当前最优平盈率: +2.04%
2026-04-30 15:21:16.257 | INFO     | AIOptimizer |   Optuna 30/50 | 当前最优平盈率: +2.04%
2026-04-30 15:21:18.065 | INFO     | AIOptimizer |   Optuna 40/50 | 当前最优平盈率: +2.04%
2026-04-30 15:21:19.826 | INFO     | AIOptimizer |   Optuna 50/50 | 当前最优平盈率: +2.05%
2026-04-30 15:21:19.827 | INFO     | AIOptimizer | 🏆 最优平盈率: +2.05% (score=2.047)
2026-04-30 15:21:19.827 | INFO     | AIOptimizer | 📊 [Phase 6] Walk-Forward 验证（anchored expanding window, 5 折, OOS≈69d, 初始IS≈207d）...
2026-04-30 15:21:19.951 | INFO     | AIOptimizer |   WFO #1.1: IS=+2.39% OOS=+1.60% (2025-07-27~2025-10-03, 68d, 1033笔)
2026-04-30 15:21:20.096 | INFO     | AIOptimizer |   WFO #1.2: IS=+2.68% OOS=-0.66% (2025-10-04~2025-12-11, 68d, 842笔)
2026-04-30 15:21:20.267 | INFO     | AIOptimizer |   WFO #1.3: IS=+2.30% OOS=+4.21% (2025-12-12~2026-02-18, 68d, 957笔)
2026-04-30 15:21:20.451 | INFO     | AIOptimizer |   WFO #1.4: IS=+2.54% OOS=-3.56% (2026-02-19~2026-04-28, 68d, 653笔)
2026-04-30 15:21:20.451 | INFO     | AIOptimizer |   WFO #1: WFE=0.16±1.19 ❌ 过拟合风险 (4折 | IS=+2.48% OOS=+0.40%)
2026-04-30 15:21:20.577 | INFO     | AIOptimizer |   WFO #2.1: IS=+2.40% OOS=+1.63% (2025-07-27~2025-10-03, 68d, 1028笔)
2026-04-30 15:21:20.725 | INFO     | AIOptimizer |   WFO #2.2: IS=+2.69% OOS=-0.67% (2025-10-04~2025-12-11, 68d, 842笔)
2026-04-30 15:21:20.900 | INFO     | AIOptimizer |   WFO #2.3: IS=+2.31% OOS=+4.23% (2025-12-12~2026-02-18, 68d, 953笔)
2026-04-30 15:21:21.084 | INFO     | AIOptimizer |   WFO #2.4: IS=+2.54% OOS=-3.46% (2026-02-19~2026-04-28, 68d, 656笔)
2026-04-30 15:21:21.085 | INFO     | AIOptimizer |   WFO #2: WFE=0.17±1.18 ❌ 过拟合风险 (4折 | IS=+2.49% OOS=+0.44%)
2026-04-30 15:21:21.208 | INFO     | AIOptimizer |   WFO #3.1: IS=+2.38% OOS=+1.59% (2025-07-27~2025-10-03, 68d, 1031笔)
2026-04-30 15:21:21.354 | INFO     | AIOptimizer |   WFO #3.2: IS=+2.67% OOS=-0.65% (2025-10-04~2025-12-11, 68d, 841笔)
2026-04-30 15:21:21.529 | INFO     | AIOptimizer |   WFO #3.3: IS=+2.29% OOS=+4.24% (2025-12-12~2026-02-18, 68d, 953笔)
2026-04-30 15:21:21.717 | INFO     | AIOptimizer |   WFO #3.4: IS=+2.53% OOS=-3.44% (2026-02-19~2026-04-28, 68d, 655笔)
2026-04-30 15:21:21.717 | INFO     | AIOptimizer |   WFO #3: WFE=0.18±1.18 ❌ 过拟合风险 (4折 | IS=+2.47% OOS=+0.43%)
2026-04-30 15:21:21.842 | INFO     | AIOptimizer |   WFO #4.1: IS=+2.47% OOS=+1.69% (2025-07-27~2025-10-03, 68d, 1012笔)
2026-04-30 15:21:21.986 | INFO     | AIOptimizer |   WFO #4.2: IS=+2.58% OOS=+0.06% (2025-10-04~2025-12-11, 68d, 833笔)
2026-04-30 15:21:22.159 | INFO     | AIOptimizer |   WFO #4.3: IS=+2.26% OOS=+4.44% (2025-12-12~2026-02-18, 68d, 943笔)
2026-04-30 15:21:22.343 | INFO     | AIOptimizer |   WFO #4.4: IS=+2.51% OOS=-3.61% (2026-02-19~2026-04-28, 68d, 640笔)
2026-04-30 15:21:22.344 | INFO     | AIOptimizer |   WFO #4: WFE=0.26±1.23 ❌ 过拟合风险 (4折 | IS=+2.46% OOS=+0.64%)
2026-04-30 15:21:22.470 | INFO     | AIOptimizer |   WFO #5.1: IS=+2.38% OOS=+1.57% (2025-07-27~2025-10-03, 68d, 1034笔)
2026-04-30 15:21:22.617 | INFO     | AIOptimizer |   WFO #5.2: IS=+2.66% OOS=-0.70% (2025-10-04~2025-12-11, 68d, 843笔)
2026-04-30 15:21:22.791 | INFO     | AIOptimizer |   WFO #5.3: IS=+2.29% OOS=+4.19% (2025-12-12~2026-02-18, 68d, 954笔)
2026-04-30 15:21:22.979 | INFO     | AIOptimizer |   WFO #5.4: IS=+2.53% OOS=-3.57% (2026-02-19~2026-04-28, 68d, 653笔)
2026-04-30 15:21:22.980 | INFO     | AIOptimizer |   WFO #5: WFE=0.15±1.19 ❌ 过拟合风险 (4折 | IS=+2.47% OOS=+0.37%)
2026-04-30 15:21:23.156 | INFO     | AIOptimizer | 🤖 [Phase 7] 生成 LLM 最终分析报告...
2026-04-30 15:21:23.157 | INFO     | LLMAdvisor | LLMAdvisor | Call③ 开始：生成最终分析报告...
2026-04-30 15:22:13.020 | INFO     | LLMAdvisor | LLMAdvisor | Call③ 完成 (49.9s)
2026-04-30 15:22:13.020 | INFO     | AIOptimizer | ✅ 分析报告已生成
2026-04-30 15:22:13.020 | INFO     | AIOptimizer | 🎉 AI 回测优化完成！共 62 次探索，最优平盈率 +2.05%
2026-04-30 15:29:38.268 | INFO     | DuckDB     | DuckDB | 所有核心表结构初始化完成 (含热点板块)
2026-04-30 15:29:38.268 | INFO     | DuckDB     | DuckDB 核心就绪: E:\1target\p9_project\quant-platform\data\meta\meta.db
2026-04-30 15:29:39.546 | INFO     | LLMAdvisor | LLMAdvisor | 已连接 DeepSeek (deepseek-v4-pro)
2026-04-30 15:29:39.547 | INFO     | AIOptimizer | 🔄 [Phase 1] 加载日线数据 + 生成策略信号（此步骤只需执行一次）...
2026-04-30 15:30:43.073 | INFO     | AIOptimizer |   读取 Parquet 完成：5201 只股票 / 1 只缺失 / 1,659,045 条记录
2026-04-30 15:30:43.773 | INFO     | Screener   | 🧬 [Loader] 识别到类继承策略: MA5AngleOriginalStrategy
2026-04-30 15:30:47.432 | INFO     | AIOptimizer | ✅ [Phase 1] 完成：5201 只日线 / 9008 信号已缓存
2026-04-30 15:30:47.432 | INFO     | AIOptimizer | 🔧 预建 numpy 快速仿真索引...
2026-04-30 15:30:47.885 | INFO     | AIOptimizer |   索引就绪：5199 只股票 / 9008 信号
2026-04-30 15:30:47.969 | INFO     | AIOptimizer | 🌐 计算历史市场状态标签 (Regime)...
2026-04-30 15:30:47.982 | INFO     | RegimeDetector | Regime | 使用 中证A500（386 条，中位值 4801 点）
2026-04-30 15:30:47.988 | INFO     | RegimeDetector | Regime | 生成完毕 319 条标签 | 分布: {'熊市-低波': 69, '熊市-高波': 24, '牛市-低波': 221, '牛市-高波': 5}
2026-04-30 15:30:47.988 | INFO     | AIOptimizer | 🤖 [Phase 2] LLM 冷启动：读策略代码设计搜索空间...
2026-04-30 15:30:47.989 | INFO     | LLMAdvisor | LLMAdvisor | Call① 开始：冷启动搜索空间设计...
2026-04-30 15:31:28.489 | INFO     | LLMAdvisor | LLMAdvisor | Call① 完成 (40.5s)
2026-04-30 15:31:28.489 | INFO     | LLMAdvisor | LLMAdvisor | Call① 成功：12 个参数范围已设计
2026-04-30 15:31:28.489 | INFO     | AIOptimizer | ✅ [Phase 2] 搜索空间已确定（12 个参数）
2026-04-30 15:31:28.489 | INFO     | AIOptimizer | 🔍 [Phase 3] 探索期：12 组拉丁超立方采样...
2026-04-30 15:31:28.618 | INFO     | AIOptimizer |   探索 01/12 | score=0.901 | 平盈率=+0.90% | 胜率=52.6% | PF=1.51
2026-04-30 15:31:28.762 | INFO     | AIOptimizer |   探索 02/12 | score=1.001 | 平盈率=+1.00% | 胜率=52.9% | PF=1.44
2026-04-30 15:31:28.898 | INFO     | AIOptimizer |   探索 03/12 | score=0.925 | 平盈率=+0.93% | 胜率=49.2% | PF=1.46
2026-04-30 15:31:29.040 | INFO     | AIOptimizer |   探索 04/12 | score=0.997 | 平盈率=+1.00% | 胜率=49.0% | PF=1.44
2026-04-30 15:31:29.169 | INFO     | AIOptimizer |   探索 05/12 | score=0.660 | 平盈率=+0.66% | 胜率=48.9% | PF=1.42
2026-04-30 15:31:29.306 | INFO     | AIOptimizer |   探索 06/12 | score=0.917 | 平盈率=+0.92% | 胜率=51.5% | PF=1.52
2026-04-30 15:31:29.453 | INFO     | AIOptimizer |   探索 07/12 | score=1.040 | 平盈率=+1.04% | 胜率=52.0% | PF=1.45
2026-04-30 15:31:29.603 | INFO     | AIOptimizer |   探索 08/12 | score=1.151 | 平盈率=+1.15% | 胜率=50.7% | PF=1.50
2026-04-30 15:31:29.752 | INFO     | AIOptimizer |   探索 09/12 | score=1.052 | 平盈率=+1.05% | 胜率=53.1% | PF=1.45
2026-04-30 15:31:29.876 | INFO     | AIOptimizer |   探索 10/12 | score=0.692 | 平盈率=+0.69% | 胜率=49.5% | PF=1.43
2026-04-30 15:31:30.016 | INFO     | AIOptimizer |   探索 11/12 | score=0.988 | 平盈率=+0.99% | 胜率=51.3% | PF=1.46
2026-04-30 15:31:30.152 | INFO     | AIOptimizer |   探索 12/12 | score=0.878 | 平盈率=+0.88% | 胜率=51.1% | PF=1.44
2026-04-30 15:31:31.784 | INFO     | AIOptimizer | 📊 市场状态分析：{'牛市-低波': {'count': 74625, 'avg_pnl': 0.563, 'win_rate': 48.0, 'max_pnl': 37.495, 'min_pnl': -36.019}, '熊市-低波': {'count': 18012, 'avg_pnl': 1.706, 'win_rate': 57.0, 'max_pnl': 36.899, 'min_pnl': -22.075}, '熊市-高波': {'count': 11652, 'avg_pnl': 2.23, 'win_rate': 61.5, 'max_pnl': 32.279, 'min_pnl': -18.603}, '牛市-高波': {'count': 841, 'avg_pnl': -0.747, 'win_rate': 41.0, 'max_pnl': 22.27, 'min_pnl': -15.474}}
2026-04-30 15:31:31.784 | INFO     | AIOptimizer | 🤖 [Phase 4] LLM 分析探索结果，收窄搜索空间...
2026-04-30 15:31:31.784 | INFO     | LLMAdvisor | LLMAdvisor | Call② 开始：探索结果分析...
2026-04-30 15:32:05.601 | INFO     | LLMAdvisor | LLMAdvisor | Call② 完成 (33.8s)
2026-04-30 15:32:05.601 | INFO     | AIOptimizer | ✅ [Phase 4] 精化完成
2026-04-30 15:32:05.999 | INFO     | AIOptimizer | 🤖 [Phase 5] 贝叶斯精化：50 次 Optuna 探索...
2026-04-30 15:32:06.128 | INFO     | AIOptimizer |   Optuna 01/50 | 当前最优平盈率: +0.91%
2026-04-30 15:32:07.385 | INFO     | AIOptimizer |   Optuna 10/50 | 当前最优平盈率: +1.21%
2026-04-30 15:32:08.904 | INFO     | AIOptimizer |   Optuna 20/50 | 当前最优平盈率: +1.24%
2026-04-30 15:32:10.454 | INFO     | AIOptimizer |   Optuna 30/50 | 当前最优平盈率: +1.26%
2026-04-30 15:32:11.998 | INFO     | AIOptimizer |   Optuna 40/50 | 当前最优平盈率: +1.26%
2026-04-30 15:32:13.573 | INFO     | AIOptimizer |   Optuna 50/50 | 当前最优平盈率: +1.27%
2026-04-30 15:32:13.574 | INFO     | AIOptimizer | 🏆 最优平盈率: +1.27% (score=1.266)
2026-04-30 15:32:13.574 | INFO     | AIOptimizer | 📊 [Phase 6] Walk-Forward 验证（anchored expanding window, 5 折, OOS≈69d, 初始IS≈207d）...
2026-04-30 15:32:13.687 | INFO     | AIOptimizer |   WFO #1.1: IS=+1.45% OOS=+1.74% (2025-07-27~2025-10-03, 68d, 1136笔)
2026-04-30 15:32:13.814 | INFO     | AIOptimizer |   WFO #1.2: IS=+1.48% OOS=+0.81% (2025-10-04~2025-12-11, 68d, 934笔)
2026-04-30 15:32:13.968 | INFO     | AIOptimizer |   WFO #1.3: IS=+1.38% OOS=+2.28% (2025-12-12~2026-02-18, 68d, 1110笔)
2026-04-30 15:32:14.130 | INFO     | AIOptimizer |   WFO #1.4: IS=+1.49% OOS=-1.22% (2026-02-19~2026-04-28, 68d, 800笔)
2026-04-30 15:32:14.130 | INFO     | AIOptimizer |   WFO #1: WFE=0.62±0.93 ⚠️ 衰减 (4折 | IS=+1.45% OOS=+0.90%)
2026-04-30 15:32:14.245 | INFO     | AIOptimizer |   WFO #2.1: IS=+1.46% OOS=+1.74% (2025-07-27~2025-10-03, 68d, 1136笔)
2026-04-30 15:32:14.375 | INFO     | AIOptimizer |   WFO #2.2: IS=+1.48% OOS=+0.81% (2025-10-04~2025-12-11, 68d, 933笔)
2026-04-30 15:32:14.526 | INFO     | AIOptimizer |   WFO #2.3: IS=+1.38% OOS=+2.29% (2025-12-12~2026-02-18, 68d, 1114笔)
2026-04-30 15:32:14.688 | INFO     | AIOptimizer |   WFO #2.4: IS=+1.49% OOS=-1.19% (2026-02-19~2026-04-28, 68d, 799笔)
2026-04-30 15:32:14.689 | INFO     | AIOptimizer |   WFO #2: WFE=0.63±0.92 ⚠️ 衰减 (4折 | IS=+1.45% OOS=+0.91%)
2026-04-30 15:32:14.803 | INFO     | AIOptimizer |   WFO #3.1: IS=+1.45% OOS=+1.73% (2025-07-27~2025-10-03, 68d, 1137笔)
2026-04-30 15:32:14.930 | INFO     | AIOptimizer |   WFO #3.2: IS=+1.47% OOS=+0.83% (2025-10-04~2025-12-11, 68d, 934笔)
2026-04-30 15:32:15.083 | INFO     | AIOptimizer |   WFO #3.3: IS=+1.38% OOS=+2.21% (2025-12-12~2026-02-18, 68d, 1110笔)
2026-04-30 15:32:15.243 | INFO     | AIOptimizer |   WFO #3.4: IS=+1.48% OOS=-1.21% (2026-02-19~2026-04-28, 68d, 798笔)
2026-04-30 15:32:15.243 | INFO     | AIOptimizer |   WFO #3: WFE=0.61±0.91 ⚠️ 衰减 (4折 | IS=+1.45% OOS=+0.89%)
2026-04-30 15:32:15.358 | INFO     | AIOptimizer |   WFO #4.1: IS=+1.44% OOS=+1.75% (2025-07-27~2025-10-03, 68d, 1136笔)
2026-04-30 15:32:15.485 | INFO     | AIOptimizer |   WFO #4.2: IS=+1.47% OOS=+0.77% (2025-10-04~2025-12-11, 68d, 934笔)
2026-04-30 15:32:15.638 | INFO     | AIOptimizer |   WFO #4.3: IS=+1.38% OOS=+2.22% (2025-12-12~2026-02-18, 68d, 1112笔)
2026-04-30 15:32:15.799 | INFO     | AIOptimizer |   WFO #4.4: IS=+1.48% OOS=-1.18% (2026-02-19~2026-04-28, 68d, 802笔)
2026-04-30 15:32:15.800 | INFO     | AIOptimizer |   WFO #4: WFE=0.62±0.91 ⚠️ 衰减 (4折 | IS=+1.44% OOS=+0.89%)
2026-04-30 15:32:15.912 | INFO     | AIOptimizer |   WFO #5.1: IS=+1.40% OOS=+1.72% (2025-07-27~2025-10-03, 68d, 1134笔)
2026-04-30 15:32:16.039 | INFO     | AIOptimizer |   WFO #5.2: IS=+1.44% OOS=+0.87% (2025-10-04~2025-12-11, 68d, 934笔)
2026-04-30 15:32:16.191 | INFO     | AIOptimizer |   WFO #5.3: IS=+1.36% OOS=+2.28% (2025-12-12~2026-02-18, 68d, 1112笔)
2026-04-30 15:32:16.352 | INFO     | AIOptimizer |   WFO #5.4: IS=+1.47% OOS=-1.21% (2026-02-19~2026-04-28, 68d, 802笔)
2026-04-30 15:32:16.353 | INFO     | AIOptimizer |   WFO #5: WFE=0.65±0.94 ⚠️ 衰减 (4折 | IS=+1.42% OOS=+0.92%)
2026-04-30 15:32:16.505 | INFO     | AIOptimizer | 🤖 [Phase 7] 生成 LLM 最终分析报告...
2026-04-30 15:32:16.505 | INFO     | LLMAdvisor | LLMAdvisor | Call③ 开始：生成最终分析报告...
2026-04-30 15:33:01.983 | INFO     | LLMAdvisor | LLMAdvisor | Call③ 完成 (45.5s)
2026-04-30 15:33:01.983 | INFO     | AIOptimizer | ✅ 分析报告已生成
2026-04-30 15:33:01.983 | INFO     | AIOptimizer | 🎉 AI 回测优化完成！共 62 次探索，最优平盈率 +1.27%
2026-04-30 15:43:15.425 | INFO     | DuckDB     | DuckDB | 所有核心表结构初始化完成 (含热点板块)
2026-04-30 15:43:15.425 | INFO     | DuckDB     | DuckDB 核心就绪: E:\1target\p9_project\quant-platform\data\meta\meta.db
2026-04-30 15:43:16.095 | INFO     | LLMAdvisor | LLMAdvisor | 已连接 DeepSeek (deepseek-v4-pro)
2026-04-30 15:43:16.096 | INFO     | AIOptimizer | 🔄 [Phase 1] 加载日线数据 + 生成策略信号（此步骤只需执行一次）...
2026-04-30 15:43:31.494 | INFO     | AIOptimizer |   读取 Parquet 完成：5201 只股票 / 1 只缺失 / 1,659,045 条记录
2026-04-30 15:43:32.176 | INFO     | Screener   | 🧬 [Loader] 识别到类继承策略: MA5AngleOriginalStrategy
2026-04-30 15:43:36.947 | INFO     | AIOptimizer | ✅ [Phase 1] 完成：5201 只日线 / 2126 信号已缓存
2026-04-30 15:43:36.947 | INFO     | AIOptimizer | 🔧 预建 numpy 快速仿真索引...
2026-04-30 15:43:37.357 | INFO     | AIOptimizer |   索引就绪：5199 只股票 / 2126 信号
2026-04-30 15:43:37.440 | INFO     | AIOptimizer | 🌐 计算历史市场状态标签 (Regime)...
2026-04-30 15:43:37.443 | INFO     | RegimeDetector | Regime | 使用 中证A500（386 条，中位值 4801 点）
2026-04-30 15:43:37.449 | INFO     | RegimeDetector | Regime | 生成完毕 319 条标签 | 分布: {'牛市-低波': 221, '熊市-低波': 69, '牛市-高波': 5, '熊市-高波': 24}
2026-04-30 15:43:37.450 | INFO     | AIOptimizer | 🤖 [Phase 2] LLM 冷启动：读策略代码设计搜索空间...
2026-04-30 15:43:37.450 | INFO     | LLMAdvisor | LLMAdvisor | Call① 开始：冷启动搜索空间设计...
2026-04-30 15:44:18.730 | INFO     | LLMAdvisor | LLMAdvisor | Call① 完成 (41.3s)
2026-04-30 15:44:18.730 | WARNING  | LLMAdvisor | LLMAdvisor | Call① JSON 解析失败，使用默认空间
2026-04-30 15:44:18.731 | INFO     | AIOptimizer | ✅ [Phase 2] 搜索空间已确定（12 个参数）
2026-04-30 15:44:18.731 | INFO     | AIOptimizer | 🔍 [Phase 3] 探索期：12 组拉丁超立方采样...
2026-04-30 15:44:18.777 | INFO     | AIOptimizer |   探索 01/12 | score=1.312 | 平盈率=+1.31% | 胜率=45.5% | PF=1.43
2026-04-30 15:44:18.826 | INFO     | AIOptimizer |   探索 02/12 | score=1.702 | 平盈率=+1.70% | 胜率=53.1% | PF=1.49
2026-04-30 15:44:18.876 | INFO     | AIOptimizer |   探索 03/12 | score=1.692 | 平盈率=+1.69% | 胜率=46.9% | PF=1.50
2026-04-30 15:44:18.921 | INFO     | AIOptimizer |   探索 04/12 | score=1.265 | 平盈率=+1.26% | 胜率=45.8% | PF=1.43
2026-04-30 15:44:18.967 | INFO     | AIOptimizer |   探索 05/12 | score=1.496 | 平盈率=+1.50% | 胜率=36.6% | PF=1.50
2026-04-30 15:44:19.017 | INFO     | AIOptimizer |   探索 06/12 | score=1.696 | 平盈率=+1.70% | 胜率=46.6% | PF=1.52
2026-04-30 15:44:19.061 | INFO     | AIOptimizer |   探索 07/12 | score=1.323 | 平盈率=+1.32% | 胜率=45.7% | PF=1.44
2026-04-30 15:44:19.108 | INFO     | AIOptimizer |   探索 08/12 | score=1.531 | 平盈率=+1.53% | 胜率=50.2% | PF=1.49
2026-04-30 15:44:19.153 | INFO     | AIOptimizer |   探索 09/12 | score=1.291 | 平盈率=+1.29% | 胜率=32.3% | PF=1.50
2026-04-30 15:44:19.197 | INFO     | AIOptimizer |   探索 10/12 | score=1.194 | 平盈率=+1.19% | 胜率=40.4% | PF=1.45
2026-04-30 15:44:19.249 | INFO     | AIOptimizer |   探索 11/12 | score=1.646 | 平盈率=+1.65% | 胜率=49.4% | PF=1.48
2026-04-30 15:44:19.295 | INFO     | AIOptimizer |   探索 12/12 | score=1.421 | 平盈率=+1.42% | 胜率=41.5% | PF=1.53
2026-04-30 15:44:19.851 | INFO     | AIOptimizer | 📊 市场状态分析：{'熊市-低波': {'count': 4870, 'avg_pnl': 1.684, 'win_rate': 45.9, 'max_pnl': 36.042, 'min_pnl': -16.845}, '牛市-低波': {'count': 16887, 'avg_pnl': 1.312, 'win_rate': 42.8, 'max_pnl': 37.3, 'min_pnl': -36.019}, '熊市-高波': {'count': 3041, 'avg_pnl': 2.288, 'win_rate': 52.9, 'max_pnl': 33.12, 'min_pnl': -18.603}, '牛市-高波': {'count': 157, 'avg_pnl': -5.078, 'win_rate': 17.8, 'max_pnl': 8.674, 'min_pnl': -15.474}}
2026-04-30 15:44:19.851 | INFO     | AIOptimizer | 🤖 [Phase 4] LLM 分析探索结果，收窄搜索空间...
2026-04-30 15:44:19.851 | INFO     | LLMAdvisor | LLMAdvisor | Call② 开始：探索结果分析...
2026-04-30 15:44:52.420 | INFO     | LLMAdvisor | LLMAdvisor | Call② 完成 (32.6s)
2026-04-30 15:44:52.420 | INFO     | AIOptimizer | ✅ [Phase 4] 精化完成
2026-04-30 15:44:52.519 | INFO     | AIOptimizer | 🤖 [Phase 5] 贝叶斯精化：50 次 Optuna 探索...
2026-04-30 15:44:52.568 | INFO     | AIOptimizer |   Optuna 01/50 | 当前最优平盈率: +1.60%
2026-04-30 15:44:52.989 | INFO     | AIOptimizer |   Optuna 10/50 | 当前最优平盈率: +1.69%
2026-04-30 15:44:53.538 | INFO     | AIOptimizer |   Optuna 20/50 | 当前最优平盈率: +1.95%
2026-04-30 15:44:54.094 | INFO     | AIOptimizer |   Optuna 30/50 | 当前最优平盈率: +2.01%
2026-04-30 15:44:54.677 | INFO     | AIOptimizer |   Optuna 40/50 | 当前最优平盈率: +2.08%
2026-04-30 15:44:55.235 | INFO     | AIOptimizer |   Optuna 50/50 | 当前最优平盈率: +2.08%
2026-04-30 15:44:55.235 | INFO     | AIOptimizer | 🏆 最优平盈率: +2.08% (score=2.079)
2026-04-30 15:44:55.235 | INFO     | AIOptimizer | 📊 [Phase 6] Walk-Forward 验证（anchored expanding window, 5 折, OOS≈69d, 初始IS≈207d）...
2026-04-30 15:44:55.262 | INFO     | AIOptimizer |   WFO #1.1: IS=+2.86% OOS=+2.68% (2025-07-27~2025-10-03, 68d, 286笔)
2026-04-30 15:44:55.298 | INFO     | AIOptimizer |   WFO #1.2: IS=+3.29% OOS=-0.71% (2025-10-04~2025-12-11, 68d, 270笔)
2026-04-30 15:44:55.342 | INFO     | AIOptimizer |   WFO #1.3: IS=+2.51% OOS=+3.80% (2025-12-12~2026-02-18, 68d, 311笔)
2026-04-30 15:44:55.394 | INFO     | AIOptimizer |   WFO #1.4: IS=+2.69% OOS=-2.32% (2026-02-19~2026-04-28, 68d, 249笔)
2026-04-30 15:44:55.394 | INFO     | AIOptimizer |   WFO #1: WFE=0.30±0.93 ⚠️ 衰减 (4折 | IS=+2.84% OOS=+0.86%)
2026-04-30 15:44:55.421 | INFO     | AIOptimizer |   WFO #2.1: IS=+2.84% OOS=+2.65% (2025-07-27~2025-10-03, 68d, 286笔)
2026-04-30 15:44:55.455 | INFO     | AIOptimizer |   WFO #2.2: IS=+3.17% OOS=-0.64% (2025-10-04~2025-12-11, 68d, 269笔)
2026-04-30 15:44:55.500 | INFO     | AIOptimizer |   WFO #2.3: IS=+2.42% OOS=+4.05% (2025-12-12~2026-02-18, 68d, 308笔)
2026-04-30 15:44:55.551 | INFO     | AIOptimizer |   WFO #2.4: IS=+2.66% OOS=-2.31% (2026-02-19~2026-04-28, 68d, 247笔)
2026-04-30 15:44:55.552 | INFO     | AIOptimizer |   WFO #2: WFE=0.34±0.98 ⚠️ 衰减 (4折 | IS=+2.78% OOS=+0.93%)
2026-04-30 15:44:55.579 | INFO     | AIOptimizer |   WFO #3.1: IS=+2.70% OOS=+2.70% (2025-07-27~2025-10-03, 68d, 290笔)
2026-04-30 15:44:55.616 | INFO     | AIOptimizer |   WFO #3.2: IS=+3.24% OOS=-0.78% (2025-10-04~2025-12-11, 68d, 273笔)
2026-04-30 15:44:55.660 | INFO     | AIOptimizer |   WFO #3.3: IS=+2.40% OOS=+3.79% (2025-12-12~2026-02-18, 68d, 309笔)
2026-04-30 15:44:55.713 | INFO     | AIOptimizer |   WFO #3.4: IS=+2.60% OOS=-2.35% (2026-02-19~2026-04-28, 68d, 247笔)
2026-04-30 15:44:55.713 | INFO     | AIOptimizer |   WFO #3: WFE=0.31±0.98 ⚠️ 衰减 (4折 | IS=+2.74% OOS=+0.84%)
2026-04-30 15:44:55.740 | INFO     | AIOptimizer |   WFO #4.1: IS=+2.84% OOS=+2.51% (2025-07-27~2025-10-03, 68d, 286笔)
2026-04-30 15:44:55.775 | INFO     | AIOptimizer |   WFO #4.2: IS=+3.14% OOS=-0.55% (2025-10-04~2025-12-11, 68d, 270笔)
2026-04-30 15:44:55.820 | INFO     | AIOptimizer |   WFO #4.3: IS=+2.41% OOS=+4.05% (2025-12-12~2026-02-18, 68d, 310笔)
2026-04-30 15:44:55.873 | INFO     | AIOptimizer |   WFO #4.4: IS=+2.64% OOS=-2.33% (2026-02-19~2026-04-28, 68d, 245笔)
2026-04-30 15:44:55.874 | INFO     | AIOptimizer |   WFO #4: WFE=0.33±0.98 ⚠️ 衰减 (4折 | IS=+2.76% OOS=+0.92%)
2026-04-30 15:44:55.900 | INFO     | AIOptimizer |   WFO #5.1: IS=+2.74% OOS=+2.62% (2025-07-27~2025-10-03, 68d, 286笔)
2026-04-30 15:44:55.935 | INFO     | AIOptimizer |   WFO #5.2: IS=+3.12% OOS=-0.72% (2025-10-04~2025-12-11, 68d, 271笔)
2026-04-30 15:44:55.980 | INFO     | AIOptimizer |   WFO #5.3: IS=+2.38% OOS=+3.83% (2025-12-12~2026-02-18, 68d, 311笔)
2026-04-30 15:44:56.033 | INFO     | AIOptimizer |   WFO #5.4: IS=+2.60% OOS=-2.30% (2026-02-19~2026-04-28, 68d, 251笔)
2026-04-30 15:44:56.033 | INFO     | AIOptimizer |   WFO #5: WFE=0.32±0.98 ⚠️ 衰减 (4折 | IS=+2.71% OOS=+0.86%)
2026-04-30 15:44:56.085 | INFO     | AIOptimizer | 🤖 [Phase 7] 生成 LLM 最终分析报告...
2026-04-30 15:44:56.086 | INFO     | LLMAdvisor | LLMAdvisor | Call③ 开始：生成最终分析报告...
2026-04-30 15:45:51.187 | INFO     | LLMAdvisor | LLMAdvisor | Call③ 完成 (55.1s)
2026-04-30 15:45:51.187 | INFO     | AIOptimizer | ✅ 分析报告已生成
2026-04-30 15:45:51.187 | INFO     | AIOptimizer | 🎉 AI 回测优化完成！共 62 次探索，最优平盈率 +2.08%
2026-04-30 15:50:00.538 | INFO     | DuckDB     | DuckDB | 所有核心表结构初始化完成 (含热点板块)
2026-04-30 15:50:00.539 | INFO     | DuckDB     | DuckDB 核心就绪: E:\1target\p9_project\quant-platform\data\meta\meta.db
2026-04-30 15:50:01.181 | INFO     | LLMAdvisor | LLMAdvisor | 已连接 DeepSeek (deepseek-v4-pro)
2026-04-30 15:50:01.181 | INFO     | AIOptimizer | 🔄 [Phase 1] 加载日线数据 + 生成策略信号（此步骤只需执行一次）...
2026-04-30 15:50:16.653 | INFO     | AIOptimizer |   读取 Parquet 完成：5201 只股票 / 1 只缺失 / 1,659,045 条记录
2026-04-30 15:50:17.317 | INFO     | Screener   | 🧬 [Loader] 识别到类继承策略: MA5AngleOriginalStrategy
2026-04-30 15:50:22.118 | INFO     | AIOptimizer | ✅ [Phase 1] 完成：5201 只日线 / 6102 信号已缓存
2026-04-30 15:50:22.119 | INFO     | AIOptimizer | 🔧 预建 numpy 快速仿真索引...
2026-04-30 15:50:22.519 | INFO     | AIOptimizer |   索引就绪：5199 只股票 / 6102 信号
2026-04-30 15:50:22.599 | INFO     | AIOptimizer | 🌐 计算历史市场状态标签 (Regime)...
2026-04-30 15:50:22.602 | INFO     | RegimeDetector | Regime | 使用 中证A500（386 条，中位值 4801 点）
2026-04-30 15:50:22.609 | INFO     | RegimeDetector | Regime | 生成完毕 319 条标签 | 分布: {'牛市-高波': 5, '牛市-低波': 221, '熊市-低波': 69, '熊市-高波': 24}
2026-04-30 15:50:22.609 | INFO     | AIOptimizer | 🤖 [Phase 2] LLM 冷启动：读策略代码设计搜索空间...
2026-04-30 15:50:22.610 | INFO     | LLMAdvisor | LLMAdvisor | Call① 开始：冷启动搜索空间设计...
2026-04-30 15:50:52.092 | INFO     | LLMAdvisor | LLMAdvisor | Call① 完成 (29.5s)
2026-04-30 15:50:52.092 | INFO     | LLMAdvisor | LLMAdvisor | Call① 成功：12 个参数范围已设计
2026-04-30 15:50:52.093 | INFO     | AIOptimizer | ✅ [Phase 2] 搜索空间已确定（12 个参数）
2026-04-30 15:50:52.093 | INFO     | AIOptimizer | 🔍 [Phase 3] 探索期：12 组拉丁超立方采样...
2026-04-30 15:50:52.209 | INFO     | AIOptimizer |   探索 01/12 | score=0.980 | 平盈率=+0.98% | 胜率=41.2% | PF=1.35
2026-04-30 15:50:52.336 | INFO     | AIOptimizer |   探索 02/12 | score=1.310 | 平盈率=+1.31% | 胜率=42.5% | PF=1.40
2026-04-30 15:50:52.474 | INFO     | AIOptimizer |   探索 03/12 | score=1.560 | 平盈率=+1.56% | 胜率=43.4% | PF=1.42
2026-04-30 15:50:52.600 | INFO     | AIOptimizer |   探索 04/12 | score=1.305 | 平盈率=+1.30% | 胜率=39.3% | PF=1.38
2026-04-30 15:50:52.717 | INFO     | AIOptimizer |   探索 05/12 | score=0.983 | 平盈率=+0.98% | 胜率=44.4% | PF=1.38
2026-04-30 15:50:52.841 | INFO     | AIOptimizer |   探索 06/12 | score=1.211 | 平盈率=+1.21% | 胜率=45.1% | PF=1.37
2026-04-30 15:50:52.969 | INFO     | AIOptimizer |   探索 07/12 | score=1.389 | 平盈率=+1.39% | 胜率=48.6% | PF=1.41
2026-04-30 15:50:53.094 | INFO     | AIOptimizer |   探索 08/12 | score=1.308 | 平盈率=+1.31% | 胜率=47.0% | PF=1.40
2026-04-30 15:50:53.217 | INFO     | AIOptimizer |   探索 09/12 | score=1.199 | 平盈率=+1.20% | 胜率=31.4% | PF=1.39
2026-04-30 15:50:53.349 | INFO     | AIOptimizer |   探索 10/12 | score=1.327 | 平盈率=+1.33% | 胜率=49.8% | PF=1.39
2026-04-30 15:50:53.479 | INFO     | AIOptimizer |   探索 11/12 | score=1.379 | 平盈率=+1.38% | 胜率=44.6% | PF=1.39
2026-04-30 15:50:53.604 | INFO     | AIOptimizer |   探索 12/12 | score=1.311 | 平盈率=+1.31% | 胜率=43.6% | PF=1.38
2026-04-30 15:50:55.092 | INFO     | AIOptimizer | 📊 市场状态分析：{'牛市-低波': {'count': 53027, 'avg_pnl': 0.785, 'win_rate': 41.0, 'max_pnl': 42.455, 'min_pnl': -36.019}, '熊市-低波': {'count': 11898, 'avg_pnl': 2.273, 'win_rate': 47.8, 'max_pnl': 39.491, 'min_pnl': -22.075}, '熊市-高波': {'count': 5378, 'avg_pnl': 4.235, 'win_rate': 59.0, 'max_pnl': 38.314, 'min_pnl': -17.89}, '牛市-高波': {'count': 323, 'avg_pnl': -5.163, 'win_rate': 13.3, 'max_pnl': 21.451, 'min_pnl': -15.474}}
2026-04-30 15:50:55.092 | INFO     | AIOptimizer | 🤖 [Phase 4] LLM 分析探索结果，收窄搜索空间...
2026-04-30 15:50:55.092 | INFO     | LLMAdvisor | LLMAdvisor | Call② 开始：探索结果分析...
2026-04-30 15:51:27.670 | INFO     | LLMAdvisor | LLMAdvisor | Call② 完成 (32.6s)
2026-04-30 15:51:27.671 | INFO     | AIOptimizer | ✅ [Phase 4] 精化完成
2026-04-30 15:51:27.762 | INFO     | AIOptimizer | 🤖 [Phase 5] 贝叶斯精化：50 次 Optuna 探索...
2026-04-30 15:51:27.912 | INFO     | AIOptimizer |   Optuna 01/50 | 当前最优平盈率: +1.22%
2026-04-30 15:51:29.029 | INFO     | AIOptimizer |   Optuna 10/50 | 当前最优平盈率: +1.46%
2026-04-30 15:51:30.469 | INFO     | AIOptimizer |   Optuna 20/50 | 当前最优平盈率: +1.68%
2026-04-30 15:51:33.086 | INFO     | AIOptimizer |   Optuna 30/50 | 当前最优平盈率: +1.71%
2026-04-30 15:51:38.338 | INFO     | AIOptimizer |   Optuna 40/50 | 当前最优平盈率: +1.71%
2026-04-30 15:51:39.787 | INFO     | AIOptimizer |   Optuna 50/50 | 当前最优平盈率: +1.74%
2026-04-30 15:51:39.788 | INFO     | AIOptimizer | 🏆 最优平盈率: +1.74% (score=1.740)
2026-04-30 15:51:39.788 | INFO     | AIOptimizer | 📊 [Phase 6] Walk-Forward 验证（anchored expanding window, 5 折, OOS≈69d, 初始IS≈207d）...
2026-04-30 15:51:39.878 | INFO     | AIOptimizer |   WFO #1.1: IS=+1.42% OOS=+0.94% (2025-07-27~2025-10-03, 68d, 651笔)
2026-04-30 15:51:39.988 | INFO     | AIOptimizer |   WFO #1.2: IS=+2.12% OOS=-0.34% (2025-10-04~2025-12-11, 68d, 641笔)
2026-04-30 15:51:40.120 | INFO     | AIOptimizer |   WFO #1.3: IS=+1.93% OOS=+4.89% (2025-12-12~2026-02-18, 68d, 562笔)
2026-04-30 15:51:40.262 | INFO     | AIOptimizer |   WFO #1.4: IS=+2.27% OOS=-3.75% (2026-02-19~2026-04-28, 68d, 486笔)
2026-04-30 15:51:40.263 | INFO     | AIOptimizer |   WFO #1: WFE=0.22±1.51 ❌ 过拟合风险 (4折 | IS=+1.94% OOS=+0.43%)
2026-04-30 15:51:40.352 | INFO     | AIOptimizer |   WFO #2.1: IS=+1.39% OOS=+1.07% (2025-07-27~2025-10-03, 68d, 650笔)
2026-04-30 15:51:40.467 | INFO     | AIOptimizer |   WFO #2.2: IS=+2.07% OOS=-0.19% (2025-10-04~2025-12-11, 68d, 646笔)
2026-04-30 15:51:40.605 | INFO     | AIOptimizer |   WFO #2.3: IS=+1.90% OOS=+4.72% (2025-12-12~2026-02-18, 68d, 570笔)
2026-04-30 15:51:40.757 | INFO     | AIOptimizer |   WFO #2.4: IS=+2.23% OOS=-3.76% (2026-02-19~2026-04-28, 68d, 479笔)
2026-04-30 15:51:40.758 | INFO     | AIOptimizer |   WFO #2: WFE=0.24±1.51 ❌ 过拟合风险 (4折 | IS=+1.90% OOS=+0.46%)
2026-04-30 15:51:40.855 | INFO     | AIOptimizer |   WFO #3.1: IS=+1.37% OOS=+1.13% (2025-07-27~2025-10-03, 68d, 660笔)
2026-04-30 15:51:40.971 | INFO     | AIOptimizer |   WFO #3.2: IS=+2.06% OOS=-0.16% (2025-10-04~2025-12-11, 68d, 651笔)
2026-04-30 15:51:41.107 | INFO     | AIOptimizer |   WFO #3.3: IS=+1.89% OOS=+4.85% (2025-12-12~2026-02-18, 68d, 567笔)
2026-04-30 15:51:41.257 | INFO     | AIOptimizer |   WFO #3.4: IS=+2.22% OOS=-3.42% (2026-02-19~2026-04-28, 68d, 492笔)
2026-04-30 15:51:41.257 | INFO     | AIOptimizer |   WFO #3: WFE=0.32±1.49 ⚠️ 衰减 (4折 | IS=+1.89% OOS=+0.60%)
2026-04-30 15:51:41.353 | INFO     | AIOptimizer |   WFO #4.1: IS=+1.41% OOS=+1.09% (2025-07-27~2025-10-03, 68d, 654笔)
2026-04-30 15:51:41.476 | INFO     | AIOptimizer |   WFO #4.2: IS=+2.09% OOS=-0.25% (2025-10-04~2025-12-11, 68d, 646笔)
2026-04-30 15:51:41.614 | INFO     | AIOptimizer |   WFO #4.3: IS=+1.90% OOS=+4.75% (2025-12-12~2026-02-18, 68d, 562笔)
2026-04-30 15:51:41.763 | INFO     | AIOptimizer |   WFO #4.4: IS=+2.23% OOS=-3.43% (2026-02-19~2026-04-28, 68d, 490笔)
2026-04-30 15:51:41.763 | INFO     | AIOptimizer |   WFO #4: WFE=0.28±1.46 ❌ 过拟合风险 (4折 | IS=+1.91% OOS=+0.54%)
2026-04-30 15:51:41.855 | INFO     | AIOptimizer |   WFO #5.1: IS=+1.42% OOS=+0.98% (2025-07-27~2025-10-03, 68d, 647笔)
2026-04-30 15:51:41.965 | INFO     | AIOptimizer |   WFO #5.2: IS=+2.01% OOS=-0.14% (2025-10-04~2025-12-11, 68d, 648笔)
2026-04-30 15:51:42.094 | INFO     | AIOptimizer |   WFO #5.3: IS=+1.87% OOS=+5.00% (2025-12-12~2026-02-18, 68d, 569笔)
2026-04-30 15:51:42.243 | INFO     | AIOptimizer |   WFO #5.4: IS=+2.22% OOS=-3.75% (2026-02-19~2026-04-28, 68d, 480笔)
2026-04-30 15:51:42.244 | INFO     | AIOptimizer |   WFO #5: WFE=0.28±1.57 ❌ 过拟合风险 (4折 | IS=+1.88% OOS=+0.52%)
2026-04-30 15:51:42.384 | INFO     | AIOptimizer | 🤖 [Phase 7] 生成 LLM 最终分析报告...
2026-04-30 15:51:42.384 | INFO     | LLMAdvisor | LLMAdvisor | Call③ 开始：生成最终分析报告...
2026-04-30 15:52:12.830 | INFO     | LLMAdvisor | LLMAdvisor | Call③ 完成 (30.4s)
2026-04-30 15:52:12.830 | INFO     | AIOptimizer | ✅ 分析报告已生成
2026-04-30 15:52:12.830 | INFO     | AIOptimizer | 🎉 AI 回测优化完成！共 62 次探索，最优平盈率 +1.74%
2026-04-30 21:34:38.038 | INFO     | DuckDB     | DuckDB | 所有核心表结构初始化完成 (含热点板块)
2026-04-30 21:34:38.039 | INFO     | DuckDB     | DuckDB 核心就绪: E:\1target\p9_project\quant-platform\data\meta\meta.db
2026-04-30 21:34:38.715 | INFO     | LLMAdvisor | LLMAdvisor | 已连接 DeepSeek (deepseek-v4-pro)
2026-04-30 21:34:38.716 | INFO     | AIOptimizer | 🔄 [Phase 1] 加载日线数据 + 生成策略信号（此步骤只需执行一次）...
2026-04-30 21:34:55.022 | INFO     | AIOptimizer |   读取 Parquet 完成：5201 只股票 / 1 只缺失 / 1,659,045 条记录
2026-04-30 21:34:55.709 | INFO     | Screener   | 🧬 [Loader] 识别到类继承策略: MA5AngleOriginalStrategy
2026-04-30 21:35:00.550 | INFO     | AIOptimizer | ✅ [Phase 1] 完成：5201 只日线 / 2126 信号已缓存
2026-04-30 21:35:00.551 | INFO     | AIOptimizer | 🔧 预建 numpy 快速仿真索引...
2026-04-30 21:35:01.051 | INFO     | AIOptimizer |   索引就绪：5199 只股票 / 2126 信号
2026-04-30 21:35:49.699 | INFO     | AIOptimizer |   5分钟线加载：5202 只股票（覆盖 2025-01-01 ~ 2026-04-30）
2026-04-30 21:35:49.845 | INFO     | AIOptimizer | 🌐 计算历史市场状态标签 (Regime)...
2026-04-30 21:35:49.848 | INFO     | RegimeDetector | Regime | 使用 中证A500（386 条，中位值 4801 点）
2026-04-30 21:35:49.855 | INFO     | RegimeDetector | Regime | 生成完毕 319 条标签 | 分布: {'牛市-高波': 5, '牛市-低波': 221, '熊市-高波': 24, '熊市-低波': 69}
2026-04-30 21:35:49.855 | INFO     | AIOptimizer | 🤖 [Phase 2] LLM 冷启动：读策略代码设计搜索空间...
2026-04-30 21:35:49.856 | INFO     | LLMAdvisor | LLMAdvisor | Call① 开始：冷启动搜索空间设计...
2026-04-30 21:36:26.207 | INFO     | LLMAdvisor | LLMAdvisor | Call① 完成 (36.4s)
2026-04-30 21:36:26.207 | WARNING  | LLMAdvisor | LLMAdvisor | Call① JSON 解析失败，使用默认空间
2026-04-30 21:36:26.208 | INFO     | AIOptimizer | ✅ [Phase 2] 搜索空间已确定（12 个参数）
2026-04-30 21:36:26.208 | INFO     | AIOptimizer | 🔍 [Phase 3] 探索期：12 组拉丁超立方采样...
2026-04-30 21:36:26.254 | INFO     | AIOptimizer |   探索 01/12 | score=0.761 | 平盈率=+0.76% | 胜率=64.5% | PF=1.47
2026-04-30 21:36:26.299 | INFO     | AIOptimizer |   探索 02/12 | score=0.147 | 平盈率=+0.15% | 胜率=68.1% | PF=1.07
2026-04-30 21:36:26.349 | INFO     | AIOptimizer |   探索 03/12 | score=1.306 | 平盈率=+1.31% | 胜率=71.1% | PF=1.59
2026-04-30 21:36:26.392 | INFO     | AIOptimizer |   探索 04/12 | score=0.908 | 平盈率=+0.91% | 胜率=50.0% | PF=1.54
2026-04-30 21:36:26.436 | INFO     | AIOptimizer |   探索 05/12 | score=0.330 | 平盈率=+0.33% | 胜率=53.8% | PF=1.18
2026-04-30 21:36:26.483 | INFO     | AIOptimizer |   探索 06/12 | score=0.726 | 平盈率=+0.73% | 胜率=61.7% | PF=1.32
2026-04-30 21:36:26.531 | INFO     | AIOptimizer |   探索 07/12 | score=0.364 | 平盈率=+0.36% | 胜率=58.4% | PF=1.15
2026-04-30 21:36:26.576 | INFO     | AIOptimizer |   探索 08/12 | score=0.657 | 平盈率=+0.66% | 胜率=72.5% | PF=1.38
2026-04-30 21:36:26.619 | INFO     | AIOptimizer |   探索 09/12 | score=0.488 | 平盈率=+0.49% | 胜率=49.1% | PF=1.26
2026-04-30 21:36:26.666 | INFO     | AIOptimizer |   探索 10/12 | score=1.193 | 平盈率=+1.19% | 胜率=61.4% | PF=1.61
2026-04-30 21:36:26.707 | INFO     | AIOptimizer |   探索 11/12 | score=1.078 | 平盈率=+1.08% | 胜率=47.8% | PF=1.98
2026-04-30 21:36:26.748 | INFO     | AIOptimizer |   探索 12/12 | score=1.078 | 平盈率=+1.08% | 胜率=57.1% | PF=1.91
2026-04-30 21:36:27.278 | INFO     | AIOptimizer | 📊 市场状态分析：{'熊市-低波': {'count': 4872, 'avg_pnl': 0.761, 'win_rate': 60.4, 'max_pnl': 21.779, 'min_pnl': -7.969}, '牛市-低波': {'count': 17086, 'avg_pnl': 0.714, 'win_rate': 58.6, 'max_pnl': 21.779, 'min_pnl': -7.969}, '熊市-高波': {'count': 3095, 'avg_pnl': 1.131, 'win_rate': 65.5, 'max_pnl': 21.779, 'min_pnl': -7.969}, '牛市-高波': {'count': 163, 'avg_pnl': -2.516, 'win_rate': 33.7, 'max_pnl': 8.061, 'min_pnl': -7.969}}
2026-04-30 21:36:27.279 | INFO     | AIOptimizer | 🤖 [Phase 4] LLM 分析探索结果，收窄搜索空间...
2026-04-30 21:36:27.279 | INFO     | LLMAdvisor | LLMAdvisor | Call② 开始：探索结果分析...
2026-04-30 21:36:57.313 | INFO     | LLMAdvisor | LLMAdvisor | Call② 完成 (30.0s)
2026-04-30 21:36:57.313 | INFO     | AIOptimizer | ✅ [Phase 4] 精化完成
2026-04-30 21:36:57.627 | INFO     | AIOptimizer | 🤖 [Phase 5] 贝叶斯精化：50 次 Optuna 探索...
2026-04-30 21:36:57.675 | INFO     | AIOptimizer |   Optuna 01/50 | 当前最优平盈率: +0.49%
2026-04-30 21:36:58.093 | INFO     | AIOptimizer |   Optuna 10/50 | 当前最优平盈率: +1.33%
2026-04-30 21:36:58.626 | INFO     | AIOptimizer |   Optuna 20/50 | 当前最优平盈率: +1.33%
2026-04-30 21:36:59.160 | INFO     | AIOptimizer |   Optuna 30/50 | 当前最优平盈率: +1.36%
2026-04-30 21:36:59.655 | INFO     | AIOptimizer |   Optuna 40/50 | 当前最优平盈率: +1.36%
2026-04-30 21:37:00.190 | INFO     | AIOptimizer |   Optuna 50/50 | 当前最优平盈率: +1.45%
2026-04-30 21:37:00.191 | INFO     | AIOptimizer | 🏆 最优平盈率: +1.45% (score=1.453)
2026-04-30 21:37:00.191 | INFO     | AIOptimizer | 📊 [Phase 6] Walk-Forward 验证（anchored expanding window, 5 折, OOS≈69d, 初始IS≈207d）...
2026-04-30 21:37:00.216 | INFO     | AIOptimizer |   WFO #1.1: IS=+1.85% OOS=+1.78% (2025-07-27~2025-10-03, 68d, 314笔)
2026-04-30 21:37:00.249 | INFO     | AIOptimizer |   WFO #1.2: IS=+1.93% OOS=+0.42% (2025-10-04~2025-12-11, 68d, 303笔)
2026-04-30 21:37:00.290 | INFO     | AIOptimizer |   WFO #1.3: IS=+1.67% OOS=+1.98% (2025-12-12~2026-02-18, 68d, 349笔)
2026-04-30 21:37:00.337 | INFO     | AIOptimizer |   WFO #1.4: IS=+1.74% OOS=-0.48% (2026-02-19~2026-04-28, 68d, 291笔)
2026-04-30 21:37:00.337 | INFO     | AIOptimizer |   WFO #1: WFE=0.52±0.58 ⚠️ 衰减 (4折 | IS=+1.80% OOS=+0.93%)
2026-04-30 21:37:00.364 | INFO     | AIOptimizer |   WFO #2.1: IS=+1.80% OOS=+1.63% (2025-07-27~2025-10-03, 68d, 315笔)
2026-04-30 21:37:00.397 | INFO     | AIOptimizer |   WFO #2.2: IS=+1.88% OOS=+0.22% (2025-10-04~2025-12-11, 68d, 304笔)
2026-04-30 21:37:00.437 | INFO     | AIOptimizer |   WFO #2.3: IS=+1.59% OOS=+2.05% (2025-12-12~2026-02-18, 68d, 344笔)
2026-04-30 21:37:00.484 | INFO     | AIOptimizer |   WFO #2.4: IS=+1.68% OOS=-0.54% (2026-02-19~2026-04-28, 68d, 288笔)
2026-04-30 21:37:00.484 | INFO     | AIOptimizer |   WFO #2: WFE=0.48±0.64 ⚠️ 衰减 (4折 | IS=+1.74% OOS=+0.84%)
2026-04-30 21:37:00.512 | INFO     | AIOptimizer |   WFO #3.1: IS=+1.78% OOS=+1.87% (2025-07-27~2025-10-03, 68d, 315笔)
2026-04-30 21:37:00.545 | INFO     | AIOptimizer |   WFO #3.2: IS=+1.89% OOS=+0.20% (2025-10-04~2025-12-11, 68d, 303笔)
2026-04-30 21:37:00.585 | INFO     | AIOptimizer |   WFO #3.3: IS=+1.59% OOS=+2.06% (2025-12-12~2026-02-18, 68d, 347笔)
2026-04-30 21:37:00.635 | INFO     | AIOptimizer |   WFO #3.4: IS=+1.67% OOS=-0.61% (2026-02-19~2026-04-28, 68d, 286笔)
2026-04-30 21:37:00.635 | INFO     | AIOptimizer |   WFO #3: WFE=0.51±0.68 ⚠️ 衰减 (4折 | IS=+1.73% OOS=+0.88%)
2026-04-30 21:37:00.660 | INFO     | AIOptimizer |   WFO #4.1: IS=+1.70% OOS=+1.61% (2025-07-27~2025-10-03, 68d, 319笔)
2026-04-30 21:37:00.691 | INFO     | AIOptimizer |   WFO #4.2: IS=+1.73% OOS=+0.53% (2025-10-04~2025-12-11, 68d, 308笔)
2026-04-30 21:37:00.729 | INFO     | AIOptimizer |   WFO #4.3: IS=+1.52% OOS=+1.75% (2025-12-12~2026-02-18, 68d, 354笔)
2026-04-30 21:37:00.827 | INFO     | AIOptimizer |   WFO #4.4: IS=+1.57% OOS=-0.06% (2026-02-19~2026-04-28, 68d, 294笔)
2026-04-30 21:37:00.827 | INFO     | AIOptimizer |   WFO #4: WFE=0.58±0.48 ⚠️ 一般 (4折 | IS=+1.63% OOS=+0.96%)
2026-04-30 21:37:00.852 | INFO     | AIOptimizer |   WFO #5.1: IS=+1.76% OOS=+1.66% (2025-07-27~2025-10-03, 68d, 316笔)
2026-04-30 21:37:00.885 | INFO     | AIOptimizer |   WFO #5.2: IS=+1.79% OOS=+0.33% (2025-10-04~2025-12-11, 68d, 306笔)
2026-04-30 21:37:00.924 | INFO     | AIOptimizer |   WFO #5.3: IS=+1.53% OOS=+1.94% (2025-12-12~2026-02-18, 68d, 345笔)
2026-04-30 21:37:00.970 | INFO     | AIOptimizer |   WFO #5.4: IS=+1.62% OOS=-0.47% (2026-02-19~2026-04-28, 68d, 291笔)
2026-04-30 21:37:00.970 | INFO     | AIOptimizer |   WFO #5: WFE=0.52±0.61 ⚠️ 衰减 (4折 | IS=+1.67% OOS=+0.86%)
2026-04-30 21:37:01.016 | INFO     | AIOptimizer | 🤖 [Phase 7] 生成 LLM 最终分析报告...
2026-04-30 21:37:01.017 | INFO     | LLMAdvisor | LLMAdvisor | Call③ 开始：生成最终分析报告...
2026-04-30 21:37:37.392 | INFO     | LLMAdvisor | LLMAdvisor | Call③ 完成 (36.4s)
2026-04-30 21:37:37.393 | INFO     | AIOptimizer | ✅ 分析报告已生成
2026-04-30 21:37:37.393 | INFO     | AIOptimizer | 🎉 AI 回测优化完成！共 62 次探索，最优平盈率 +1.45%
2026-04-30 21:54:38.097 | INFO     | DuckDB     | DuckDB | 所有核心表结构初始化完成 (含热点板块)
2026-04-30 21:54:38.098 | INFO     | DuckDB     | DuckDB 核心就绪: E:\1target\p9_project\quant-platform\data\meta\meta.db
2026-04-30 21:54:38.786 | INFO     | LLMAdvisor | LLMAdvisor | 已连接 DeepSeek (deepseek-v4-pro)
2026-04-30 21:54:38.786 | INFO     | AIOptimizer | 🔄 [Phase 1] 加载日线数据 + 生成策略信号（此步骤只需执行一次）...
2026-04-30 21:54:54.507 | INFO     | AIOptimizer |   读取 Parquet 完成：5201 只股票 / 1 只缺失 / 1,659,045 条记录
2026-04-30 21:54:55.178 | INFO     | Screener   | 🧬 [Loader] 识别到类继承策略: MA5AngleOriginalStrategy
2026-04-30 21:54:59.868 | INFO     | AIOptimizer | ✅ [Phase 1] 完成：5201 只日线 / 2126 信号已缓存
2026-04-30 21:54:59.868 | INFO     | AIOptimizer | 🔧 预建 numpy 快速仿真索引...
2026-04-30 21:55:00.356 | INFO     | AIOptimizer |   索引就绪：5199 只股票 / 2126 信号
2026-04-30 21:55:46.037 | INFO     | AIOptimizer |   5分钟线加载：5202 只股票（覆盖 2025-01-01 ~ 2026-04-30）
2026-04-30 21:55:46.179 | INFO     | AIOptimizer | 🌐 计算历史市场状态标签 (Regime)...
2026-04-30 21:55:46.182 | INFO     | RegimeDetector | Regime | 使用 中证A500（386 条，中位值 4801 点）
2026-04-30 21:55:46.188 | INFO     | RegimeDetector | Regime | 生成完毕 319 条标签 | 分布: {'牛市-低波': 221, '熊市-低波': 69, '牛市-高波': 5, '熊市-高波': 24}
2026-04-30 21:55:46.189 | INFO     | AIOptimizer | 🤖 [Phase 2] LLM 冷启动：读策略代码设计搜索空间...
2026-04-30 21:55:46.189 | INFO     | LLMAdvisor | LLMAdvisor | Call① 开始：冷启动搜索空间设计...
2026-04-30 21:56:21.517 | INFO     | LLMAdvisor | LLMAdvisor | Call① 完成 (35.3s)
2026-04-30 21:56:21.517 | WARNING  | LLMAdvisor | LLMAdvisor | Call① JSON 解析失败，使用默认空间
2026-04-30 21:56:21.517 | INFO     | AIOptimizer | ✅ [Phase 2] 搜索空间已确定（12 个参数）
2026-04-30 21:56:21.518 | INFO     | AIOptimizer | 🔍 [Phase 3] 探索期：12 组拉丁超立方采样...
2026-04-30 21:56:21.563 | INFO     | AIOptimizer |   探索 01/12 | score=0.506 | 平盈率=+0.51% | 胜率=48.1% | PF=1.29
2026-04-30 21:56:21.604 | INFO     | AIOptimizer |   探索 02/12 | score=1.201 | 平盈率=+1.20% | 胜率=45.0% | PF=1.98
2026-04-30 21:56:21.648 | INFO     | AIOptimizer |   探索 03/12 | score=1.306 | 平盈率=+1.31% | 胜率=73.6% | PF=1.70
2026-04-30 21:56:21.695 | INFO     | AIOptimizer |   探索 04/12 | score=0.943 | 平盈率=+0.94% | 胜率=64.9% | PF=1.39
2026-04-30 21:56:21.737 | INFO     | AIOptimizer |   探索 05/12 | score=0.697 | 平盈率=+0.70% | 胜率=61.2% | PF=1.38
2026-04-30 21:56:21.781 | INFO     | AIOptimizer |   探索 06/12 | score=0.870 | 平盈率=+0.87% | 胜率=63.9% | PF=1.42
2026-04-30 21:56:21.823 | INFO     | AIOptimizer |   探索 07/12 | score=0.499 | 平盈率=+0.50% | 胜率=49.8% | PF=1.39
2026-04-30 21:56:21.865 | INFO     | AIOptimizer |   探索 08/12 | score=1.094 | 平盈率=+1.09% | 胜率=57.8% | PF=1.70
2026-04-30 21:56:21.909 | INFO     | AIOptimizer |   探索 09/12 | score=0.971 | 平盈率=+0.97% | 胜率=71.9% | PF=1.52
2026-04-30 21:56:21.953 | INFO     | AIOptimizer |   探索 10/12 | score=0.341 | 平盈率=+0.34% | 胜率=59.7% | PF=1.15
2026-04-30 21:56:21.998 | INFO     | AIOptimizer |   探索 11/12 | score=0.510 | 平盈率=+0.51% | 胜率=55.2% | PF=1.23
2026-04-30 21:56:22.038 | INFO     | AIOptimizer |   探索 12/12 | score=0.957 | 平盈率=+0.96% | 胜率=65.6% | PF=1.64
2026-04-30 21:56:22.551 | INFO     | AIOptimizer | 📊 市场状态分析：{'熊市-低波': {'count': 4871, 'avg_pnl': 0.818, 'win_rate': 60.2, 'max_pnl': 19.349, 'min_pnl': -7.809}, '牛市-低波': {'count': 17093, 'avg_pnl': 0.791, 'win_rate': 58.8, 'max_pnl': 19.349, 'min_pnl': -7.809}, '熊市-高波': {'count': 3099, 'avg_pnl': 1.203, 'win_rate': 65.5, 'max_pnl': 19.349, 'min_pnl': -7.809}, '牛市-高波': {'count': 164, 'avg_pnl': -2.637, 'win_rate': 32.3, 'max_pnl': 7.678, 'min_pnl': -7.809}}
2026-04-30 21:56:22.551 | INFO     | AIOptimizer | 🤖 [Phase 4] LLM 分析探索结果，收窄搜索空间...
2026-04-30 21:56:22.552 | INFO     | LLMAdvisor | LLMAdvisor | Call② 开始：探索结果分析...
2026-04-30 21:56:50.731 | INFO     | LLMAdvisor | LLMAdvisor | Call② 完成 (28.2s)
2026-04-30 21:56:50.731 | INFO     | AIOptimizer | ✅ [Phase 4] 精化完成
2026-04-30 21:56:50.842 | INFO     | AIOptimizer | 🤖 [Phase 5] 贝叶斯精化：50 次 Optuna 探索...
2026-04-30 21:56:50.893 | INFO     | AIOptimizer |   Optuna 01/50 | 当前最优平盈率: +1.21%
2026-04-30 21:56:51.279 | INFO     | AIOptimizer |   Optuna 10/50 | 当前最优平盈率: +1.23%
2026-04-30 21:56:51.802 | INFO     | AIOptimizer |   Optuna 20/50 | 当前最优平盈率: +1.46%
2026-04-30 21:56:52.353 | INFO     | AIOptimizer |   Optuna 30/50 | 当前最优平盈率: +1.46%
2026-04-30 21:56:52.891 | INFO     | AIOptimizer |   Optuna 40/50 | 当前最优平盈率: +1.48%
2026-04-30 21:56:53.458 | INFO     | AIOptimizer |   Optuna 50/50 | 当前最优平盈率: +1.72%
2026-04-30 21:56:53.458 | INFO     | AIOptimizer | 🏆 最优平盈率: +1.72% (score=1.721)
2026-04-30 21:56:53.459 | INFO     | AIOptimizer | 📊 [Phase 6] Walk-Forward 验证（anchored expanding window, 5 折, OOS≈69d, 初始IS≈207d）...
2026-04-30 21:56:53.487 | INFO     | AIOptimizer |   WFO #1.1: IS=+2.54% OOS=+2.30% (2025-07-27~2025-10-03, 68d, 301笔)
2026-04-30 21:56:53.525 | INFO     | AIOptimizer |   WFO #1.2: IS=+2.58% OOS=+0.14% (2025-10-04~2025-12-11, 68d, 287笔)
2026-04-30 21:56:53.570 | INFO     | AIOptimizer |   WFO #1.3: IS=+2.10% OOS=+2.84% (2025-12-12~2026-02-18, 68d, 327笔)
2026-04-30 21:56:53.621 | INFO     | AIOptimizer |   WFO #1.4: IS=+2.18% OOS=-1.27% (2026-02-19~2026-04-28, 68d, 270笔)
2026-04-30 21:56:53.622 | INFO     | AIOptimizer |   WFO #1: WFE=0.43±0.75 ⚠️ 衰减 (4折 | IS=+2.35% OOS=+1.00%)
2026-04-30 21:56:53.650 | INFO     | AIOptimizer |   WFO #2.1: IS=+2.52% OOS=+2.27% (2025-07-27~2025-10-03, 68d, 301笔)
2026-04-30 21:56:53.685 | INFO     | AIOptimizer |   WFO #2.2: IS=+2.56% OOS=+0.15% (2025-10-04~2025-12-11, 68d, 286笔)
2026-04-30 21:56:53.729 | INFO     | AIOptimizer |   WFO #2.3: IS=+2.08% OOS=+2.86% (2025-12-12~2026-02-18, 68d, 326笔)
2026-04-30 21:56:53.782 | INFO     | AIOptimizer |   WFO #2.4: IS=+2.17% OOS=-1.32% (2026-02-19~2026-04-28, 68d, 269笔)
2026-04-30 21:56:53.782 | INFO     | AIOptimizer |   WFO #2: WFE=0.42±0.76 ⚠️ 衰减 (4折 | IS=+2.33% OOS=+0.99%)
2026-04-30 21:56:53.810 | INFO     | AIOptimizer |   WFO #3.1: IS=+2.54% OOS=+2.26% (2025-07-27~2025-10-03, 68d, 301笔)
2026-04-30 21:56:53.847 | INFO     | AIOptimizer |   WFO #3.2: IS=+2.56% OOS=+0.17% (2025-10-04~2025-12-11, 68d, 287笔)
2026-04-30 21:56:53.891 | INFO     | AIOptimizer |   WFO #3.3: IS=+2.09% OOS=+2.83% (2025-12-12~2026-02-18, 68d, 328笔)
2026-04-30 21:56:53.947 | INFO     | AIOptimizer |   WFO #3.4: IS=+2.18% OOS=-1.30% (2026-02-19~2026-04-28, 68d, 270笔)
2026-04-30 21:56:53.947 | INFO     | AIOptimizer |   WFO #3: WFE=0.42±0.75 ⚠️ 衰减 (4折 | IS=+2.34% OOS=+0.99%)
2026-04-30 21:56:53.976 | INFO     | AIOptimizer |   WFO #4.1: IS=+2.46% OOS=+2.30% (2025-07-27~2025-10-03, 68d, 301笔)
2026-04-30 21:56:54.012 | INFO     | AIOptimizer |   WFO #4.2: IS=+2.53% OOS=+0.18% (2025-10-04~2025-12-11, 68d, 288笔)
2026-04-30 21:56:54.058 | INFO     | AIOptimizer |   WFO #4.3: IS=+2.06% OOS=+2.86% (2025-12-12~2026-02-18, 68d, 327笔)
2026-04-30 21:56:54.165 | INFO     | AIOptimizer |   WFO #4.4: IS=+2.16% OOS=-1.27% (2026-02-19~2026-04-28, 68d, 270笔)
2026-04-30 21:56:54.166 | INFO     | AIOptimizer |   WFO #4: WFE=0.44±0.76 ⚠️ 衰减 (4折 | IS=+2.30% OOS=+1.02%)
2026-04-30 21:56:54.193 | INFO     | AIOptimizer |   WFO #5.1: IS=+2.48% OOS=+2.32% (2025-07-27~2025-10-03, 68d, 302笔)
2026-04-30 21:56:54.229 | INFO     | AIOptimizer |   WFO #5.2: IS=+2.52% OOS=+0.16% (2025-10-04~2025-12-11, 68d, 289笔)
2026-04-30 21:56:54.273 | INFO     | AIOptimizer |   WFO #5.3: IS=+2.05% OOS=+2.79% (2025-12-12~2026-02-18, 68d, 333笔)
2026-04-30 21:56:54.325 | INFO     | AIOptimizer |   WFO #5.4: IS=+2.13% OOS=-1.12% (2026-02-19~2026-04-28, 68d, 271笔)
2026-04-30 21:56:54.325 | INFO     | AIOptimizer |   WFO #5: WFE=0.45±0.74 ⚠️ 衰减 (4折 | IS=+2.29% OOS=+1.04%)
2026-04-30 21:56:54.378 | INFO     | AIOptimizer | 🤖 [Phase 7] 生成 LLM 最终分析报告...
2026-04-30 21:56:54.379 | INFO     | LLMAdvisor | LLMAdvisor | Call③ 开始：生成最终分析报告...
2026-04-30 21:57:37.368 | INFO     | LLMAdvisor | LLMAdvisor | Call③ 完成 (43.0s)
2026-04-30 21:57:37.368 | INFO     | AIOptimizer | ✅ 分析报告已生成
2026-04-30 21:57:37.369 | INFO     | AIOptimizer | 🎉 AI 回测优化完成！共 62 次探索，最优平盈率 +1.72%
2026-04-30 22:01:46.786 | INFO     | DuckDB     | DuckDB | 所有核心表结构初始化完成 (含热点板块)
2026-04-30 22:01:46.786 | INFO     | DuckDB     | DuckDB 核心就绪: E:\1target\p9_project\quant-platform\data\meta\meta.db
2026-04-30 22:01:47.475 | INFO     | LLMAdvisor | LLMAdvisor | 已连接 DeepSeek (deepseek-v4-pro)
2026-04-30 22:01:47.476 | INFO     | AIOptimizer | 🔄 [Phase 1] 加载日线数据 + 生成策略信号（此步骤只需执行一次）...
2026-04-30 22:02:03.899 | INFO     | AIOptimizer |   读取 Parquet 完成：5201 只股票 / 1 只缺失 / 1,659,045 条记录
2026-04-30 22:02:04.596 | INFO     | Screener   | 🧬 [Loader] 识别到类继承策略: MA5AngleOriginalStrategy
2026-04-30 22:02:09.378 | INFO     | AIOptimizer | ✅ [Phase 1] 完成：5201 只日线 / 9008 信号已缓存
2026-04-30 22:02:09.379 | INFO     | AIOptimizer | 🔧 预建 numpy 快速仿真索引...
2026-04-30 22:02:09.865 | INFO     | AIOptimizer |   索引就绪：5199 只股票 / 9008 信号
2026-04-30 22:02:56.508 | INFO     | AIOptimizer |   5分钟线加载：5202 只股票（覆盖 2025-01-01 ~ 2026-04-30）
2026-04-30 22:02:56.654 | INFO     | AIOptimizer | 🌐 计算历史市场状态标签 (Regime)...
2026-04-30 22:02:56.657 | INFO     | RegimeDetector | Regime | 使用 中证A500（386 条，中位值 4801 点）
2026-04-30 22:02:56.663 | INFO     | RegimeDetector | Regime | 生成完毕 319 条标签 | 分布: {'牛市-低波': 221, '牛市-高波': 5, '熊市-低波': 69, '熊市-高波': 24}
2026-04-30 22:02:56.663 | INFO     | AIOptimizer | 🤖 [Phase 2] LLM 冷启动：读策略代码设计搜索空间...
2026-04-30 22:02:56.664 | INFO     | LLMAdvisor | LLMAdvisor | Call① 开始：冷启动搜索空间设计...
2026-04-30 22:03:32.683 | INFO     | LLMAdvisor | LLMAdvisor | Call① 完成 (36.0s)
2026-04-30 22:03:32.684 | INFO     | LLMAdvisor | LLMAdvisor | Call① 成功：12 个参数范围已设计
2026-04-30 22:03:32.684 | INFO     | AIOptimizer | ✅ [Phase 2] 搜索空间已确定（12 个参数）
2026-04-30 22:03:32.684 | INFO     | AIOptimizer | 🔍 [Phase 3] 探索期：12 组拉丁超立方采样...
2026-04-30 22:03:32.836 | INFO     | AIOptimizer |   探索 01/12 | score=0.224 | 平盈率=+0.22% | 胜率=62.4% | PF=1.15
2026-04-30 22:03:32.982 | INFO     | AIOptimizer |   探索 02/12 | score=0.260 | 平盈率=+0.26% | 胜率=57.3% | PF=1.15
2026-04-30 22:03:33.143 | INFO     | AIOptimizer |   探索 03/12 | score=0.659 | 平盈率=+0.66% | 胜率=64.1% | PF=1.36
2026-04-30 22:03:33.300 | INFO     | AIOptimizer |   探索 04/12 | score=0.875 | 平盈率=+0.88% | 胜率=50.3% | PF=1.50
2026-04-30 22:03:33.457 | INFO     | AIOptimizer |   探索 05/12 | score=0.656 | 平盈率=+0.66% | 胜率=63.9% | PF=1.41
2026-04-30 22:03:33.603 | INFO     | AIOptimizer |   探索 06/12 | score=0.236 | 平盈率=+0.24% | 胜率=62.2% | PF=1.16
2026-04-30 22:03:33.748 | INFO     | AIOptimizer |   探索 07/12 | score=0.166 | 平盈率=+0.17% | 胜率=69.4% | PF=1.11
2026-04-30 22:03:33.903 | INFO     | AIOptimizer |   探索 08/12 | score=0.313 | 平盈率=+0.31% | 胜率=65.9% | PF=1.18
2026-04-30 22:03:34.046 | INFO     | AIOptimizer |   探索 09/12 | score=0.654 | 平盈率=+0.65% | 胜率=48.4% | PF=1.44
2026-04-30 22:03:34.196 | INFO     | AIOptimizer |   探索 10/12 | score=0.964 | 平盈率=+0.96% | 胜率=48.5% | PF=1.58
2026-04-30 22:03:34.360 | INFO     | AIOptimizer |   探索 11/12 | score=0.533 | 平盈率=+0.53% | 胜率=57.4% | PF=1.28
2026-04-30 22:03:34.514 | INFO     | AIOptimizer |   探索 12/12 | score=0.587 | 平盈率=+0.59% | 胜率=57.8% | PF=1.33
2026-04-30 22:03:36.317 | INFO     | AIOptimizer | 📊 市场状态分析：{'牛市-低波': {'count': 75207, 'avg_pnl': 0.288, 'win_rate': 56.8, 'max_pnl': 22.086, 'min_pnl': -5.771}, '熊市-低波': {'count': 18012, 'avg_pnl': 0.925, 'win_rate': 64.2, 'max_pnl': 22.086, 'min_pnl': -5.771}, '熊市-高波': {'count': 11564, 'avg_pnl': 1.423, 'win_rate': 66.1, 'max_pnl': 22.086, 'min_pnl': -5.771}, '牛市-高波': {'count': 779, 'avg_pnl': -1.111, 'win_rate': 42.9, 'max_pnl': 19.843, 'min_pnl': -5.771}}
2026-04-30 22:03:36.317 | INFO     | AIOptimizer | 🤖 [Phase 4] LLM 分析探索结果，收窄搜索空间...
2026-04-30 22:03:36.317 | INFO     | LLMAdvisor | LLMAdvisor | Call② 开始：探索结果分析...
2026-04-30 22:04:08.728 | INFO     | LLMAdvisor | LLMAdvisor | Call② 完成 (32.4s)
2026-04-30 22:04:08.728 | INFO     | AIOptimizer | ✅ [Phase 4] 精化完成
2026-04-30 22:04:08.897 | INFO     | AIOptimizer | 🤖 [Phase 5] 贝叶斯精化：50 次 Optuna 探索...
2026-04-30 22:04:09.049 | INFO     | AIOptimizer |   Optuna 01/50 | 当前最优平盈率: +0.48%
2026-04-30 22:04:10.374 | INFO     | AIOptimizer |   Optuna 10/50 | 当前最优平盈率: +0.63%
2026-04-30 22:04:11.983 | INFO     | AIOptimizer |   Optuna 20/50 | 当前最优平盈率: +0.98%
2026-04-30 22:04:13.633 | INFO     | AIOptimizer |   Optuna 30/50 | 当前最优平盈率: +1.01%
2026-04-30 22:04:15.338 | INFO     | AIOptimizer |   Optuna 40/50 | 当前最优平盈率: +1.07%
2026-04-30 22:04:17.119 | INFO     | AIOptimizer |   Optuna 50/50 | 当前最优平盈率: +1.15%
2026-04-30 22:04:17.119 | INFO     | AIOptimizer | 🏆 最优平盈率: +1.15% (score=1.150)
2026-04-30 22:04:17.120 | INFO     | AIOptimizer | 📊 [Phase 6] Walk-Forward 验证（anchored expanding window, 5 折, OOS≈69d, 初始IS≈207d）...
2026-04-30 22:04:17.249 | INFO     | AIOptimizer |   WFO #1.1: IS=+1.47% OOS=+0.95% (2025-07-27~2025-10-03, 68d, 1217笔)
2026-04-30 22:04:17.399 | INFO     | AIOptimizer |   WFO #1.2: IS=+1.41% OOS=+0.50% (2025-10-04~2025-12-11, 68d, 928笔)
2026-04-30 22:04:17.573 | INFO     | AIOptimizer |   WFO #1.3: IS=+1.29% OOS=+1.94% (2025-12-12~2026-02-18, 68d, 1144笔)
2026-04-30 22:04:17.757 | INFO     | AIOptimizer |   WFO #1.4: IS=+1.39% OOS=-1.22% (2026-02-19~2026-04-28, 68d, 814笔)
2026-04-30 22:04:17.757 | INFO     | AIOptimizer |   WFO #1: WFE=0.39±0.85 ⚠️ 衰减 (4折 | IS=+1.39% OOS=+0.54%)
2026-04-30 22:04:17.890 | INFO     | AIOptimizer |   WFO #2.1: IS=+1.49% OOS=+0.91% (2025-07-27~2025-10-03, 68d, 1188笔)
2026-04-30 22:04:18.043 | INFO     | AIOptimizer |   WFO #2.2: IS=+1.44% OOS=+0.46% (2025-10-04~2025-12-11, 68d, 914笔)
2026-04-30 22:04:18.222 | INFO     | AIOptimizer |   WFO #2.3: IS=+1.30% OOS=+1.86% (2025-12-12~2026-02-18, 68d, 1115笔)
2026-04-30 22:04:18.412 | INFO     | AIOptimizer |   WFO #2.4: IS=+1.38% OOS=-1.38% (2026-02-19~2026-04-28, 68d, 797笔)
2026-04-30 22:04:18.413 | INFO     | AIOptimizer |   WFO #2: WFE=0.33±0.88 ⚠️ 衰减 (4折 | IS=+1.40% OOS=+0.46%)
2026-04-30 22:04:18.541 | INFO     | AIOptimizer |   WFO #3.1: IS=+1.43% OOS=+0.89% (2025-07-27~2025-10-03, 68d, 1215笔)
2026-04-30 22:04:18.684 | INFO     | AIOptimizer |   WFO #3.2: IS=+1.38% OOS=+0.47% (2025-10-04~2025-12-11, 68d, 930笔)
2026-04-30 22:04:18.855 | INFO     | AIOptimizer |   WFO #3.3: IS=+1.26% OOS=+1.87% (2025-12-12~2026-02-18, 68d, 1150笔)
2026-04-30 22:04:19.034 | INFO     | AIOptimizer |   WFO #3.4: IS=+1.35% OOS=-1.13% (2026-02-19~2026-04-28, 68d, 819笔)
2026-04-30 22:04:19.034 | INFO     | AIOptimizer |   WFO #3: WFE=0.39±0.83 ⚠️ 衰减 (4折 | IS=+1.35% OOS=+0.52%)
2026-04-30 22:04:19.161 | INFO     | AIOptimizer |   WFO #4.1: IS=+1.42% OOS=+0.85% (2025-07-27~2025-10-03, 68d, 1209笔)
2026-04-30 22:04:19.309 | INFO     | AIOptimizer |   WFO #4.2: IS=+1.37% OOS=+0.44% (2025-10-04~2025-12-11, 68d, 922笔)
2026-04-30 22:04:19.483 | INFO     | AIOptimizer |   WFO #4.3: IS=+1.25% OOS=+1.88% (2025-12-12~2026-02-18, 68d, 1140笔)
2026-04-30 22:04:19.713 | INFO     | AIOptimizer |   WFO #4.4: IS=+1.35% OOS=-1.31% (2026-02-19~2026-04-28, 68d, 814笔)
2026-04-30 22:04:19.713 | INFO     | AIOptimizer |   WFO #4: WFE=0.34±0.89 ⚠️ 衰减 (4折 | IS=+1.34% OOS=+0.46%)
2026-04-30 22:04:19.839 | INFO     | AIOptimizer |   WFO #5.1: IS=+1.38% OOS=+1.00% (2025-07-27~2025-10-03, 68d, 1225笔)
2026-04-30 22:04:19.981 | INFO     | AIOptimizer |   WFO #5.2: IS=+1.35% OOS=+0.44% (2025-10-04~2025-12-11, 68d, 929笔)
2026-04-30 22:04:20.149 | INFO     | AIOptimizer |   WFO #5.3: IS=+1.23% OOS=+1.97% (2025-12-12~2026-02-18, 68d, 1150笔)
2026-04-30 22:04:20.329 | INFO     | AIOptimizer |   WFO #5.4: IS=+1.34% OOS=-1.17% (2026-02-19~2026-04-28, 68d, 818笔)
2026-04-30 22:04:20.330 | INFO     | AIOptimizer |   WFO #5: WFE=0.42±0.89 ⚠️ 衰减 (4折 | IS=+1.32% OOS=+0.56%)
2026-04-30 22:04:20.499 | INFO     | AIOptimizer | 🤖 [Phase 7] 生成 LLM 最终分析报告...
2026-04-30 22:04:20.499 | INFO     | LLMAdvisor | LLMAdvisor | Call③ 开始：生成最终分析报告...
2026-04-30 22:05:12.491 | INFO     | LLMAdvisor | LLMAdvisor | Call③ 完成 (52.0s)
2026-04-30 22:05:12.492 | INFO     | AIOptimizer | ✅ 分析报告已生成
2026-04-30 22:05:12.492 | INFO     | AIOptimizer | 🎉 AI 回测优化完成！共 62 次探索，最优平盈率 +1.15%
2026-04-30 23:10:29.714 | INFO     | DuckDB     | DuckDB | 所有核心表结构初始化完成 (含热点板块)
2026-04-30 23:10:29.714 | INFO     | DuckDB     | DuckDB 核心就绪: E:\1target\p9_project\quant-platform\data\meta\meta.db
2026-04-30 23:10:29.721 | INFO     | Backtest   | [回测 1/5] 筛选回测目标股票...
2026-04-30 23:10:29.726 | INFO     | Backtest   | [回测 2/5] 加载 5202 只股票的历史数据进行快速扫描...
2026-04-30 23:10:30.100 | ERROR    | DuckDB     | DuckDB | 批量加载 K 线失败: Invalid Input Error: No magic bytes found at end of file 'E:\\1target\\p9_project\\quant-platform\\data\\parquet\\daily\\601969.parquet'

LINE 3:             FROM read_parquet(['E:\\1target\\p9_project\\quant-platform\...
                         ^
2026-04-30 23:10:30.102 | INFO     | Backtest   | [回测 5/5] 数据库无 K 线数据
2026-04-30 23:10:56.403 | INFO     | DuckDB     | DuckDB | 所有核心表结构初始化完成 (含热点板块)
2026-04-30 23:10:56.403 | INFO     | DuckDB     | DuckDB 核心就绪: E:\1target\p9_project\quant-platform\data\meta\meta.db
2026-04-30 23:10:56.410 | INFO     | Backtest   | [回测 1/5] 筛选回测目标股票...
2026-04-30 23:10:56.416 | INFO     | Backtest   | [回测 2/5] 加载 5202 只股票的历史数据进行快速扫描...
2026-04-30 23:11:12.696 | INFO     | Backtest   | [回测 3/5] 计算策略信号 (基于日线信号库)...
2026-04-30 23:11:12.711 | INFO     | Screener   | 🧬 [Loader] 识别到类继承策略: MA5AngleOriginalStrategy
2026-04-30 23:11:17.625 | INFO     | Backtest   | [回测 4/5] 处理 9008 条信号，执行精细分钟线仿真...
2026-04-30 23:11:17.634 | INFO     | Backtest   | [回测 4/5] 模拟第 1/9008 笔交易: 平安银行...
2026-04-30 23:11:18.142 | INFO     | Backtest   | [回测 4/5] 模拟第 11/9008 笔交易: 神州高铁...
2026-04-30 23:11:18.518 | INFO     | Backtest   | [回测 4/5] 模拟第 21/9008 笔交易: 沙河股份...
2026-04-30 23:11:18.876 | INFO     | Backtest   | [回测 4/5] 模拟第 31/9008 笔交易: 深粮控股...
2026-04-30 23:11:19.069 | INFO     | Backtest   | [回测 4/5] 模拟第 41/9008 笔交易: 国药一致...
2026-04-30 23:11:19.514 | INFO     | Backtest   | [回测 4/5] 模拟第 51/9008 笔交易: 中国天楹...
2026-04-30 23:11:19.882 | INFO     | Backtest   | [回测 4/5] 模拟第 61/9008 笔交易: 中洲控股...
2026-04-30 23:11:20.150 | INFO     | Backtest   | [回测 4/5] 模拟第 71/9008 笔交易: 深天马Ａ...
2026-04-30 23:11:20.663 | INFO     | Backtest   | [回测 4/5] 模拟第 81/9008 笔交易: 中金岭南...
2026-04-30 23:11:20.850 | INFO     | Backtest   | [回测 4/5] 模拟第 91/9008 笔交易: 华控赛格...
2026-04-30 23:11:21.124 | INFO     | Backtest   | [回测 4/5] 模拟第 101/9008 笔交易: 海王生物...
2026-04-30 23:11:21.589 | INFO     | Backtest   | [回测 4/5] 模拟第 111/9008 笔交易: 丰原药业...
2026-04-30 23:11:21.972 | INFO     | Backtest   | [回测 4/5] 模拟第 121/9008 笔交易: 东方盛虹...
2026-04-30 23:11:22.380 | INFO     | Backtest   | [回测 4/5] 模拟第 131/9008 笔交易: 胜利股份...
2026-04-30 23:11:22.775 | INFO     | Backtest   | [回测 4/5] 模拟第 141/9008 笔交易: 渤海租赁...
2026-04-30 23:11:23.253 | INFO     | Backtest   | [回测 4/5] 模拟第 151/9008 笔交易: 南京公用...
2026-04-30 23:11:23.698 | INFO     | Backtest   | [回测 4/5] 模拟第 161/9008 笔交易: 兴业银锡...
2026-04-30 23:11:24.126 | INFO     | Backtest   | [回测 4/5] 模拟第 171/9008 笔交易: 国新健康...
2026-04-30 23:11:24.623 | INFO     | Backtest   | [回测 4/5] 模拟第 181/9008 笔交易: 招金黄金...
2026-04-30 23:11:24.910 | INFO     | Backtest   | [回测 4/5] 模拟第 191/9008 笔交易: 国际医学...
2026-04-30 23:11:25.252 | INFO     | Backtest   | [回测 4/5] 模拟第 201/9008 笔交易: 凤凰航运...
2026-04-30 23:11:25.678 | INFO     | Backtest   | [回测 4/5] 模拟第 211/9008 笔交易: 柳工...
2026-04-30 23:11:25.991 | INFO     | Backtest   | [回测 4/5] 模拟第 221/9008 笔交易: 华映科技...
2026-04-30 23:11:26.234 | INFO     | Backtest   | [回测 4/5] 模拟第 231/9008 笔交易: 佛山照明...
2026-04-30 23:11:26.611 | INFO     | Backtest   | [回测 4/5] 模拟第 241/9008 笔交易: 湖南投资...
2026-04-30 23:11:26.962 | INFO     | Backtest   | [回测 4/5] 模拟第 251/9008 笔交易: 创元科技...
2026-04-30 23:11:27.336 | INFO     | Backtest   | [回测 4/5] 模拟第 261/9008 笔交易: 天府文旅...
2026-04-30 23:11:27.828 | INFO     | Backtest   | [回测 4/5] 模拟第 271/9008 笔交易: 烽火电子...
2026-04-30 23:11:28.119 | INFO     | Backtest   | [回测 4/5] 模拟第 281/9008 笔交易: 海德股份...
2026-04-30 23:11:28.463 | INFO     | Backtest   | [回测 4/5] 模拟第 291/9008 笔交易: 海马汽车...
2026-04-30 23:11:28.768 | INFO     | Backtest   | [回测 4/5] 模拟第 301/9008 笔交易: 汇源通信...
2026-04-30 23:11:29.157 | INFO     | Backtest   | [回测 4/5] 模拟第 311/9008 笔交易: 德龙汇能...
2026-04-30 23:11:29.515 | INFO     | Backtest   | [回测 4/5] 模拟第 321/9008 笔交易: 建投能源...
2026-04-30 23:11:29.907 | INFO     | Backtest   | [回测 4/5] 模拟第 331/9008 笔交易: 华媒控股...
2026-04-30 23:11:30.326 | INFO     | Backtest   | [回测 4/5] 模拟第 341/9008 笔交易: 焦作万方...
2026-04-30 23:11:30.571 | INFO     | Backtest   | [回测 4/5] 模拟第 351/9008 笔交易: 中油资本...
2026-04-30 23:11:30.946 | INFO     | Backtest   | [回测 4/5] 模拟第 361/9008 笔交易: 远大控股...
2026-04-30 23:11:31.263 | INFO     | Backtest   | [回测 4/5] 模拟第 371/9008 笔交易: 铜陵有色...
2026-04-30 23:11:31.718 | INFO     | Backtest   | [回测 4/5] 模拟第 381/9008 笔交易: 英力特...
2026-04-30 23:11:32.018 | INFO     | Backtest   | [回测 4/5] 模拟第 391/9008 笔交易: *ST万方...
2026-04-30 23:11:32.456 | INFO     | Backtest   | [回测 4/5] 模拟第 401/9008 笔交易: 珠海中富...
2026-04-30 23:11:32.753 | INFO     | Backtest   | [回测 4/5] 模拟第 411/9008 笔交易: ST金鸿...
2026-04-30 23:11:33.122 | INFO     | Backtest   | [回测 4/5] 模拟第 421/9008 笔交易: 恒天海龙...
2026-04-30 23:11:33.517 | INFO     | Backtest   | [回测 4/5] 模拟第 431/9008 笔交易: 山推股份...
2026-04-30 23:11:33.850 | INFO     | Backtest   | [回测 4/5] 模拟第 441/9008 笔交易: 中山公用...
2026-04-30 23:11:34.119 | INFO     | Backtest   | [回测 4/5] 模拟第 451/9008 笔交易: *ST亚太...
2026-04-30 23:11:34.398 | INFO     | Backtest   | [回测 4/5] 模拟第 461/9008 笔交易: ST沈化...
2026-04-30 23:11:34.896 | INFO     | Backtest   | [回测 4/5] 模拟第 471/9008 笔交易: 厦门信达...
2026-04-30 23:11:35.281 | INFO     | Backtest   | [回测 4/5] 模拟第 481/9008 笔交易: 双环科技...
2026-04-30 23:11:35.562 | INFO     | Backtest   | [回测 4/5] 模拟第 491/9008 笔交易: 锦龙股份...
2026-04-30 23:11:35.865 | INFO     | Backtest   | [回测 4/5] 模拟第 501/9008 笔交易: 湖南发展...
2026-04-30 23:11:36.255 | INFO     | Backtest   | [回测 4/5] 模拟第 511/9008 笔交易: 冠捷科技...
2026-04-30 23:11:36.620 | INFO     | Backtest   | [回测 4/5] 模拟第 521/9008 笔交易: 航发控制...
2026-04-30 23:11:37.021 | INFO     | Backtest   | [回测 4/5] 模拟第 531/9008 笔交易: *ST西发...
2026-04-30 23:11:37.427 | INFO     | Backtest   | [回测 4/5] 模拟第 541/9008 笔交易: 浩物股份...
2026-04-30 23:11:37.735 | INFO     | Backtest   | [回测 4/5] 模拟第 551/9008 笔交易: 广发证券...
2026-04-30 23:11:38.153 | INFO     | Backtest   | [回测 4/5] 模拟第 561/9008 笔交易: 恒申新材...
2026-04-30 23:11:38.472 | INFO     | Backtest   | [回测 4/5] 模拟第 571/9008 笔交易: 北大医药...
2026-04-30 23:11:38.837 | INFO     | Backtest   | [回测 4/5] 模拟第 581/9008 笔交易: *ST华闻...
2026-04-30 23:11:39.187 | INFO     | Backtest   | [回测 4/5] 模拟第 591/9008 笔交易: 中水渔业...
2026-04-30 23:11:39.489 | INFO     | Backtest   | [回测 4/5] 模拟第 601/9008 笔交易: 山高环能...
2026-04-30 23:11:39.879 | INFO     | Backtest   | [回测 4/5] 模拟第 611/9008 笔交易: 创维数字...
2026-04-30 23:11:40.152 | INFO     | Backtest   | [回测 4/5] 模拟第 621/9008 笔交易: 智慧农业...
2026-04-30 23:11:40.394 | INFO     | Backtest   | [回测 4/5] 模拟第 631/9008 笔交易: *ST节能...
2026-04-30 23:11:40.874 | INFO     | Backtest   | [回测 4/5] 模拟第 641/9008 笔交易: 超声电子...
2026-04-30 23:11:41.386 | INFO     | Backtest   | [回测 4/5] 模拟第 651/9008 笔交易: 粤桂股份...
2026-04-30 23:11:41.713 | INFO     | Backtest   | [回测 4/5] 模拟第 661/9008 笔交易: 承德露露...
2026-04-30 23:11:42.002 | INFO     | Backtest   | [回测 4/5] 模拟第 671/9008 笔交易: 顺鑫农业...
2026-04-30 23:11:42.395 | INFO     | Backtest   | [回测 4/5] 模拟第 681/9008 笔交易: 电投绿能...
2026-04-30 23:11:42.747 | INFO     | Backtest   | [回测 4/5] 模拟第 691/9008 笔交易: 中广核技...
2026-04-30 23:11:43.126 | INFO     | Backtest   | [回测 4/5] 模拟第 701/9008 笔交易: 中鼎股份...
2026-04-30 23:11:43.358 | INFO     | Backtest   | [回测 4/5] 模拟第 711/9008 笔交易: 法尔胜...
2026-04-30 23:11:43.823 | INFO     | Backtest   | [回测 4/5] 模拟第 721/9008 笔交易: 新洋丰...
2026-04-30 23:11:44.187 | INFO     | Backtest   | [回测 4/5] 模拟第 731/9008 笔交易: *ST数源...
2026-04-30 23:11:44.607 | INFO     | Backtest   | [回测 4/5] 模拟第 741/9008 笔交易: 电广传媒...
2026-04-30 23:11:44.952 | INFO     | Backtest   | [回测 4/5] 模拟第 751/9008 笔交易: 河钢资源...
2026-04-30 23:11:45.283 | INFO     | Backtest   | [回测 4/5] 模拟第 761/9008 笔交易: *ST兰黄...
2026-04-30 23:11:45.812 | INFO     | Backtest   | [回测 4/5] 模拟第 771/9008 笔交易: 华菱钢铁...
2026-04-30 23:11:45.996 | INFO     | Backtest   | [回测 4/5] 模拟第 781/9008 笔交易: 华西股份...
2026-04-30 23:11:46.418 | INFO     | Backtest   | [回测 4/5] 模拟第 791/9008 笔交易: 南天信息...
2026-04-30 23:11:46.656 | INFO     | Backtest   | [回测 4/5] 模拟第 801/9008 笔交易: 河化股份...
2026-04-30 23:11:47.019 | INFO     | Backtest   | [回测 4/5] 模拟第 811/9008 笔交易: 锡业股份...
2026-04-30 23:11:47.344 | INFO     | Backtest   | [回测 4/5] 模拟第 821/9008 笔交易: 安泰科技...
2026-04-30 23:11:47.757 | INFO     | Backtest   | [回测 4/5] 模拟第 831/9008 笔交易: 山西焦煤...
2026-04-30 23:11:48.113 | INFO     | Backtest   | [回测 4/5] 模拟第 841/9008 笔交易: 诚志股份...
2026-04-30 23:11:48.521 | INFO     | Backtest   | [回测 4/5] 模拟第 851/9008 笔交易: 炬申股份...
2026-04-30 23:11:48.960 | INFO     | Backtest   | [回测 4/5] 模拟第 861/9008 笔交易: 洪兴股份...
2026-04-30 23:11:49.338 | INFO     | Backtest   | [回测 4/5] 模拟第 871/9008 笔交易: 源飞宠物...
2026-04-30 23:11:49.693 | INFO     | Backtest   | [回测 4/5] 模拟第 881/9008 笔交易: 弘业期货...
2026-04-30 23:11:50.116 | INFO     | Backtest   | [回测 4/5] 模拟第 891/9008 笔交易: 利仁科技...
2026-04-30 23:11:50.621 | INFO     | Backtest   | [回测 4/5] 模拟第 901/9008 笔交易: 一彬科技...
2026-04-30 23:11:50.972 | INFO     | Backtest   | [回测 4/5] 模拟第 911/9008 笔交易: 运机集团...
2026-04-30 23:11:51.431 | INFO     | Backtest   | [回测 4/5] 模拟第 921/9008 笔交易: 阳光乳业...
2026-04-30 23:11:51.779 | INFO     | Backtest   | [回测 4/5] 模拟第 931/9008 笔交易: 博纳影业...
2026-04-30 23:11:52.187 | INFO     | Backtest   | [回测 4/5] 模拟第 941/9008 笔交易: 南矿集团...
2026-04-30 23:11:52.429 | INFO     | Backtest   | [回测 4/5] 模拟第 951/9008 笔交易: 双欣材料...
2026-04-30 23:11:52.646 | INFO     | Backtest   | [回测 4/5] 模拟第 961/9008 笔交易: 新亚电缆...
2026-04-30 23:11:52.959 | INFO     | Backtest   | [回测 4/5] 模拟第 971/9008 笔交易: 宗申动力...
2026-04-30 23:11:53.346 | INFO     | Backtest   | [回测 4/5] 模拟第 981/9008 笔交易: 华邦健康...
2026-04-30 23:11:53.916 | INFO     | Backtest   | [回测 4/5] 模拟第 991/9008 笔交易: 传化智联...
2026-04-30 23:11:54.270 | INFO     | Backtest   | [回测 4/5] 模拟第 1001/9008 笔交易: 亿帆医药...
2026-04-30 23:11:54.529 | INFO     | Backtest   | [回测 4/5] 模拟第 1011/9008 笔交易: 海特高新...
2026-04-30 23:11:55.041 | INFO     | Backtest   | [回测 4/5] 模拟第 1021/9008 笔交易: 分众传媒...
2026-04-30 23:11:55.320 | INFO     | Backtest   | [回测 4/5] 模拟第 1031/9008 笔交易: 保利联合...
2026-04-30 23:11:55.724 | INFO     | Backtest   | [回测 4/5] 模拟第 1041/9008 笔交易: 登海种业...
2026-04-30 23:11:56.145 | INFO     | Backtest   | [回测 4/5] 模拟第 1051/9008 笔交易: 国光电器...
2026-04-30 23:11:56.658 | INFO     | Backtest   | [回测 4/5] 模拟第 1061/9008 笔交易: 同洲电子...
2026-04-30 23:11:57.022 | INFO     | Backtest   | [回测 4/5] 模拟第 1071/9008 笔交易: ST得润...
2026-04-30 23:11:57.252 | INFO     | Backtest   | [回测 4/5] 模拟第 1081/9008 笔交易: 浙江交科...
2026-04-30 23:11:57.614 | INFO     | Backtest   | [回测 4/5] 模拟第 1091/9008 笔交易: 东华软件...
2026-04-30 23:11:57.809 | INFO     | Backtest   | [回测 4/5] 模拟第 1101/9008 笔交易: 黑猫股份...
2026-04-30 23:11:58.293 | INFO     | Backtest   | [回测 4/5] 模拟第 1111/9008 笔交易: *ST星光...
2026-04-30 23:11:58.733 | INFO     | Backtest   | [回测 4/5] 模拟第 1121/9008 笔交易: 苏州固锝...
2026-04-30 23:11:59.064 | INFO     | Backtest   | [回测 4/5] 模拟第 1131/9008 笔交易: 万丰奥威...
2026-04-30 23:11:59.357 | INFO     | Backtest   | [回测 4/5] 模拟第 1141/9008 笔交易: 中泰化学...
2026-04-30 23:11:59.616 | INFO     | Backtest   | [回测 4/5] 模拟第 1151/9008 笔交易: 生意宝...
2026-04-30 23:11:59.903 | INFO     | Backtest   | [回测 4/5] 模拟第 1161/9008 笔交易: 广东鸿图...
2026-04-30 23:12:00.303 | INFO     | Backtest   | [回测 4/5] 模拟第 1171/9008 笔交易: 信隆健康...
2026-04-30 23:12:00.737 | INFO     | Backtest   | [回测 4/5] 模拟第 1181/9008 笔交易: 三钢闽光...
2026-04-30 23:12:01.033 | INFO     | Backtest   | [回测 4/5] 模拟第 1191/9008 笔交易: 罗平锌电...
2026-04-30 23:12:01.380 | INFO     | Backtest   | [回测 4/5] 模拟第 1201/9008 笔交易: 东港股份...
2026-04-30 23:12:01.803 | INFO     | Backtest   | [回测 4/5] 模拟第 1211/9008 笔交易: 科陆电子...
2026-04-30 23:12:02.184 | INFO     | Backtest   | [回测 4/5] 模拟第 1221/9008 笔交易: 湘潭电化...
2026-04-30 23:12:02.514 | INFO     | Backtest   | [回测 4/5] 模拟第 1231/9008 笔交易: 恒星科技...
2026-04-30 23:12:02.724 | INFO     | Backtest   | [回测 4/5] 模拟第 1241/9008 笔交易: 东南网架...
2026-04-30 23:12:03.056 | INFO     | Backtest   | [回测 4/5] 模拟第 1251/9008 笔交易: 实益达...
2026-04-30 23:12:03.461 | INFO     | Backtest   | [回测 4/5] 模拟第 1261/9008 笔交易: 宏达高科...
2026-04-30 23:12:03.804 | INFO     | Backtest   | [回测 4/5] 模拟第 1271/9008 笔交易: 广电运通...
2026-04-30 23:12:04.154 | INFO     | Backtest   | [回测 4/5] 模拟第 1281/9008 笔交易: 湖南黄金...
2026-04-30 23:12:04.607 | INFO     | Backtest   | [回测 4/5] 模拟第 1291/9008 笔交易: 远望谷...
2026-04-30 23:12:04.933 | INFO     | Backtest   | [回测 4/5] 模拟第 1301/9008 笔交易: 红宝丽...
2026-04-30 23:12:05.117 | INFO     | Backtest   | [回测 4/5] 模拟第 1311/9008 笔交易: 芭田股份...
2026-04-30 23:12:05.356 | INFO     | Backtest   | [回测 4/5] 模拟第 1321/9008 笔交易: 游族网络...
2026-04-30 23:12:05.505 | INFO     | Backtest   | [回测 4/5] 模拟第 1331/9008 笔交易: 延华智能...
2026-04-30 23:12:05.782 | INFO     | Backtest   | [回测 4/5] 模拟第 1341/9008 笔交易: 华天科技...
2026-04-30 23:12:06.125 | INFO     | Backtest   | [回测 4/5] 模拟第 1351/9008 笔交易: 中天服务...
2026-04-30 23:12:06.515 | INFO     | Backtest   | [回测 4/5] 模拟第 1361/9008 笔交易: 岩山科技...
2026-04-30 23:12:06.902 | INFO     | Backtest   | [回测 4/5] 模拟第 1371/9008 笔交易: 嘉应制药...
2026-04-30 23:12:07.218 | INFO     | Backtest   | [回测 4/5] 模拟第 1381/9008 笔交易: 九鼎新材...
2026-04-30 23:12:07.355 | INFO     | Backtest   | [回测 4/5] 模拟第 1391/9008 笔交易: 海利得...
2026-04-30 23:12:07.627 | INFO     | Backtest   | [回测 4/5] 模拟第 1401/9008 笔交易: ST宏达...
2026-04-30 23:12:08.111 | INFO     | Backtest   | [回测 4/5] 模拟第 1411/9008 笔交易: *ST大立...
2026-04-30 23:12:08.412 | INFO     | Backtest   | [回测 4/5] 模拟第 1421/9008 笔交易: 新里程...
2026-04-30 23:12:08.810 | INFO     | Backtest   | [回测 4/5] 模拟第 1431/9008 笔交易: 合兴包装...
2026-04-30 23:12:09.130 | INFO     | Backtest   | [回测 4/5] 模拟第 1441/9008 笔交易: 安妮股份...
2026-04-30 23:12:09.457 | INFO     | Backtest   | [回测 4/5] 模拟第 1451/9008 笔交易: 盛新锂能...
2026-04-30 23:12:09.785 | INFO     | Backtest   | [回测 4/5] 模拟第 1461/9008 笔交易: 蔚蓝锂芯...
2026-04-30 23:12:09.942 | INFO     | Backtest   | [回测 4/5] 模拟第 1471/9008 笔交易: 华东数控...
2026-04-30 23:12:10.312 | INFO     | Backtest   | [回测 4/5] 模拟第 1481/9008 笔交易: 步步高...
2026-04-30 23:12:10.789 | INFO     | Backtest   | [回测 4/5] 模拟第 1491/9008 笔交易: 兆新股份...
2026-04-30 23:12:11.167 | INFO     | Backtest   | [回测 4/5] 模拟第 1501/9008 笔交易: 升达林业...
2026-04-30 23:12:11.354 | INFO     | Backtest   | [回测 4/5] 模拟第 1511/9008 笔交易: 新华都...
2026-04-30 23:12:11.670 | INFO     | Backtest   | [回测 4/5] 模拟第 1521/9008 笔交易: 电科网安...
2026-04-30 23:12:11.875 | INFO     | Backtest   | [回测 4/5] 模拟第 1531/9008 笔交易: 东方雨虹...
2026-04-30 23:12:12.194 | INFO     | Backtest   | [回测 4/5] 模拟第 1541/9008 笔交易: 万马股份...
2026-04-30 23:12:12.663 | INFO     | Backtest   | [回测 4/5] 模拟第 1551/9008 笔交易: 久其软件...
2026-04-30 23:12:13.024 | INFO     | Backtest   | [回测 4/5] 模拟第 1561/9008 笔交易: 亚太股份...
2026-04-30 23:12:13.433 | INFO     | Backtest   | [回测 4/5] 模拟第 1571/9008 笔交易: 遥望科技...
2026-04-30 23:12:13.832 | INFO     | Backtest   | [回测 4/5] 模拟第 1581/9008 笔交易: 博云新材...
2026-04-30 23:12:14.072 | INFO     | Backtest   | [回测 4/5] 模拟第 1591/9008 笔交易: 齐心集团...
2026-04-30 23:12:14.414 | INFO     | Backtest   | [回测 4/5] 模拟第 1601/9008 笔交易: *ST云网...
2026-04-30 23:12:14.585 | INFO     | Backtest   | [回测 4/5] 模拟第 1611/9008 笔交易: 东方新能...
2026-04-30 23:12:14.896 | INFO     | Backtest   | [回测 4/5] 模拟第 1621/9008 笔交易: 南山控股...
2026-04-30 23:12:15.153 | INFO     | Backtest   | [回测 4/5] 模拟第 1631/9008 笔交易: 乐通股份...
2026-04-30 23:12:15.406 | INFO     | Backtest   | [回测 4/5] 模拟第 1641/9008 笔交易: 理工能科...
2026-04-30 23:12:15.873 | INFO     | Backtest   | [回测 4/5] 模拟第 1651/9008 笔交易: 新朋股份...
2026-04-30 23:12:16.166 | INFO     | Backtest   | [回测 4/5] 模拟第 1661/9008 笔交易: 英威腾...
2026-04-30 23:12:16.560 | INFO     | Backtest   | [回测 4/5] 模拟第 1671/9008 笔交易: 巨力索具...
2026-04-30 23:12:16.841 | INFO     | Backtest   | [回测 4/5] 模拟第 1681/9008 笔交易: 潮宏基...
2026-04-30 23:12:17.159 | INFO     | Backtest   | [回测 4/5] 模拟第 1691/9008 笔交易: 高乐股份...
2026-04-30 23:12:17.562 | INFO     | Backtest   | [回测 4/5] 模拟第 1701/9008 笔交易: 天娱数科...
2026-04-30 23:12:17.875 | INFO     | Backtest   | [回测 4/5] 模拟第 1711/9008 笔交易: 同德化工...
2026-04-30 23:12:18.236 | INFO     | Backtest   | [回测 4/5] 模拟第 1721/9008 笔交易: 中恒电气...
2026-04-30 23:12:18.699 | INFO     | Backtest   | [回测 4/5] 模拟第 1731/9008 笔交易: 亚太药业...
2026-04-30 23:12:19.159 | INFO     | Backtest   | [回测 4/5] 模拟第 1741/9008 笔交易: 中锐股份...
2026-04-30 23:12:19.518 | INFO     | Backtest   | [回测 4/5] 模拟第 1751/9008 笔交易: 国创高新...
2026-04-30 23:12:19.694 | INFO     | Backtest   | [回测 4/5] 模拟第 1761/9008 笔交易: 蓝帆医疗...
2026-04-30 23:12:20.052 | INFO     | Backtest   | [回测 4/5] 模拟第 1771/9008 笔交易: 航天彩虹...
2026-04-30 23:12:20.361 | INFO     | Backtest   | [回测 4/5] 模拟第 1781/9008 笔交易: 联发股份...
2026-04-30 23:12:20.752 | INFO     | Backtest   | [回测 4/5] 模拟第 1791/9008 笔交易: 梦洁股份...
2026-04-30 23:12:21.125 | INFO     | Backtest   | [回测 4/5] 模拟第 1801/9008 笔交易: 中远海科...
2026-04-30 23:12:21.437 | INFO     | Backtest   | [回测 4/5] 模拟第 1811/9008 笔交易: 四维图新...
2026-04-30 23:12:21.908 | INFO     | Backtest   | [回测 4/5] 模拟第 1821/9008 笔交易: 雷科防务...
2026-04-30 23:12:22.165 | INFO     | Backtest   | [回测 4/5] 模拟第 1831/9008 笔交易: 康盛股份...
2026-04-30 23:12:22.416 | INFO     | Backtest   | [回测 4/5] 模拟第 1841/9008 笔交易: 达实智能...
2026-04-30 23:12:22.886 | INFO     | Backtest   | [回测 4/5] 模拟第 1851/9008 笔交易: 凯撒文化...
2026-04-30 23:12:23.208 | INFO     | Backtest   | [回测 4/5] 模拟第 1861/9008 笔交易: 兆驰股份...
2026-04-30 23:12:23.656 | INFO     | Backtest   | [回测 4/5] 模拟第 1871/9008 笔交易: 万里扬...
2026-04-30 23:12:23.904 | INFO     | Backtest   | [回测 4/5] 模拟第 1881/9008 笔交易: 启明星辰...
2026-04-30 23:12:24.386 | INFO     | Backtest   | [回测 4/5] 模拟第 1891/9008 笔交易: 龙星科技...
2026-04-30 23:12:24.641 | INFO     | Backtest   | [回测 4/5] 模拟第 1901/9008 笔交易: 中原内配...
2026-04-30 23:12:24.970 | INFO     | Backtest   | [回测 4/5] 模拟第 1911/9008 笔交易: 华软科技...
2026-04-30 23:12:25.393 | INFO     | Backtest   | [回测 4/5] 模拟第 1921/9008 笔交易: 晶澳科技...
2026-04-30 23:12:25.808 | INFO     | Backtest   | [回测 4/5] 模拟第 1931/9008 笔交易: 二六三...
2026-04-30 23:12:25.998 | INFO     | Backtest   | [回测 4/5] 模拟第 1941/9008 笔交易: 金正大...
2026-04-30 23:12:26.319 | INFO     | Backtest   | [回测 4/5] 模拟第 1951/9008 笔交易: 常宝股份...
2026-04-30 23:12:26.606 | INFO     | Backtest   | [回测 4/5] 模拟第 1961/9008 笔交易: 广田集团...
2026-04-30 23:12:26.944 | INFO     | Backtest   | [回测 4/5] 模拟第 1971/9008 笔交易: 嘉麟杰...
2026-04-30 23:12:27.346 | INFO     | Backtest   | [回测 4/5] 模拟第 1981/9008 笔交易: 通鼎互联...
2026-04-30 23:12:27.584 | INFO     | Backtest   | [回测 4/5] 模拟第 1991/9008 笔交易: 雅化集团...
2026-04-30 23:12:27.929 | INFO     | Backtest   | [回测 4/5] 模拟第 2001/9008 笔交易: 天汽模...
2026-04-30 23:12:28.084 | INFO     | Backtest   | [回测 4/5] 模拟第 2011/9008 笔交易: 宝馨科技...
2026-04-30 23:12:28.525 | INFO     | Backtest   | [回测 4/5] 模拟第 2021/9008 笔交易: 日发精机...
2026-04-30 23:12:28.877 | INFO     | Backtest   | [回测 4/5] 模拟第 2031/9008 笔交易: 浙江众成...
2026-04-30 23:12:29.232 | INFO     | Backtest   | [回测 4/5] 模拟第 2041/9008 笔交易: 新时达...
2026-04-30 23:12:29.465 | INFO     | Backtest   | [回测 4/5] 模拟第 2051/9008 笔交易: 天顺风能...
2026-04-30 23:12:29.703 | INFO     | Backtest   | [回测 4/5] 模拟第 2061/9008 笔交易: 西子洁能...
2026-04-30 23:12:30.127 | INFO     | Backtest   | [回测 4/5] 模拟第 2071/9008 笔交易: ST司特...
2026-04-30 23:12:30.419 | INFO     | Backtest   | [回测 4/5] 模拟第 2081/9008 笔交易: *ST中岩...
2026-04-30 23:12:30.733 | INFO     | Backtest   | [回测 4/5] 模拟第 2091/9008 笔交易: 春兴精工...
2026-04-30 23:12:31.112 | INFO     | Backtest   | [回测 4/5] 模拟第 2101/9008 笔交易: 尚荣医疗...
2026-04-30 23:12:31.341 | INFO     | Backtest   | [回测 4/5] 模拟第 2111/9008 笔交易: 洽洽食品...
2026-04-30 23:12:31.766 | INFO     | Backtest   | [回测 4/5] 模拟第 2121/9008 笔交易: 通达股份...
2026-04-30 23:12:31.952 | INFO     | Backtest   | [回测 4/5] 模拟第 2131/9008 笔交易: 顺灏股份...
2026-04-30 23:12:32.413 | INFO     | Backtest   | [回测 4/5] 模拟第 2141/9008 笔交易: 德力股份...
2026-04-30 23:12:32.665 | INFO     | Backtest   | [回测 4/5] 模拟第 2151/9008 笔交易: 明牌珠宝...
2026-04-30 23:12:32.912 | INFO     | Backtest   | [回测 4/5] 模拟第 2161/9008 笔交易: 通达动力...
2026-04-30 23:12:33.218 | INFO     | Backtest   | [回测 4/5] 模拟第 2171/9008 笔交易: 中京电子...
2026-04-30 23:12:33.397 | INFO     | Backtest   | [回测 4/5] 模拟第 2181/9008 笔交易: ST未名...
2026-04-30 23:12:33.757 | INFO     | Backtest   | [回测 4/5] 模拟第 2191/9008 笔交易: 双星新材...
2026-04-30 23:12:34.101 | INFO     | Backtest   | [回测 4/5] 模拟第 2201/9008 笔交易: 史丹利...
2026-04-30 23:12:34.404 | INFO     | Backtest   | [回测 4/5] 模拟第 2211/9008 笔交易: 日上集团...
2026-04-30 23:12:34.750 | INFO     | Backtest   | [回测 4/5] 模拟第 2221/9008 笔交易: 领益智造...
2026-04-30 23:12:34.921 | INFO     | Backtest   | [回测 4/5] 模拟第 2231/9008 笔交易: 以岭药业...
2026-04-30 23:12:35.256 | INFO     | Backtest   | [回测 4/5] 模拟第 2241/9008 笔交易: 东方精工...
2026-04-30 23:12:35.570 | INFO     | Backtest   | [回测 4/5] 模拟第 2251/9008 笔交易: 奥佳华...
2026-04-30 23:12:35.893 | INFO     | Backtest   | [回测 4/5] 模拟第 2261/9008 笔交易: ST瑞和...
2026-04-30 23:12:36.106 | INFO     | Backtest   | [回测 4/5] 模拟第 2271/9008 笔交易: 完美世界...
2026-04-30 23:12:36.415 | INFO     | Backtest   | [回测 4/5] 模拟第 2281/9008 笔交易: ST华西...
2026-04-30 23:12:36.887 | INFO     | Backtest   | [回测 4/5] 模拟第 2291/9008 笔交易: *ST棒杰...
2026-04-30 23:12:37.134 | INFO     | Backtest   | [回测 4/5] 模拟第 2301/9008 笔交易: 金安国纪...
2026-04-30 23:12:37.445 | INFO     | Backtest   | [回测 4/5] 模拟第 2311/9008 笔交易: 雪人集团...
2026-04-30 23:12:37.846 | INFO     | Backtest   | [回测 4/5] 模拟第 2321/9008 笔交易: 华宏科技...
2026-04-30 23:12:38.238 | INFO     | Backtest   | [回测 4/5] 模拟第 2331/9008 笔交易: 利君股份...
2026-04-30 23:12:38.560 | INFO     | Backtest   | [回测 4/5] 模拟第 2341/9008 笔交易: 共达电声...
2026-04-30 23:12:38.853 | INFO     | Backtest   | [回测 4/5] 模拟第 2351/9008 笔交易: 茂硕电源...
2026-04-30 23:12:39.346 | INFO     | Backtest   | [回测 4/5] 模拟第 2361/9008 笔交易: 德联集团...
2026-04-30 23:12:39.799 | INFO     | Backtest   | [回测 4/5] 模拟第 2371/9008 笔交易: 龙泉股份...
2026-04-30 23:12:40.276 | INFO     | Backtest   | [回测 4/5] 模拟第 2381/9008 笔交易: 浙江美大...
2026-04-30 23:12:40.733 | INFO     | Backtest   | [回测 4/5] 模拟第 2391/9008 笔交易: 龙洲股份...
2026-04-30 23:12:41.036 | INFO     | Backtest   | [回测 4/5] 模拟第 2401/9008 笔交易: 亿利达...
2026-04-30 23:12:41.370 | INFO     | Backtest   | [回测 4/5] 模拟第 2411/9008 笔交易: 冀凯股份...
2026-04-30 23:12:41.777 | INFO     | Backtest   | [回测 4/5] 模拟第 2421/9008 笔交易: 煌上煌...
2026-04-30 23:12:42.167 | INFO     | Backtest   | [回测 4/5] 模拟第 2431/9008 笔交易: 博实股份...
2026-04-30 23:12:42.580 | INFO     | Backtest   | [回测 4/5] 模拟第 2441/9008 笔交易: 海欣食品...
2026-04-30 23:12:42.982 | INFO     | Backtest   | [回测 4/5] 模拟第 2451/9008 笔交易: 众信旅游...
2026-04-30 23:12:43.431 | INFO     | Backtest   | [回测 4/5] 模拟第 2461/9008 笔交易: 登云股份...
2026-04-30 23:12:43.677 | INFO     | Backtest   | [回测 4/5] 模拟第 2471/9008 笔交易: 麦趣尔...
2026-04-30 23:12:44.081 | INFO     | Backtest   | [回测 4/5] 模拟第 2481/9008 笔交易: 海洋王...
2026-04-30 23:12:44.377 | INFO     | Backtest   | [回测 4/5] 模拟第 2491/9008 笔交易: 特一药业...
2026-04-30 23:12:44.550 | INFO     | Backtest   | [回测 4/5] 模拟第 2501/9008 笔交易: 雄韬股份...
2026-04-30 23:12:44.898 | INFO     | Backtest   | [回测 4/5] 模拟第 2511/9008 笔交易: 儒意电影...
2026-04-30 23:12:45.225 | INFO     | Backtest   | [回测 4/5] 模拟第 2521/9008 笔交易: 富煌钢构...
2026-04-30 23:12:45.785 | INFO     | Backtest   | [回测 4/5] 模拟第 2531/9008 笔交易: 国光股份...
2026-04-30 23:12:46.037 | INFO     | Backtest   | [回测 4/5] 模拟第 2541/9008 笔交易: 南兴股份...
2026-04-30 23:12:46.324 | INFO     | Backtest   | [回测 4/5] 模拟第 2551/9008 笔交易: *ST金比...
2026-04-30 23:12:46.720 | INFO     | Backtest   | [回测 4/5] 模拟第 2561/9008 笔交易: 先锋电子...
2026-04-30 23:12:47.051 | INFO     | Backtest   | [回测 4/5] 模拟第 2571/9008 笔交易: 快意电梯...
2026-04-30 23:12:47.222 | INFO     | Backtest   | [回测 4/5] 模拟第 2581/9008 笔交易: 可立克...
2026-04-30 23:12:47.509 | INFO     | Backtest   | [回测 4/5] 模拟第 2591/9008 笔交易: 华源控股...
2026-04-30 23:12:47.933 | INFO     | Backtest   | [回测 4/5] 模拟第 2601/9008 笔交易: 坚朗五金...
2026-04-30 23:12:48.304 | INFO     | Backtest   | [回测 4/5] 模拟第 2611/9008 笔交易: 罗欣药业...
2026-04-30 23:12:48.639 | INFO     | Backtest   | [回测 4/5] 模拟第 2621/9008 笔交易: 天顺股份...
2026-04-30 23:12:48.982 | INFO     | Backtest   | [回测 4/5] 模拟第 2631/9008 笔交易: 丰元股份...
2026-04-30 23:12:49.332 | INFO     | Backtest   | [回测 4/5] 模拟第 2641/9008 笔交易: 山东赫达...
2026-04-30 23:12:49.695 | INFO     | Backtest   | [回测 4/5] 模拟第 2651/9008 笔交易: 崇达技术...
2026-04-30 23:12:50.016 | INFO     | Backtest   | [回测 4/5] 模拟第 2661/9008 笔交易: 凯中精密...
2026-04-30 23:12:50.385 | INFO     | Backtest   | [回测 4/5] 模拟第 2671/9008 笔交易: 高争民爆...
2026-04-30 23:12:50.856 | INFO     | Backtest   | [回测 4/5] 模拟第 2681/9008 笔交易: 弘亚数控...
2026-04-30 23:12:51.263 | INFO     | Backtest   | [回测 4/5] 模拟第 2691/9008 笔交易: 翔鹭钨业...
2026-04-30 23:12:51.583 | INFO     | Backtest   | [回测 4/5] 模拟第 2701/9008 笔交易: 英联股份...
2026-04-30 23:12:51.835 | INFO     | Backtest   | [回测 4/5] 模拟第 2711/9008 笔交易: 皮阿诺...
2026-04-30 23:12:52.132 | INFO     | Backtest   | [回测 4/5] 模拟第 2721/9008 笔交易: 三晖电气...
2026-04-30 23:12:52.540 | INFO     | Backtest   | [回测 4/5] 模拟第 2731/9008 笔交易: 瀛通通讯...
2026-04-30 23:12:52.855 | INFO     | Backtest   | [回测 4/5] 模拟第 2741/9008 笔交易: 今飞凯达...
2026-04-30 23:12:53.262 | INFO     | Backtest   | [回测 4/5] 模拟第 2751/9008 笔交易: ST天圣...
2026-04-30 23:12:53.604 | INFO     | Backtest   | [回测 4/5] 模拟第 2761/9008 笔交易: 元隆雅图...
2026-04-30 23:12:53.999 | INFO     | Backtest   | [回测 4/5] 模拟第 2771/9008 笔交易: 中设股份...
2026-04-30 23:12:54.363 | INFO     | Backtest   | [回测 4/5] 模拟第 2781/9008 笔交易: 绿茵生态...
2026-04-30 23:12:54.709 | INFO     | Backtest   | [回测 4/5] 模拟第 2791/9008 笔交易: 京能热力...
2026-04-30 23:12:55.096 | INFO     | Backtest   | [回测 4/5] 模拟第 2801/9008 笔交易: 哈三联...
2026-04-30 23:12:55.379 | INFO     | Backtest   | [回测 4/5] 模拟第 2811/9008 笔交易: 金逸影视...
2026-04-30 23:12:55.771 | INFO     | Backtest   | [回测 4/5] 模拟第 2821/9008 笔交易: 集泰股份...
2026-04-30 23:12:56.203 | INFO     | Backtest   | [回测 4/5] 模拟第 2831/9008 笔交易: 名臣健康...
2026-04-30 23:12:56.570 | INFO     | Backtest   | [回测 4/5] 模拟第 2841/9008 笔交易: 华西证券...
2026-04-30 23:12:56.769 | INFO     | Backtest   | [回测 4/5] 模拟第 2851/9008 笔交易: 天奥电子...
2026-04-30 23:12:57.120 | INFO     | Backtest   | [回测 4/5] 模拟第 2861/9008 笔交易: 长城证券...
2026-04-30 23:12:57.469 | INFO     | Backtest   | [回测 4/5] 模拟第 2871/9008 笔交易: 新乳业...
2026-04-30 23:12:57.941 | INFO     | Backtest   | [回测 4/5] 模拟第 2881/9008 笔交易: 亚世光电...
2026-04-30 23:12:58.362 | INFO     | Backtest   | [回测 4/5] 模拟第 2891/9008 笔交易: 青农商行...
2026-04-30 23:12:58.779 | INFO     | Backtest   | [回测 4/5] 模拟第 2901/9008 笔交易: 豪尔赛...
2026-04-30 23:12:59.179 | INFO     | Backtest   | [回测 4/5] 模拟第 2911/9008 笔交易: 和远气体...
2026-04-30 23:12:59.497 | INFO     | Backtest   | [回测 4/5] 模拟第 2921/9008 笔交易: 朝阳科技...
2026-04-30 23:12:59.823 | INFO     | Backtest   | [回测 4/5] 模拟第 2931/9008 笔交易: 宇新股份...
2026-04-30 23:13:00.220 | INFO     | Backtest   | [回测 4/5] 模拟第 2941/9008 笔交易: 劲仔食品...
2026-04-30 23:13:00.486 | INFO     | Backtest   | [回测 4/5] 模拟第 2951/9008 笔交易: 海象新材...
2026-04-30 23:13:00.919 | INFO     | Backtest   | [回测 4/5] 模拟第 2961/9008 笔交易: 金富科技...
2026-04-30 23:13:01.242 | INFO     | Backtest   | [回测 4/5] 模拟第 2971/9008 笔交易: 思进智能...
2026-04-30 23:13:01.531 | INFO     | Backtest   | [回测 4/5] 模拟第 2981/9008 笔交易: 泰坦股份...
2026-04-30 23:13:01.933 | INFO     | Backtest   | [回测 4/5] 模拟第 2991/9008 笔交易: 楚天龙...
2026-04-30 23:13:02.442 | INFO     | Backtest   | [回测 4/5] 模拟第 3001/9008 笔交易: 神州泰岳...
2026-04-30 23:13:02.900 | INFO     | Backtest   | [回测 4/5] 模拟第 3011/9008 笔交易: 探路者...
2026-04-30 23:13:03.176 | INFO     | Backtest   | [回测 4/5] 模拟第 3021/9008 笔交易: 安科生物...
2026-04-30 23:13:03.415 | INFO     | Backtest   | [回测 4/5] 模拟第 3031/9008 笔交易: 鼎汉技术...
2026-04-30 23:13:03.781 | INFO     | Backtest   | [回测 4/5] 模拟第 3041/9008 笔交易: 北陆药业...
2026-04-30 23:13:04.078 | INFO     | Backtest   | [回测 4/5] 模拟第 3051/9008 笔交易: 硅宝科技...
2026-04-30 23:13:04.426 | INFO     | Backtest   | [回测 4/5] 模拟第 3061/9008 笔交易: 吉峰科技...
2026-04-30 23:13:04.714 | INFO     | Backtest   | [回测 4/5] 模拟第 3071/9008 笔交易: 华谊兄弟...
2026-04-30 23:13:05.015 | INFO     | Backtest   | [回测 4/5] 模拟第 3081/9008 笔交易: 宝通科技...
2026-04-30 23:13:05.388 | INFO     | Backtest   | [回测 4/5] 模拟第 3091/9008 笔交易: 中科电气...
2026-04-30 23:13:05.808 | INFO     | Backtest   | [回测 4/5] 模拟第 3101/9008 笔交易: 九洲集团...
2026-04-30 23:13:06.194 | INFO     | Backtest   | [回测 4/5] 模拟第 3111/9008 笔交易: 星辉娱乐...
2026-04-30 23:13:06.552 | INFO     | Backtest   | [回测 4/5] 模拟第 3121/9008 笔交易: 合康新能...
2026-04-30 23:13:06.863 | INFO     | Backtest   | [回测 4/5] 模拟第 3131/9008 笔交易: 万邦达...
2026-04-30 23:13:07.040 | INFO     | Backtest   | [回测 4/5] 模拟第 3141/9008 笔交易: 万顺新材...
2026-04-30 23:13:07.310 | INFO     | Backtest   | [回测 4/5] 模拟第 3151/9008 笔交易: 中能电气...
2026-04-30 23:13:07.719 | INFO     | Backtest   | [回测 4/5] 模拟第 3161/9008 笔交易: 安诺其...
2026-04-30 23:13:07.972 | INFO     | Backtest   | [回测 4/5] 模拟第 3171/9008 笔交易: 碧水源...
2026-04-30 23:13:08.285 | INFO     | Backtest   | [回测 4/5] 模拟第 3181/9008 笔交易: 华平股份...
2026-04-30 23:13:08.538 | INFO     | Backtest   | [回测 4/5] 模拟第 3191/9008 笔交易: 思创智联...
2026-04-30 23:13:08.757 | INFO     | Backtest   | [回测 4/5] 模拟第 3201/9008 笔交易: 奥克股份...
2026-04-30 23:13:09.137 | INFO     | Backtest   | [回测 4/5] 模拟第 3211/9008 笔交易: 康芝药业...
2026-04-30 23:13:09.361 | INFO     | Backtest   | [回测 4/5] 模拟第 3221/9008 笔交易: 华伍股份...
2026-04-30 23:13:09.734 | INFO     | Backtest   | [回测 4/5] 模拟第 3231/9008 笔交易: 智云股份...
2026-04-30 23:13:10.162 | INFO     | Backtest   | [回测 4/5] 模拟第 3241/9008 笔交易: 乾照光电...
2026-04-30 23:13:10.329 | INFO     | Backtest   | [回测 4/5] 模拟第 3251/9008 笔交易: 建新股份...
2026-04-30 23:13:10.749 | INFO     | Backtest   | [回测 4/5] 模拟第 3261/9008 笔交易: 万讯自控...
2026-04-30 23:13:11.172 | INFO     | Backtest   | [回测 4/5] 模拟第 3271/9008 笔交易: 经纬辉开...
2026-04-30 23:13:11.495 | INFO     | Backtest   | [回测 4/5] 模拟第 3281/9008 笔交易: *ST聆达...
2026-04-30 23:13:11.846 | INFO     | Backtest   | [回测 4/5] 模拟第 3291/9008 笔交易: 英唐智控...
2026-04-30 23:13:12.012 | INFO     | Backtest   | [回测 4/5] 模拟第 3301/9008 笔交易: 大富科技...
2026-04-30 23:13:12.436 | INFO     | Backtest   | [回测 4/5] 模拟第 3311/9008 笔交易: 晓程科技...
2026-04-30 23:13:12.670 | INFO     | Backtest   | [回测 4/5] 模拟第 3321/9008 笔交易: 南方泵业...
2026-04-30 23:13:13.061 | INFO     | Backtest   | [回测 4/5] 模拟第 3331/9008 笔交易: 睿智医药...
2026-04-30 23:13:13.381 | INFO     | Backtest   | [回测 4/5] 模拟第 3341/9008 笔交易: 瑞凌股份...
2026-04-30 23:13:13.719 | INFO     | Backtest   | [回测 4/5] 模拟第 3351/9008 笔交易: 振东制药...
2026-04-30 23:13:14.000 | INFO     | Backtest   | [回测 4/5] 模拟第 3361/9008 笔交易: 雷曼光电...
2026-04-30 23:13:14.178 | INFO     | Backtest   | [回测 4/5] 模拟第 3371/9008 笔交易: 天瑞仪器...
2026-04-30 23:13:14.471 | INFO     | Backtest   | [回测 4/5] 模拟第 3381/9008 笔交易: 万达信息...
2026-04-30 23:13:14.740 | INFO     | Backtest   | [回测 4/5] 模拟第 3391/9008 笔交易: ST福能...
2026-04-30 23:13:15.079 | INFO     | Backtest   | [回测 4/5] 模拟第 3401/9008 笔交易: 四方达...
2026-04-30 23:13:15.551 | INFO     | Backtest   | [回测 4/5] 模拟第 3411/9008 笔交易: 东软载波...
2026-04-30 23:13:15.876 | INFO     | Backtest   | [回测 4/5] 模拟第 3421/9008 笔交易: 神农种业...
2026-04-30 23:13:16.027 | INFO     | Backtest   | [回测 4/5] 模拟第 3431/9008 笔交易: 科德教育...
2026-04-30 23:13:16.346 | INFO     | Backtest   | [回测 4/5] 模拟第 3441/9008 笔交易: 长荣股份...
2026-04-30 23:13:16.510 | INFO     | Backtest   | [回测 4/5] 模拟第 3451/9008 笔交易: ST纳川...
2026-04-30 23:13:16.869 | INFO     | Backtest   | [回测 4/5] 模拟第 3461/9008 笔交易: 海伦哲...
2026-04-30 23:13:17.203 | INFO     | Backtest   | [回测 4/5] 模拟第 3471/9008 笔交易: 理邦仪器...
2026-04-30 23:13:17.419 | INFO     | Backtest   | [回测 4/5] 模拟第 3481/9008 笔交易: 森远股份...
2026-04-30 23:13:17.800 | INFO     | Backtest   | [回测 4/5] 模拟第 3491/9008 笔交易: 日科化学...
2026-04-30 23:13:18.126 | INFO     | Backtest   | [回测 4/5] 模拟第 3501/9008 笔交易: 鸿利智汇...
2026-04-30 23:13:18.475 | INFO     | Backtest   | [回测 4/5] 模拟第 3511/9008 笔交易: 科大智能...
2026-04-30 23:13:18.813 | INFO     | Backtest   | [回测 4/5] 模拟第 3521/9008 笔交易: 富瑞特装...
2026-04-30 23:13:19.228 | INFO     | Backtest   | [回测 4/5] 模拟第 3531/9008 笔交易: 银信科技...
2026-04-30 23:13:19.482 | INFO     | Backtest   | [回测 4/5] 模拟第 3541/9008 笔交易: ST美晨...
2026-04-30 23:13:19.903 | INFO     | Backtest   | [回测 4/5] 模拟第 3551/9008 笔交易: 飞力达...
2026-04-30 23:13:20.298 | INFO     | Backtest   | [回测 4/5] 模拟第 3561/9008 笔交易: 佳云科技...
2026-04-30 23:13:20.620 | INFO     | Backtest   | [回测 4/5] 模拟第 3571/9008 笔交易: 宝莱特...
2026-04-30 23:13:21.006 | INFO     | Backtest   | [回测 4/5] 模拟第 3581/9008 笔交易: 依米康...
2026-04-30 23:13:21.320 | INFO     | Backtest   | [回测 4/5] 模拟第 3591/9008 笔交易: 仟源医药...
2026-04-30 23:13:21.780 | INFO     | Backtest   | [回测 4/5] 模拟第 3601/9008 笔交易: 精锻科技...
2026-04-30 23:13:22.113 | INFO     | Backtest   | [回测 4/5] 模拟第 3611/9008 笔交易: 隆华科技...
2026-04-30 23:13:22.405 | INFO     | Backtest   | [回测 4/5] 模拟第 3621/9008 笔交易: 尔康制药...
2026-04-30 23:13:22.583 | INFO     | Backtest   | [回测 4/5] 模拟第 3631/9008 笔交易: 联建光电...
2026-04-30 23:13:22.994 | INFO     | Backtest   | [回测 4/5] 模拟第 3641/9008 笔交易: 三丰智能...
2026-04-30 23:13:23.382 | INFO     | Backtest   | [回测 4/5] 模拟第 3651/9008 笔交易: 金明精机...
2026-04-30 23:13:23.593 | INFO     | Backtest   | [回测 4/5] 模拟第 3661/9008 笔交易: 安科瑞...
2026-04-30 23:13:24.093 | INFO     | Backtest   | [回测 4/5] 模拟第 3671/9008 笔交易: 荣科科技...
2026-04-30 23:13:24.364 | INFO     | Backtest   | [回测 4/5] 模拟第 3681/9008 笔交易: 蓝英装备...
2026-04-30 23:13:24.529 | INFO     | Backtest   | [回测 4/5] 模拟第 3691/9008 笔交易: 海峡创新...
2026-04-30 23:13:24.786 | INFO     | Backtest   | [回测 4/5] 模拟第 3701/9008 笔交易: 聚飞光电...
2026-04-30 23:13:25.067 | INFO     | Backtest   | [回测 4/5] 模拟第 3711/9008 笔交易: 慈星股份...
2026-04-30 23:13:25.483 | INFO     | Backtest   | [回测 4/5] 模拟第 3721/9008 笔交易: *ST天山...
2026-04-30 23:13:25.821 | INFO     | Backtest   | [回测 4/5] 模拟第 3731/9008 笔交易: 珈伟新能...
2026-04-30 23:13:26.261 | INFO     | Backtest   | [回测 4/5] 模拟第 3741/9008 笔交易: 硕贝德...
2026-04-30 23:13:26.689 | INFO     | Backtest   | [回测 4/5] 模拟第 3751/9008 笔交易: 宜安科技...
2026-04-30 23:13:26.984 | INFO     | Backtest   | [回测 4/5] 模拟第 3761/9008 笔交易: 海伦钢琴...
2026-04-30 23:13:27.353 | INFO     | Backtest   | [回测 4/5] 模拟第 3771/9008 笔交易: 津膜科技...
2026-04-30 23:13:27.587 | INFO     | Backtest   | [回测 4/5] 模拟第 3781/9008 笔交易: 麦克奥迪...
2026-04-30 23:13:28.108 | INFO     | Backtest   | [回测 4/5] 模拟第 3791/9008 笔交易: 金卡智能...
2026-04-30 23:13:28.395 | INFO     | Backtest   | [回测 4/5] 模拟第 3801/9008 笔交易: 东土科技...
2026-04-30 23:13:28.785 | INFO     | Backtest   | [回测 4/5] 模拟第 3811/9008 笔交易: 全通教育...
2026-04-30 23:13:29.347 | INFO     | Backtest   | [回测 4/5] 模拟第 3821/9008 笔交易: 恒华科技...
2026-04-30 23:13:29.810 | INFO     | Backtest   | [回测 4/5] 模拟第 3831/9008 笔交易: 安控科技...
2026-04-30 23:13:30.140 | INFO     | Backtest   | [回测 4/5] 模拟第 3841/9008 笔交易: 鹏翎股份...
2026-04-30 23:13:30.520 | INFO     | Backtest   | [回测 4/5] 模拟第 3851/9008 笔交易: 斯莱克...
2026-04-30 23:13:30.891 | INFO     | Backtest   | [回测 4/5] 模拟第 3861/9008 笔交易: 飞天诚信...
2026-04-30 23:13:31.303 | INFO     | Backtest   | [回测 4/5] 模拟第 3871/9008 笔交易: 天华新能...
2026-04-30 23:13:31.611 | INFO     | Backtest   | [回测 4/5] 模拟第 3881/9008 笔交易: 飞凯材料...
2026-04-30 23:13:32.025 | INFO     | Backtest   | [回测 4/5] 模拟第 3891/9008 笔交易: 汉宇集团...
2026-04-30 23:13:32.219 | INFO     | Backtest   | [回测 4/5] 模拟第 3901/9008 笔交易: 凯发电气...
2026-04-30 23:13:32.550 | INFO     | Backtest   | [回测 4/5] 模拟第 3911/9008 笔交易: 正业科技...
2026-04-30 23:13:33.119 | INFO     | Backtest   | [回测 4/5] 模拟第 3921/9008 笔交易: 苏试试验...
2026-04-30 23:13:33.425 | INFO     | Backtest   | [回测 4/5] 模拟第 3931/9008 笔交易: 力星股份...
2026-04-30 23:13:33.833 | INFO     | Backtest   | [回测 4/5] 模拟第 3941/9008 笔交易: 红相股份...
2026-04-30 23:13:34.164 | INFO     | Backtest   | [回测 4/5] 模拟第 3951/9008 笔交易: 富临精工...
2026-04-30 23:13:34.460 | INFO     | Backtest   | [回测 4/5] 模拟第 3961/9008 笔交易: 清水源...
2026-04-30 23:13:34.860 | INFO     | Backtest   | [回测 4/5] 模拟第 3971/9008 笔交易: 鲍斯股份...
2026-04-30 23:13:35.208 | INFO     | Backtest   | [回测 4/5] 模拟第 3981/9008 笔交易: 康斯特...
2026-04-30 23:13:35.453 | INFO     | Backtest   | [回测 4/5] 模拟第 3991/9008 笔交易: 浩云科技...
2026-04-30 23:13:35.835 | INFO     | Backtest   | [回测 4/5] 模拟第 4001/9008 笔交易: 先导智能...
2026-04-30 23:13:36.119 | INFO     | Backtest   | [回测 4/5] 模拟第 4011/9008 笔交易: 航天智装...
2026-04-30 23:13:36.489 | INFO     | Backtest   | [回测 4/5] 模拟第 4021/9008 笔交易: 汤姆猫...
2026-04-30 23:13:36.988 | INFO     | Backtest   | [回测 4/5] 模拟第 4031/9008 笔交易: 星徽股份...
2026-04-30 23:13:37.368 | INFO     | Backtest   | [回测 4/5] 模拟第 4041/9008 笔交易: 迅游科技...
2026-04-30 23:13:37.683 | INFO     | Backtest   | [回测 4/5] 模拟第 4051/9008 笔交易: ST合纵...
2026-04-30 23:13:38.110 | INFO     | Backtest   | [回测 4/5] 模拟第 4061/9008 笔交易: 光力科技...
2026-04-30 23:13:38.266 | INFO     | Backtest   | [回测 4/5] 模拟第 4071/9008 笔交易: 蓝海华腾...
2026-04-30 23:13:38.657 | INFO     | Backtest   | [回测 4/5] 模拟第 4081/9008 笔交易: 东杰智能...
2026-04-30 23:13:38.944 | INFO     | Backtest   | [回测 4/5] 模拟第 4091/9008 笔交易: 通合科技...
2026-04-30 23:13:39.142 | INFO     | Backtest   | [回测 4/5] 模拟第 4101/9008 笔交易: 温氏股份...
2026-04-30 23:13:39.594 | INFO     | Backtest   | [回测 4/5] 模拟第 4111/9008 笔交易: 海顺新材...
2026-04-30 23:13:39.925 | INFO     | Backtest   | [回测 4/5] 模拟第 4121/9008 笔交易: 苏奥传感...
2026-04-30 23:13:40.165 | INFO     | Backtest   | [回测 4/5] 模拟第 4131/9008 笔交易: 雪榕生物...
2026-04-30 23:13:40.439 | INFO     | Backtest   | [回测 4/5] 模拟第 4141/9008 笔交易: 三德科技...
2026-04-30 23:13:40.795 | INFO     | Backtest   | [回测 4/5] 模拟第 4151/9008 笔交易: 新光药业...
2026-04-30 23:13:41.122 | INFO     | Backtest   | [回测 4/5] 模拟第 4161/9008 笔交易: 辰安科技...
2026-04-30 23:13:41.464 | INFO     | Backtest   | [回测 4/5] 模拟第 4171/9008 笔交易: 优博讯...
2026-04-30 23:13:41.724 | INFO     | Backtest   | [回测 4/5] 模拟第 4181/9008 笔交易: 横河精密...
2026-04-30 23:13:42.181 | INFO     | Backtest   | [回测 4/5] 模拟第 4191/9008 笔交易: 朗科智能...
2026-04-30 23:13:42.504 | INFO     | Backtest   | [回测 4/5] 模拟第 4201/9008 笔交易: 古鳌科技...
2026-04-30 23:13:42.803 | INFO     | Backtest   | [回测 4/5] 模拟第 4211/9008 笔交易: 佳发教育...
2026-04-30 23:13:43.023 | INFO     | Backtest   | [回测 4/5] 模拟第 4221/9008 笔交易: 筑博设计...
2026-04-30 23:13:43.315 | INFO     | Backtest   | [回测 4/5] 模拟第 4231/9008 笔交易: 激智科技...
2026-04-30 23:13:43.654 | INFO     | Backtest   | [回测 4/5] 模拟第 4241/9008 笔交易: 中旗股份...
2026-04-30 23:13:44.027 | INFO     | Backtest   | [回测 4/5] 模拟第 4251/9008 笔交易: 会畅科技...
2026-04-30 23:13:44.286 | INFO     | Backtest   | [回测 4/5] 模拟第 4261/9008 笔交易: 奥联电子...
2026-04-30 23:13:44.649 | INFO     | Backtest   | [回测 4/5] 模拟第 4271/9008 笔交易: 天铁科技...
2026-04-30 23:13:44.883 | INFO     | Backtest   | [回测 4/5] 模拟第 4281/9008 笔交易: 移为通信...
2026-04-30 23:13:45.284 | INFO     | Backtest   | [回测 4/5] 模拟第 4291/9008 笔交易: 朗进科技...
2026-04-30 23:13:45.736 | INFO     | Backtest   | [回测 4/5] 模拟第 4301/9008 笔交易: 国瑞科技...
2026-04-30 23:13:45.989 | INFO     | Backtest   | [回测 4/5] 模拟第 4311/9008 笔交易: 立昂技术...
2026-04-30 23:13:46.330 | INFO     | Backtest   | [回测 4/5] 模拟第 4321/9008 笔交易: 晨化股份...
2026-04-30 23:13:46.825 | INFO     | Backtest   | [回测 4/5] 模拟第 4331/9008 笔交易: 尚品宅配...
2026-04-30 23:13:47.153 | INFO     | Backtest   | [回测 4/5] 模拟第 4341/9008 笔交易: 新劲刚...
2026-04-30 23:13:47.490 | INFO     | Backtest   | [回测 4/5] 模拟第 4351/9008 笔交易: 中达安...
2026-04-30 23:13:47.804 | INFO     | Backtest   | [回测 4/5] 模拟第 4361/9008 笔交易: 凯普生物...
2026-04-30 23:13:48.144 | INFO     | Backtest   | [回测 4/5] 模拟第 4371/9008 笔交易: 正元智慧...
2026-04-30 23:13:48.398 | INFO     | Backtest   | [回测 4/5] 模拟第 4381/9008 笔交易: 太龙股份...
2026-04-30 23:13:48.683 | INFO     | Backtest   | [回测 4/5] 模拟第 4391/9008 笔交易: 晶瑞电材...
2026-04-30 23:13:49.100 | INFO     | Backtest   | [回测 4/5] 模拟第 4401/9008 笔交易: 中孚信息...
2026-04-30 23:13:49.385 | INFO     | Backtest   | [回测 4/5] 模拟第 4411/9008 笔交易: 必创科技...
2026-04-30 23:13:49.641 | INFO     | Backtest   | [回测 4/5] 模拟第 4421/9008 笔交易: 宇信科技...
2026-04-30 23:13:50.025 | INFO     | Backtest   | [回测 4/5] 模拟第 4431/9008 笔交易: 智动力...
2026-04-30 23:13:50.269 | INFO     | Backtest   | [回测 4/5] 模拟第 4441/9008 笔交易: 中赋科技...
2026-04-30 23:13:50.666 | INFO     | Backtest   | [回测 4/5] 模拟第 4451/9008 笔交易: 岱勒新材...
2026-04-30 23:13:51.081 | INFO     | Backtest   | [回测 4/5] 模拟第 4461/9008 笔交易: 九典制药...
2026-04-30 23:13:51.485 | INFO     | Backtest   | [回测 4/5] 模拟第 4471/9008 笔交易: 聚灿光电...
2026-04-30 23:13:51.860 | INFO     | Backtest   | [回测 4/5] 模拟第 4481/9008 笔交易: 凯伦股份...
2026-04-30 23:13:52.287 | INFO     | Backtest   | [回测 4/5] 模拟第 4491/9008 笔交易: 安达维尔...
2026-04-30 23:13:52.750 | INFO     | Backtest   | [回测 4/5] 模拟第 4501/9008 笔交易: 设研院...
2026-04-30 23:13:52.949 | INFO     | Backtest   | [回测 4/5] 模拟第 4511/9008 笔交易: 科顺股份...
2026-04-30 23:13:53.220 | INFO     | Backtest   | [回测 4/5] 模拟第 4521/9008 笔交易: 水羊股份...
2026-04-30 23:13:53.556 | INFO     | Backtest   | [回测 4/5] 模拟第 4531/9008 笔交易: 汉嘉数智...
2026-04-30 23:13:54.091 | INFO     | Backtest   | [回测 4/5] 模拟第 4541/9008 笔交易: 隆利科技...
2026-04-30 23:13:54.649 | INFO     | Backtest   | [回测 4/5] 模拟第 4551/9008 笔交易: 七彩化学...
2026-04-30 23:13:55.239 | INFO     | Backtest   | [回测 4/5] 模拟第 4561/9008 笔交易: 迪普科技...
2026-04-30 23:13:55.569 | INFO     | Backtest   | [回测 4/5] 模拟第 4571/9008 笔交易: 倍杰特...
2026-04-30 23:13:55.820 | INFO     | Backtest   | [回测 4/5] 模拟第 4581/9008 笔交易: 海能实业...
2026-04-30 23:13:56.187 | INFO     | Backtest   | [回测 4/5] 模拟第 4591/9008 笔交易: 钢研纳克...
2026-04-30 23:13:56.380 | INFO     | Backtest   | [回测 4/5] 模拟第 4601/9008 笔交易: 斯迪克...
2026-04-30 23:13:56.873 | INFO     | Backtest   | [回测 4/5] 模拟第 4611/9008 笔交易: 耐普矿机...
2026-04-30 23:13:57.027 | INFO     | Backtest   | [回测 4/5] 模拟第 4621/9008 笔交易: 阿尔特...
2026-04-30 23:13:57.361 | INFO     | Backtest   | [回测 4/5] 模拟第 4631/9008 笔交易: 金现代...
2026-04-30 23:13:57.749 | INFO     | Backtest   | [回测 4/5] 模拟第 4641/9008 笔交易: 博汇股份...
2026-04-30 23:13:58.085 | INFO     | Backtest   | [回测 4/5] 模拟第 4651/9008 笔交易: 中船汉光...
2026-04-30 23:13:58.469 | INFO     | Backtest   | [回测 4/5] 模拟第 4661/9008 笔交易: 锦盛新材...
2026-04-30 23:13:58.822 | INFO     | Backtest   | [回测 4/5] 模拟第 4671/9008 笔交易: 科拓生物...
2026-04-30 23:13:59.088 | INFO     | Backtest   | [回测 4/5] 模拟第 4681/9008 笔交易: 大宏立...
2026-04-30 23:13:59.403 | INFO     | Backtest   | [回测 4/5] 模拟第 4691/9008 笔交易: 天阳科技...
2026-04-30 23:13:59.631 | INFO     | Backtest   | [回测 4/5] 模拟第 4701/9008 笔交易: 万胜智能...
2026-04-30 23:14:00.037 | INFO     | Backtest   | [回测 4/5] 模拟第 4711/9008 笔交易: 海昌新材...
2026-04-30 23:14:00.464 | INFO     | Backtest   | [回测 4/5] 模拟第 4721/9008 笔交易: 火星人...
2026-04-30 23:14:00.908 | INFO     | Backtest   | [回测 4/5] 模拟第 4731/9008 笔交易: 科翔股份...
2026-04-30 23:14:01.218 | INFO     | Backtest   | [回测 4/5] 模拟第 4741/9008 笔交易: 南山智尚...
2026-04-30 23:14:01.604 | INFO     | Backtest   | [回测 4/5] 模拟第 4751/9008 笔交易: 法本信息...
2026-04-30 23:14:01.986 | INFO     | Backtest   | [回测 4/5] 模拟第 4761/9008 笔交易: 中辰股份...
2026-04-30 23:14:02.303 | INFO     | Backtest   | [回测 4/5] 模拟第 4771/9008 笔交易: 易瑞生物...
2026-04-30 23:14:02.629 | INFO     | Backtest   | [回测 4/5] 模拟第 4781/9008 笔交易: 冠中生态...
2026-04-30 23:14:03.010 | INFO     | Backtest   | [回测 4/5] 模拟第 4791/9008 笔交易: 建工修复...
2026-04-30 23:14:03.405 | INFO     | Backtest   | [回测 4/5] 模拟第 4801/9008 笔交易: 中洲特材...
2026-04-30 23:14:03.721 | INFO     | Backtest   | [回测 4/5] 模拟第 4811/9008 笔交易: 博亚精工...
2026-04-30 23:14:04.056 | INFO     | Backtest   | [回测 4/5] 模拟第 4821/9008 笔交易: 中红医疗...
2026-04-30 23:14:04.468 | INFO     | Backtest   | [回测 4/5] 模拟第 4831/9008 笔交易: 致远新能...
2026-04-30 23:14:04.851 | INFO     | Backtest   | [回测 4/5] 模拟第 4841/9008 笔交易: 久祺股份...
2026-04-30 23:14:05.393 | INFO     | Backtest   | [回测 4/5] 模拟第 4851/9008 笔交易: 崧盛股份...
2026-04-30 23:14:05.817 | INFO     | Backtest   | [回测 4/5] 模拟第 4861/9008 笔交易: 扬电科技...
2026-04-30 23:14:06.229 | INFO     | Backtest   | [回测 4/5] 模拟第 4871/9008 笔交易: 雷尔伟...
2026-04-30 23:14:06.461 | INFO     | Backtest   | [回测 4/5] 模拟第 4881/9008 笔交易: 密封科技...
2026-04-30 23:14:06.840 | INFO     | Backtest   | [回测 4/5] 模拟第 4891/9008 笔交易: 华蓝集团...
2026-04-30 23:14:07.159 | INFO     | Backtest   | [回测 4/5] 模拟第 4901/9008 笔交易: 保立佳...
2026-04-30 23:14:07.422 | INFO     | Backtest   | [回测 4/5] 模拟第 4911/9008 笔交易: 中集车辆...
2026-04-30 23:14:07.837 | INFO     | Backtest   | [回测 4/5] 模拟第 4921/9008 笔交易: 金鹰重工...
2026-04-30 23:14:08.118 | INFO     | Backtest   | [回测 4/5] 模拟第 4931/9008 笔交易: 信濠光电...
2026-04-30 23:14:08.501 | INFO     | Backtest   | [回测 4/5] 模拟第 4941/9008 笔交易: 汇隆新材...
2026-04-30 23:14:08.953 | INFO     | Backtest   | [回测 4/5] 模拟第 4951/9008 笔交易: 上海艾录...
2026-04-30 23:14:09.372 | INFO     | Backtest   | [回测 4/5] 模拟第 4961/9008 笔交易: 凯盛新材...
2026-04-30 23:14:10.030 | INFO     | Backtest   | [回测 4/5] 模拟第 4971/9008 笔交易: 严牌股份...
2026-04-30 23:14:10.344 | INFO     | Backtest   | [回测 4/5] 模拟第 4981/9008 笔交易: 金埔园林...
2026-04-30 23:14:10.887 | INFO     | Backtest   | [回测 4/5] 模拟第 4991/9008 笔交易: 军信股份...
2026-04-30 23:14:11.235 | INFO     | Backtest   | [回测 4/5] 模拟第 5001/9008 笔交易: 益客食品...
2026-04-30 23:14:11.644 | INFO     | Backtest   | [回测 4/5] 模拟第 5011/9008 笔交易: 采纳股份...
2026-04-30 23:14:12.013 | INFO     | Backtest   | [回测 4/5] 模拟第 5021/9008 笔交易: 武汉天源...
2026-04-30 23:14:12.547 | INFO     | Backtest   | [回测 4/5] 模拟第 5031/9008 笔交易: 隆华新材...
2026-04-30 23:14:12.986 | INFO     | Backtest   | [回测 4/5] 模拟第 5041/9008 笔交易: 建研设计...
2026-04-30 23:14:13.532 | INFO     | Backtest   | [回测 4/5] 模拟第 5051/9008 笔交易: 万祥科技...
2026-04-30 23:14:13.898 | INFO     | Backtest   | [回测 4/5] 模拟第 5061/9008 笔交易: 泰祥股份...
2026-04-30 23:14:14.170 | INFO     | Backtest   | [回测 4/5] 模拟第 5071/9008 笔交易: 喜悦智行...
2026-04-30 23:14:14.536 | INFO     | Backtest   | [回测 4/5] 模拟第 5081/9008 笔交易: 万凯新材...
2026-04-30 23:14:14.842 | INFO     | Backtest   | [回测 4/5] 模拟第 5091/9008 笔交易: 中荣股份...
2026-04-30 23:14:15.236 | INFO     | Backtest   | [回测 4/5] 模拟第 5101/9008 笔交易: 瑞泰新材...
2026-04-30 23:14:15.578 | INFO     | Backtest   | [回测 4/5] 模拟第 5111/9008 笔交易: 格力博...
2026-04-30 23:14:15.906 | INFO     | Backtest   | [回测 4/5] 模拟第 5121/9008 笔交易: 铭利达...
2026-04-30 23:14:16.276 | INFO     | Backtest   | [回测 4/5] 模拟第 5131/9008 笔交易: 金道科技...
2026-04-30 23:14:16.897 | INFO     | Backtest   | [回测 4/5] 模拟第 5141/9008 笔交易: 真兰仪表...
2026-04-30 23:14:17.373 | INFO     | Backtest   | [回测 4/5] 模拟第 5151/9008 笔交易: 昆船智能...
2026-04-30 23:14:17.775 | INFO     | Backtest   | [回测 4/5] 模拟第 5161/9008 笔交易: 信音电子...
2026-04-30 23:14:18.212 | INFO     | Backtest   | [回测 4/5] 模拟第 5171/9008 笔交易: 南王科技...
2026-04-30 23:14:18.531 | INFO     | Backtest   | [回测 4/5] 模拟第 5181/9008 笔交易: 国科恒泰...
2026-04-30 23:14:18.974 | INFO     | Backtest   | [回测 4/5] 模拟第 5191/9008 笔交易: 赛维时代...
2026-04-30 23:14:19.318 | INFO     | Backtest   | [回测 4/5] 模拟第 5201/9008 笔交易: 森泰股份...
2026-04-30 23:14:19.784 | INFO     | Backtest   | [回测 4/5] 模拟第 5211/9008 笔交易: 盘古智能...
2026-04-30 23:14:20.115 | INFO     | Backtest   | [回测 4/5] 模拟第 5221/9008 笔交易: 飞南资源...
2026-04-30 23:14:20.362 | INFO     | Backtest   | [回测 4/5] 模拟第 5231/9008 笔交易: 中远通...
2026-04-30 23:14:20.740 | INFO     | Backtest   | [回测 4/5] 模拟第 5241/9008 笔交易: 浙江华远...
2026-04-30 23:14:21.063 | INFO     | Backtest   | [回测 4/5] 模拟第 5251/9008 笔交易: 中仑新材...
2026-04-30 23:14:21.299 | INFO     | Backtest   | [回测 4/5] 模拟第 5261/9008 笔交易: 超研股份...
2026-04-30 23:14:21.794 | INFO     | Backtest   | [回测 4/5] 模拟第 5271/9008 笔交易: 华能国际...
2026-04-30 23:14:22.202 | INFO     | Backtest   | [回测 4/5] 模拟第 5281/9008 笔交易: 山东钢铁...
2026-04-30 23:14:22.574 | INFO     | Backtest   | [回测 4/5] 模拟第 5291/9008 笔交易: 中国石化...
2026-04-30 23:14:22.847 | INFO     | Backtest   | [回测 4/5] 模拟第 5301/9008 笔交易: 歌华有线...
2026-04-30 23:14:23.326 | INFO     | Backtest   | [回测 4/5] 模拟第 5311/9008 笔交易: 九鼎投资...
2026-04-30 23:14:23.699 | INFO     | Backtest   | [回测 4/5] 模拟第 5321/9008 笔交易: 万东医疗...
2026-04-30 23:14:24.187 | INFO     | Backtest   | [回测 4/5] 模拟第 5331/9008 笔交易: 海信视像...
2026-04-30 23:14:24.506 | INFO     | Backtest   | [回测 4/5] 模拟第 5341/9008 笔交易: 冠城新材...
2026-04-30 23:14:25.008 | INFO     | Backtest   | [回测 4/5] 模拟第 5351/9008 笔交易: 新疆天业...
2026-04-30 23:14:25.267 | INFO     | Backtest   | [回测 4/5] 模拟第 5361/9008 笔交易: ST人福...
2026-04-30 23:14:25.709 | INFO     | Backtest   | [回测 4/5] 模拟第 5371/9008 笔交易: 中视传媒...
2026-04-30 23:14:26.068 | INFO     | Backtest   | [回测 4/5] 模拟第 5381/9008 笔交易: 广州发展...
2026-04-30 23:14:26.476 | INFO     | Backtest   | [回测 4/5] 模拟第 5391/9008 笔交易: 明星电力...
2026-04-30 23:14:26.704 | INFO     | Backtest   | [回测 4/5] 模拟第 5401/9008 笔交易: 国金证券...
2026-04-30 23:14:27.084 | INFO     | Backtest   | [回测 4/5] 模拟第 5411/9008 笔交易: 三峡水利...
2026-04-30 23:14:27.282 | INFO     | Backtest   | [回测 4/5] 模拟第 5421/9008 笔交易: 郑州煤电...
2026-04-30 23:14:27.610 | INFO     | Backtest   | [回测 4/5] 模拟第 5431/9008 笔交易: 苏豪弘业...
2026-04-30 23:14:28.134 | INFO     | Backtest   | [回测 4/5] 模拟第 5441/9008 笔交易: 乐凯胶片...
2026-04-30 23:14:28.473 | INFO     | Backtest   | [回测 4/5] 模拟第 5451/9008 笔交易: 金发科技...
2026-04-30 23:14:28.739 | INFO     | Backtest   | [回测 4/5] 模拟第 5461/9008 笔交易: 航天机电...
2026-04-30 23:14:29.105 | INFO     | Backtest   | [回测 4/5] 模拟第 5471/9008 笔交易: 华创云信...
2026-04-30 23:14:29.454 | INFO     | Backtest   | [回测 4/5] 模拟第 5481/9008 笔交易: 大龙地产...
2026-04-30 23:14:29.851 | INFO     | Backtest   | [回测 4/5] 模拟第 5491/9008 笔交易: 福田汽车...
2026-04-30 23:14:30.182 | INFO     | Backtest   | [回测 4/5] 模拟第 5501/9008 笔交易: 上海建工...
2026-04-30 23:14:30.485 | INFO     | Backtest   | [回测 4/5] 模拟第 5511/9008 笔交易: 中国巨石...
2026-04-30 23:14:30.842 | INFO     | Backtest   | [回测 4/5] 模拟第 5521/9008 笔交易: S佳通...
2026-04-30 23:14:31.200 | INFO     | Backtest   | [回测 4/5] 模拟第 5531/9008 笔交易: 国中水务...
2026-04-30 23:14:31.584 | INFO     | Backtest   | [回测 4/5] 模拟第 5541/9008 笔交易: 中牧股份...
2026-04-30 23:14:31.862 | INFO     | Backtest   | [回测 4/5] 模拟第 5551/9008 笔交易: 哈空调...
2026-04-30 23:14:32.115 | INFO     | Backtest   | [回测 4/5] 模拟第 5561/9008 笔交易: 安彩高科...
2026-04-30 23:14:32.580 | INFO     | Backtest   | [回测 4/5] 模拟第 5571/9008 笔交易: 绿能慧充...
2026-04-30 23:14:32.919 | INFO     | Backtest   | [回测 4/5] 模拟第 5581/9008 笔交易: 南山铝业...
2026-04-30 23:14:33.299 | INFO     | Backtest   | [回测 4/5] 模拟第 5591/9008 笔交易: 亨通股份...
2026-04-30 23:14:33.589 | INFO     | Backtest   | [回测 4/5] 模拟第 5601/9008 笔交易: *ST返利...
2026-04-30 23:14:33.866 | INFO     | Backtest   | [回测 4/5] 模拟第 5611/9008 笔交易: 圆通速递...
2026-04-30 23:14:34.279 | INFO     | Backtest   | [回测 4/5] 模拟第 5621/9008 笔交易: 铜峰电子...
2026-04-30 23:14:34.676 | INFO     | Backtest   | [回测 4/5] 模拟第 5631/9008 笔交易: 时代万恒...
2026-04-30 23:14:34.798 | INFO     | Backtest   | [回测 4/5] 模拟第 5641/9008 笔交易: 陕建股份...
2026-04-30 23:14:35.311 | INFO     | Backtest   | [回测 4/5] 模拟第 5651/9008 笔交易: 冠农股份...
2026-04-30 23:14:35.607 | INFO     | Backtest   | [回测 4/5] 模拟第 5661/9008 笔交易: 大湖股份...
2026-04-30 23:14:35.773 | INFO     | Backtest   | [回测 4/5] 模拟第 5671/9008 笔交易: 城建发展...
2026-04-30 23:14:36.136 | INFO     | Backtest   | [回测 4/5] 模拟第 5681/9008 笔交易: 开开实业...
2026-04-30 23:14:36.575 | INFO     | Backtest   | [回测 4/5] 模拟第 5691/9008 笔交易: 中央商场...
2026-04-30 23:14:37.025 | INFO     | Backtest   | [回测 4/5] 模拟第 5701/9008 笔交易: 浦东建设...
2026-04-30 23:14:37.294 | INFO     | Backtest   | [回测 4/5] 模拟第 5711/9008 笔交易: 电投水电...
2026-04-30 23:14:37.620 | INFO     | Backtest   | [回测 4/5] 模拟第 5721/9008 笔交易: 维维股份...
2026-04-30 23:14:37.917 | INFO     | Backtest   | [回测 4/5] 模拟第 5731/9008 笔交易: 曙光股份...
2026-04-30 23:14:38.253 | INFO     | Backtest   | [回测 4/5] 模拟第 5741/9008 笔交易: 平高电气...
2026-04-30 23:14:38.641 | INFO     | Backtest   | [回测 4/5] 模拟第 5751/9008 笔交易: 新力金融...
2026-04-30 23:14:38.982 | INFO     | Backtest   | [回测 4/5] 模拟第 5761/9008 笔交易: 华发股份...
2026-04-30 23:14:39.493 | INFO     | Backtest   | [回测 4/5] 模拟第 5771/9008 笔交易: 天通股份...
2026-04-30 23:14:40.111 | INFO     | Backtest   | [回测 4/5] 模拟第 5781/9008 笔交易: 澳柯玛...
2026-04-30 23:14:40.316 | INFO     | Backtest   | [回测 4/5] 模拟第 5791/9008 笔交易: 华夏幸福...
2026-04-30 23:14:40.711 | INFO     | Backtest   | [回测 4/5] 模拟第 5801/9008 笔交易: 华阳股份...
2026-04-30 23:14:41.029 | INFO     | Backtest   | [回测 4/5] 模拟第 5811/9008 笔交易: 敦煌种业...
2026-04-30 23:14:41.358 | INFO     | Backtest   | [回测 4/5] 模拟第 5821/9008 笔交易: 创新新材...
2026-04-30 23:14:41.970 | INFO     | Backtest   | [回测 4/5] 模拟第 5831/9008 笔交易: 三房巷...
2026-04-30 23:14:42.290 | INFO     | Backtest   | [回测 4/5] 模拟第 5841/9008 笔交易: 首开股份...
2026-04-30 23:14:42.609 | INFO     | Backtest   | [回测 4/5] 模拟第 5851/9008 笔交易: 北巴传媒...
2026-04-30 23:14:43.040 | INFO     | Backtest   | [回测 4/5] 模拟第 5861/9008 笔交易: 五矿资本...
2026-04-30 23:14:43.336 | INFO     | Backtest   | [回测 4/5] 模拟第 5871/9008 笔交易: 海澜之家...
2026-04-30 23:14:43.665 | INFO     | Backtest   | [回测 4/5] 模拟第 5881/9008 笔交易: 国电南瑞...
2026-04-30 23:14:44.043 | INFO     | Backtest   | [回测 4/5] 模拟第 5891/9008 笔交易: 华胜天成...
2026-04-30 23:14:44.460 | INFO     | Backtest   | [回测 4/5] 模拟第 5901/9008 笔交易: 青松建化...
2026-04-30 23:14:44.843 | INFO     | Backtest   | [回测 4/5] 模拟第 5911/9008 笔交易: 通威股份...
2026-04-30 23:14:45.100 | INFO     | Backtest   | [回测 4/5] 模拟第 5921/9008 笔交易: 华纺股份...
2026-04-30 23:14:45.630 | INFO     | Backtest   | [回测 4/5] 模拟第 5931/9008 笔交易: 贵研铂业...
2026-04-30 23:14:45.780 | INFO     | Backtest   | [回测 4/5] 模拟第 5941/9008 笔交易: 风神股份...
2026-04-30 23:14:46.118 | INFO     | Backtest   | [回测 4/5] 模拟第 5951/9008 笔交易: 杭萧钢构...
2026-04-30 23:14:46.465 | INFO     | Backtest   | [回测 4/5] 模拟第 5961/9008 笔交易: 福能股份...
2026-04-30 23:14:46.851 | INFO     | Backtest   | [回测 4/5] 模拟第 5971/9008 笔交易: 鹏欣资源...
2026-04-30 23:14:47.134 | INFO     | Backtest   | [回测 4/5] 模拟第 5981/9008 笔交易: 烽火通信...
2026-04-30 23:14:47.395 | INFO     | Backtest   | [回测 4/5] 模拟第 5991/9008 笔交易: 华丽家族...
2026-04-30 23:14:47.920 | INFO     | Backtest   | [回测 4/5] 模拟第 6001/9008 笔交易: 天富能源...
2026-04-30 23:14:48.149 | INFO     | Backtest   | [回测 4/5] 模拟第 6011/9008 笔交易: 方大炭素...
2026-04-30 23:14:48.694 | INFO     | Backtest   | [回测 4/5] 模拟第 6021/9008 笔交易: 华海药业...
2026-04-30 23:14:49.032 | INFO     | Backtest   | [回测 4/5] 模拟第 6031/9008 笔交易: ST长园...
2026-04-30 23:14:49.298 | INFO     | Backtest   | [回测 4/5] 模拟第 6041/9008 笔交易: 山东药玻...
2026-04-30 23:14:49.632 | INFO     | Backtest   | [回测 4/5] 模拟第 6051/9008 笔交易: 栖霞建设...
2026-04-30 23:14:49.982 | INFO     | Backtest   | [回测 4/5] 模拟第 6061/9008 笔交易: 狮头股份...
2026-04-30 23:14:50.290 | INFO     | Backtest   | [回测 4/5] 模拟第 6071/9008 笔交易: 山煤国际...
2026-04-30 23:14:50.553 | INFO     | Backtest   | [回测 4/5] 模拟第 6081/9008 笔交易: 天下秀...
2026-04-30 23:14:50.826 | INFO     | Backtest   | [回测 4/5] 模拟第 6091/9008 笔交易: 金自天正...
2026-04-30 23:14:51.194 | INFO     | Backtest   | [回测 4/5] 模拟第 6101/9008 笔交易: 信雅达...
2026-04-30 23:14:51.640 | INFO     | Backtest   | [回测 4/5] 模拟第 6111/9008 笔交易: 精达股份...
2026-04-30 23:14:51.902 | INFO     | Backtest   | [回测 4/5] 模拟第 6121/9008 笔交易: 中化装备...
2026-04-30 23:14:52.336 | INFO     | Backtest   | [回测 4/5] 模拟第 6131/9008 笔交易: 用友网络...
2026-04-30 23:14:52.652 | INFO     | Backtest   | [回测 4/5] 模拟第 6141/9008 笔交易: 中孚实业...
2026-04-30 23:14:53.083 | INFO     | Backtest   | [回测 4/5] 模拟第 6151/9008 笔交易: 方正科技...
2026-04-30 23:14:53.262 | INFO     | Backtest   | [回测 4/5] 模拟第 6161/9008 笔交易: *ST沪科...
2026-04-30 23:14:53.600 | INFO     | Backtest   | [回测 4/5] 模拟第 6171/9008 笔交易: 大众交通...
2026-04-30 23:14:53.889 | INFO     | Backtest   | [回测 4/5] 模拟第 6181/9008 笔交易: 国新能源...
2026-04-30 23:14:54.283 | INFO     | Backtest   | [回测 4/5] 模拟第 6191/9008 笔交易: 天宸股份...
2026-04-30 23:14:54.457 | INFO     | Backtest   | [回测 4/5] 模拟第 6201/9008 笔交易: 华建集团...
2026-04-30 23:14:54.850 | INFO     | Backtest   | [回测 4/5] 模拟第 6211/9008 笔交易: 东方明珠...
2026-04-30 23:14:55.097 | INFO     | Backtest   | [回测 4/5] 模拟第 6221/9008 笔交易: 先导基电...
2026-04-30 23:14:55.544 | INFO     | Backtest   | [回测 4/5] 模拟第 6231/9008 笔交易: 中源协和...
2026-04-30 23:14:55.946 | INFO     | Backtest   | [回测 4/5] 模拟第 6241/9008 笔交易: 飞乐音响...
2026-04-30 23:14:56.241 | INFO     | Backtest   | [回测 4/5] 模拟第 6251/9008 笔交易: 豫园股份...
2026-04-30 23:14:56.537 | INFO     | Backtest   | [回测 4/5] 模拟第 6261/9008 笔交易: 奥瑞德...
2026-04-30 23:14:56.917 | INFO     | Backtest   | [回测 4/5] 模拟第 6271/9008 笔交易: 天目药业...
2026-04-30 23:14:57.202 | INFO     | Backtest   | [回测 4/5] 模拟第 6281/9008 笔交易: 百川能源...
2026-04-30 23:14:57.537 | INFO     | Backtest   | [回测 4/5] 模拟第 6291/9008 笔交易: 金龙汽车...
2026-04-30 23:14:57.811 | INFO     | Backtest   | [回测 4/5] 模拟第 6301/9008 笔交易: 潞化科技...
2026-04-30 23:14:58.064 | INFO     | Backtest   | [回测 4/5] 模拟第 6311/9008 笔交易: 均胜电子...
2026-04-30 23:14:58.311 | INFO     | Backtest   | [回测 4/5] 模拟第 6321/9008 笔交易: 光明地产...
2026-04-30 23:14:58.640 | INFO     | Backtest   | [回测 4/5] 模拟第 6331/9008 笔交易: 金瑞矿业...
2026-04-30 23:14:59.032 | INFO     | Backtest   | [回测 4/5] 模拟第 6341/9008 笔交易: 大连热电...
2026-04-30 23:14:59.473 | INFO     | Backtest   | [回测 4/5] 模拟第 6351/9008 笔交易: 宁波富达...
2026-04-30 23:14:59.860 | INFO     | Backtest   | [回测 4/5] 模拟第 6361/9008 笔交易: 鲁北化工...
2026-04-30 23:15:00.173 | INFO     | Backtest   | [回测 4/5] 模拟第 6371/9008 笔交易: 湖南海利...
2026-04-30 23:15:00.470 | INFO     | Backtest   | [回测 4/5] 模拟第 6381/9008 笔交易: ST新华锦...
2026-04-30 23:15:00.866 | INFO     | Backtest   | [回测 4/5] 模拟第 6391/9008 笔交易: 富维股份...
2026-04-30 23:15:01.294 | INFO     | Backtest   | [回测 4/5] 模拟第 6401/9008 笔交易: 上实发展...
2026-04-30 23:15:01.540 | INFO     | Backtest   | [回测 4/5] 模拟第 6411/9008 笔交易: 锦江酒店...
2026-04-30 23:15:01.788 | INFO     | Backtest   | [回测 4/5] 模拟第 6421/9008 笔交易: 安徽合力...
2026-04-30 23:15:02.031 | INFO     | Backtest   | [回测 4/5] 模拟第 6431/9008 笔交易: 祥龙电业...
2026-04-30 23:15:02.554 | INFO     | Backtest   | [回测 4/5] 模拟第 6441/9008 笔交易: 西藏城投...
2026-04-30 23:15:02.873 | INFO     | Backtest   | [回测 4/5] 模拟第 6451/9008 笔交易: 东方通信...
2026-04-30 23:15:03.302 | INFO     | Backtest   | [回测 4/5] 模拟第 6461/9008 笔交易: 新钢股份...
2026-04-30 23:15:03.623 | INFO     | Backtest   | [回测 4/5] 模拟第 6471/9008 笔交易: 中储股份...
2026-04-30 23:15:04.128 | INFO     | Backtest   | [回测 4/5] 模拟第 6481/9008 笔交易: 宜宾纸业...
2026-04-30 23:15:04.423 | INFO     | Backtest   | [回测 4/5] 模拟第 6491/9008 笔交易: 浙大网新...
2026-04-30 23:15:04.591 | INFO     | Backtest   | [回测 4/5] 模拟第 6501/9008 笔交易: 福建水泥...
2026-04-30 23:15:04.992 | INFO     | Backtest   | [回测 4/5] 模拟第 6511/9008 笔交易: 马钢股份...
2026-04-30 23:15:05.251 | INFO     | Backtest   | [回测 4/5] 模拟第 6521/9008 笔交易: 建元信托...
2026-04-30 23:15:05.569 | INFO     | Backtest   | [回测 4/5] 模拟第 6531/9008 笔交易: 金开新能...
2026-04-30 23:15:05.754 | INFO     | Backtest   | [回测 4/5] 模拟第 6541/9008 笔交易: 人民同泰...
2026-04-30 23:15:06.081 | INFO     | Backtest   | [回测 4/5] 模拟第 6551/9008 笔交易: 上海机电...
2026-04-30 23:15:06.297 | INFO     | Backtest   | [回测 4/5] 模拟第 6561/9008 笔交易: 金煤科技...
2026-04-30 23:15:06.607 | INFO     | Backtest   | [回测 4/5] 模拟第 6571/9008 笔交易: 龙建股份...
2026-04-30 23:15:06.864 | INFO     | Backtest   | [回测 4/5] 模拟第 6581/9008 笔交易: 银座股份...
2026-04-30 23:15:07.196 | INFO     | Backtest   | [回测 4/5] 模拟第 6591/9008 笔交易: 北京人力...
2026-04-30 23:15:07.567 | INFO     | Backtest   | [回测 4/5] 模拟第 6601/9008 笔交易: 百大集团...
2026-04-30 23:15:07.868 | INFO     | Backtest   | [回测 4/5] 模拟第 6611/9008 笔交易: 远东股份...
2026-04-30 23:15:08.192 | INFO     | Backtest   | [回测 4/5] 模拟第 6621/9008 笔交易: 创业环保...
2026-04-30 23:15:08.428 | INFO     | Backtest   | [回测 4/5] 模拟第 6631/9008 笔交易: 航天电子...
2026-04-30 23:15:08.836 | INFO     | Backtest   | [回测 4/5] 模拟第 6641/9008 笔交易: 杉杉股份...
2026-04-30 23:15:08.992 | INFO     | Backtest   | [回测 4/5] 模拟第 6651/9008 笔交易: *ST大晟...
2026-04-30 23:15:09.398 | INFO     | Backtest   | [回测 4/5] 模拟第 6661/9008 笔交易: 财达证券...
2026-04-30 23:15:09.841 | INFO     | Backtest   | [回测 4/5] 模拟第 6671/9008 笔交易: 雪天盐业...
2026-04-30 23:15:10.074 | INFO     | Backtest   | [回测 4/5] 模拟第 6681/9008 笔交易: 北投科技...
2026-04-30 23:15:10.464 | INFO     | Backtest   | [回测 4/5] 模拟第 6691/9008 笔交易: 渤海汽车...
2026-04-30 23:15:10.750 | INFO     | Backtest   | [回测 4/5] 模拟第 6701/9008 笔交易: 岳阳林纸...
2026-04-30 23:15:10.973 | INFO     | Backtest   | [回测 4/5] 模拟第 6711/9008 笔交易: 内蒙一机...
2026-04-30 23:15:11.429 | INFO     | Backtest   | [回测 4/5] 模拟第 6721/9008 笔交易: 新五丰...
2026-04-30 23:15:11.895 | INFO     | Backtest   | [回测 4/5] 模拟第 6731/9008 笔交易: 宁波能源...
2026-04-30 23:15:12.127 | INFO     | Backtest   | [回测 4/5] 模拟第 6741/9008 笔交易: 浙文互联...
2026-04-30 23:15:12.509 | INFO     | Backtest   | [回测 4/5] 模拟第 6751/9008 笔交易: 贵绳股份...
2026-04-30 23:15:12.818 | INFO     | Backtest   | [回测 4/5] 模拟第 6761/9008 笔交易: 贵广网络...
2026-04-30 23:15:13.147 | INFO     | Backtest   | [回测 4/5] 模拟第 6771/9008 笔交易: 晋亿实业...
2026-04-30 23:15:13.561 | INFO     | Backtest   | [回测 4/5] 模拟第 6781/9008 笔交易: 金陵饭店...
2026-04-30 23:15:13.945 | INFO     | Backtest   | [回测 4/5] 模拟第 6791/9008 笔交易: 宝泰隆...
2026-04-30 23:15:14.199 | INFO     | Backtest   | [回测 4/5] 模拟第 6801/9008 笔交易: 宁波港...
2026-04-30 23:15:14.669 | INFO     | Backtest   | [回测 4/5] 模拟第 6811/9008 笔交易: 一拖股份...
2026-04-30 23:15:15.225 | INFO     | Backtest   | [回测 4/5] 模拟第 6821/9008 笔交易: 中铝国际...
2026-04-30 23:15:15.656 | INFO     | Backtest   | [回测 4/5] 模拟第 6831/9008 笔交易: 国芳集团...
2026-04-30 23:15:16.108 | INFO     | Backtest   | [回测 4/5] 模拟第 6841/9008 笔交易: 太平洋...
2026-04-30 23:15:16.298 | INFO     | Backtest   | [回测 4/5] 模拟第 6851/9008 笔交易: 财通证券...
2026-04-30 23:15:16.799 | INFO     | Backtest   | [回测 4/5] 模拟第 6861/9008 笔交易: 华鼎股份...
2026-04-30 23:15:17.040 | INFO     | Backtest   | [回测 4/5] 模拟第 6871/9008 笔交易: 海南橡胶...
2026-04-30 23:15:17.285 | INFO     | Backtest   | [回测 4/5] 模拟第 6881/9008 笔交易: 柏诚股份...
2026-04-30 23:15:17.810 | INFO     | Backtest   | [回测 4/5] 模拟第 6891/9008 笔交易: 新城控股...
2026-04-30 23:15:18.240 | INFO     | Backtest   | [回测 4/5] 模拟第 6901/9008 笔交易: 西部矿业...
2026-04-30 23:15:18.718 | INFO     | Backtest   | [回测 4/5] 模拟第 6911/9008 笔交易: 中国铁建...
2026-04-30 23:15:19.215 | INFO     | Backtest   | [回测 4/5] 模拟第 6921/9008 笔交易: 白银有色...
2026-04-30 23:15:19.437 | INFO     | Backtest   | [回测 4/5] 模拟第 6931/9008 笔交易: 陕西煤业...
2026-04-30 23:15:19.844 | INFO     | Backtest   | [回测 4/5] 模拟第 6941/9008 笔交易: 上海银行...
2026-04-30 23:15:20.204 | INFO     | Backtest   | [回测 4/5] 模拟第 6951/9008 笔交易: 广汽集团...
2026-04-30 23:15:20.435 | INFO     | Backtest   | [回测 4/5] 模拟第 6961/9008 笔交易: 秦港股份...
2026-04-30 23:15:20.776 | INFO     | Backtest   | [回测 4/5] 模拟第 6971/9008 笔交易: 百隆东方...
2026-04-30 23:15:21.015 | INFO     | Backtest   | [回测 4/5] 模拟第 6981/9008 笔交易: 怡球资源...
2026-04-30 23:15:21.478 | INFO     | Backtest   | [回测 4/5] 模拟第 6991/9008 笔交易: 中新集团...
2026-04-30 23:15:21.938 | INFO     | Backtest   | [回测 4/5] 模拟第 7001/9008 笔交易: 东吴证券...
2026-04-30 23:15:22.352 | INFO     | Backtest   | [回测 4/5] 模拟第 7011/9008 笔交易: 长沙银行...
2026-04-30 23:15:22.769 | INFO     | Backtest   | [回测 4/5] 模拟第 7021/9008 笔交易: 中国铝业...
2026-04-30 23:15:23.242 | INFO     | Backtest   | [回测 4/5] 模拟第 7031/9008 笔交易: 明阳智能...
2026-04-30 23:15:23.672 | INFO     | Backtest   | [回测 4/5] 模拟第 7041/9008 笔交易: 旗滨集团...
2026-04-30 23:15:23.958 | INFO     | Backtest   | [回测 4/5] 模拟第 7051/9008 笔交易: 明泰铝业...
2026-04-30 23:15:24.287 | INFO     | Backtest   | [回测 4/5] 模拟第 7061/9008 笔交易: 中国卫通...
2026-04-30 23:15:24.844 | INFO     | Backtest   | [回测 4/5] 模拟第 7071/9008 笔交易: 际华集团...
2026-04-30 23:15:25.168 | INFO     | Backtest   | [回测 4/5] 模拟第 7081/9008 笔交易: 晶科科技...
2026-04-30 23:15:25.408 | INFO     | Backtest   | [回测 4/5] 模拟第 7091/9008 笔交易: 中国交建...
2026-04-30 23:15:25.887 | INFO     | Backtest   | [回测 4/5] 模拟第 7101/9008 笔交易: 三峰环境...
2026-04-30 23:15:26.224 | INFO     | Backtest   | [回测 4/5] 模拟第 7111/9008 笔交易: 招商轮船...
2026-04-30 23:15:26.691 | INFO     | Backtest   | [回测 4/5] 模拟第 7121/9008 笔交易: 海天精工...
2026-04-30 23:15:26.939 | INFO     | Backtest   | [回测 4/5] 模拟第 7131/9008 笔交易: 紫金矿业...
2026-04-30 23:15:27.180 | INFO     | Backtest   | [回测 4/5] 模拟第 7141/9008 笔交易: 吉视传媒...
2026-04-30 23:15:27.572 | INFO     | Backtest   | [回测 4/5] 模拟第 7151/9008 笔交易: 金钼股份...
2026-04-30 23:15:27.891 | INFO     | Backtest   | [回测 4/5] 模拟第 7161/9008 笔交易: 招商南油...
2026-04-30 23:15:28.387 | INFO     | Backtest   | [回测 4/5] 模拟第 7171/9008 笔交易: 丰林集团...
2026-04-30 23:15:28.719 | INFO     | Backtest   | [回测 4/5] 模拟第 7181/9008 笔交易: 奥康国际...
2026-04-30 23:15:29.049 | INFO     | Backtest   | [回测 4/5] 模拟第 7191/9008 笔交易: 联明股份...
2026-04-30 23:15:29.350 | INFO     | Backtest   | [回测 4/5] 模拟第 7201/9008 笔交易: 合锻智能...
2026-04-30 23:15:29.712 | INFO     | Backtest   | [回测 4/5] 模拟第 7211/9008 笔交易: 中衡设计...
2026-04-30 23:15:29.991 | INFO     | Backtest   | [回测 4/5] 模拟第 7221/9008 笔交易: 新通联...
2026-04-30 23:15:30.486 | INFO     | Backtest   | [回测 4/5] 模拟第 7231/9008 笔交易: 天鹅股份...
2026-04-30 23:15:30.780 | INFO     | Backtest   | [回测 4/5] 模拟第 7241/9008 笔交易: 常熟汽饰...
2026-04-30 23:15:31.324 | INFO     | Backtest   | [回测 4/5] 模拟第 7251/9008 笔交易: 华脉科技...
2026-04-30 23:15:31.483 | INFO     | Backtest   | [回测 4/5] 模拟第 7261/9008 笔交易: 浙江黎明...
2026-04-30 23:15:31.857 | INFO     | Backtest   | [回测 4/5] 模拟第 7271/9008 笔交易: 成都燃气...
2026-04-30 23:15:32.091 | INFO     | Backtest   | [回测 4/5] 模拟第 7281/9008 笔交易: 倍加洁...
2026-04-30 23:15:32.495 | INFO     | Backtest   | [回测 4/5] 模拟第 7291/9008 笔交易: 振华股份...
2026-04-30 23:15:32.848 | INFO     | Backtest   | [回测 4/5] 模拟第 7301/9008 笔交易: 彩蝶实业...
2026-04-30 23:15:33.264 | INFO     | Backtest   | [回测 4/5] 模拟第 7311/9008 笔交易: 圣达生物...
2026-04-30 23:15:33.670 | INFO     | Backtest   | [回测 4/5] 模拟第 7321/9008 笔交易: 宁波精达...
2026-04-30 23:15:34.119 | INFO     | Backtest   | [回测 4/5] 模拟第 7331/9008 笔交易: 南华期货...
2026-04-30 23:15:34.530 | INFO     | Backtest   | [回测 4/5] 模拟第 7341/9008 笔交易: 森特股份...
2026-04-30 23:15:35.111 | INFO     | Backtest   | [回测 4/5] 模拟第 7351/9008 笔交易: 横店影视...
2026-04-30 23:15:35.555 | INFO     | Backtest   | [回测 4/5] 模拟第 7361/9008 笔交易: 东方材料...
2026-04-30 23:15:35.872 | INFO     | Backtest   | [回测 4/5] 模拟第 7371/9008 笔交易: 红蜻蜓...
2026-04-30 23:15:36.064 | INFO     | Backtest   | [回测 4/5] 模拟第 7381/9008 笔交易: 合富中国...
2026-04-30 23:15:36.456 | INFO     | Backtest   | [回测 4/5] 模拟第 7391/9008 笔交易: 中材节能...
2026-04-30 23:15:36.903 | INFO     | Backtest   | [回测 4/5] 模拟第 7401/9008 笔交易: 金徽股份...
2026-04-30 23:15:37.269 | INFO     | Backtest   | [回测 4/5] 模拟第 7411/9008 笔交易: 邦基科技...
2026-04-30 23:15:37.742 | INFO     | Backtest   | [回测 4/5] 模拟第 7421/9008 笔交易: 新亚强...
2026-04-30 23:15:38.147 | INFO     | Backtest   | [回测 4/5] 模拟第 7431/9008 笔交易: 海通发展...
2026-04-30 23:15:38.586 | INFO     | Backtest   | [回测 4/5] 模拟第 7441/9008 笔交易: 宝立食品...
2026-04-30 23:15:38.844 | INFO     | Backtest   | [回测 4/5] 模拟第 7451/9008 笔交易: 圣龙股份...
2026-04-30 23:15:39.159 | INFO     | Backtest   | [回测 4/5] 模拟第 7461/9008 笔交易: 亚邦股份...
2026-04-30 23:15:39.575 | INFO     | Backtest   | [回测 4/5] 模拟第 7471/9008 笔交易: 亚通精工...
2026-04-30 23:15:39.874 | INFO     | Backtest   | [回测 4/5] 模拟第 7481/9008 笔交易: 常润股份...
2026-04-30 23:15:40.170 | INFO     | Backtest   | [回测 4/5] 模拟第 7491/9008 笔交易: 晋拓股份...
2026-04-30 23:15:40.537 | INFO     | Backtest   | [回测 4/5] 模拟第 7501/9008 笔交易: 比依股份...
2026-04-30 23:15:40.819 | INFO     | Backtest   | [回测 4/5] 模拟第 7511/9008 笔交易: 日月股份...
2026-04-30 23:15:41.288 | INFO     | Backtest   | [回测 4/5] 模拟第 7521/9008 笔交易: 济民健康...
2026-04-30 23:15:41.585 | INFO     | Backtest   | [回测 4/5] 模拟第 7531/9008 笔交易: 菲林格尔...
2026-04-30 23:15:41.924 | INFO     | Backtest   | [回测 4/5] 模拟第 7541/9008 笔交易: 索宝蛋白...
2026-04-30 23:15:42.327 | INFO     | Backtest   | [回测 4/5] 模拟第 7551/9008 笔交易: 浙江仙通...
2026-04-30 23:15:42.682 | INFO     | Backtest   | [回测 4/5] 模拟第 7561/9008 笔交易: *ST立航...
2026-04-30 23:15:43.028 | INFO     | Backtest   | [回测 4/5] 模拟第 7571/9008 笔交易: 金帝股份...
2026-04-30 23:15:43.300 | INFO     | Backtest   | [回测 4/5] 模拟第 7581/9008 笔交易: 景津装备...
2026-04-30 23:15:43.653 | INFO     | Backtest   | [回测 4/5] 模拟第 7591/9008 笔交易: 泰瑞机器...
2026-04-30 23:15:43.856 | INFO     | Backtest   | [回测 4/5] 模拟第 7601/9008 笔交易: 振德医疗...
2026-04-30 23:15:44.292 | INFO     | Backtest   | [回测 4/5] 模拟第 7611/9008 笔交易: 维力医疗...
2026-04-30 23:15:44.667 | INFO     | Backtest   | [回测 4/5] 模拟第 7621/9008 笔交易: 梦百合...
2026-04-30 23:15:44.972 | INFO     | Backtest   | [回测 4/5] 模拟第 7631/9008 笔交易: 梅轮电梯...
2026-04-30 23:15:45.317 | INFO     | Backtest   | [回测 4/5] 模拟第 7641/9008 笔交易: 依顿电子...
2026-04-30 23:15:45.797 | INFO     | Backtest   | [回测 4/5] 模拟第 7651/9008 笔交易: 迪生力...
2026-04-30 23:15:46.115 | INFO     | Backtest   | [回测 4/5] 模拟第 7661/9008 笔交易: 文灿股份...
2026-04-30 23:15:46.578 | INFO     | Backtest   | [回测 4/5] 模拟第 7671/9008 笔交易: 百傲化学...
2026-04-30 23:15:47.026 | INFO     | Backtest   | [回测 4/5] 模拟第 7681/9008 笔交易: 亚士创能...
2026-04-30 23:15:47.379 | INFO     | Backtest   | [回测 4/5] 模拟第 7691/9008 笔交易: *ST亚振...
2026-04-30 23:15:47.680 | INFO     | Backtest   | [回测 4/5] 模拟第 7701/9008 笔交易: 建霖家居...
2026-04-30 23:15:48.211 | INFO     | Backtest   | [回测 4/5] 模拟第 7711/9008 笔交易: *ST集友...
2026-04-30 23:15:48.577 | INFO     | Backtest   | [回测 4/5] 模拟第 7721/9008 笔交易: 勘设股份...
2026-04-30 23:15:49.034 | INFO     | Backtest   | [回测 4/5] 模拟第 7731/9008 笔交易: 展鹏科技...
2026-04-30 23:15:49.328 | INFO     | Backtest   | [回测 4/5] 模拟第 7741/9008 笔交易: 祥和实业...
2026-04-30 23:15:49.531 | INFO     | Backtest   | [回测 4/5] 模拟第 7751/9008 笔交易: 爱慕股份...
2026-04-30 23:15:49.881 | INFO     | Backtest   | [回测 4/5] 模拟第 7761/9008 笔交易: 司太立...
2026-04-30 23:15:50.272 | INFO     | Backtest   | [回测 4/5] 模拟第 7771/9008 笔交易: 多伦科技...
2026-04-30 23:15:50.579 | INFO     | Backtest   | [回测 4/5] 模拟第 7781/9008 笔交易: 奥普科技...
2026-04-30 23:15:50.975 | INFO     | Backtest   | [回测 4/5] 模拟第 7791/9008 笔交易: 珍宝岛...
2026-04-30 23:15:51.452 | INFO     | Backtest   | [回测 4/5] 模拟第 7801/9008 笔交易: 汇金通...
2026-04-30 23:15:51.887 | INFO     | Backtest   | [回测 4/5] 模拟第 7811/9008 笔交易: 苏利股份...
2026-04-30 23:15:52.219 | INFO     | Backtest   | [回测 4/5] 模拟第 7821/9008 笔交易: XD高能环...
2026-04-30 23:15:52.536 | INFO     | Backtest   | [回测 4/5] 模拟第 7831/9008 笔交易: 再升科技...
2026-04-30 23:15:52.939 | INFO     | Backtest   | [回测 4/5] 模拟第 7841/9008 笔交易: 麒盛科技...
2026-04-30 23:15:53.266 | INFO     | Backtest   | [回测 4/5] 模拟第 7851/9008 笔交易: 国联股份...
2026-04-30 23:15:53.510 | INFO     | Backtest   | [回测 4/5] 模拟第 7861/9008 笔交易: 杭电股份...
2026-04-30 23:15:53.774 | INFO     | Backtest   | [回测 4/5] 模拟第 7871/9008 笔交易: 利通电子...
2026-04-30 23:15:54.352 | INFO     | Backtest   | [回测 4/5] 模拟第 7881/9008 笔交易: 镇海股份...
2026-04-30 23:15:54.774 | INFO     | Backtest   | [回测 4/5] 模拟第 7891/9008 笔交易: 泰禾智能...
2026-04-30 23:15:55.401 | INFO     | Backtest   | [回测 4/5] 模拟第 7901/9008 笔交易: 天马科技...
2026-04-30 23:15:55.741 | INFO     | Backtest   | [回测 4/5] 模拟第 7911/9008 笔交易: 今创集团...
2026-04-30 23:15:56.044 | INFO     | Backtest   | [回测 4/5] 模拟第 7921/9008 笔交易: 晶华新材...
2026-04-30 23:15:56.417 | INFO     | Backtest   | [回测 4/5] 模拟第 7931/9008 笔交易: 大胜达...
2026-04-30 23:15:56.883 | INFO     | Backtest   | [回测 4/5] 模拟第 7941/9008 笔交易: 航天工程...
2026-04-30 23:15:57.146 | INFO     | Backtest   | [回测 4/5] 模拟第 7951/9008 笔交易: 健友股份...
2026-04-30 23:15:57.465 | INFO     | Backtest   | [回测 4/5] 模拟第 7961/9008 笔交易: 塞力医疗...
2026-04-30 23:15:57.732 | INFO     | Backtest   | [回测 4/5] 模拟第 7971/9008 笔交易: 良品铺子...
2026-04-30 23:15:57.973 | INFO     | Backtest   | [回测 4/5] 模拟第 7981/9008 笔交易: 岱美股份...
2026-04-30 23:15:58.200 | INFO     | Backtest   | [回测 4/5] 模拟第 7991/9008 笔交易: 蔚蓝生物...
2026-04-30 23:15:58.587 | INFO     | Backtest   | [回测 4/5] 模拟第 8001/9008 笔交易: 常青股份...
2026-04-30 23:15:58.911 | INFO     | Backtest   | [回测 4/5] 模拟第 8011/9008 笔交易: 国晟科技...
2026-04-30 23:15:59.260 | INFO     | Backtest   | [回测 4/5] 模拟第 8021/9008 笔交易: 宁波高发...
2026-04-30 23:15:59.544 | INFO     | Backtest   | [回测 4/5] 模拟第 8031/9008 笔交易: 康普顿...
2026-04-30 23:15:59.707 | INFO     | Backtest   | [回测 4/5] 模拟第 8041/9008 笔交易: 歌力思...
2026-04-30 23:16:00.095 | INFO     | Backtest   | [回测 4/5] 模拟第 8051/9008 笔交易: 诚意药业...
2026-04-30 23:16:00.303 | INFO     | Backtest   | [回测 4/5] 模拟第 8061/9008 笔交易: 曲美家居...
2026-04-30 23:16:00.653 | INFO     | Backtest   | [回测 4/5] 模拟第 8071/9008 笔交易: 坤彩科技...
2026-04-30 23:16:01.049 | INFO     | Backtest   | [回测 4/5] 模拟第 8081/9008 笔交易: *ST四通...
2026-04-30 23:16:01.226 | INFO     | Backtest   | [回测 4/5] 模拟第 8091/9008 笔交易: 东宏股份...
2026-04-30 23:16:01.628 | INFO     | Backtest   | [回测 4/5] 模拟第 8101/9008 笔交易: 松炀资源...
2026-04-30 23:16:01.798 | INFO     | Backtest   | [回测 4/5] 模拟第 8111/9008 笔交易: 鼎胜新材...
2026-04-30 23:16:02.046 | INFO     | Backtest   | [回测 4/5] 模拟第 8121/9008 笔交易: 数据港...
2026-04-30 23:16:02.379 | INFO     | Backtest   | [回测 4/5] 模拟第 8131/9008 笔交易: 元祖股份...
2026-04-30 23:16:02.619 | INFO     | Backtest   | [回测 4/5] 模拟第 8141/9008 笔交易: 春秋电子...
2026-04-30 23:16:02.960 | INFO     | Backtest   | [回测 4/5] 模拟第 8151/9008 笔交易: 莱绅通灵...
2026-04-30 23:16:03.206 | INFO     | Backtest   | [回测 4/5] 模拟第 8161/9008 笔交易: 龙蟠科技...
2026-04-30 23:16:03.644 | INFO     | Backtest   | [回测 4/5] 模拟第 8171/9008 笔交易: 佳力图...
2026-04-30 23:16:04.103 | INFO     | Backtest   | [回测 4/5] 模拟第 8181/9008 笔交易: 合力科技...
2026-04-30 23:16:04.410 | INFO     | Backtest   | [回测 4/5] 模拟第 8191/9008 笔交易: 铁流股份...
2026-04-30 23:16:04.725 | INFO     | Backtest   | [回测 4/5] 模拟第 8201/9008 笔交易: 博敏电子...
2026-04-30 23:16:05.173 | INFO     | Backtest   | [回测 4/5] 模拟第 8211/9008 笔交易: 建业股份...
2026-04-30 23:16:05.562 | INFO     | Backtest   | [回测 4/5] 模拟第 8221/9008 笔交易: 克来机电...
2026-04-30 23:16:06.130 | INFO     | Backtest   | [回测 4/5] 模拟第 8231/9008 笔交易: 银龙股份...
2026-04-30 23:16:06.489 | INFO     | Backtest   | [回测 4/5] 模拟第 8241/9008 笔交易: 深圳新星...
2026-04-30 23:16:06.792 | INFO     | Backtest   | [回测 4/5] 模拟第 8251/9008 笔交易: 泉峰汽车...
2026-04-30 23:16:07.140 | INFO     | Backtest   | [回测 4/5] 模拟第 8261/9008 笔交易: 艾华集团...
2026-04-30 23:16:07.488 | INFO     | Backtest   | [回测 4/5] 模拟第 8271/9008 笔交易: 继峰股份...
2026-04-30 23:16:07.816 | INFO     | Backtest   | [回测 4/5] 模拟第 8281/9008 笔交易: 威奥股份...
2026-04-30 23:16:08.222 | INFO     | Backtest   | [回测 4/5] 模拟第 8291/9008 笔交易: 山东玻纤...
2026-04-30 23:16:08.542 | INFO     | Backtest   | [回测 4/5] 模拟第 8301/9008 笔交易: 世茂能源...
2026-04-30 23:16:08.801 | INFO     | Backtest   | [回测 4/5] 模拟第 8311/9008 笔交易: 迎丰股份...
2026-04-30 23:16:09.105 | INFO     | Backtest   | [回测 4/5] 模拟第 8321/9008 笔交易: 联德股份...
2026-04-30 23:16:09.525 | INFO     | Backtest   | [回测 4/5] 模拟第 8331/9008 笔交易: 华康股份...
2026-04-30 23:16:09.847 | INFO     | Backtest   | [回测 4/5] 模拟第 8341/9008 笔交易: 同庆楼...
2026-04-30 23:16:10.118 | INFO     | Backtest   | [回测 4/5] 模拟第 8351/9008 笔交易: 西上海...
2026-04-30 23:16:10.299 | INFO     | Backtest   | [回测 4/5] 模拟第 8361/9008 笔交易: 聚合顺...
2026-04-30 23:16:10.566 | INFO     | Backtest   | [回测 4/5] 模拟第 8371/9008 笔交易: 东亚药业...
2026-04-30 23:16:10.945 | INFO     | Backtest   | [回测 4/5] 模拟第 8381/9008 笔交易: 确成股份...
2026-04-30 23:16:11.299 | INFO     | Backtest   | [回测 4/5] 模拟第 8391/9008 笔交易: 永茂泰...
2026-04-30 23:16:11.532 | INFO     | Backtest   | [回测 4/5] 模拟第 8401/9008 笔交易: 天普股份...
2026-04-30 23:16:11.944 | INFO     | Backtest   | [回测 4/5] 模拟第 8411/9008 笔交易: 必得科技...
2026-04-30 23:16:12.289 | INFO     | Backtest   | [回测 4/5] 模拟第 8421/9008 笔交易: 园林股份...
2026-04-30 23:16:12.588 | INFO     | Backtest   | [回测 4/5] 模拟第 8431/9008 笔交易: 巴比食品...
2026-04-30 23:16:12.965 | INFO     | Backtest   | [回测 4/5] 模拟第 8441/9008 笔交易: 宏柏新材...
2026-04-30 23:16:13.309 | INFO     | Backtest   | [回测 4/5] 模拟第 8451/9008 笔交易: 晨光新材...
2026-04-30 23:16:13.644 | INFO     | Backtest   | [回测 4/5] 模拟第 8461/9008 笔交易: 恒盛能源...
2026-04-30 23:16:14.023 | INFO     | Backtest   | [回测 4/5] 模拟第 8471/9008 笔交易: 博汇科技...
2026-04-30 23:16:14.489 | INFO     | Backtest   | [回测 4/5] 模拟第 8481/9008 笔交易: 奥福科技...
2026-04-30 23:16:14.844 | INFO     | Backtest   | [回测 4/5] 模拟第 8491/9008 笔交易: 天宜新材...
2026-04-30 23:16:15.087 | INFO     | Backtest   | [回测 4/5] 模拟第 8501/9008 笔交易: 龙腾光电...
2026-04-30 23:16:15.516 | INFO     | Backtest   | [回测 4/5] 模拟第 8511/9008 笔交易: 爱威科技...
2026-04-30 23:16:15.840 | INFO     | Backtest   | [回测 4/5] 模拟第 8521/9008 笔交易: 爱科科技...
2026-04-30 23:16:16.221 | INFO     | Backtest   | [回测 4/5] 模拟第 8531/9008 笔交易: 三达膜...
2026-04-30 23:16:16.613 | INFO     | Backtest   | [回测 4/5] 模拟第 8541/9008 笔交易: 赛诺医疗...
2026-04-30 23:16:16.866 | INFO     | Backtest   | [回测 4/5] 模拟第 8551/9008 笔交易: 沪硅产业...
2026-04-30 23:16:17.195 | INFO     | Backtest   | [回测 4/5] 模拟第 8561/9008 笔交易: 邦彦技术...
2026-04-30 23:16:17.783 | INFO     | Backtest   | [回测 4/5] 模拟第 8571/9008 笔交易: 华强科技...
2026-04-30 23:16:17.982 | INFO     | Backtest   | [回测 4/5] 模拟第 8581/9008 笔交易: 埃夫特-U...
2026-04-30 23:16:18.301 | INFO     | Backtest   | [回测 4/5] 模拟第 8591/9008 笔交易: 亚虹医药-U...
2026-04-30 23:16:18.774 | INFO     | Backtest   | [回测 4/5] 模拟第 8601/9008 笔交易: ST帕瓦...
2026-04-30 23:16:19.181 | INFO     | Backtest   | [回测 4/5] 模拟第 8611/9008 笔交易: 信安世纪...
2026-04-30 23:16:19.515 | INFO     | Backtest   | [回测 4/5] 模拟第 8621/9008 笔交易: 格灵深瞳...
2026-04-30 23:16:19.817 | INFO     | Backtest   | [回测 4/5] 模拟第 8631/9008 笔交易: 睿昂基因...
2026-04-30 23:16:20.213 | INFO     | Backtest   | [回测 4/5] 模拟第 8641/9008 笔交易: 前沿生物-U...
2026-04-30 23:16:20.565 | INFO     | Backtest   | [回测 4/5] 模拟第 8651/9008 笔交易: 和元生物...
2026-04-30 23:16:20.729 | INFO     | Backtest   | [回测 4/5] 模拟第 8661/9008 笔交易: 天德钰...
2026-04-30 23:16:21.337 | INFO     | Backtest   | [回测 4/5] 模拟第 8671/9008 笔交易: 天智航-U...
2026-04-30 23:16:21.880 | INFO     | Backtest   | [回测 4/5] 模拟第 8681/9008 笔交易: 圣湘生物...
2026-04-30 23:16:22.318 | INFO     | Backtest   | [回测 4/5] 模拟第 8691/9008 笔交易: 长阳科技...
2026-04-30 23:16:22.578 | INFO     | Backtest   | [回测 4/5] 模拟第 8701/9008 笔交易: 恒誉环保...
2026-04-30 23:16:22.996 | INFO     | Backtest   | [回测 4/5] 模拟第 8711/9008 笔交易: 之江生物...
2026-04-30 23:16:23.286 | INFO     | Backtest   | [回测 4/5] 模拟第 8721/9008 笔交易: 艾隆科技...
2026-04-30 23:16:23.685 | INFO     | Backtest   | [回测 4/5] 模拟第 8731/9008 笔交易: 亿华通-U...
2026-04-30 23:16:24.167 | INFO     | Backtest   | [回测 4/5] 模拟第 8741/9008 笔交易: 明志科技...
2026-04-30 23:16:24.421 | INFO     | Backtest   | [回测 4/5] 模拟第 8751/9008 笔交易: 工大高科...
2026-04-30 23:16:24.861 | INFO     | Backtest   | [回测 4/5] 模拟第 8761/9008 笔交易: 盟科药业-U...
2026-04-30 23:16:25.317 | INFO     | Backtest   | [回测 4/5] 模拟第 8771/9008 笔交易: 信科移动-U...
2026-04-30 23:16:25.696 | INFO     | Backtest   | [回测 4/5] 模拟第 8781/9008 笔交易: 汇成股份...
2026-04-30 23:16:25.976 | INFO     | Backtest   | [回测 4/5] 模拟第 8791/9008 笔交易: 诺诚健华...
2026-04-30 23:16:26.286 | INFO     | Backtest   | [回测 4/5] 模拟第 8801/9008 笔交易: 科捷智能...
2026-04-30 23:16:26.670 | INFO     | Backtest   | [回测 4/5] 模拟第 8811/9008 笔交易: 芯联集成-U...
2026-04-30 23:16:26.970 | INFO     | Backtest   | [回测 4/5] 模拟第 8821/9008 笔交易: 艾迪药业...
2026-04-30 23:16:27.557 | INFO     | Backtest   | [回测 4/5] 模拟第 8831/9008 笔交易: 正元地信...
2026-04-30 23:16:27.779 | INFO     | Backtest   | [回测 4/5] 模拟第 8841/9008 笔交易: 联赢激光...
2026-04-30 23:16:28.167 | INFO     | Backtest   | [回测 4/5] 模拟第 8851/9008 笔交易: 和辉光电-U...
2026-04-30 23:16:28.541 | INFO     | Backtest   | [回测 4/5] 模拟第 8861/9008 笔交易: 兰剑智能...
2026-04-30 23:16:28.838 | INFO     | Backtest   | [回测 4/5] 模拟第 8871/9008 笔交易: 力源科技...
2026-04-30 23:16:29.323 | INFO     | Backtest   | [回测 4/5] 模拟第 8881/9008 笔交易: 杭华股份...
2026-04-30 23:16:29.726 | INFO     | Backtest   | [回测 4/5] 模拟第 8891/9008 笔交易: 江航装备...
2026-04-30 23:16:29.988 | INFO     | Backtest   | [回测 4/5] 模拟第 8901/9008 笔交易: 新相微...
2026-04-30 23:16:30.387 | INFO     | Backtest   | [回测 4/5] 模拟第 8911/9008 笔交易: 皖仪科技...
2026-04-30 23:16:30.723 | INFO     | Backtest   | [回测 4/5] 模拟第 8921/9008 笔交易: 康众医疗...
2026-04-30 23:16:31.083 | INFO     | Backtest   | [回测 4/5] 模拟第 8931/9008 笔交易: 罗普特...
2026-04-30 23:16:31.453 | INFO     | Backtest   | [回测 4/5] 模拟第 8941/9008 笔交易: 康希通信...
2026-04-30 23:16:31.858 | INFO     | Backtest   | [回测 4/5] 模拟第 8951/9008 笔交易: 悦康药业...
2026-04-30 23:16:32.137 | INFO     | Backtest   | [回测 4/5] 模拟第 8961/9008 笔交易: 聚石化学...
2026-04-30 23:16:32.547 | INFO     | Backtest   | [回测 4/5] 模拟第 8971/9008 笔交易: 科汇股份...
2026-04-30 23:16:32.968 | INFO     | Backtest   | [回测 4/5] 模拟第 8981/9008 笔交易: 纽威数控...
2026-04-30 23:16:33.308 | INFO     | Backtest   | [回测 4/5] 模拟第 8991/9008 笔交易: 格科微...
2026-04-30 23:16:33.541 | INFO     | Backtest   | [回测 4/5] 模拟第 9001/9008 笔交易: 珠海冠宇...
2026-04-30 23:16:33.845 | INFO     | Backtest   | [回测 5/5] 回测任务完成: 8954笔(含62笔平手离场)
